{
    "26_11_25": {
        "m": 0.2230017359623334,
        "q": -0.431316136933674,
        "r2": 0.9999943640199344
    },
    "25_11_25": {
        "m": 0.24749291088221362,
        "q": -3.9675793562697663,
        "r2": 0.9999188814401253
    },
    "20_11_25": {
        "m": 0.24753175026511498,
        "q": -4.491374930696907,
        "r2": 0.999949832622618
    },
    "27_11_25": {
        "m": 0.2347298873728735,
        "q": -2.892342129195413,
        "r2": 0.9999674303893946
    }
}