{
    "02_12_25": {
        "coeff calib": [
            7.185911592807107e-07,
            0.2415218890206491,
            3.792327404073376
        ],
        "r2": 0.9999949911061,
        "coeff risol": [
            0.0002451897424480619,
            0.6262670263005956,
            -23.196737658027303
        ],
        "s2": 0.9999977872159309
    },
    "03_12_25": {
        "coeff calib": [
            1.035075733943984e-06,
            0.24176122916508083,
            3.317209101021618
        ],
        "r2": 0.9999997715847766,
        "coeff risol": [
            0.00016956880592396338,
            0.7856561201860869,
            -44.04778897143567
        ],
        "s2": 0.9999483914596365
    },
    "04_12_25": {
        "coeff calib": [
            1.2557975264173272e-06,
            0.2447973805950778,
            2.2208020450485377
        ],
        "r2": 0.9999991281891596,
        "coeff risol": [
            0.00036512106611128316,
            0.5758434229342516,
            -30.10399918876699
        ],
        "s2": 0.9999731855328022
    },
    "09_12_25": {
        "coeff calib": [
            9.273698267830264e-07,
            0.2429570263734144,
            5.13680383738184
        ],
        "r2": 0.9999918180506003,
        "coeff risol": [
            0.0002313799550768638,
            0.6773440610651035,
            -41.01521097735301
        ],
        "s2": 0.9999605137271522
    },
    "11_12_25": {
        "coeff calib": [
            8.072831123980865e-07,
            0.25713674326161756,
            2.350747717321898
        ],
        "r2": 0.9999949504617588,
        "coeff risol": [
            0.00029494282001318574,
            0.7499445454273032,
            -69.15813694036386
        ],
        "s2": 0.9997111658535464
    },
    "20_11_25": {
        "coeff calib": [
            1.179400654099556e-06,
            0.24062148515911824,
            1.6125333550159382
        ],
        "r2": 0.9999994564298286,
        "coeff risol": [
            0.00041701771622500427,
            0.5905968202687722,
            -45.529203552939116
        ],
        "s2": 0.9998943789084854
    },
    "25_11_25": {
        "coeff calib": [
            1.4461127456158745e-06,
            0.23911289930898944,
            3.1397909941665905
        ],
        "r2": 0.999998490995161,
        "coeff risol": [
            0.00045470472547337577,
            0.5052786979707503,
            -34.49567435714921
        ],
        "s2": 0.9999312730395981
    },
    "26_11_25": {
        "coeff calib": [
            -5.0392903286845496e-08,
            0.2233265470287164,
            -0.7390624767675291
        ],
        "r2": 0.9999945079318204,
        "coeff risol": [
            0.0002899436770743448,
            0.829513262230885,
            -83.57721410483143
        ],
        "s2": 0.9997425456884176
    },
    "27_11_25": {
        "coeff calib": [
            8.506864634666733e-07,
            0.2296084148324995,
            1.691259268222668
        ],
        "r2": 0.9999991861913257,
        "coeff risol": [
            0.00034978446522943447,
            0.5633446055775656,
            -33.51085780861473
        ],
        "s2": 0.9999685368789436
    }
}