{
    "02_12_25": {
        "m": 0.24557257260773693,
        "q": 1.0799972276714698,
        "r2": 0.9999771200954588
    },
    "26_11_25": {
        "m": 0.2230017359623334,
        "q": -0.431316136933674,
        "r2": 0.9999943640199344
    },
    "25_11_25": {
        "m": 0.24749291088221362,
        "q": -3.9675793562697663,
        "r2": 0.9999188814401253
    },
    "03_12_25": {
        "m": 0.24763517944173905,
        "q": -1.6171825660406967,
        "r2": 0.9999614517374997
    },
    "20_11_25": {
        "m": 0.24753175026511498,
        "q": -4.491374930696907,
        "r2": 0.999949832622618
    },
    "27_11_25": {
        "m": 0.2347298873728735,
        "q": -2.892342129195413,
        "r2": 0.9999674303893946
    }
}