{
    "02_12_25": {
        "coeff calib": [
            7.185999079077327e-07,
            0.24152181222560856,
            3.792489912809174
        ],
        "r2": 0.99999499113325,
        "coeff risol": [
            0.00024518667969233664,
            0.6262670906162338,
            -23.191750608718166
        ],
        "s2": 0.9999977873461582
    },
    "26_11_25": {
        "coeff calib": [
            -5.0348502536014e-08,
            0.2233263130273121,
            -0.7389149887287533
        ],
        "r2": 0.9999945080706063,
        "coeff risol": [
            0.00029001928128992286,
            0.8292852745078159,
            -83.53234008276132
        ],
        "s2": 0.9997427565781306
    },
    "04_12_25": {
        "coeff calib": [
            1.2557958171814038e-06,
            0.2447973883965219,
            2.220791241624964
        ],
        "r2": 0.999999128177177,
        "coeff risol": [
            0.00036511939679024477,
            0.5758437402894206,
            -30.103903691836578
        ],
        "s2": 0.9999731862048419
    },
    "09_12_25": {
        "coeff calib": [
            9.273681988560021e-07,
            0.24295703622730314,
            5.1367959144357584
        ],
        "r2": 0.99999181798821,
        "coeff risol": [
            0.00023138343259280177,
            0.6773391548285018,
            -41.014795350523265
        ],
        "s2": 0.9999605139147185
    },
    "25_11_25": {
        "coeff calib": [
            1.4461126461629028e-06,
            0.23911290006330713,
            3.1397897690525447
        ],
        "r2": 0.9999984909954758,
        "coeff risol": [
            0.00045470471355153476,
            0.5052787175386905,
            -34.495680201956624
        ],
        "s2": 0.999931273037079
    },
    "03_12_25": {
        "coeff calib": [
            1.035082364858129e-06,
            0.24176117977962233,
            3.317288972151503
        ],
        "r2": 0.9999997715823665,
        "coeff risol": [
            0.00016956983210527534,
            0.7856548221405009,
            -44.04747919344928
        ],
        "s2": 0.9999483914645463
    },
    "20_11_25": {
        "coeff calib": [
            1.145062345814031e-06,
            0.240882643337272,
            1.178422044796588
        ],
        "r2": 0.9999994369332038,
        "coeff risol": [
            0.0004103854622300632,
            0.601147101638982,
            -49.19251220228023
        ],
        "s2": 0.9998930077656912
    },
    "27_11_25": {
        "coeff calib": [
            8.50801383914564e-07,
            0.2296074961581953,
            1.692860492135386
        ],
        "r2": 0.99999918615559,
        "coeff risol": [
            0.0003498867009740414,
            0.5632059605140062,
            -33.49823006980797
        ],
        "s2": 0.9999685382662395
    },
    "11_12_25": {
        "coeff calib": [
            8.072653025318683e-07,
            0.2571368283097048,
            2.350727974867668
        ],
        "r2": 0.9999949500209177,
        "coeff risol": [
            0.00029491910608922024,
            0.7499845086445375,
            -69.16312057275785
        ],
        "s2": 0.99971114306589
    }
}