Energy  Counts
5.379762e+00 0
5.622722e+00 0
5.865683e+00 0
6.108647e+00 0
6.351612e+00 0
6.594579e+00 0
6.837548e+00 0
7.080519e+00 0
7.323492e+00 0
7.566467e+00 0
7.809443e+00 0
8.052422e+00 0
8.295402e+00 0
8.538384e+00 0
8.781368e+00 0
9.024354e+00 0
9.267341e+00 0
9.510331e+00 0
9.753322e+00 0
9.996315e+00 0
1.023931e+01 0
1.048231e+01 0
1.072531e+01 0
1.096831e+01 0
1.121131e+01 0
1.145431e+01 0
1.169732e+01 0
1.194033e+01 0
1.218334e+01 0
1.242635e+01 0
1.266936e+01 0
1.291238e+01 0
1.315540e+01 0
1.339841e+01 0
1.364144e+01 0
1.388446e+01 0
1.412748e+01 0
1.437051e+01 0
1.461354e+01 0
1.485657e+01 0
1.509960e+01 0
1.534263e+01 0
1.558567e+01 0
1.582871e+01 0
1.607175e+01 0
1.631479e+01 0
1.655783e+01 0
1.680088e+01 0
1.704392e+01 0
1.728697e+01 0
1.753002e+01 0
1.777308e+01 0
1.801613e+01 0
1.825919e+01 0
1.850225e+01 0
1.874531e+01 0
1.898837e+01 0
1.923143e+01 0
1.947450e+01 0
1.971756e+01 0
1.996063e+01 0
2.020370e+01 0
2.044678e+01 0
2.068985e+01 0
2.093293e+01 0
2.117601e+01 0
2.141909e+01 0
2.166217e+01 0
2.190525e+01 0
2.214834e+01 0
2.239143e+01 0
2.263452e+01 0
2.287761e+01 0
2.312070e+01 0
2.336380e+01 0
2.360689e+01 0
2.384999e+01 0
2.409309e+01 0
2.433620e+01 0
2.457930e+01 0
2.482241e+01 0
2.506552e+01 0
2.530863e+01 0
2.555174e+01 0
2.579485e+01 0
2.603797e+01 0
2.628108e+01 0
2.652420e+01 0
2.676732e+01 0
2.701045e+01 0
2.725357e+01 0
2.749670e+01 0
2.773983e+01 0
2.798296e+01 0
2.822609e+01 0
2.846923e+01 0
2.871236e+01 0
2.895550e+01 0
2.919864e+01 0
2.944178e+01 0
2.968492e+01 0
2.992807e+01 0
3.017122e+01 0
3.041437e+01 0
3.065752e+01 0
3.090067e+01 0
3.114382e+01 0
3.138698e+01 0
3.163014e+01 0
3.187330e+01 0
3.211646e+01 0
3.235962e+01 0
3.260279e+01 0
3.284596e+01 0
3.308913e+01 0
3.333230e+01 0
3.357547e+01 0
3.381865e+01 0
3.406182e+01 0
3.430500e+01 0
3.454818e+01 0
3.479136e+01 0
3.503455e+01 0
3.527773e+01 0
3.552092e+01 0
3.576411e+01 0
3.600730e+01 0
3.625050e+01 0
3.649369e+01 0
3.673689e+01 0
3.698009e+01 0
3.722329e+01 0
3.746649e+01 0
3.770970e+01 0
3.795290e+01 0
3.819611e+01 0
3.843932e+01 0
3.868253e+01 0
3.892575e+01 0
3.916896e+01 0
3.941218e+01 0
3.965540e+01 0
3.989862e+01 0
4.014185e+01 0
4.038507e+01 0
4.062830e+01 0
4.087153e+01 0
4.111476e+01 0
4.135799e+01 0
4.160122e+01 0
4.184446e+01 0
4.208770e+01 0
4.233094e+01 0
4.257418e+01 0
4.281742e+01 0
4.306067e+01 0
4.330392e+01 0
4.354716e+01 0
4.379042e+01 0
4.403367e+01 0
4.427692e+01 0
4.452018e+01 0
4.476344e+01 0
4.500670e+01 0
4.524996e+01 0
4.549322e+01 0
4.573649e+01 0
4.597976e+01 0
4.622303e+01 0
4.646630e+01 0
4.670957e+01 0
4.695285e+01 0
4.719612e+01 0
4.743940e+01 0
4.768268e+01 0
4.792597e+01 0
4.816925e+01 0
4.841254e+01 0
4.865583e+01 0
4.889912e+01 0
4.914241e+01 0
4.938570e+01 0
4.962900e+01 0
4.987229e+01 0
5.011559e+01 0
5.035889e+01 0
5.060220e+01 0
5.084550e+01 0
5.108881e+01 0
5.133212e+01 0
5.157543e+01 0
5.181874e+01 0
5.206205e+01 0
5.230537e+01 0
5.254869e+01 0
5.279201e+01 0
5.303533e+01 0
5.327865e+01 0
5.352198e+01 0
5.376530e+01 0
5.400863e+01 0
5.425196e+01 0
5.449530e+01 0
5.473863e+01 0
5.498197e+01 0
5.522531e+01 0
5.546865e+01 0
5.571199e+01 0
5.595533e+01 0
5.619868e+01 0
5.644202e+01 0
5.668537e+01 0
5.692872e+01 0
5.717208e+01 0
5.741543e+01 0
5.765879e+01 0
5.790215e+01 0
5.814551e+01 0
5.838887e+01 0
5.863223e+01 0
5.887560e+01 0
5.911897e+01 0
5.936234e+01 0
5.960571e+01 0
5.984908e+01 0
6.009246e+01 0
6.033584e+01 0
6.057921e+01 0
6.082260e+01 0
6.106598e+01 0
6.130936e+01 0
6.155275e+01 0
6.179614e+01 0
6.203953e+01 0
6.228292e+01 0
6.252631e+01 0
6.276971e+01 0
6.301311e+01 0
6.325651e+01 0
6.349991e+01 0
6.374331e+01 0
6.398671e+01 0
6.423012e+01 0
6.447353e+01 0
6.471694e+01 0
6.496035e+01 0
6.520377e+01 0
6.544718e+01 0
6.569060e+01 0
6.593402e+01 0
6.617744e+01 0
6.642087e+01 0
6.666429e+01 0
6.690772e+01 0
6.715115e+01 0
6.739458e+01 0
6.763801e+01 0
6.788145e+01 0
6.812488e+01 0
6.836832e+01 0
6.861176e+01 0
6.885520e+01 0
6.909865e+01 0
6.934209e+01 0
6.958554e+01 0
6.982899e+01 0
7.007244e+01 0
7.031589e+01 0
7.055935e+01 0
7.080281e+01 0
7.104626e+01 0
7.128973e+01 0
7.153319e+01 0
7.177665e+01 0
7.202012e+01 0
7.226359e+01 0
7.250706e+01 0
7.275053e+01 0
7.299400e+01 0
7.323748e+01 0
7.348095e+01 0
7.372443e+01 0
7.396791e+01 0
7.421140e+01 0
7.445488e+01 0
7.469837e+01 0
7.494186e+01 0
7.518535e+01 0
7.542884e+01 0
7.567233e+01 0
7.591583e+01 0
7.615933e+01 0
7.640283e+01 0
7.664633e+01 0
7.688983e+01 0
7.713334e+01 0
7.737684e+01 0
7.762035e+01 0
7.786386e+01 0
7.810738e+01 0
7.835089e+01 0
7.859441e+01 0
7.883792e+01 0
7.908144e+01 0
7.932497e+01 0
7.956849e+01 0
7.981201e+01 0
8.005554e+01 0
8.029907e+01 0
8.054260e+01 0
8.078614e+01 0
8.102967e+01 0
8.127321e+01 0
8.151675e+01 0
8.176029e+01 0
8.200383e+01 0
8.224737e+01 0
8.249092e+01 0
8.273447e+01 0
8.297801e+01 0
8.322157e+01 0
8.346512e+01 0
8.370867e+01 0
8.395223e+01 0
8.419579e+01 0
8.443935e+01 0
8.468291e+01 0
8.492648e+01 0
8.517004e+01 0
8.541361e+01 0
8.565718e+01 0
8.590076e+01 0
8.614433e+01 0
8.638790e+01 0
8.663148e+01 0
8.687506e+01 0
8.711864e+01 0
8.736223e+01 0
8.760581e+01 0
8.784940e+01 0
8.809299e+01 0
8.833658e+01 0
8.858017e+01 0
8.882376e+01 0
8.906736e+01 0
8.931096e+01 0
8.955456e+01 0
8.979816e+01 0
9.004176e+01 0
9.028537e+01 0
9.052897e+01 0
9.077258e+01 0
9.101619e+01 0
9.125981e+01 0
9.150342e+01 0
9.174704e+01 0
9.199065e+01 0
9.223427e+01 0
9.247790e+01 0
9.272152e+01 0
9.296515e+01 0
9.320877e+01 0
9.345240e+01 0
9.369603e+01 0
9.393967e+01 0
9.418330e+01 0
9.442694e+01 0
9.467058e+01 0
9.491422e+01 0
9.515786e+01 0
9.540150e+01 0
9.564515e+01 0
9.588880e+01 0
9.613245e+01 0
9.637610e+01 0
9.661975e+01 0
9.686341e+01 0
9.710707e+01 0
9.735073e+01 0
9.759439e+01 0
9.783805e+01 0
9.808171e+01 0
9.832538e+01 0
9.856905e+01 0
9.881272e+01 0
9.905639e+01 0
9.930006e+01 0
9.954374e+01 0
9.978742e+01 0
1.000311e+02 0
1.002748e+02 0
1.005185e+02 0
1.007621e+02 0
1.010058e+02 0
1.012495e+02 0
1.014932e+02 0
1.017369e+02 0
1.019806e+02 0
1.022243e+02 0
1.024680e+02 0
1.027117e+02 0
1.029554e+02 0
1.031991e+02 0
1.034428e+02 0
1.036865e+02 0
1.039302e+02 0
1.041739e+02 0
1.044176e+02 0
1.046614e+02 0
1.049051e+02 0
1.051488e+02 0
1.053925e+02 0
1.056362e+02 0
1.058800e+02 0
1.061237e+02 0
1.063674e+02 0
1.066111e+02 0
1.068549e+02 0
1.070986e+02 0
1.073423e+02 0
1.075861e+02 0
1.078298e+02 0
1.080736e+02 0
1.083173e+02 0
1.085610e+02 0
1.088048e+02 0
1.090485e+02 0
1.092923e+02 0
1.095360e+02 0
1.097798e+02 0
1.100236e+02 0
1.102673e+02 0
1.105111e+02 0
1.107548e+02 0
1.109986e+02 0
1.112424e+02 0
1.114861e+02 0
1.117299e+02 0
1.119737e+02 0
1.122174e+02 0
1.124612e+02 0
1.127050e+02 0
1.129488e+02 0
1.131925e+02 0
1.134363e+02 0
1.136801e+02 0
1.139239e+02 0
1.141677e+02 0
1.144115e+02 0
1.146553e+02 0
1.148991e+02 0
1.151428e+02 0
1.153866e+02 0
1.156304e+02 0
1.158742e+02 0
1.161180e+02 0
1.163618e+02 0
1.166057e+02 0
1.168495e+02 0
1.170933e+02 0
1.173371e+02 0
1.175809e+02 0
1.178247e+02 0
1.180685e+02 0
1.183123e+02 0
1.185562e+02 0
1.188000e+02 0
1.190438e+02 0
1.192876e+02 0
1.195315e+02 0
1.197753e+02 0
1.200191e+02 0
1.202630e+02 0
1.205068e+02 0
1.207506e+02 0
1.209945e+02 0
1.212383e+02 0
1.214822e+02 0
1.217260e+02 0
1.219698e+02 0
1.222137e+02 0
1.224575e+02 0
1.227014e+02 0
1.229452e+02 0
1.231891e+02 0
1.234330e+02 0
1.236768e+02 0
1.239207e+02 0
1.241645e+02 0
1.244084e+02 0
1.246523e+02 0
1.248961e+02 0
1.251400e+02 0
1.253839e+02 0
1.256278e+02 0
1.258716e+02 0
1.261155e+02 0
1.263594e+02 0
1.266033e+02 0
1.268472e+02 0
1.270910e+02 0
1.273349e+02 0
1.275788e+02 0
1.278227e+02 0
1.280666e+02 0
1.283105e+02 0
1.285544e+02 0
1.287983e+02 0
1.290422e+02 0
1.292861e+02 0
1.295300e+02 0
1.297739e+02 0
1.300178e+02 0
1.302617e+02 0
1.305056e+02 0
1.307495e+02 0
1.309935e+02 0
1.312374e+02 0
1.314813e+02 0
1.317252e+02 0
1.319691e+02 0
1.322131e+02 0
1.324570e+02 0
1.327009e+02 0
1.329448e+02 0
1.331888e+02 0
1.334327e+02 0
1.336766e+02 0
1.339206e+02 0
1.341645e+02 0
1.344085e+02 0
1.346524e+02 0
1.348964e+02 0
1.351403e+02 0
1.353842e+02 0
1.356282e+02 0
1.358722e+02 0
1.361161e+02 0
1.363601e+02 0
1.366040e+02 0
1.368480e+02 0
1.370919e+02 0
1.373359e+02 0
1.375799e+02 0
1.378238e+02 0
1.380678e+02 0
1.383118e+02 0
1.385557e+02 0
1.387997e+02 0
1.390437e+02 0
1.392877e+02 0
1.395317e+02 0
1.397756e+02 0
1.400196e+02 0
1.402636e+02 0
1.405076e+02 0
1.407516e+02 0
1.409956e+02 0
1.412396e+02 0
1.414836e+02 0
1.417276e+02 0
1.419716e+02 0
1.422156e+02 0
1.424596e+02 0
1.427036e+02 0
1.429476e+02 0
1.431916e+02 0
1.434356e+02 0
1.436796e+02 0
1.439236e+02 0
1.441676e+02 0
1.444116e+02 0
1.446557e+02 0
1.448997e+02 0
1.451437e+02 0
1.453877e+02 0
1.456318e+02 0
1.458758e+02 0
1.461198e+02 0
1.463638e+02 0
1.466079e+02 0
1.468519e+02 0
1.470960e+02 0
1.473400e+02 0
1.475840e+02 0
1.478281e+02 0
1.480721e+02 0
1.483162e+02 0
1.485602e+02 0
1.488043e+02 0
1.490483e+02 0
1.492924e+02 0
1.495364e+02 0
1.497805e+02 0
1.500245e+02 0
1.502686e+02 0
1.505127e+02 0
1.507567e+02 0
1.510008e+02 0
1.512449e+02 0
1.514889e+02 0
1.517330e+02 0
1.519771e+02 0
1.522212e+02 0
1.524652e+02 0
1.527093e+02 0
1.529534e+02 0
1.531975e+02 0
1.534416e+02 0
1.536857e+02 0
1.539298e+02 0
1.541738e+02 0
1.544179e+02 0
1.546620e+02 0
1.549061e+02 0
1.551502e+02 0
1.553943e+02 0
1.556384e+02 0
1.558825e+02 0
1.561266e+02 0
1.563707e+02 0
1.566149e+02 0
1.568590e+02 0
1.571031e+02 0
1.573472e+02 0
1.575913e+02 0
1.578354e+02 0
1.580796e+02 0
1.583237e+02 0
1.585678e+02 0
1.588119e+02 0
1.590561e+02 0
1.593002e+02 0
1.595443e+02 0
1.597885e+02 0
1.600326e+02 0
1.602767e+02 0
1.605209e+02 0
1.607650e+02 0
1.610092e+02 0
1.612533e+02 0
1.614974e+02 0
1.617416e+02 0
1.619857e+02 0
1.622299e+02 0
1.624740e+02 0
1.627182e+02 0
1.629624e+02 0
1.632065e+02 0
1.634507e+02 0
1.636948e+02 0
1.639390e+02 0
1.641832e+02 0
1.644273e+02 0
1.646715e+02 0
1.649157e+02 0
1.651599e+02 0
1.654040e+02 0
1.656482e+02 0
1.658924e+02 0
1.661366e+02 0
1.663808e+02 0
1.666250e+02 0
1.668691e+02 0
1.671133e+02 0
1.673575e+02 0
1.676017e+02 0
1.678459e+02 0
1.680901e+02 0
1.683343e+02 0
1.685785e+02 0
1.688227e+02 0
1.690669e+02 0
1.693111e+02 0
1.695553e+02 0
1.697995e+02 0
1.700438e+02 0
1.702880e+02 0
1.705322e+02 0
1.707764e+02 0
1.710206e+02 0
1.712648e+02 0
1.715091e+02 0
1.717533e+02 0
1.719975e+02 0
1.722417e+02 0
1.724860e+02 0
1.727302e+02 0
1.729744e+02 0
1.732187e+02 0
1.734629e+02 0
1.737072e+02 0
1.739514e+02 0
1.741956e+02 0
1.744399e+02 0
1.746841e+02 0
1.749284e+02 0
1.751726e+02 0
1.754169e+02 0
1.756611e+02 0
1.759054e+02 0
1.761496e+02 0
1.763939e+02 0
1.766382e+02 0
1.768824e+02 0
1.771267e+02 0
1.773710e+02 0
1.776152e+02 0
1.778595e+02 0
1.781038e+02 0
1.783481e+02 0
1.785923e+02 0
1.788366e+02 0
1.790809e+02 0
1.793252e+02 0
1.795695e+02 0
1.798137e+02 0
1.800580e+02 0
1.803023e+02 0
1.805466e+02 0
1.807909e+02 0
1.810352e+02 0
1.812795e+02 0
1.815238e+02 0
1.817681e+02 0
1.820124e+02 0
1.822567e+02 0
1.825010e+02 0
1.827453e+02 0
1.829896e+02 0
1.832339e+02 0
1.834783e+02 0
1.837226e+02 0
1.839669e+02 0
1.842112e+02 0
1.844555e+02 0
1.846999e+02 0
1.849442e+02 0
1.851885e+02 0
1.854328e+02 0
1.856772e+02 0
1.859215e+02 0
1.861658e+02 0
1.864102e+02 0
1.866545e+02 0
1.868988e+02 0
1.871432e+02 0
1.873875e+02 0
1.876319e+02 0
1.878762e+02 0
1.881206e+02 0
1.883649e+02 0
1.886093e+02 0
1.888536e+02 0
1.890980e+02 0
1.893423e+02 0
1.895867e+02 0
1.898311e+02 0
1.900754e+02 0
1.903198e+02 0
1.905642e+02 0
1.908085e+02 0
1.910529e+02 0
1.912973e+02 0
1.915416e+02 0
1.917860e+02 0
1.920304e+02 0
1.922748e+02 0
1.925192e+02 0
1.927636e+02 0
1.930079e+02 0
1.932523e+02 0
1.934967e+02 0
1.937411e+02 0
1.939855e+02 0
1.942299e+02 0
1.944743e+02 0
1.947187e+02 0
1.949631e+02 0
1.952075e+02 0
1.954519e+02 0
1.956963e+02 0
1.959407e+02 0
1.961851e+02 0
1.964295e+02 0
1.966740e+02 0
1.969184e+02 0
1.971628e+02 0
1.974072e+02 0
1.976516e+02 0
1.978960e+02 0
1.981405e+02 0
1.983849e+02 0
1.986293e+02 0
1.988738e+02 0
1.991182e+02 0
1.993626e+02 0
1.996071e+02 0
1.998515e+02 0
2.000959e+02 0
2.003404e+02 0
2.005848e+02 0
2.008293e+02 0
2.010737e+02 0
2.013182e+02 0
2.015626e+02 0
2.018071e+02 0
2.020515e+02 0
2.022960e+02 0
2.025404e+02 0
2.027849e+02 0
2.030294e+02 0
2.032738e+02 0
2.035183e+02 0
2.037628e+02 0
2.040072e+02 0
2.042517e+02 0
2.044962e+02 0
2.047407e+02 0
2.049851e+02 0
2.052296e+02 0
2.054741e+02 0
2.057186e+02 0
2.059631e+02 0
2.062075e+02 0
2.064520e+02 0
2.066965e+02 0
2.069410e+02 0
2.071855e+02 0
2.074300e+02 0
2.076745e+02 0
2.079190e+02 0
2.081635e+02 0
2.084080e+02 0
2.086525e+02 0
2.088970e+02 0
2.091415e+02 0
2.093860e+02 0
2.096305e+02 0
2.098751e+02 0
2.101196e+02 0
2.103641e+02 0
2.106086e+02 0
2.108531e+02 0
2.110977e+02 0
2.113422e+02 0
2.115867e+02 0
2.118312e+02 0
2.120758e+02 0
2.123203e+02 0
2.125648e+02 0
2.128094e+02 0
2.130539e+02 0
2.132985e+02 0
2.135430e+02 0
2.137875e+02 0
2.140321e+02 0
2.142766e+02 0
2.145212e+02 0
2.147657e+02 0
2.150103e+02 0
2.152548e+02 0
2.154994e+02 0
2.157440e+02 0
2.159885e+02 0
2.162331e+02 0
2.164776e+02 0
2.167222e+02 0
2.169668e+02 0
2.172113e+02 0
2.174559e+02 0
2.177005e+02 0
2.179451e+02 0
2.181896e+02 0
2.184342e+02 0
2.186788e+02 0
2.189234e+02 0
2.191680e+02 0
2.194126e+02 0
2.196571e+02 0
2.199017e+02 0
2.201463e+02 0
2.203909e+02 0
2.206355e+02 0
2.208801e+02 0
2.211247e+02 0
2.213693e+02 0
2.216139e+02 0
2.218585e+02 0
2.221031e+02 0
2.223477e+02 0
2.225923e+02 0
2.228370e+02 0
2.230816e+02 0
2.233262e+02 0
2.235708e+02 0
2.238154e+02 0
2.240600e+02 0
2.243047e+02 0
2.245493e+02 0
2.247939e+02 0
2.250386e+02 0
2.252832e+02 0
2.255278e+02 0
2.257725e+02 0
2.260171e+02 0
2.262617e+02 0
2.265064e+02 0
2.267510e+02 0
2.269957e+02 0
2.272403e+02 0
2.274849e+02 0
2.277296e+02 0
2.279742e+02 0
2.282189e+02 0
2.284636e+02 0
2.287082e+02 0
2.289529e+02 0
2.291975e+02 0
2.294422e+02 0
2.296869e+02 0
2.299315e+02 0
2.301762e+02 0
2.304209e+02 0
2.306655e+02 0
2.309102e+02 0
2.311549e+02 0
2.313996e+02 0
2.316442e+02 0
2.318889e+02 0
2.321336e+02 0
2.323783e+02 0
2.326230e+02 0
2.328677e+02 0
2.331124e+02 0
2.333570e+02 0
2.336017e+02 0
2.338464e+02 0
2.340911e+02 0
2.343358e+02 0
2.345805e+02 0
2.348252e+02 0
2.350699e+02 0
2.353146e+02 0
2.355594e+02 0
2.358041e+02 0
2.360488e+02 0
2.362935e+02 0
2.365382e+02 0
2.367829e+02 0
2.370277e+02 0
2.372724e+02 0
2.375171e+02 0
2.377618e+02 0
2.380065e+02 0
2.382513e+02 0
2.384960e+02 0
2.387407e+02 0
2.389855e+02 0
2.392302e+02 0
2.394750e+02 0
2.397197e+02 0
2.399644e+02 0
2.402092e+02 0
2.404539e+02 0
2.406987e+02 0
2.409434e+02 0
2.411882e+02 0
2.414329e+02 0
2.416777e+02 0
2.419224e+02 0
2.421672e+02 0
2.424120e+02 0
2.426567e+02 0
2.429015e+02 0
2.431463e+02 0
2.433910e+02 0
2.436358e+02 0
2.438806e+02 0
2.441253e+02 0
2.443701e+02 0
2.446149e+02 0
2.448597e+02 0
2.451044e+02 0
2.453492e+02 0
2.455940e+02 0
2.458388e+02 0
2.460836e+02 0
2.463284e+02 0
2.465732e+02 0
2.468180e+02 0
2.470628e+02 0
2.473076e+02 0
2.475524e+02 0
2.477972e+02 0
2.480420e+02 0
2.482868e+02 0
2.485316e+02 0
2.487764e+02 0
2.490212e+02 0
2.492660e+02 0
2.495108e+02 0
2.497556e+02 0
2.500005e+02 0
2.502453e+02 0
2.504901e+02 0
2.507349e+02 0
2.509798e+02 0
2.512246e+02 0
2.514694e+02 0
2.517142e+02 0
2.519591e+02 0
2.522039e+02 0
2.524487e+02 0
2.526936e+02 0
2.529384e+02 0
2.531833e+02 0
2.534281e+02 0
2.536730e+02 0
2.539178e+02 0
2.541627e+02 0
2.544075e+02 0
2.546524e+02 0
2.548972e+02 0
2.551421e+02 0
2.553869e+02 0
2.556318e+02 0
2.558767e+02 0
2.561215e+02 0
2.563664e+02 0
2.566113e+02 0
2.568561e+02 0
2.571010e+02 0
2.573459e+02 0
2.575907e+02 0
2.578356e+02 0
2.580805e+02 0
2.583254e+02 0
2.585703e+02 0
2.588152e+02 0
2.590600e+02 0
2.593049e+02 0
2.595498e+02 0
2.597947e+02 0
2.600396e+02 0
2.602845e+02 0
2.605294e+02 0
2.607743e+02 0
2.610192e+02 0
2.612641e+02 0
2.615090e+02 0
2.617539e+02 0
2.619988e+02 0
2.622437e+02 0
2.624887e+02 0
2.627336e+02 0
2.629785e+02 0
2.632234e+02 0
2.634683e+02 0
2.637132e+02 0
2.639582e+02 0
2.642031e+02 0
2.644480e+02 0
2.646930e+02 0
2.649379e+02 0
2.651828e+02 0
2.654278e+02 0
2.656727e+02 0
2.659176e+02 0
2.661626e+02 0
2.664075e+02 0
2.666525e+02 0
2.668974e+02 0
2.671423e+02 0
2.673873e+02 0
2.676323e+02 0
2.678772e+02 0
2.681222e+02 0
2.683671e+02 0
2.686121e+02 0
2.688570e+02 0
2.691020e+02 0
2.693470e+02 0
2.695919e+02 0
2.698369e+02 0
2.700819e+02 0
2.703268e+02 0
2.705718e+02 0
2.708168e+02 0
2.710618e+02 0
2.713068e+02 0
2.715517e+02 0
2.717967e+02 0
2.720417e+02 0
2.722867e+02 0
2.725317e+02 0
2.727767e+02 0
2.730217e+02 0
2.732667e+02 0
2.735117e+02 0
2.737566e+02 0
2.740016e+02 0
2.742467e+02 0
2.744917e+02 0
2.747367e+02 0
2.749817e+02 0
2.752267e+02 0
2.754717e+02 0
2.757167e+02 0
2.759617e+02 0
2.762067e+02 0
2.764518e+02 0
2.766968e+02 0
2.769418e+02 0
2.771868e+02 0
2.774318e+02 0
2.776769e+02 0
2.779219e+02 0
2.781669e+02 0
2.784120e+02 0
2.786570e+02 0
2.789020e+02 0
2.791471e+02 0
2.793921e+02 0
2.796372e+02 0
2.798822e+02 0
2.801273e+02 0
2.803723e+02 0
2.806174e+02 0
2.808624e+02 0
2.811075e+02 0
2.813525e+02 0
2.815976e+02 0
2.818426e+02 0
2.820877e+02 0
2.823328e+02 0
2.825778e+02 0
2.828229e+02 0
2.830680e+02 0
2.833130e+02 0
2.835581e+02 0
2.838032e+02 0
2.840482e+02 0
2.842933e+02 0
2.845384e+02 0
2.847835e+02 0
2.850286e+02 0
2.852737e+02 0
2.855187e+02 0
2.857638e+02 0
2.860089e+02 0
2.862540e+02 0
2.864991e+02 0
2.867442e+02 0
2.869893e+02 0
2.872344e+02 0
2.874795e+02 0
2.877246e+02 0
2.879697e+02 0
2.882148e+02 0
2.884599e+02 0
2.887050e+02 0
2.889502e+02 0
2.891953e+02 0
2.894404e+02 0
2.896855e+02 0
2.899306e+02 0
2.901758e+02 0
2.904209e+02 0
2.906660e+02 0
2.909111e+02 0
2.911563e+02 0
2.914014e+02 0
2.916465e+02 0
2.918917e+02 0
2.921368e+02 0
2.923819e+02 0
2.926271e+02 0
2.928722e+02 0
2.931174e+02 0
2.933625e+02 0
2.936077e+02 0
2.938528e+02 0
2.940980e+02 0
2.943431e+02 0
2.945883e+02 0
2.948334e+02 0
2.950786e+02 0
2.953238e+02 0
2.955689e+02 0
2.958141e+02 0
2.960592e+02 0
2.963044e+02 0
2.965496e+02 0
2.967948e+02 0
2.970399e+02 0
2.972851e+02 0
2.975303e+02 0
2.977755e+02 0
2.980206e+02 0
2.982658e+02 0
2.985110e+02 0
2.987562e+02 0
2.990014e+02 0
2.992466e+02 0
2.994918e+02 0
2.997370e+02 0
2.999822e+02 0
3.002274e+02 0
3.004726e+02 0
3.007178e+02 0
3.009630e+02 0
3.012082e+02 0
3.014534e+02 0
3.016986e+02 0
3.019438e+02 0
3.021890e+02 0
3.024342e+02 0
3.026795e+02 0
3.029247e+02 0
3.031699e+02 0
3.034151e+02 0
3.036603e+02 0
3.039056e+02 0
3.041508e+02 0
3.043960e+02 0
3.046413e+02 0
3.048865e+02 0
3.051317e+02 0
3.053770e+02 0
3.056222e+02 0
3.058674e+02 0
3.061127e+02 0
3.063579e+02 0
3.066032e+02 0
3.068484e+02 0
3.070937e+02 0
3.073389e+02 0
3.075842e+02 0
3.078294e+02 0
3.080747e+02 0
3.083200e+02 0
3.085652e+02 0
3.088105e+02 0
3.090557e+02 0
3.093010e+02 0
3.095463e+02 0
3.097916e+02 0
3.100368e+02 0
3.102821e+02 0
3.105274e+02 0
3.107727e+02 0
3.110179e+02 0
3.112632e+02 0
3.115085e+02 0
3.117538e+02 0
3.119991e+02 0
3.122444e+02 0
3.124897e+02 0
3.127349e+02 0
3.129802e+02 0
3.132255e+02 0
3.134708e+02 0
3.137161e+02 0
3.139614e+02 0
3.142067e+02 0
3.144521e+02 0
3.146974e+02 0
3.149427e+02 0
3.151880e+02 0
3.154333e+02 0
3.156786e+02 0
3.159239e+02 0
3.161692e+02 0
3.164146e+02 0
3.166599e+02 0
3.169052e+02 0
3.171505e+02 0
3.173959e+02 0
3.176412e+02 0
3.178865e+02 0
3.181319e+02 0
3.183772e+02 0
3.186225e+02 0
3.188679e+02 0
3.191132e+02 0
3.193586e+02 0
3.196039e+02 0
3.198493e+02 0
3.200946e+02 0
3.203400e+02 0
3.205853e+02 0
3.208307e+02 0
3.210760e+02 0
3.213214e+02 0
3.215667e+02 0
3.218121e+02 0
3.220575e+02 0
3.223028e+02 0
3.225482e+02 0
3.227936e+02 0
3.230389e+02 0
3.232843e+02 0
3.235297e+02 0
3.237751e+02 0
3.240204e+02 0
3.242658e+02 0
3.245112e+02 0
3.247566e+02 0
3.250020e+02 0
3.252474e+02 0
3.254927e+02 0
3.257381e+02 0
3.259835e+02 0
3.262289e+02 0
3.264743e+02 0
3.267197e+02 0
3.269651e+02 0
3.272105e+02 0
3.274559e+02 0
3.277013e+02 0
3.279467e+02 0
3.281922e+02 0
3.284376e+02 0
3.286830e+02 0
3.289284e+02 0
3.291738e+02 0
3.294192e+02 0
3.296647e+02 0
3.299101e+02 0
3.301555e+02 0
3.304009e+02 0
3.306464e+02 0
3.308918e+02 0
3.311372e+02 0
3.313826e+02 0
3.316281e+02 0
3.318735e+02 0
3.321190e+02 0
3.323644e+02 0
3.326098e+02 0
3.328553e+02 0
3.331007e+02 0
3.333462e+02 0
3.335916e+02 0
3.338371e+02 0
3.340825e+02 0
3.343280e+02 0
3.345735e+02 0
3.348189e+02 0
3.350644e+02 0
3.353098e+02 0
3.355553e+02 0
3.358008e+02 0
3.360462e+02 0
3.362917e+02 0
3.365372e+02 0
3.367827e+02 0
3.370281e+02 0
3.372736e+02 0
3.375191e+02 0
3.377646e+02 0
3.380101e+02 0
3.382556e+02 0
3.385010e+02 0
3.387465e+02 0
3.389920e+02 0
3.392375e+02 0
3.394830e+02 0
3.397285e+02 0
3.399740e+02 0
3.402195e+02 0
3.404650e+02 0
3.407105e+02 0
3.409560e+02 0
3.412015e+02 0
3.414470e+02 0
3.416926e+02 0
3.419381e+02 0
3.421836e+02 0
3.424291e+02 0
3.426746e+02 0
3.429201e+02 0
3.431657e+02 0
3.434112e+02 0
3.436567e+02 0
3.439022e+02 0
3.441478e+02 0
3.443933e+02 0
3.446388e+02 0
3.448844e+02 0
3.451299e+02 0
3.453755e+02 0
3.456210e+02 0
3.458665e+02 0
3.461121e+02 0
3.463576e+02 0
3.466032e+02 0
3.468487e+02 0
3.470943e+02 0
3.473398e+02 0
3.475854e+02 0
3.478310e+02 0
3.480765e+02 0
3.483221e+02 0
3.485676e+02 0
3.488132e+02 0
3.490588e+02 0
3.493043e+02 0
3.495499e+02 0
3.497955e+02 0
3.500411e+02 0
3.502866e+02 0
3.505322e+02 0
3.507778e+02 0
3.510234e+02 0
3.512690e+02 0
3.515146e+02 0
3.517601e+02 0
3.520057e+02 0
3.522513e+02 0
3.524969e+02 0
3.527425e+02 0
3.529881e+02 0
3.532337e+02 0
3.534793e+02 0
3.537249e+02 0
3.539705e+02 0
3.542161e+02 0
3.544617e+02 0
3.547073e+02 0
3.549530e+02 0
3.551986e+02 0
3.554442e+02 0
3.556898e+02 0
3.559354e+02 0
3.561810e+02 0
3.564267e+02 0
3.566723e+02 0
3.569179e+02 0
3.571635e+02 0
3.574092e+02 0
3.576548e+02 0
3.579004e+02 0
3.581461e+02 0
3.583917e+02 0
3.586374e+02 0
3.588830e+02 0
3.591286e+02 0
3.593743e+02 0
3.596199e+02 0
3.598656e+02 0
3.601112e+02 0
3.603569e+02 0
3.606025e+02 0
3.608482e+02 0
3.610939e+02 0
3.613395e+02 0
3.615852e+02 0
3.618308e+02 0
3.620765e+02 0
3.623222e+02 0
3.625678e+02 0
3.628135e+02 0
3.630592e+02 0
3.633049e+02 0
3.635505e+02 0
3.637962e+02 0
3.640419e+02 0
3.642876e+02 0
3.645333e+02 0
3.647790e+02 0
3.650246e+02 0
3.652703e+02 0
3.655160e+02 0
3.657617e+02 0
3.660074e+02 0
3.662531e+02 0
3.664988e+02 0
3.667445e+02 0
3.669902e+02 0
3.672359e+02 0
3.674816e+02 0
3.677273e+02 0
3.679730e+02 0
3.682188e+02 0
3.684645e+02 0
3.687102e+02 0
3.689559e+02 0
3.692016e+02 0
3.694473e+02 0
3.696931e+02 0
3.699388e+02 0
3.701845e+02 0
3.704303e+02 0
3.706760e+02 0
3.709217e+02 0
3.711675e+02 0
3.714132e+02 0
3.716589e+02 0
3.719047e+02 0
3.721504e+02 0
3.723962e+02 0
3.726419e+02 0
3.728876e+02 0
3.731334e+02 0
3.733791e+02 0
3.736249e+02 0
3.738707e+02 0
3.741164e+02 0
3.743622e+02 0
3.746079e+02 0
3.748537e+02 0
3.750995e+02 0
3.753452e+02 0
3.755910e+02 0
3.758368e+02 0
3.760825e+02 0
3.763283e+02 0
3.765741e+02 0
3.768199e+02 0
3.770656e+02 0
3.773114e+02 0
3.775572e+02 0
3.778030e+02 0
3.780488e+02 0
3.782946e+02 0
3.785403e+02 0
3.787861e+02 0
3.790319e+02 0
3.792777e+02 0
3.795235e+02 0
3.797693e+02 0
3.800151e+02 0
3.802609e+02 0
3.805067e+02 0
3.807525e+02 0
3.809984e+02 0
3.812442e+02 0
3.814900e+02 0
3.817358e+02 0
3.819816e+02 0
3.822274e+02 0
3.824732e+02 0
3.827191e+02 0
3.829649e+02 0
3.832107e+02 0
3.834565e+02 0
3.837024e+02 0
3.839482e+02 0
3.841940e+02 0
3.844399e+02 0
3.846857e+02 0
3.849315e+02 0
3.851774e+02 0
3.854232e+02 0
3.856691e+02 0
3.859149e+02 0
3.861608e+02 0
3.864066e+02 0
3.866525e+02 0
3.868983e+02 0
3.871442e+02 0
3.873900e+02 0
3.876359e+02 0
3.878817e+02 0
3.881276e+02 0
3.883735e+02 0
3.886193e+02 0
3.888652e+02 0
3.891111e+02 0
3.893570e+02 0
3.896028e+02 0
3.898487e+02 0
3.900946e+02 0
3.903405e+02 0
3.905863e+02 0
3.908322e+02 0
3.910781e+02 0
3.913240e+02 0
3.915699e+02 0
3.918158e+02 0
3.920617e+02 1
3.923076e+02 0
3.925535e+02 0
3.927994e+02 0
3.930452e+02 0
3.932912e+02 0
3.935371e+02 0
3.937830e+02 0
3.940289e+02 0
3.942748e+02 0
3.945207e+02 0
3.947666e+02 0
3.950125e+02 0
3.952584e+02 0
3.955043e+02 0
3.957503e+02 0
3.959962e+02 0
3.962421e+02 0
3.964880e+02 0
3.967340e+02 0
3.969799e+02 0
3.972258e+02 0
3.974718e+02 0
3.977177e+02 0
3.979636e+02 0
3.982096e+02 0
3.984555e+02 0
3.987015e+02 0
3.989474e+02 0
3.991933e+02 0
3.994393e+02 0
3.996852e+02 0
3.999312e+02 0
4.001771e+02 0
4.004231e+02 0
4.006691e+02 0
4.009150e+02 0
4.011610e+02 0
4.014069e+02 0
4.016529e+02 0
4.018989e+02 0
4.021448e+02 0
4.023908e+02 0
4.026368e+02 0
4.028828e+02 0
4.031287e+02 0
4.033747e+02 0
4.036207e+02 0
4.038667e+02 0
4.041126e+02 0
4.043586e+02 0
4.046046e+02 0
4.048506e+02 0
4.050966e+02 0
4.053426e+02 0
4.055886e+02 0
4.058346e+02 0
4.060806e+02 0
4.063266e+02 0
4.065726e+02 0
4.068186e+02 0
4.070646e+02 0
4.073106e+02 0
4.075566e+02 0
4.078026e+02 0
4.080486e+02 0
4.082946e+02 0
4.085407e+02 0
4.087867e+02 0
4.090327e+02 0
4.092787e+02 0
4.095247e+02 0
4.097708e+02 0
4.100168e+02 0
4.102628e+02 0
4.105089e+02 0
4.107549e+02 0
4.110009e+02 0
4.112470e+02 0
4.114930e+02 0
4.117390e+02 0
4.119851e+02 0
4.122311e+02 0
4.124772e+02 0
4.127232e+02 0
4.129693e+02 0
4.132153e+02 0
4.134614e+02 0
4.137074e+02 0
4.139535e+02 0
4.141996e+02 0
4.144456e+02 0
4.146917e+02 0
4.149377e+02 0
4.151838e+02 0
4.154299e+02 0
4.156759e+02 0
4.159220e+02 0
4.161681e+02 0
4.164142e+02 0
4.166602e+02 0
4.169063e+02 0
4.171524e+02 0
4.173985e+02 0
4.176446e+02 0
4.178907e+02 0
4.181367e+02 0
4.183828e+02 0
4.186289e+02 0
4.188750e+02 0
4.191211e+02 0
4.193672e+02 0
4.196133e+02 0
4.198594e+02 0
4.201055e+02 0
4.203516e+02 0
4.205977e+02 0
4.208438e+02 0
4.210900e+02 0
4.213361e+02 0
4.215822e+02 0
4.218283e+02 0
4.220744e+02 0
4.223205e+02 0
4.225667e+02 0
4.228128e+02 0
4.230589e+02 0
4.233050e+02 0
4.235512e+02 0
4.237973e+02 0
4.240434e+02 0
4.242896e+02 0
4.245357e+02 0
4.247818e+02 0
4.250280e+02 0
4.252741e+02 0
4.255203e+02 0
4.257664e+02 0
4.260126e+02 0
4.262587e+02 0
4.265049e+02 0
4.267510e+02 0
4.269972e+02 0
4.272433e+02 0
4.274895e+02 0
4.277357e+02 0
4.279818e+02 0
4.282280e+02 0
4.284742e+02 0
4.287203e+02 0
4.289665e+02 0
4.292127e+02 0
4.294588e+02 0
4.297050e+02 0
4.299512e+02 0
4.301974e+02 0
4.304436e+02 0
4.306897e+02 0
4.309359e+02 0
4.311821e+02 0
4.314283e+02 0
4.316745e+02 0
4.319207e+02 0
4.321669e+02 0
4.324131e+02 0
4.326593e+02 0
4.329055e+02 0
4.331517e+02 0
4.333979e+02 0
4.336441e+02 0
4.338903e+02 0
4.341365e+02 0
4.343827e+02 0
4.346289e+02 0
4.348751e+02 0
4.351214e+02 0
4.353676e+02 0
4.356138e+02 0
4.358600e+02 0
4.361062e+02 0
4.363525e+02 0
4.365987e+02 0
4.368449e+02 0
4.370912e+02 0
4.373374e+02 0
4.375836e+02 0
4.378299e+02 0
4.380761e+02 0
4.383223e+02 0
4.385686e+02 0
4.388148e+02 0
4.390611e+02 0
4.393073e+02 0
4.395536e+02 0
4.397998e+02 0
4.400461e+02 0
4.402923e+02 0
4.405386e+02 0
4.407848e+02 0
4.410311e+02 0
4.412774e+02 0
4.415236e+02 0
4.417699e+02 0
4.420162e+02 0
4.422624e+02 0
4.425087e+02 0
4.427550e+02 0
4.430013e+02 0
4.432475e+02 0
4.434938e+02 0
4.437401e+02 0
4.439864e+02 0
4.442327e+02 0
4.444790e+02 0
4.447253e+02 0
4.449715e+02 0
4.452178e+02 0
4.454641e+02 0
4.457104e+02 0
4.459567e+02 0
4.462030e+02 0
4.464493e+02 0
4.466956e+02 0
4.469419e+02 0
4.471882e+02 0
4.474346e+02 0
4.476809e+02 0
4.479272e+02 0
4.481735e+02 0
4.484198e+02 0
4.486661e+02 0
4.489124e+02 0
4.491588e+02 0
4.494051e+02 0
4.496514e+02 0
4.498978e+02 0
4.501441e+02 0
4.503904e+02 0
4.506367e+02 0
4.508831e+02 0
4.511294e+02 0
4.513758e+02 0
4.516221e+02 0
4.518684e+02 0
4.521148e+02 0
4.523611e+02 0
4.526075e+02 0
4.528538e+02 0
4.531002e+02 0
4.533465e+02 0
4.535929e+02 0
4.538393e+02 0
4.540856e+02 0
4.543320e+02 0
4.545783e+02 0
4.548247e+02 0
4.550711e+02 0
4.553174e+02 0
4.555638e+02 0
4.558102e+02 0
4.560566e+02 0
4.563029e+02 0
4.565493e+02 0
4.567957e+02 0
4.570421e+02 0
4.572885e+02 0
4.575348e+02 0
4.577812e+02 0
4.580276e+02 0
4.582740e+02 0
4.585204e+02 0
4.587668e+02 0
4.590132e+02 0
4.592596e+02 0
4.595060e+02 0
4.597524e+02 0
4.599988e+02 0
4.602452e+02 0
4.604916e+02 0
4.607380e+02 0
4.609844e+02 0
4.612308e+02 0
4.614773e+02 0
4.617237e+02 0
4.619701e+02 0
4.622165e+02 0
4.624629e+02 0
4.627094e+02 0
4.629558e+02 0
4.632022e+02 0
4.634486e+02 0
4.636951e+02 0
4.639415e+02 0
4.641879e+02 0
4.644344e+02 0
4.646808e+02 0
4.649273e+02 0
4.651737e+02 0
4.654202e+02 0
4.656666e+02 0
4.659130e+02 0
4.661595e+02 0
4.664060e+02 0
4.666524e+02 0
4.668989e+02 0
4.671453e+02 0
4.673918e+02 0
4.676382e+02 0
4.678847e+02 0
4.681312e+02 0
4.683776e+02 0
4.686241e+02 0
4.688706e+02 0
4.691170e+02 0
4.693635e+02 0
4.696100e+02 0
4.698565e+02 0
4.701030e+02 0
4.703494e+02 0
4.705959e+02 0
4.708424e+02 0
4.710889e+02 0
4.713354e+02 0
4.715819e+02 0
4.718284e+02 0
4.720749e+02 0
4.723214e+02 0
4.725679e+02 0
4.728144e+02 0
4.730609e+02 0
4.733074e+02 0
4.735539e+02 0
4.738004e+02 0
4.740469e+02 0
4.742934e+02 0
4.745399e+02 0
4.747864e+02 0
4.750330e+02 0
4.752795e+02 0
4.755260e+02 0
4.757725e+02 0
4.760190e+02 0
4.762656e+02 0
4.765121e+02 0
4.767586e+02 0
4.770052e+02 0
4.772517e+02 0
4.774982e+02 0
4.777448e+02 0
4.779913e+02 0
4.782378e+02 0
4.784844e+02 0
4.787309e+02 0
4.789775e+02 0
4.792240e+02 0
4.794706e+02 0
4.797171e+02 0
4.799637e+02 0
4.802102e+02 0
4.804568e+02 0
4.807034e+02 0
4.809499e+02 0
4.811965e+02 0
4.814430e+02 0
4.816896e+02 0
4.819362e+02 0
4.821828e+02 0
4.824293e+02 0
4.826759e+02 0
4.829225e+02 0
4.831691e+02 0
4.834156e+02 0
4.836622e+02 0
4.839088e+02 0
4.841554e+02 0
4.844020e+02 0
4.846486e+02 0
4.848952e+02 0
4.851418e+02 0
4.853883e+02 0
4.856349e+02 0
4.858815e+02 0
4.861281e+02 0
4.863747e+02 0
4.866214e+02 0
4.868680e+02 0
4.871146e+02 0
4.873612e+02 0
4.876078e+02 0
4.878544e+02 0
4.881010e+02 0
4.883476e+02 0
4.885943e+02 0
4.888409e+02 0
4.890875e+02 0
4.893341e+02 0
4.895807e+02 0
4.898274e+02 0
4.900740e+02 0
4.903206e+02 0
4.905673e+02 0
4.908139e+02 0
4.910605e+02 0
4.913072e+02 0
4.915538e+02 0
4.918005e+02 0
4.920471e+02 0
4.922938e+02 0
4.925404e+02 0
4.927871e+02 0
4.930337e+02 0
4.932804e+02 0
4.935270e+02 0
4.937737e+02 0
4.940203e+02 0
4.942670e+02 0
4.945137e+02 0
4.947603e+02 0
4.950070e+02 0
4.952537e+02 0
4.955003e+02 0
4.957470e+02 0
4.959937e+02 0
4.962404e+02 0
4.964870e+02 0
4.967337e+02 0
4.969804e+02 0
4.972271e+02 0
4.974738e+02 0
4.977205e+02 0
4.979672e+02 0
4.982138e+02 0
4.984605e+02 0
4.987072e+02 0
4.989539e+02 0
4.992006e+02 0
4.994473e+02 0
4.996940e+02 0
4.999407e+02 0
5.001874e+02 0
5.004342e+02 0
5.006809e+02 0
5.009276e+02 0
5.011743e+02 0
5.014210e+02 0
5.016677e+02 0
5.019144e+02 0
5.021612e+02 0
5.024079e+02 0
5.026546e+02 0
5.029013e+02 0
5.031481e+02 0
5.033948e+02 0
5.036415e+02 0
5.038883e+02 0
5.041350e+02 0
5.043817e+02 0
5.046285e+02 0
5.048752e+02 0
5.051220e+02 0
5.053687e+02 0
5.056155e+02 0
5.058622e+02 0
5.061090e+02 0
5.063557e+02 0
5.066025e+02 0
5.068492e+02 0
5.070960e+02 0
5.073427e+02 0
5.075895e+02 0
5.078363e+02 0
5.080830e+02 0
5.083298e+02 0
5.085766e+02 0
5.088233e+02 0
5.090701e+02 0
5.093169e+02 0
5.095637e+02 0
5.098104e+02 0
5.100572e+02 0
5.103040e+02 0
5.105508e+02 0
5.107976e+02 0
5.110444e+02 0
5.112912e+02 0
5.115379e+02 0
5.117847e+02 0
5.120315e+02 0
5.122783e+02 0
5.125251e+02 0
5.127719e+02 0
5.130187e+02 0
5.132655e+02 0
5.135123e+02 0
5.137592e+02 0
5.140060e+02 0
5.142528e+02 0
5.144996e+02 0
5.147464e+02 0
5.149932e+02 0
5.152400e+02 0
5.154869e+02 0
5.157337e+02 0
5.159805e+02 0
5.162273e+02 0
5.164742e+02 0
5.167210e+02 0
5.169678e+02 0
5.172147e+02 0
5.174615e+02 0
5.177083e+02 0
5.179552e+02 0
5.182020e+02 0
5.184489e+02 0
5.186957e+02 0
5.189426e+02 0
5.191894e+02 0
5.194363e+02 0
5.196831e+02 0
5.199300e+02 0
5.201768e+02 0
5.204237e+02 0
5.206705e+02 0
5.209174e+02 0
5.211643e+02 0
5.214111e+02 0
5.216580e+02 0
5.219049e+02 0
5.221517e+02 0
5.223986e+02 0
5.226455e+02 0
5.228924e+02 0
5.231392e+02 0
5.233861e+02 0
5.236330e+02 0
5.238799e+02 0
5.241268e+02 0
5.243737e+02 0
5.246206e+02 0
5.248675e+02 0
5.251143e+02 0
5.253612e+02 0
5.256081e+02 0
5.258550e+02 0
5.261019e+02 0
5.263488e+02 0
5.265957e+02 0
5.268427e+02 0
5.270896e+02 0
5.273365e+02 0
5.275834e+02 0
5.278303e+02 0
5.280772e+02 0
5.283241e+02 0
5.285711e+02 0
5.288180e+02 0
5.290649e+02 0
5.293118e+02 0
5.295588e+02 0
5.298057e+02 0
5.300526e+02 0
5.302995e+02 0
5.305465e+02 0
5.307934e+02 0
5.310404e+02 0
5.312873e+02 0
5.315342e+02 0
5.317812e+02 0
5.320281e+02 0
5.322751e+02 0
5.325220e+02 0
5.327690e+02 0
5.330159e+02 0
5.332629e+02 0
5.335098e+02 0
5.337568e+02 0
5.340038e+02 0
5.342507e+02 0
5.344977e+02 0
5.347446e+02 0
5.349916e+02 0
5.352386e+02 0
5.354856e+02 0
5.357325e+02 0
5.359795e+02 0
5.362265e+02 0
5.364735e+02 0
5.367204e+02 0
5.369674e+02 0
5.372144e+02 0
5.374614e+02 0
5.377084e+02 0
5.379554e+02 0
5.382024e+02 0
5.384494e+02 0
5.386964e+02 0
5.389434e+02 0
5.391904e+02 0
5.394374e+02 0
5.396844e+02 0
5.399314e+02 0
5.401784e+02 0
5.404254e+02 0
5.406724e+02 0
5.409194e+02 0
5.411664e+02 0
5.414134e+02 0
5.416605e+02 0
5.419075e+02 0
5.421545e+02 0
5.424015e+02 0
5.426485e+02 0
5.428956e+02 0
5.431426e+02 0
5.433896e+02 0
5.436367e+02 0
5.438837e+02 0
5.441307e+02 0
5.443778e+02 0
5.446248e+02 0
5.448719e+02 0
5.451189e+02 0
5.453659e+02 0
5.456130e+02 0
5.458600e+02 0
5.461071e+02 0
5.463541e+02 0
5.466012e+02 0
5.468483e+02 0
5.470953e+02 0
5.473424e+02 0
5.475894e+02 0
5.478365e+02 0
5.480836e+02 0
5.483306e+02 0
5.485777e+02 0
5.488248e+02 0
5.490719e+02 0
5.493189e+02 0
5.495660e+02 0
5.498131e+02 0
5.500602e+02 0
5.503072e+02 0
5.505543e+02 0
5.508014e+02 0
5.510485e+02 0
5.512956e+02 0
5.515427e+02 0
5.517898e+02 0
5.520369e+02 0
5.522840e+02 0
5.525311e+02 0
5.527782e+02 0
5.530253e+02 0
5.532724e+02 0
5.535195e+02 0
5.537666e+02 0
5.540137e+02 0
5.542608e+02 0
5.545079e+02 0
5.547551e+02 0
5.550022e+02 0
5.552493e+02 0
5.554964e+02 0
5.557435e+02 0
5.559907e+02 0
5.562378e+02 0
5.564849e+02 0
5.567321e+02 0
5.569792e+02 0
5.572263e+02 0
5.574735e+02 0
5.577206e+02 0
5.579677e+02 0
5.582149e+02 0
5.584620e+02 0
5.587092e+02 0
5.589563e+02 0
5.592035e+02 0
5.594506e+02 0
5.596978e+02 0
5.599449e+02 0
5.601921e+02 0
5.604392e+02 0
5.606864e+02 0
5.609336e+02 0
5.611807e+02 0
5.614279e+02 0
5.616751e+02 0
5.619222e+02 0
5.621694e+02 0
5.624166e+02 0
5.626638e+02 0
5.629109e+02 0
5.631581e+02 0
5.634053e+02 0
5.636525e+02 0
5.638997e+02 0
5.641469e+02 0
5.643940e+02 0
5.646412e+02 0
5.648884e+02 0
5.651356e+02 0
5.653828e+02 0
5.656300e+02 0
5.658772e+02 0
5.661244e+02 0
5.663716e+02 0
5.666188e+02 0
5.668660e+02 0
5.671132e+02 0
5.673604e+02 0
5.676077e+02 0
5.678549e+02 0
5.681021e+02 0
5.683493e+02 0
5.685965e+02 0
5.688438e+02 0
5.690910e+02 0
5.693382e+02 0
5.695854e+02 0
5.698327e+02 0
5.700799e+02 0
5.703271e+02 0
5.705744e+02 0
5.708216e+02 0
5.710688e+02 0
5.713161e+02 0
5.715633e+02 0
5.718106e+02 0
5.720578e+02 0
5.723051e+02 0
5.725523e+02 0
5.727996e+02 0
5.730468e+02 0
5.732941e+02 0
5.735413e+02 0
5.737886e+02 0
5.740358e+02 0
5.742831e+02 0
5.745304e+02 0
5.747776e+02 0
5.750249e+02 0
5.752722e+02 0
5.755194e+02 0
5.757667e+02 0
5.760140e+02 0
5.762613e+02 0
5.765086e+02 0
5.767558e+02 0
5.770031e+02 0
5.772504e+02 0
5.774977e+02 0
5.777450e+02 0
5.779923e+02 0
5.782396e+02 0
5.784869e+02 0
5.787342e+02 0
5.789814e+02 0
5.792287e+02 0
5.794761e+02 0
5.797234e+02 0
5.799707e+02 0
5.802180e+02 0
5.804653e+02 0
5.807126e+02 0
5.809599e+02 0
5.812072e+02 0
5.814545e+02 0
5.817019e+02 0
5.819492e+02 0
5.821965e+02 0
5.824438e+02 0
5.826911e+02 0
5.829385e+02 0
5.831858e+02 0
5.834331e+02 0
5.836805e+02 0
5.839278e+02 0
5.841751e+02 0
5.844225e+02 0
5.846698e+02 0
5.849172e+02 0
5.851645e+02 0
5.854118e+02 0
5.856592e+02 0
5.859065e+02 0
5.861539e+02 0
5.864013e+02 0
5.866486e+02 0
5.868960e+02 0
5.871433e+02 0
5.873907e+02 0
5.876380e+02 0
5.878854e+02 0
5.881328e+02 0
5.883801e+02 0
5.886275e+02 0
5.888749e+02 0
5.891223e+02 0
5.893696e+02 0
5.896170e+02 0
5.898644e+02 0
5.901118e+02 0
5.903592e+02 0
5.906066e+02 0
5.908539e+02 0
5.911013e+02 0
5.913487e+02 0
5.915961e+02 0
5.918435e+02 0
5.920909e+02 0
5.923383e+02 0
5.925857e+02 0
5.928331e+02 0
5.930805e+02 0
5.933279e+02 0
5.935753e+02 0
5.938227e+02 0
5.940701e+02 0
5.943176e+02 0
5.945650e+02 0
5.948124e+02 0
5.950598e+02 0
5.953072e+02 0
5.955546e+02 0
5.958021e+02 0
5.960495e+02 0
5.962969e+02 0
5.965444e+02 0
5.967918e+02 0
5.970392e+02 0
5.972867e+02 0
5.975341e+02 0
5.977815e+02 0
5.980290e+02 0
5.982764e+02 0
5.985239e+02 0
5.987713e+02 0
5.990188e+02 0
5.992662e+02 0
5.995137e+02 0
5.997611e+02 0
6.000086e+02 0
6.002560e+02 0
6.005035e+02 0
6.007509e+02 0
6.009984e+02 0
6.012459e+02 0
6.014933e+02 0
6.017408e+02 0
6.019883e+02 0
6.022357e+02 0
6.024832e+02 0
6.027307e+02 0
6.029782e+02 0
6.032257e+02 0
6.034731e+02 0
6.037206e+02 0
6.039681e+02 0
6.042156e+02 0
6.044631e+02 0
6.047106e+02 0
6.049581e+02 0
6.052056e+02 0
6.054531e+02 0
6.057006e+02 0
6.059481e+02 0
6.061956e+02 0
6.064431e+02 0
6.066906e+02 0
6.069381e+02 0
6.071856e+02 0
6.074331e+02 0
6.076806e+02 0
6.079281e+02 0
6.081756e+02 0
6.084232e+02 0
6.086707e+02 0
6.089182e+02 0
6.091657e+02 0
6.094133e+02 0
6.096608e+02 0
6.099083e+02 0
6.101558e+02 0
6.104034e+02 0
6.106509e+02 0
6.108984e+02 0
6.111460e+02 0
6.113935e+02 0
6.116411e+02 0
6.118886e+02 0
6.121362e+02 0
6.123837e+02 0
6.126313e+02 0
6.128788e+02 0
6.131264e+02 0
6.133739e+02 0
6.136215e+02 0
6.138690e+02 0
6.141166e+02 0
6.143642e+02 0
6.146117e+02 0
6.148593e+02 0
6.151069e+02 0
6.153544e+02 0
6.156020e+02 0
6.158496e+02 0
6.160972e+02 0
6.163447e+02 0
6.165923e+02 0
6.168399e+02 0
6.170875e+02 0
6.173351e+02 0
6.175827e+02 0
6.178302e+02 0
6.180778e+02 0
6.183254e+02 0
6.185730e+02 0
6.188206e+02 0
6.190682e+02 0
6.193158e+02 0
6.195634e+02 0
6.198110e+02 0
6.200586e+02 0
6.203062e+02 0
6.205539e+02 0
6.208015e+02 0
6.210491e+02 0
6.212967e+02 1
6.215443e+02 0
6.217919e+02 0
6.220395e+02 0
6.222872e+02 0
6.225348e+02 0
6.227824e+02 0
6.230300e+02 0
6.232777e+02 0
6.235253e+02 0
6.237729e+02 0
6.240206e+02 0
6.242682e+02 0
6.245159e+02 0
6.247635e+02 0
6.250111e+02 0
6.252588e+02 0
6.255064e+02 0
6.257541e+02 0
6.260017e+02 0
6.262494e+02 0
6.264970e+02 0
6.267447e+02 0
6.269924e+02 0
6.272400e+02 0
6.274877e+02 0
6.277353e+02 0
6.279830e+02 0
6.282307e+02 0
6.284783e+02 0
6.287260e+02 0
6.289737e+02 0
6.292214e+02 0
6.294690e+02 0
6.297167e+02 0
6.299644e+02 0
6.302121e+02 0
6.304598e+02 0
6.307074e+02 0
6.309551e+02 0
6.312028e+02 0
6.314505e+02 0
6.316982e+02 0
6.319459e+02 0
6.321936e+02 0
6.324413e+02 0
6.326890e+02 0
6.329367e+02 0
6.331844e+02 0
6.334321e+02 0
6.336798e+02 0
6.339275e+02 0
6.341752e+02 0
6.344230e+02 0
6.346707e+02 0
6.349184e+02 1
6.351661e+02 0
6.354138e+02 0
6.356615e+02 0
6.359093e+02 0
6.361570e+02 0
6.364047e+02 0
6.366525e+02 0
6.369002e+02 0
6.371479e+02 0
6.373957e+02 0
6.376434e+02 0
6.378911e+02 0
6.381389e+02 0
6.383866e+02 0
6.386344e+02 0
6.388821e+02 0
6.391299e+02 0
6.393776e+02 0
6.396254e+02 0
6.398731e+02 0
6.401209e+02 0
6.403686e+02 0
6.406164e+02 0
6.408642e+02 0
6.411119e+02 0
6.413597e+02 0
6.416074e+02 0
6.418552e+02 1
6.421030e+02 0
6.423508e+02 0
6.425985e+02 0
6.428463e+02 0
6.430941e+02 0
6.433419e+02 0
6.435897e+02 0
6.438374e+02 0
6.440852e+02 0
6.443330e+02 0
6.445808e+02 0
6.448286e+02 0
6.450764e+02 0
6.453242e+02 0
6.455720e+02 0
6.458198e+02 0
6.460676e+02 0
6.463154e+02 0
6.465632e+02 0
6.468110e+02 0
6.470588e+02 0
6.473066e+02 0
6.475544e+02 0
6.478022e+02 0
6.480501e+02 0
6.482979e+02 0
6.485457e+02 0
6.487935e+02 0
6.490413e+02 0
6.492892e+02 0
6.495370e+02 0
6.497848e+02 0
6.500326e+02 0
6.502805e+02 1
6.505283e+02 0
6.507761e+02 0
6.510240e+02 0
6.512718e+02 0
6.515197e+02 0
6.517675e+02 0
6.520154e+02 0
6.522632e+02 0
6.525110e+02 0
6.527589e+02 0
6.530068e+02 0
6.532546e+02 1
6.535025e+02 0
6.537503e+02 0
6.539982e+02 0
6.542460e+02 0
6.544939e+02 0
6.547418e+02 0
6.549896e+02 0
6.552375e+02 0
6.554854e+02 0
6.557333e+02 0
6.559811e+02 0
6.562290e+02 0
6.564769e+02 0
6.567248e+02 0
6.569726e+02 0
6.572205e+02 0
6.574684e+02 0
6.577163e+02 0
6.579642e+02 0
6.582121e+02 0
6.584600e+02 0
6.587079e+02 0
6.589558e+02 0
6.592037e+02 0
6.594516e+02 0
6.596995e+02 0
6.599474e+02 0
6.601953e+02 0
6.604432e+02 0
6.606911e+02 0
6.609390e+02 0
6.611869e+02 0
6.614348e+02 0
6.616828e+02 0
6.619307e+02 0
6.621786e+02 1
6.624265e+02 0
6.626744e+02 0
6.629224e+02 0
6.631703e+02 0
6.634182e+02 0
6.636662e+02 0
6.639141e+02 0
6.641620e+02 0
6.644100e+02 0
6.646579e+02 0
6.649059e+02 0
6.651538e+02 1
6.654017e+02 0
6.656497e+02 1
6.658976e+02 0
6.661456e+02 0
6.663935e+02 1
6.666415e+02 0
6.668895e+02 0
6.671374e+02 0
6.673854e+02 0
6.676333e+02 0
6.678813e+02 0
6.681293e+02 0
6.683772e+02 1
6.686252e+02 1
6.688732e+02 0
6.691211e+02 0
6.693691e+02 0
6.696171e+02 0
6.698651e+02 0
6.701131e+02 0
6.703610e+02 0
6.706090e+02 0
6.708570e+02 2
6.711050e+02 0
6.713530e+02 0
6.716010e+02 0
6.718490e+02 0
6.720970e+02 0
6.723450e+02 0
6.725930e+02 0
6.728410e+02 0
6.730890e+02 0
6.733370e+02 0
6.735850e+02 0
6.738330e+02 0
6.740810e+02 0
6.743290e+02 0
6.745770e+02 0
6.748250e+02 0
6.750731e+02 0
6.753211e+02 0
6.755691e+02 0
6.758171e+02 0
6.760652e+02 0
6.763132e+02 0
6.765612e+02 0
6.768092e+02 0
6.770573e+02 1
6.773053e+02 0
6.775533e+02 0
6.778014e+02 0
6.780494e+02 2
6.782975e+02 0
6.785455e+02 0
6.787935e+02 1
6.790416e+02 0
6.792896e+02 1
6.795377e+02 0
6.797857e+02 0
6.800338e+02 0
6.802819e+02 0
6.805299e+02 0
6.807780e+02 0
6.810260e+02 0
6.812741e+02 0
6.815222e+02 0
6.817702e+02 0
6.820183e+02 0
6.822664e+02 1
6.825145e+02 0
6.827625e+02 0
6.830106e+02 0
6.832587e+02 1
6.835068e+02 1
6.837548e+02 0
6.840029e+02 0
6.842510e+02 0
6.844991e+02 0
6.847472e+02 0
6.849953e+02 0
6.852434e+02 0
6.854915e+02 1
6.857396e+02 0
6.859877e+02 0
6.862358e+02 1
6.864839e+02 0
6.867320e+02 1
6.869801e+02 0
6.872282e+02 0
6.874763e+02 1
6.877244e+02 0
6.879725e+02 0
6.882207e+02 0
6.884688e+02 0
6.887169e+02 1
6.889650e+02 0
6.892131e+02 0
6.894613e+02 1
6.897094e+02 0
6.899575e+02 0
6.902056e+02 1
6.904538e+02 0
6.907019e+02 1
6.909501e+02 1
6.911982e+02 2
6.914463e+02 0
6.916945e+02 0
6.919426e+02 0
6.921908e+02 1
6.924389e+02 0
6.926871e+02 2
6.929352e+02 1
6.931834e+02 0
6.934315e+02 0
6.936797e+02 0
6.939278e+02 1
6.941760e+02 0
6.944242e+02 0
6.946723e+02 1
6.949205e+02 0
6.951687e+02 0
6.954168e+02 1
6.956650e+02 0
6.959132e+02 0
6.961613e+02 1
6.964095e+02 0
6.966577e+02 1
6.969059e+02 0
6.971541e+02 1
6.974022e+02 0
6.976504e+02 1
6.978986e+02 0
6.981468e+02 0
6.983950e+02 0
6.986432e+02 2
6.988914e+02 1
6.991396e+02 2
6.993878e+02 0
6.996360e+02 1
6.998842e+02 1
7.001324e+02 0
7.003806e+02 0
7.006288e+02 1
7.008770e+02 3
7.011252e+02 0
7.013735e+02 1
7.016217e+02 0
7.018699e+02 0
7.021181e+02 1
7.023663e+02 2
7.026146e+02 1
7.028628e+02 1
7.031110e+02 2
7.033592e+02 0
7.036075e+02 1
7.038557e+02 0
7.041039e+02 0
7.043522e+02 0
7.046004e+02 2
7.048486e+02 1
7.050969e+02 0
7.053451e+02 2
7.055934e+02 2
7.058416e+02 0
7.060899e+02 0
7.063381e+02 1
7.065864e+02 0
7.068346e+02 1
7.070829e+02 1
7.073312e+02 1
7.075794e+02 2
7.078277e+02 0
7.080759e+02 0
7.083242e+02 0
7.085725e+02 0
7.088207e+02 1
7.090690e+02 2
7.093173e+02 2
7.095656e+02 0
7.098138e+02 0
7.100621e+02 1
7.103104e+02 1
7.105587e+02 1
7.108070e+02 0
7.110553e+02 1
7.113035e+02 1
7.115518e+02 0
7.118001e+02 0
7.120484e+02 2
7.122967e+02 0
7.125450e+02 0
7.127933e+02 1
7.130416e+02 2
7.132899e+02 1
7.135382e+02 0
7.137865e+02 0
7.140348e+02 1
7.142832e+02 1
7.145315e+02 1
7.147798e+02 0
7.150281e+02 0
7.152764e+02 1
7.155247e+02 1
7.157731e+02 0
7.160214e+02 0
7.162697e+02 1
7.165180e+02 1
7.167664e+02 4
7.170147e+02 1
7.172630e+02 5
7.175114e+02 2
7.177597e+02 3
7.180080e+02 0
7.182564e+02 2
7.185047e+02 4
7.187531e+02 0
7.190014e+02 0
7.192498e+02 2
7.194981e+02 2
7.197465e+02 0
7.199948e+02 2
7.202432e+02 0
7.204915e+02 1
7.207399e+02 2
7.209882e+02 1
7.212366e+02 0
7.214850e+02 2
7.217333e+02 0
7.219817e+02 0
7.222301e+02 1
7.224784e+02 5
7.227268e+02 0
7.229752e+02 1
7.232236e+02 0
7.234720e+02 2
7.237203e+02 1
7.239687e+02 0
7.242171e+02 5
7.244655e+02 4
7.247139e+02 2
7.249623e+02 2
7.252107e+02 0
7.254591e+02 2
7.257075e+02 1
7.259558e+02 4
7.262042e+02 0
7.264527e+02 1
7.267011e+02 3
7.269495e+02 4
7.271979e+02 4
7.274463e+02 0
7.276947e+02 2
7.279431e+02 3
7.281915e+02 3
7.284399e+02 7
7.286883e+02 3
7.289368e+02 0
7.291852e+02 4
7.294336e+02 0
7.296820e+02 2
7.299305e+02 3
7.301789e+02 0
7.304273e+02 2
7.306758e+02 1
7.309242e+02 1
7.311726e+02 2
7.314211e+02 0
7.316695e+02 1
7.319180e+02 3
7.321664e+02 1
7.324148e+02 3
7.326633e+02 2
7.329117e+02 4
7.331602e+02 6
7.334086e+02 3
7.336571e+02 2
7.339056e+02 3
7.341540e+02 3
7.344025e+02 0
7.346509e+02 6
7.348994e+02 2
7.351479e+02 3
7.353963e+02 5
7.356448e+02 1
7.358933e+02 6
7.361418e+02 3
7.363902e+02 5
7.366387e+02 4
7.368872e+02 3
7.371357e+02 5
7.373842e+02 2
7.376326e+02 3
7.378811e+02 4
7.381296e+02 4
7.383781e+02 5
7.386266e+02 6
7.388751e+02 4
7.391236e+02 2
7.393721e+02 2
7.396206e+02 6
7.398691e+02 4
7.401176e+02 4
7.403661e+02 4
7.406146e+02 3
7.408631e+02 3
7.411116e+02 0
7.413601e+02 3
7.416087e+02 0
7.418572e+02 8
7.421057e+02 7
7.423542e+02 7
7.426027e+02 6
7.428513e+02 7
7.430998e+02 2
7.433483e+02 2
7.435968e+02 4
7.438454e+02 4
7.440939e+02 5
7.443424e+02 3
7.445910e+02 2
7.448395e+02 2
7.450881e+02 6
7.453366e+02 3
7.455851e+02 5
7.458337e+02 4
7.460822e+02 7
7.463308e+02 2
7.465793e+02 2
7.468279e+02 9
7.470764e+02 3
7.473250e+02 3
7.475736e+02 3
7.478221e+02 5
7.480707e+02 7
7.483193e+02 2
7.485678e+02 3
7.488164e+02 6
7.490650e+02 4
7.493135e+02 5
7.495621e+02 7
7.498107e+02 4
7.500593e+02 8
7.503078e+02 5
7.505564e+02 4
7.508050e+02 3
7.510536e+02 5
7.513022e+02 3
7.515508e+02 5
7.517994e+02 8
7.520480e+02 2
7.522965e+02 5
7.525451e+02 1
7.527937e+02 9
7.530423e+02 9
7.532909e+02 4
7.535395e+02 5
7.537882e+02 2
7.540368e+02 5
7.542854e+02 2
7.545340e+02 3
7.547826e+02 5
7.550312e+02 8
7.552798e+02 6
7.555284e+02 9
7.557771e+02 7
7.560257e+02 12
7.562743e+02 5
7.565229e+02 4
7.567716e+02 7
7.570202e+02 5
7.572688e+02 6
7.575175e+02 5
7.577661e+02 8
7.580147e+02 4
7.582634e+02 6
7.585120e+02 6
7.587607e+02 8
7.590093e+02 2
7.592579e+02 6
7.595066e+02 8
7.597552e+02 4
7.600039e+02 4
7.602525e+02 6
7.605012e+02 10
7.607499e+02 3
7.609985e+02 5
7.612472e+02 7
7.614958e+02 6
7.617445e+02 10
7.619932e+02 8
7.622418e+02 3
7.624905e+02 5
7.627392e+02 10
7.629879e+02 7
7.632365e+02 8
7.634852e+02 8
7.637339e+02 4
7.639826e+02 9
7.642313e+02 8
7.644799e+02 4
7.647286e+02 7
7.649773e+02 6
7.652260e+02 12
7.654747e+02 11
7.657234e+02 4
7.659721e+02 11
7.662208e+02 6
7.664695e+02 5
7.667182e+02 11
7.669669e+02 9
7.672156e+02 10
7.674643e+02 8
7.677130e+02 6
7.679617e+02 5
7.682105e+02 16
7.684592e+02 6
7.687079e+02 10
7.689566e+02 12
7.692053e+02 12
7.694540e+02 4
7.697028e+02 5
7.699515e+02 5
7.702002e+02 8
7.704490e+02 7
7.706977e+02 12
7.709464e+02 11
7.711952e+02 9
7.714439e+02 10
7.716926e+02 7
7.719414e+02 11
7.721901e+02 15
7.724389e+02 14
7.726876e+02 12
7.729364e+02 12
7.731851e+02 9
7.734339e+02 11
7.736826e+02 5
7.739314e+02 3
7.741801e+02 9
7.744289e+02 11
7.746776e+02 10
7.749264e+02 7
7.751752e+02 10
7.754239e+02 14
7.756727e+02 9
7.759215e+02 10
7.761703e+02 18
7.764190e+02 15
7.766678e+02 11
7.769166e+02 9
7.771654e+02 5
7.774141e+02 10
7.776629e+02 16
7.779117e+02 10
7.781605e+02 10
7.784093e+02 10
7.786581e+02 11
7.789069e+02 14
7.791557e+02 11
7.794045e+02 10
7.796533e+02 10
7.799021e+02 10
7.801509e+02 13
7.803997e+02 9
7.806485e+02 8
7.808973e+02 14
7.811461e+02 6
7.813949e+02 17
7.816437e+02 12
7.818925e+02 9
7.821414e+02 7
7.823902e+02 14
7.826390e+02 14
7.828878e+02 12
7.831366e+02 15
7.833855e+02 12
7.836343e+02 16
7.838831e+02 14
7.841320e+02 17
7.843808e+02 11
7.846296e+02 10
7.848785e+02 10
7.851273e+02 22
7.853761e+02 11
7.856250e+02 9
7.858738e+02 23
7.861227e+02 11
7.863715e+02 10
7.866204e+02 18
7.868692e+02 14
7.871181e+02 8
7.873669e+02 14
7.876158e+02 16
7.878647e+02 10
7.881135e+02 15
7.883624e+02 13
7.886112e+02 20
7.888601e+02 11
7.891090e+02 14
7.893579e+02 15
7.896067e+02 10
7.898556e+02 17
7.901045e+02 21
7.903534e+02 13
7.906022e+02 13
7.908511e+02 9
7.911000e+02 17
7.913489e+02 19
7.915978e+02 8
7.918467e+02 11
7.920956e+02 18
7.923444e+02 11
7.925933e+02 18
7.928422e+02 9
7.930911e+02 16
7.933400e+02 20
7.935889e+02 12
7.938378e+02 11
7.940868e+02 12
7.943357e+02 14
7.945846e+02 14
7.948335e+02 18
7.950824e+02 5
7.953313e+02 18
7.955802e+02 11
7.958291e+02 16
7.960781e+02 17
7.963270e+02 18
7.965759e+02 18
7.968248e+02 16
7.970738e+02 13
7.973227e+02 24
7.975716e+02 18
7.978206e+02 17
7.980695e+02 10
7.983184e+02 12
7.985674e+02 18
7.988163e+02 15
7.990653e+02 20
7.993142e+02 14
7.995632e+02 13
7.998121e+02 16
8.000611e+02 12
8.003100e+02 17
8.005590e+02 10
8.008079e+02 19
8.010569e+02 16
8.013058e+02 12
8.015548e+02 14
8.018038e+02 15
8.020527e+02 20
8.023017e+02 13
8.025507e+02 11
8.027996e+02 14
8.030486e+02 15
8.032976e+02 21
8.035466e+02 18
8.037955e+02 15
8.040445e+02 24
8.042935e+02 16
8.045425e+02 13
8.047915e+02 12
8.050405e+02 16
8.052894e+02 11
8.055384e+02 15
8.057874e+02 9
8.060364e+02 22
8.062854e+02 23
8.065344e+02 20
8.067834e+02 18
8.070324e+02 12
8.072814e+02 24
8.075304e+02 20
8.077794e+02 5
8.080285e+02 16
8.082775e+02 20
8.085265e+02 17
8.087755e+02 23
8.090245e+02 16
8.092735e+02 22
8.095226e+02 18
8.097716e+02 19
8.100206e+02 12
8.102696e+02 14
8.105187e+02 19
8.107677e+02 13
8.110167e+02 14
8.112658e+02 15
8.115148e+02 19
8.117638e+02 19
8.120129e+02 15
8.122619e+02 27
8.125110e+02 21
8.127600e+02 19
8.130090e+02 29
8.132581e+02 21
8.135071e+02 17
8.137562e+02 18
8.140052e+02 19
8.142543e+02 20
8.145034e+02 21
8.147524e+02 20
8.150015e+02 18
8.152506e+02 10
8.154996e+02 19
8.157487e+02 14
8.159978e+02 18
8.162468e+02 16
8.164959e+02 19
8.167450e+02 13
8.169940e+02 20
8.172431e+02 18
8.174922e+02 24
8.177413e+02 20
8.179904e+02 14
8.182395e+02 18
8.184885e+02 18
8.187376e+02 26
8.189867e+02 20
8.192358e+02 16
8.194849e+02 21
8.197340e+02 22
8.199831e+02 24
8.202322e+02 20
8.204813e+02 18
8.207304e+02 25
8.209795e+02 17
8.212286e+02 20
8.214777e+02 17
8.217269e+02 21
8.219760e+02 17
8.222251e+02 23
8.224742e+02 25
8.227233e+02 26
8.229724e+02 16
8.232216e+02 19
8.234707e+02 17
8.237198e+02 16
8.239690e+02 25
8.242181e+02 16
8.244672e+02 20
8.247163e+02 31
8.249655e+02 22
8.252146e+02 23
8.254638e+02 17
8.257129e+02 19
8.259620e+02 19
8.262112e+02 18
8.264603e+02 16
8.267095e+02 17
8.269586e+02 26
8.272078e+02 17
8.274569e+02 19
8.277061e+02 19
8.279553e+02 20
8.282044e+02 27
8.284536e+02 19
8.287027e+02 12
8.289519e+02 27
8.292011e+02 15
8.294503e+02 17
8.296994e+02 26
8.299486e+02 16
8.301978e+02 17
8.304469e+02 11
8.306961e+02 16
8.309453e+02 18
8.311945e+02 25
8.314437e+02 19
8.316929e+02 19
8.319420e+02 21
8.321912e+02 20
8.324404e+02 21
8.326896e+02 22
8.329388e+02 24
8.331880e+02 22
8.334372e+02 26
8.336864e+02 19
8.339356e+02 18
8.341848e+02 20
8.344340e+02 29
8.346832e+02 14
8.349324e+02 20
8.351817e+02 26
8.354309e+02 18
8.356801e+02 16
8.359293e+02 23
8.361785e+02 15
8.364277e+02 26
8.366770e+02 21
8.369262e+02 28
8.371754e+02 25
8.374247e+02 17
8.376739e+02 14
8.379231e+02 16
8.381724e+02 21
8.384216e+02 16
8.386708e+02 20
8.389201e+02 18
8.391693e+02 19
8.394186e+02 29
8.396678e+02 26
8.399170e+02 18
8.401663e+02 20
8.404155e+02 25
8.406648e+02 18
8.409141e+02 21
8.411633e+02 23
8.414126e+02 15
8.416618e+02 18
8.419111e+02 26
8.421604e+02 23
8.424096e+02 20
8.426589e+02 22
8.429082e+02 17
8.431574e+02 25
8.434067e+02 17
8.436560e+02 17
8.439053e+02 24
8.441545e+02 11
8.444038e+02 24
8.446531e+02 18
8.449024e+02 14
8.451517e+02 19
8.454010e+02 16
8.456502e+02 17
8.458995e+02 25
8.461488e+02 22
8.463981e+02 32
8.466474e+02 24
8.468967e+02 17
8.471460e+02 28
8.473953e+02 22
8.476446e+02 27
8.478939e+02 25
8.481432e+02 22
8.483926e+02 12
8.486419e+02 25
8.488912e+02 23
8.491405e+02 28
8.493898e+02 15
8.496391e+02 19
8.498885e+02 20
8.501378e+02 23
8.503871e+02 25
8.506364e+02 26
8.508858e+02 29
8.511351e+02 25
8.513844e+02 27
8.516338e+02 17
8.518831e+02 18
8.521324e+02 23
8.523818e+02 27
8.526311e+02 28
8.528805e+02 23
8.531298e+02 21
8.533792e+02 30
8.536285e+02 26
8.538779e+02 23
8.541272e+02 18
8.543766e+02 24
8.546259e+02 22
8.548753e+02 27
8.551246e+02 21
8.553740e+02 29
8.556234e+02 23
8.558727e+02 24
8.561221e+02 16
8.563715e+02 25
8.566208e+02 26
8.568702e+02 36
8.571196e+02 26
8.573690e+02 19
8.576183e+02 24
8.578677e+02 19
8.581171e+02 18
8.583665e+02 17
8.586159e+02 22
8.588653e+02 19
8.591147e+02 26
8.593641e+02 17
8.596134e+02 16
8.598628e+02 28
8.601122e+02 17
8.603616e+02 21
8.606110e+02 17
8.608604e+02 18
8.611098e+02 22
8.613593e+02 20
8.616087e+02 24
8.618581e+02 20
8.621075e+02 27
8.623569e+02 22
8.626063e+02 21
8.628557e+02 24
8.631052e+02 13
8.633546e+02 22
8.636040e+02 21
8.638534e+02 27
8.641029e+02 24
8.643523e+02 20
8.646017e+02 23
8.648511e+02 23
8.651006e+02 21
8.653500e+02 26
8.655995e+02 24
8.658489e+02 28
8.660983e+02 16
8.663478e+02 17
8.665972e+02 23
8.668467e+02 22
8.670961e+02 22
8.673456e+02 23
8.675950e+02 19
8.678445e+02 19
8.680939e+02 21
8.683434e+02 16
8.685929e+02 20
8.688423e+02 19
8.690918e+02 23
8.693413e+02 20
8.695907e+02 23
8.698402e+02 17
8.700897e+02 20
8.703391e+02 22
8.705886e+02 25
8.708381e+02 22
8.710876e+02 24
8.713371e+02 21
8.715865e+02 18
8.718360e+02 19
8.720855e+02 24
8.723350e+02 29
8.725845e+02 30
8.728340e+02 20
8.730835e+02 18
8.733330e+02 26
8.735825e+02 14
8.738320e+02 23
8.740815e+02 19
8.743310e+02 25
8.745805e+02 16
8.748300e+02 14
8.750795e+02 17
8.753290e+02 17
8.755785e+02 17
8.758280e+02 18
8.760775e+02 19
8.763271e+02 23
8.765766e+02 17
8.768261e+02 18
8.770756e+02 18
8.773252e+02 26
8.775747e+02 26
8.778242e+02 21
8.780737e+02 17
8.783233e+02 25
8.785728e+02 22
8.788223e+02 27
8.790719e+02 28
8.793214e+02 22
8.795710e+02 24
8.798205e+02 18
8.800701e+02 17
8.803196e+02 29
8.805692e+02 18
8.808187e+02 15
8.810683e+02 20
8.813178e+02 24
8.815674e+02 18
8.818169e+02 23
8.820665e+02 17
8.823161e+02 11
8.825656e+02 20
8.828152e+02 18
8.830648e+02 17
8.833143e+02 24
8.835639e+02 17
8.838135e+02 18
8.840630e+02 15
8.843126e+02 23
8.845622e+02 17
8.848118e+02 18
8.850614e+02 15
8.853110e+02 15
8.855605e+02 19
8.858101e+02 28
8.860597e+02 19
8.863093e+02 19
8.865589e+02 23
8.868085e+02 23
8.870581e+02 26
8.873077e+02 16
8.875573e+02 14
8.878069e+02 12
8.880565e+02 18
8.883061e+02 27
8.885557e+02 21
8.888053e+02 16
8.890549e+02 19
8.893046e+02 17
8.895542e+02 15
8.898038e+02 21
8.900534e+02 27
8.903030e+02 17
8.905527e+02 17
8.908023e+02 25
8.910519e+02 17
8.913015e+02 21
8.915512e+02 22
8.918008e+02 21
8.920504e+02 24
8.923001e+02 12
8.925497e+02 21
8.927994e+02 16
8.930490e+02 20
8.932986e+02 17
8.935483e+02 21
8.937979e+02 26
8.940476e+02 17
8.942972e+02 25
8.945469e+02 16
8.947966e+02 23
8.950462e+02 22
8.952959e+02 19
8.955455e+02 15
8.957952e+02 19
8.960449e+02 22
8.962945e+02 14
8.965442e+02 15
8.967939e+02 29
8.970435e+02 12
8.972932e+02 21
8.975429e+02 12
8.977926e+02 37
8.980422e+02 15
8.982919e+02 15
8.985416e+02 23
8.987913e+02 19
8.990410e+02 17
8.992907e+02 24
8.995404e+02 16
8.997901e+02 16
9.000397e+02 18
9.002894e+02 19
9.005391e+02 22
9.007888e+02 18
9.010385e+02 15
9.012882e+02 25
9.015380e+02 18
9.017877e+02 20
9.020374e+02 25
9.022871e+02 26
9.025368e+02 15
9.027865e+02 22
9.030362e+02 18
9.032859e+02 21
9.035357e+02 19
9.037854e+02 16
9.040351e+02 22
9.042848e+02 20
9.045346e+02 17
9.047843e+02 17
9.050340e+02 20
9.052838e+02 23
9.055335e+02 15
9.057832e+02 17
9.060330e+02 19
9.062827e+02 21
9.065325e+02 14
9.067822e+02 16
9.070319e+02 21
9.072817e+02 16
9.075314e+02 20
9.077812e+02 18
9.080309e+02 10
9.082807e+02 21
9.085305e+02 30
9.087802e+02 23
9.090300e+02 17
9.092797e+02 21
9.095295e+02 22
9.097793e+02 22
9.100290e+02 20
9.102788e+02 18
9.105286e+02 23
9.107784e+02 21
9.110281e+02 18
9.112779e+02 19
9.115277e+02 14
9.117775e+02 9
9.120273e+02 27
9.122770e+02 17
9.125268e+02 19
9.127766e+02 28
9.130264e+02 26
9.132762e+02 15
9.135260e+02 11
9.137758e+02 23
9.140256e+02 20
9.142754e+02 19
9.145252e+02 25
9.147750e+02 25
9.150248e+02 21
9.152746e+02 15
9.155244e+02 15
9.157742e+02 21
9.160240e+02 14
9.162739e+02 19
9.165237e+02 17
9.167735e+02 17
9.170233e+02 21
9.172731e+02 22
9.175230e+02 20
9.177728e+02 27
9.180226e+02 13
9.182724e+02 20
9.185223e+02 17
9.187721e+02 8
9.190219e+02 16
9.192718e+02 18
9.195216e+02 11
9.197715e+02 21
9.200213e+02 18
9.202711e+02 17
9.205210e+02 17
9.207708e+02 22
9.210207e+02 14
9.212705e+02 23
9.215204e+02 27
9.217703e+02 19
9.220201e+02 19
9.222700e+02 14
9.225198e+02 18
9.227697e+02 15
9.230196e+02 18
9.232694e+02 12
9.235193e+02 23
9.237692e+02 20
9.240190e+02 12
9.242689e+02 14
9.245188e+02 18
9.247687e+02 24
9.250185e+02 13
9.252684e+02 11
9.255183e+02 16
9.257682e+02 17
9.260181e+02 13
9.262680e+02 23
9.265179e+02 13
9.267678e+02 13
9.270177e+02 16
9.272676e+02 15
9.275175e+02 16
9.277674e+02 13
9.280173e+02 21
9.282672e+02 17
9.285171e+02 18
9.287670e+02 13
9.290169e+02 11
9.292668e+02 25
9.295167e+02 11
9.297666e+02 10
9.300165e+02 16
9.302665e+02 12
9.305164e+02 22
9.307663e+02 18
9.310162e+02 15
9.312661e+02 13
9.315161e+02 11
9.317660e+02 16
9.320159e+02 14
9.322659e+02 19
9.325158e+02 17
9.327657e+02 17
9.330157e+02 11
9.332656e+02 20
9.335156e+02 19
9.337655e+02 20
9.340155e+02 14
9.342654e+02 17
9.345154e+02 22
9.347653e+02 23
9.350153e+02 12
9.352652e+02 20
9.355152e+02 10
9.357651e+02 14
9.360151e+02 13
9.362651e+02 12
9.365150e+02 20
9.367650e+02 19
9.370150e+02 11
9.372649e+02 14
9.375149e+02 14
9.377649e+02 20
9.380149e+02 17
9.382648e+02 18
9.385148e+02 20
9.387648e+02 13
9.390148e+02 17
9.392648e+02 19
9.395148e+02 21
9.397647e+02 10
9.400147e+02 19
9.402647e+02 13
9.405147e+02 18
9.407647e+02 14
9.410147e+02 14
9.412647e+02 17
9.415147e+02 16
9.417647e+02 10
9.420147e+02 15
9.422647e+02 16
9.425147e+02 17
9.427648e+02 15
9.430148e+02 11
9.432648e+02 10
9.435148e+02 20
9.437648e+02 12
9.440148e+02 18
9.442649e+02 16
9.445149e+02 20
9.447649e+02 14
9.450149e+02 20
9.452650e+02 12
9.455150e+02 17
9.457650e+02 9
9.460151e+02 17
9.462651e+02 13
9.465152e+02 12
9.467652e+02 25
9.470152e+02 10
9.472653e+02 20
9.475153e+02 13
9.477654e+02 19
9.480154e+02 22
9.482655e+02 16
9.485155e+02 12
9.487656e+02 15
9.490157e+02 13
9.492657e+02 20
9.495158e+02 11
9.497658e+02 13
9.500159e+02 18
9.502660e+02 12
9.505160e+02 15
9.507661e+02 12
9.510162e+02 18
9.512663e+02 12
9.515163e+02 17
9.517664e+02 15
9.520165e+02 16
9.522666e+02 18
9.525167e+02 13
9.527667e+02 11
9.530168e+02 18
9.532669e+02 17
9.535170e+02 16
9.537671e+02 18
9.540172e+02 14
9.542673e+02 18
9.545174e+02 11
9.547675e+02 17
9.550176e+02 18
9.552677e+02 15
9.555178e+02 8
9.557679e+02 17
9.560180e+02 14
9.562681e+02 7
9.565182e+02 14
9.567684e+02 11
9.570185e+02 16
9.572686e+02 15
9.575187e+02 12
9.577688e+02 14
9.580190e+02 10
9.582691e+02 9
9.585192e+02 15
9.587694e+02 13
9.590195e+02 16
9.592696e+02 18
9.595198e+02 13
9.597699e+02 9
9.600200e+02 17
9.602702e+02 16
9.605203e+02 19
9.607705e+02 10
9.610206e+02 11
9.612708e+02 22
9.615209e+02 16
9.617711e+02 15
9.620212e+02 26
9.622714e+02 15
9.625215e+02 13
9.627717e+02 7
9.630219e+02 13
9.632720e+02 9
9.635222e+02 17
9.637723e+02 8
9.640225e+02 16
9.642727e+02 13
9.645229e+02 12
9.647730e+02 11
9.650232e+02 23
9.652734e+02 16
9.655236e+02 9
9.657738e+02 16
9.660239e+02 14
9.662741e+02 19
9.665243e+02 11
9.667745e+02 16
9.670247e+02 10
9.672749e+02 18
9.675251e+02 9
9.677753e+02 20
9.680255e+02 17
9.682757e+02 10
9.685259e+02 20
9.687761e+02 22
9.690263e+02 14
9.692765e+02 9
9.695267e+02 8
9.697769e+02 18
9.700271e+02 15
9.702774e+02 10
9.705276e+02 10
9.707778e+02 13
9.710280e+02 10
9.712782e+02 11
9.715285e+02 17
9.717787e+02 16
9.720289e+02 15
9.722791e+02 22
9.725294e+02 16
9.727796e+02 15
9.730298e+02 14
9.732801e+02 13
9.735303e+02 12
9.737806e+02 12
9.740308e+02 16
9.742811e+02 9
9.745313e+02 17
9.747815e+02 11
9.750318e+02 7
9.752821e+02 9
9.755323e+02 15
9.757826e+02 18
9.760328e+02 9
9.762831e+02 13
9.765333e+02 19
9.767836e+02 9
9.770339e+02 18
9.772841e+02 14
9.775344e+02 6
9.777847e+02 9
9.780350e+02 7
9.782852e+02 20
9.785355e+02 14
9.787858e+02 13
9.790361e+02 7
9.792863e+02 15
9.795366e+02 14
9.797869e+02 12
9.800372e+02 12
9.802875e+02 17
9.805378e+02 8
9.807881e+02 11
9.810384e+02 15
9.812887e+02 16
9.815390e+02 14
9.817893e+02 15
9.820396e+02 16
9.822899e+02 12
9.825402e+02 9
9.827905e+02 10
9.830408e+02 14
9.832911e+02 18
9.835414e+02 11
9.837917e+02 14
9.840421e+02 8
9.842924e+02 11
9.845427e+02 12
9.847930e+02 13
9.850434e+02 15
9.852937e+02 18
9.855440e+02 11
9.857943e+02 12
9.860447e+02 14
9.862950e+02 12
9.865453e+02 15
9.867957e+02 12
9.870460e+02 19
9.872964e+02 12
9.875467e+02 9
9.877970e+02 14
9.880474e+02 9
9.882977e+02 10
9.885481e+02 13
9.887984e+02 6
9.890488e+02 24
9.892992e+02 19
9.895495e+02 13
9.897999e+02 12
9.900502e+02 13
9.903006e+02 6
9.905510e+02 15
9.908013e+02 9
9.910517e+02 12
9.913021e+02 18
9.915525e+02 12
9.918028e+02 14
9.920532e+02 10
9.923036e+02 12
9.925540e+02 14
9.928043e+02 8
9.930547e+02 11
9.933051e+02 17
9.935555e+02 11
9.938059e+02 11
9.940563e+02 13
9.943067e+02 12
9.945571e+02 12
9.948075e+02 17
9.950579e+02 12
9.953083e+02 16
9.955587e+02 8
9.958091e+02 13
9.960595e+02 13
9.963099e+02 15
9.965603e+02 7
9.968107e+02 17
9.970611e+02 9
9.973115e+02 17
9.975620e+02 13
9.978124e+02 9
9.980628e+02 12
9.983132e+02 11
9.985637e+02 14
9.988141e+02 13
9.990645e+02 7
9.993149e+02 24
9.995654e+02 15
9.998158e+02 10
1.000066e+03 15
1.000317e+03 13
1.000567e+03 14
1.000818e+03 8
1.001068e+03 12
1.001318e+03 7
1.001569e+03 17
1.001819e+03 11
1.002070e+03 13
1.002320e+03 10
1.002571e+03 6
1.002821e+03 7
1.003072e+03 10
1.003322e+03 10
1.003573e+03 19
1.003823e+03 15
1.004073e+03 9
1.004324e+03 15
1.004574e+03 18
1.004825e+03 15
1.005075e+03 13
1.005326e+03 10
1.005576e+03 14
1.005827e+03 8
1.006077e+03 16
1.006328e+03 10
1.006578e+03 9
1.006829e+03 12
1.007079e+03 12
1.007330e+03 11
1.007580e+03 17
1.007831e+03 15
1.008081e+03 6
1.008332e+03 19
1.008582e+03 10
1.008833e+03 10
1.009083e+03 16
1.009334e+03 13
1.009584e+03 14
1.009835e+03 13
1.010085e+03 13
1.010336e+03 8
1.010586e+03 14
1.010837e+03 15
1.011087e+03 11
1.011338e+03 25
1.011588e+03 9
1.011839e+03 8
1.012089e+03 7
1.012340e+03 21
1.012590e+03 11
1.012841e+03 21
1.013091e+03 9
1.013342e+03 19
1.013593e+03 11
1.013843e+03 13
1.014094e+03 17
1.014344e+03 9
1.014595e+03 9
1.014845e+03 10
1.015096e+03 13
1.015346e+03 11
1.015597e+03 13
1.015847e+03 12
1.016098e+03 18
1.016349e+03 13
1.016599e+03 17
1.016850e+03 13
1.017100e+03 10
1.017351e+03 11
1.017601e+03 14
1.017852e+03 17
1.018103e+03 12
1.018353e+03 7
1.018604e+03 13
1.018854e+03 14
1.019105e+03 10
1.019355e+03 8
1.019606e+03 16
1.019857e+03 13
1.020107e+03 9
1.020358e+03 11
1.020608e+03 15
1.020859e+03 15
1.021110e+03 8
1.021360e+03 11
1.021611e+03 15
1.021861e+03 20
1.022112e+03 7
1.022362e+03 15
1.022613e+03 16
1.022864e+03 13
1.023114e+03 14
1.023365e+03 18
1.023616e+03 16
1.023866e+03 7
1.024117e+03 12
1.024367e+03 16
1.024618e+03 15
1.024869e+03 12
1.025119e+03 11
1.025370e+03 13
1.025620e+03 15
1.025871e+03 11
1.026122e+03 9
1.026372e+03 13
1.026623e+03 13
1.026874e+03 9
1.027124e+03 7
1.027375e+03 11
1.027626e+03 10
1.027876e+03 13
1.028127e+03 11
1.028377e+03 15
1.028628e+03 15
1.028879e+03 6
1.029129e+03 14
1.029380e+03 14
1.029631e+03 14
1.029881e+03 11
1.030132e+03 9
1.030383e+03 11
1.030633e+03 10
1.030884e+03 17
1.031135e+03 14
1.031385e+03 12
1.031636e+03 14
1.031887e+03 16
1.032137e+03 13
1.032388e+03 5
1.032639e+03 7
1.032889e+03 14
1.033140e+03 14
1.033391e+03 12
1.033641e+03 10
1.033892e+03 10
1.034143e+03 7
1.034394e+03 17
1.034644e+03 18
1.034895e+03 12
1.035146e+03 10
1.035396e+03 10
1.035647e+03 11
1.035898e+03 19
1.036148e+03 7
1.036399e+03 14
1.036650e+03 7
1.036901e+03 10
1.037151e+03 10
1.037402e+03 9
1.037653e+03 12
1.037903e+03 14
1.038154e+03 6
1.038405e+03 13
1.038656e+03 7
1.038906e+03 12
1.039157e+03 17
1.039408e+03 8
1.039658e+03 9
1.039909e+03 12
1.040160e+03 17
1.040411e+03 13
1.040661e+03 12
1.040912e+03 10
1.041163e+03 10
1.041414e+03 8
1.041664e+03 10
1.041915e+03 7
1.042166e+03 11
1.042417e+03 12
1.042667e+03 15
1.042918e+03 8
1.043169e+03 17
1.043420e+03 13
1.043670e+03 15
1.043921e+03 18
1.044172e+03 18
1.044423e+03 7
1.044673e+03 11
1.044924e+03 12
1.045175e+03 10
1.045426e+03 16
1.045677e+03 12
1.045927e+03 12
1.046178e+03 10
1.046429e+03 6
1.046680e+03 18
1.046930e+03 13
1.047181e+03 14
1.047432e+03 10
1.047683e+03 13
1.047934e+03 13
1.048184e+03 7
1.048435e+03 8
1.048686e+03 6
1.048937e+03 7
1.049188e+03 10
1.049438e+03 9
1.049689e+03 8
1.049940e+03 17
1.050191e+03 10
1.050442e+03 8
1.050692e+03 5
1.050943e+03 13
1.051194e+03 9
1.051445e+03 10
1.051696e+03 14
1.051946e+03 9
1.052197e+03 9
1.052448e+03 12
1.052699e+03 15
1.052950e+03 11
1.053201e+03 14
1.053451e+03 13
1.053702e+03 14
1.053953e+03 6
1.054204e+03 11
1.054455e+03 12
1.054706e+03 16
1.054956e+03 14
1.055207e+03 12
1.055458e+03 14
1.055709e+03 16
1.055960e+03 14
1.056211e+03 8
1.056462e+03 7
1.056712e+03 19
1.056963e+03 17
1.057214e+03 18
1.057465e+03 18
1.057716e+03 12
1.057967e+03 14
1.058218e+03 4
1.058468e+03 12
1.058719e+03 10
1.058970e+03 9
1.059221e+03 11
1.059472e+03 9
1.059723e+03 6
1.059974e+03 9
1.060225e+03 15
1.060475e+03 8
1.060726e+03 9
1.060977e+03 8
1.061228e+03 14
1.061479e+03 13
1.061730e+03 14
1.061981e+03 11
1.062232e+03 21
1.062483e+03 15
1.062734e+03 13
1.062984e+03 10
1.063235e+03 18
1.063486e+03 13
1.063737e+03 8
1.063988e+03 15
1.064239e+03 12
1.064490e+03 18
1.064741e+03 16
1.064992e+03 6
1.065243e+03 14
1.065494e+03 10
1.065744e+03 12
1.065995e+03 16
1.066246e+03 15
1.066497e+03 12
1.066748e+03 12
1.066999e+03 12
1.067250e+03 21
1.067501e+03 12
1.067752e+03 13
1.068003e+03 14
1.068254e+03 12
1.068505e+03 13
1.068756e+03 8
1.069007e+03 8
1.069258e+03 15
1.069509e+03 13
1.069759e+03 9
1.070010e+03 12
1.070261e+03 9
1.070512e+03 10
1.070763e+03 16
1.071014e+03 13
1.071265e+03 19
1.071516e+03 16
1.071767e+03 21
1.072018e+03 7
1.072269e+03 17
1.072520e+03 15
1.072771e+03 8
1.073022e+03 15
1.073273e+03 14
1.073524e+03 9
1.073775e+03 13
1.074026e+03 11
1.074277e+03 11
1.074528e+03 7
1.074779e+03 14
1.075030e+03 18
1.075281e+03 13
1.075532e+03 6
1.075783e+03 15
1.076034e+03 11
1.076285e+03 14
1.076536e+03 12
1.076787e+03 7
1.077038e+03 15
1.077289e+03 16
1.077540e+03 15
1.077791e+03 16
1.078042e+03 14
1.078293e+03 9
1.078544e+03 17
1.078795e+03 13
1.079046e+03 17
1.079297e+03 9
1.079548e+03 15
1.079799e+03 16
1.080050e+03 16
1.080301e+03 20
1.080552e+03 8
1.080803e+03 10
1.081054e+03 15
1.081305e+03 19
1.081556e+03 8
1.081807e+03 15
1.082058e+03 18
1.082309e+03 13
1.082560e+03 15
1.082812e+03 16
1.083063e+03 17
1.083314e+03 16
1.083565e+03 14
1.083816e+03 13
1.084067e+03 17
1.084318e+03 17
1.084569e+03 16
1.084820e+03 11
1.085071e+03 15
1.085322e+03 16
1.085573e+03 19
1.085824e+03 15
1.086075e+03 11
1.086326e+03 20
1.086577e+03 17
1.086829e+03 18
1.087080e+03 13
1.087331e+03 19
1.087582e+03 24
1.087833e+03 18
1.088084e+03 9
1.088335e+03 16
1.088586e+03 17
1.088837e+03 18
1.089088e+03 20
1.089339e+03 14
1.089591e+03 24
1.089842e+03 15
1.090093e+03 16
1.090344e+03 9
1.090595e+03 11
1.090846e+03 21
1.091097e+03 13
1.091348e+03 22
1.091599e+03 18
1.091850e+03 25
1.092102e+03 11
1.092353e+03 13
1.092604e+03 20
1.092855e+03 12
1.093106e+03 22
1.093357e+03 21
1.093608e+03 18
1.093859e+03 18
1.094111e+03 15
1.094362e+03 13
1.094613e+03 17
1.094864e+03 16
1.095115e+03 12
1.095366e+03 18
1.095617e+03 24
1.095869e+03 22
1.096120e+03 20
1.096371e+03 20
1.096622e+03 20
1.096873e+03 26
1.097124e+03 15
1.097375e+03 20
1.097627e+03 23
1.097878e+03 15
1.098129e+03 23
1.098380e+03 17
1.098631e+03 15
1.098882e+03 23
1.099134e+03 14
1.099385e+03 17
1.099636e+03 13
1.099887e+03 21
1.100138e+03 22
1.100389e+03 19
1.100641e+03 24
1.100892e+03 18
1.101143e+03 22
1.101394e+03 19
1.101645e+03 20
1.101897e+03 22
1.102148e+03 15
1.102399e+03 12
1.102650e+03 21
1.102901e+03 23
1.103153e+03 30
1.103404e+03 16
1.103655e+03 24
1.103906e+03 18
1.104157e+03 28
1.104409e+03 18
1.104660e+03 18
1.104911e+03 18
1.105162e+03 23
1.105413e+03 32
1.105665e+03 20
1.105916e+03 20
1.106167e+03 25
1.106418e+03 14
1.106670e+03 30
1.106921e+03 18
1.107172e+03 22
1.107423e+03 29
1.107674e+03 19
1.107926e+03 26
1.108177e+03 22
1.108428e+03 21
1.108679e+03 23
1.108931e+03 23
1.109182e+03 25
1.109433e+03 27
1.109684e+03 29
1.109936e+03 22
1.110187e+03 29
1.110438e+03 24
1.110689e+03 23
1.110941e+03 20
1.111192e+03 17
1.111443e+03 26
1.111694e+03 28
1.111946e+03 17
1.112197e+03 22
1.112448e+03 17
1.112700e+03 21
1.112951e+03 29
1.113202e+03 32
1.113453e+03 17
1.113705e+03 27
1.113956e+03 19
1.114207e+03 36
1.114458e+03 24
1.114710e+03 27
1.114961e+03 31
1.115212e+03 32
1.115464e+03 24
1.115715e+03 21
1.115966e+03 17
1.116217e+03 34
1.116469e+03 24
1.116720e+03 31
1.116971e+03 29
1.117223e+03 22
1.117474e+03 24
1.117725e+03 34
1.117977e+03 19
1.118228e+03 34
1.118479e+03 21
1.118731e+03 29
1.118982e+03 37
1.119233e+03 35
1.119484e+03 21
1.119736e+03 25
1.119987e+03 24
1.120238e+03 28
1.120490e+03 30
1.120741e+03 18
1.120992e+03 30
1.121244e+03 35
1.121495e+03 25
1.121746e+03 32
1.121998e+03 16
1.122249e+03 28
1.122500e+03 24
1.122752e+03 19
1.123003e+03 27
1.123254e+03 26
1.123506e+03 34
1.123757e+03 28
1.124009e+03 34
1.124260e+03 33
1.124511e+03 25
1.124763e+03 26
1.125014e+03 35
1.125265e+03 30
1.125517e+03 25
1.125768e+03 37
1.126019e+03 32
1.126271e+03 28
1.126522e+03 30
1.126774e+03 29
1.127025e+03 36
1.127276e+03 30
1.127528e+03 30
1.127779e+03 34
1.128030e+03 35
1.128282e+03 25
1.128533e+03 30
1.128785e+03 38
1.129036e+03 30
1.129287e+03 26
1.129539e+03 28
1.129790e+03 31
1.130042e+03 32
1.130293e+03 36
1.130544e+03 38
1.130796e+03 27
1.131047e+03 31
1.131299e+03 33
1.131550e+03 27
1.131801e+03 37
1.132053e+03 36
1.132304e+03 33
1.132556e+03 34
1.132807e+03 37
1.133058e+03 34
1.133310e+03 35
1.133561e+03 28
1.133813e+03 26
1.134064e+03 33
1.134316e+03 26
1.134567e+03 36
1.134818e+03 37
1.135070e+03 41
1.135321e+03 31
1.135573e+03 29
1.135824e+03 23
1.136076e+03 32
1.136327e+03 30
1.136579e+03 39
1.136830e+03 33
1.137081e+03 27
1.137333e+03 35
1.137584e+03 36
1.137836e+03 29
1.138087e+03 24
1.138339e+03 30
1.138590e+03 32
1.138842e+03 35
1.139093e+03 37
1.139345e+03 32
1.139596e+03 26
1.139847e+03 34
1.140099e+03 37
1.140350e+03 29
1.140602e+03 44
1.140853e+03 32
1.141105e+03 41
1.141356e+03 28
1.141608e+03 25
1.141859e+03 27
1.142111e+03 40
1.142362e+03 39
1.142614e+03 38
1.142865e+03 43
1.143117e+03 21
1.143368e+03 31
1.143620e+03 32
1.143871e+03 30
1.144123e+03 32
1.144374e+03 43
1.144626e+03 30
1.144877e+03 22
1.145129e+03 41
1.145380e+03 42
1.145632e+03 35
1.145883e+03 31
1.146135e+03 41
1.146386e+03 40
1.146638e+03 31
1.146889e+03 29
1.147141e+03 33
1.147392e+03 24
1.147644e+03 35
1.147895e+03 30
1.148147e+03 26
1.148399e+03 38
1.148650e+03 35
1.148902e+03 27
1.149153e+03 36
1.149405e+03 30
1.149656e+03 26
1.149908e+03 25
1.150159e+03 35
1.150411e+03 33
1.150662e+03 28
1.150914e+03 33
1.151166e+03 26
1.151417e+03 35
1.151669e+03 37
1.151920e+03 32
1.152172e+03 22
1.152423e+03 23
1.152675e+03 23
1.152926e+03 25
1.153178e+03 37
1.153430e+03 25
1.153681e+03 34
1.153933e+03 34
1.154184e+03 33
1.154436e+03 38
1.154687e+03 27
1.154939e+03 29
1.155191e+03 29
1.155442e+03 32
1.155694e+03 33
1.155945e+03 30
1.156197e+03 30
1.156449e+03 28
1.156700e+03 22
1.156952e+03 29
1.157203e+03 27
1.157455e+03 26
1.157707e+03 37
1.157958e+03 35
1.158210e+03 29
1.158461e+03 38
1.158713e+03 37
1.158965e+03 31
1.159216e+03 26
1.159468e+03 29
1.159719e+03 29
1.159971e+03 17
1.160223e+03 32
1.160474e+03 23
1.160726e+03 25
1.160978e+03 29
1.161229e+03 19
1.161481e+03 27
1.161732e+03 22
1.161984e+03 28
1.162236e+03 18
1.162487e+03 33
1.162739e+03 31
1.162991e+03 31
1.163242e+03 24
1.163494e+03 29
1.163746e+03 25
1.163997e+03 21
1.164249e+03 28
1.164500e+03 27
1.164752e+03 25
1.165004e+03 34
1.165255e+03 32
1.165507e+03 23
1.165759e+03 25
1.166010e+03 32
1.166262e+03 29
1.166514e+03 20
1.166765e+03 24
1.167017e+03 21
1.167269e+03 18
1.167520e+03 22
1.167772e+03 25
1.168024e+03 21
1.168275e+03 27
1.168527e+03 22
1.168779e+03 17
1.169031e+03 22
1.169282e+03 16
1.169534e+03 31
1.169786e+03 18
1.170037e+03 25
1.170289e+03 23
1.170541e+03 27
1.170792e+03 22
1.171044e+03 27
1.171296e+03 14
1.171547e+03 15
1.171799e+03 18
1.172051e+03 26
1.172303e+03 14
1.172554e+03 21
1.172806e+03 23
1.173058e+03 18
1.173309e+03 25
1.173561e+03 30
1.173813e+03 16
1.174065e+03 17
1.174316e+03 19
1.174568e+03 17
1.174820e+03 26
1.175071e+03 10
1.175323e+03 25
1.175575e+03 28
1.175827e+03 24
1.176078e+03 23
1.176330e+03 17
1.176582e+03 23
1.176834e+03 21
1.177085e+03 13
1.177337e+03 17
1.177589e+03 27
1.177841e+03 26
1.178092e+03 19
1.178344e+03 15
1.178596e+03 21
1.178848e+03 23
1.179099e+03 11
1.179351e+03 16
1.179603e+03 16
1.179855e+03 16
1.180106e+03 13
1.180358e+03 17
1.180610e+03 18
1.180862e+03 20
1.181114e+03 21
1.181365e+03 25
1.181617e+03 25
1.181869e+03 17
1.182121e+03 10
1.182372e+03 16
1.182624e+03 12
1.182876e+03 16
1.183128e+03 10
1.183380e+03 17
1.183631e+03 15
1.183883e+03 14
1.184135e+03 11
1.184387e+03 20
1.184639e+03 9
1.184890e+03 13
1.185142e+03 13
1.185394e+03 21
1.185646e+03 17
1.185898e+03 15
1.186149e+03 14
1.186401e+03 5
1.186653e+03 12
1.186905e+03 16
1.187157e+03 8
1.187408e+03 8
1.187660e+03 9
1.187912e+03 9
1.188164e+03 16
1.188416e+03 18
1.188668e+03 8
1.188919e+03 10
1.189171e+03 21
1.189423e+03 11
1.189675e+03 11
1.189927e+03 13
1.190179e+03 16
1.190430e+03 12
1.190682e+03 8
1.190934e+03 9
1.191186e+03 12
1.191438e+03 14
1.191690e+03 9
1.191942e+03 11
1.192193e+03 8
1.192445e+03 12
1.192697e+03 15
1.192949e+03 10
1.193201e+03 10
1.193453e+03 14
1.193705e+03 6
1.193956e+03 11
1.194208e+03 15
1.194460e+03 11
1.194712e+03 8
1.194964e+03 7
1.195216e+03 10
1.195468e+03 10
1.195720e+03 8
1.195971e+03 6
1.196223e+03 9
1.196475e+03 9
1.196727e+03 10
1.196979e+03 3
1.197231e+03 15
1.197483e+03 11
1.197735e+03 12
1.197987e+03 17
1.198238e+03 11
1.198490e+03 8
1.198742e+03 11
1.198994e+03 14
1.199246e+03 10
1.199498e+03 7
1.199750e+03 9
1.200002e+03 10
1.200254e+03 9
1.200506e+03 7
1.200758e+03 8
1.201010e+03 7
1.201261e+03 5
1.201513e+03 10
1.201765e+03 7
1.202017e+03 8
1.202269e+03 7
1.202521e+03 7
1.202773e+03 7
1.203025e+03 8
1.203277e+03 11
1.203529e+03 8
1.203781e+03 11
1.204033e+03 9
1.204285e+03 14
1.204537e+03 8
1.204789e+03 6
1.205040e+03 4
1.205292e+03 5
1.205544e+03 7
1.205796e+03 7
1.206048e+03 7
1.206300e+03 6
1.206552e+03 10
1.206804e+03 10
1.207056e+03 5
1.207308e+03 7
1.207560e+03 8
1.207812e+03 9
1.208064e+03 11
1.208316e+03 9
1.208568e+03 7
1.208820e+03 11
1.209072e+03 11
1.209324e+03 8
1.209576e+03 3
1.209828e+03 4
1.210080e+03 9
1.210332e+03 7
1.210584e+03 9
1.210836e+03 5
1.211088e+03 7
1.211340e+03 4
1.211592e+03 5
1.211844e+03 10
1.212096e+03 4
1.212348e+03 6
1.212600e+03 3
1.212852e+03 7
1.213104e+03 5
1.213356e+03 9
1.213608e+03 6
1.213860e+03 9
1.214112e+03 6
1.214364e+03 8
1.214616e+03 10
1.214868e+03 8
1.215120e+03 6
1.215372e+03 3
1.215624e+03 14
1.215876e+03 6
1.216128e+03 8
1.216380e+03 8
1.216632e+03 7
1.216884e+03 7
1.217136e+03 8
1.217388e+03 4
1.217640e+03 11
1.217892e+03 3
1.218144e+03 4
1.218396e+03 7
1.218649e+03 8
1.218901e+03 4
1.219153e+03 8
1.219405e+03 10
1.219657e+03 5
1.219909e+03 6
1.220161e+03 7
1.220413e+03 4
1.220665e+03 8
1.220917e+03 6
1.221169e+03 8
1.221421e+03 10
1.221673e+03 9
1.221925e+03 6
1.222177e+03 5
1.222429e+03 11
1.222682e+03 5
1.222934e+03 6
1.223186e+03 7
1.223438e+03 7
1.223690e+03 9
1.223942e+03 9
1.224194e+03 7
1.224446e+03 6
1.224698e+03 20
1.224950e+03 8
1.225202e+03 9
1.225455e+03 6
1.225707e+03 7
1.225959e+03 9
1.226211e+03 10
1.226463e+03 9
1.226715e+03 9
1.226967e+03 6
1.227219e+03 8
1.227471e+03 9
1.227724e+03 12
1.227976e+03 8
1.228228e+03 6
1.228480e+03 10
1.228732e+03 5
1.228984e+03 5
1.229236e+03 8
1.229488e+03 11
1.229741e+03 15
1.229993e+03 6
1.230245e+03 12
1.230497e+03 10
1.230749e+03 10
1.231001e+03 11
1.231253e+03 9
1.231506e+03 8
1.231758e+03 8
1.232010e+03 7
1.232262e+03 7
1.232514e+03 7
1.232766e+03 4
1.233018e+03 9
1.233271e+03 15
1.233523e+03 10
1.233775e+03 12
1.234027e+03 9
1.234279e+03 8
1.234531e+03 13
1.234784e+03 7
1.235036e+03 8
1.235288e+03 8
1.235540e+03 11
1.235792e+03 11
1.236044e+03 8
1.236297e+03 12
1.236549e+03 7
1.236801e+03 6
1.237053e+03 8
1.237305e+03 13
1.237558e+03 10
1.237810e+03 17
1.238062e+03 5
1.238314e+03 12
1.238566e+03 16
1.238819e+03 6
1.239071e+03 12
1.239323e+03 12
1.239575e+03 4
1.239827e+03 8
1.240080e+03 15
1.240332e+03 9
1.240584e+03 12
1.240836e+03 7
1.241088e+03 7
1.241341e+03 14
1.241593e+03 10
1.241845e+03 12
1.242097e+03 17
1.242349e+03 11
1.242602e+03 16
1.242854e+03 7
1.243106e+03 9
1.243358e+03 10
1.243611e+03 12
1.243863e+03 14
1.244115e+03 10
1.244367e+03 12
1.244620e+03 15
1.244872e+03 8
1.245124e+03 11
1.245376e+03 14
1.245629e+03 8
1.245881e+03 15
1.246133e+03 10
1.246385e+03 13
1.246638e+03 11
1.246890e+03 12
1.247142e+03 11
1.247394e+03 17
1.247647e+03 9
1.247899e+03 12
1.248151e+03 12
1.248403e+03 9
1.248656e+03 9
1.248908e+03 13
1.249160e+03 14
1.249413e+03 18
1.249665e+03 16
1.249917e+03 11
1.250169e+03 15
1.250422e+03 10
1.250674e+03 17
1.250926e+03 9
1.251179e+03 14
1.251431e+03 9
1.251683e+03 14
1.251935e+03 19
1.252188e+03 16
1.252440e+03 12
1.252692e+03 12
1.252945e+03 15
1.253197e+03 17
1.253449e+03 15
1.253702e+03 15
1.253954e+03 12
1.254206e+03 18
1.254458e+03 16
1.254711e+03 7
1.254963e+03 16
1.255215e+03 20
1.255468e+03 19
1.255720e+03 9
1.255972e+03 12
1.256225e+03 11
1.256477e+03 10
1.256729e+03 13
1.256982e+03 14
1.257234e+03 15
1.257486e+03 15
1.257739e+03 12
1.257991e+03 12
1.258243e+03 11
1.258496e+03 20
1.258748e+03 20
1.259000e+03 16
1.259253e+03 15
1.259505e+03 16
1.259757e+03 14
1.260010e+03 25
1.260262e+03 17
1.260515e+03 17
1.260767e+03 26
1.261019e+03 20
1.261272e+03 15
1.261524e+03 19
1.261776e+03 20
1.262029e+03 13
1.262281e+03 24
1.262533e+03 16
1.262786e+03 21
1.263038e+03 19
1.263291e+03 17
1.263543e+03 12
1.263795e+03 17
1.264048e+03 20
1.264300e+03 17
1.264552e+03 10
1.264805e+03 18
1.265057e+03 19
1.265310e+03 19
1.265562e+03 19
1.265814e+03 12
1.266067e+03 19
1.266319e+03 22
1.266572e+03 28
1.266824e+03 17
1.267076e+03 15
1.267329e+03 21
1.267581e+03 12
1.267834e+03 24
1.268086e+03 25
1.268339e+03 21
1.268591e+03 27
1.268843e+03 23
1.269096e+03 21
1.269348e+03 18
1.269601e+03 15
1.269853e+03 22
1.270105e+03 18
1.270358e+03 21
1.270610e+03 26
1.270863e+03 21
1.271115e+03 23
1.271368e+03 21
1.271620e+03 18
1.271873e+03 21
1.272125e+03 22
1.272377e+03 27
1.272630e+03 20
1.272882e+03 17
1.273135e+03 28
1.273387e+03 14
1.273640e+03 15
1.273892e+03 23
1.274145e+03 18
1.274397e+03 29
1.274650e+03 24
1.274902e+03 16
1.275154e+03 27
1.275407e+03 15
1.275659e+03 21
1.275912e+03 24
1.276164e+03 18
1.276417e+03 24
1.276669e+03 19
1.276922e+03 24
1.277174e+03 14
1.277427e+03 23
1.277679e+03 14
1.277932e+03 29
1.278184e+03 22
1.278437e+03 15
1.278689e+03 24
1.278942e+03 22
1.279194e+03 28
1.279447e+03 19
1.279699e+03 26
1.279952e+03 21
1.280204e+03 24
1.280457e+03 24
1.280709e+03 29
1.280962e+03 18
1.281214e+03 27
1.281467e+03 28
1.281719e+03 26
1.281972e+03 22
1.282224e+03 27
1.282477e+03 33
1.282729e+03 22
1.282982e+03 31
1.283234e+03 25
1.283487e+03 23
1.283739e+03 29
1.283992e+03 21
1.284244e+03 17
1.284497e+03 33
1.284749e+03 24
1.285002e+03 17
1.285255e+03 28
1.285507e+03 23
1.285760e+03 29
1.286012e+03 30
1.286265e+03 31
1.286517e+03 13
1.286770e+03 28
1.287022e+03 21
1.287275e+03 28
1.287528e+03 25
1.287780e+03 25
1.288033e+03 27
1.288285e+03 21
1.288538e+03 33
1.288790e+03 24
1.289043e+03 20
1.289295e+03 27
1.289548e+03 29
1.289801e+03 20
1.290053e+03 19
1.290306e+03 28
1.290558e+03 24
1.290811e+03 28
1.291063e+03 17
1.291316e+03 26
1.291569e+03 35
1.291821e+03 35
1.292074e+03 28
1.292326e+03 25
1.292579e+03 16
1.292832e+03 25
1.293084e+03 26
1.293337e+03 27
1.293589e+03 36
1.293842e+03 33
1.294095e+03 19
1.294347e+03 16
1.294600e+03 26
1.294852e+03 21
1.295105e+03 21
1.295358e+03 25
1.295610e+03 40
1.295863e+03 22
1.296116e+03 19
1.296368e+03 28
1.296621e+03 20
1.296873e+03 24
1.297126e+03 23
1.297379e+03 15
1.297631e+03 22
1.297884e+03 30
1.298137e+03 31
1.298389e+03 33
1.298642e+03 27
1.298894e+03 22
1.299147e+03 21
1.299400e+03 23
1.299652e+03 21
1.299905e+03 29
1.300158e+03 26
1.300410e+03 22
1.300663e+03 22
1.300916e+03 21
1.301168e+03 31
1.301421e+03 21
1.301674e+03 25
1.301926e+03 18
1.302179e+03 27
1.302432e+03 24
1.302684e+03 14
1.302937e+03 29
1.303190e+03 30
1.303442e+03 16
1.303695e+03 15
1.303948e+03 27
1.304200e+03 31
1.304453e+03 23
1.304706e+03 23
1.304958e+03 26
1.305211e+03 23
1.305464e+03 27
1.305716e+03 23
1.305969e+03 17
1.306222e+03 26
1.306475e+03 26
1.306727e+03 28
1.306980e+03 26
1.307233e+03 21
1.307485e+03 29
1.307738e+03 13
1.307991e+03 26
1.308243e+03 20
1.308496e+03 20
1.308749e+03 29
1.309002e+03 24
1.309254e+03 27
1.309507e+03 27
1.309760e+03 19
1.310012e+03 26
1.310265e+03 26
1.310518e+03 13
1.310771e+03 19
1.311023e+03 19
1.311276e+03 20
1.311529e+03 17
1.311782e+03 22
1.312034e+03 27
1.312287e+03 21
1.312540e+03 16
1.312793e+03 19
1.313045e+03 25
1.313298e+03 23
1.313551e+03 12
1.313803e+03 19
1.314056e+03 13
1.314309e+03 23
1.314562e+03 16
1.314815e+03 18
1.315067e+03 18
1.315320e+03 21
1.315573e+03 19
1.315826e+03 21
1.316078e+03 16
1.316331e+03 22
1.316584e+03 15
1.316837e+03 22
1.317089e+03 18
1.317342e+03 16
1.317595e+03 17
1.317848e+03 19
1.318101e+03 18
1.318353e+03 15
1.318606e+03 21
1.318859e+03 21
1.319112e+03 18
1.319364e+03 20
1.319617e+03 20
1.319870e+03 22
1.320123e+03 19
1.320376e+03 17
1.320628e+03 20
1.320881e+03 28
1.321134e+03 15
1.321387e+03 19
1.321640e+03 17
1.321892e+03 26
1.322145e+03 16
1.322398e+03 18
1.322651e+03 14
1.322904e+03 14
1.323157e+03 9
1.323409e+03 21
1.323662e+03 22
1.323915e+03 19
1.324168e+03 11
1.324421e+03 13
1.324673e+03 17
1.324926e+03 18
1.325179e+03 11
1.325432e+03 13
1.325685e+03 13
1.325938e+03 12
1.326190e+03 12
1.326443e+03 19
1.326696e+03 12
1.326949e+03 7
1.327202e+03 11
1.327455e+03 12
1.327708e+03 10
1.327960e+03 13
1.328213e+03 18
1.328466e+03 10
1.328719e+03 16
1.328972e+03 23
1.329225e+03 24
1.329478e+03 14
1.329730e+03 22
1.329983e+03 23
1.330236e+03 18
1.330489e+03 14
1.330742e+03 23
1.330995e+03 22
1.331248e+03 14
1.331501e+03 10
1.331753e+03 17
1.332006e+03 15
1.332259e+03 11
1.332512e+03 11
1.332765e+03 14
1.333018e+03 12
1.333271e+03 15
1.333524e+03 17
1.333777e+03 19
1.334029e+03 14
1.334282e+03 14
1.334535e+03 13
1.334788e+03 10
1.335041e+03 11
1.335294e+03 12
1.335547e+03 14
1.335800e+03 8
1.336053e+03 15
1.336306e+03 9
1.336559e+03 8
1.336811e+03 10
1.337064e+03 15
1.337317e+03 12
1.337570e+03 12
1.337823e+03 15
1.338076e+03 14
1.338329e+03 11
1.338582e+03 15
1.338835e+03 8
1.339088e+03 15
1.339341e+03 7
1.339594e+03 6
1.339847e+03 12
1.340100e+03 14
1.340352e+03 6
1.340605e+03 4
1.340858e+03 6
1.341111e+03 11
1.341364e+03 11
1.341617e+03 6
1.341870e+03 9
1.342123e+03 10
1.342376e+03 3
1.342629e+03 14
1.342882e+03 10
1.343135e+03 14
1.343388e+03 10
1.343641e+03 11
1.343894e+03 13
1.344147e+03 6
1.344400e+03 9
1.344653e+03 8
1.344906e+03 8
1.345159e+03 8
1.345412e+03 5
1.345665e+03 10
1.345918e+03 3
1.346171e+03 8
1.346424e+03 11
1.346677e+03 7
1.346930e+03 6
1.347183e+03 7
1.347436e+03 10
1.347689e+03 11
1.347942e+03 9
1.348195e+03 3
1.348448e+03 10
1.348701e+03 9
1.348954e+03 11
1.349207e+03 11
1.349460e+03 9
1.349713e+03 5
1.349966e+03 4
1.350219e+03 5
1.350472e+03 6
1.350725e+03 14
1.350978e+03 5
1.351231e+03 9
1.351484e+03 6
1.351737e+03 11
1.351990e+03 7
1.352243e+03 6
1.352496e+03 7
1.352749e+03 4
1.353002e+03 9
1.353255e+03 8
1.353508e+03 2
1.353761e+03 6
1.354014e+03 1
1.354267e+03 5
1.354520e+03 2
1.354773e+03 5
1.355026e+03 5
1.355279e+03 3
1.355532e+03 7
1.355786e+03 6
1.356039e+03 7
1.356292e+03 3
1.356545e+03 7
1.356798e+03 6
1.357051e+03 5
1.357304e+03 3
1.357557e+03 6
1.357810e+03 6
1.358063e+03 7
1.358316e+03 4
1.358569e+03 7
1.358822e+03 2
1.359075e+03 1
1.359329e+03 2
1.359582e+03 2
1.359835e+03 3
1.360088e+03 6
1.360341e+03 9
1.360594e+03 4
1.360847e+03 6
1.361100e+03 4
1.361353e+03 4
1.361606e+03 3
1.361859e+03 1
1.362113e+03 2
1.362366e+03 3
1.362619e+03 5
1.362872e+03 4
1.363125e+03 4
1.363378e+03 4
1.363631e+03 3
1.363884e+03 4
1.364137e+03 6
1.364391e+03 1
1.364644e+03 5
1.364897e+03 5
1.365150e+03 2
1.365403e+03 6
1.365656e+03 1
1.365909e+03 2
1.366162e+03 4
1.366416e+03 4
1.366669e+03 4
1.366922e+03 3
1.367175e+03 3
1.367428e+03 4
1.367681e+03 4
1.367934e+03 3
1.368188e+03 2
1.368441e+03 2
1.368694e+03 4
1.368947e+03 3
1.369200e+03 0
1.369453e+03 3
1.369707e+03 2
1.369960e+03 5
1.370213e+03 1
1.370466e+03 1
1.370719e+03 3
1.370972e+03 4
1.371226e+03 3
1.371479e+03 1
1.371732e+03 3
1.371985e+03 1
1.372238e+03 3
1.372491e+03 5
1.372745e+03 0
1.372998e+03 1
1.373251e+03 2
1.373504e+03 3
1.373757e+03 0
1.374011e+03 4
1.374264e+03 3
1.374517e+03 2
1.374770e+03 2
1.375023e+03 3
1.375277e+03 3
1.375530e+03 2
1.375783e+03 4
1.376036e+03 4
1.376289e+03 2
1.376543e+03 0
1.376796e+03 2
1.377049e+03 1
1.377302e+03 2
1.377555e+03 1
1.377809e+03 3
1.378062e+03 1
1.378315e+03 3
1.378568e+03 5
1.378822e+03 4
1.379075e+03 0
1.379328e+03 2
1.379581e+03 2
1.379834e+03 2
1.380088e+03 3
1.380341e+03 1
1.380594e+03 1
1.380847e+03 2
1.381101e+03 3
1.381354e+03 0
1.381607e+03 2
1.381860e+03 0
1.382114e+03 1
1.382367e+03 3
1.382620e+03 2
1.382873e+03 2
1.383127e+03 0
1.383380e+03 0
1.383633e+03 1
1.383886e+03 1
1.384140e+03 2
1.384393e+03 2
1.384646e+03 0
1.384899e+03 2
1.385153e+03 0
1.385406e+03 3
1.385659e+03 3
1.385913e+03 0
1.386166e+03 0
1.386419e+03 0
1.386672e+03 0
1.386926e+03 0
1.387179e+03 3
1.387432e+03 2
1.387686e+03 2
1.387939e+03 2
1.388192e+03 3
1.388445e+03 0
1.388699e+03 1
1.388952e+03 1
1.389205e+03 1
1.389459e+03 0
1.389712e+03 2
1.389965e+03 1
1.390219e+03 1
1.390472e+03 1
1.390725e+03 2
1.390979e+03 2
1.391232e+03 1
1.391485e+03 2
1.391738e+03 1
1.391992e+03 1
1.392245e+03 0
1.392498e+03 2
1.392752e+03 2
1.393005e+03 1
1.393258e+03 1
1.393512e+03 0
1.393765e+03 1
1.394018e+03 1
1.394272e+03 0
1.394525e+03 1
1.394778e+03 1
1.395032e+03 2
1.395285e+03 2
1.395539e+03 0
1.395792e+03 5
1.396045e+03 0
1.396299e+03 0
1.396552e+03 1
1.396805e+03 1
1.397059e+03 0
1.397312e+03 1
1.397565e+03 1
1.397819e+03 2
1.398072e+03 1
1.398325e+03 0
1.398579e+03 0
1.398832e+03 0
1.399086e+03 0
1.399339e+03 2
1.399592e+03 1
1.399846e+03 1
1.400099e+03 0
1.400352e+03 3
1.400606e+03 4
1.400859e+03 1
1.401113e+03 1
1.401366e+03 0
1.401619e+03 0
1.401873e+03 1
1.402126e+03 0
1.402380e+03 1
1.402633e+03 1
1.402886e+03 0
1.403140e+03 2
1.403393e+03 0
1.403647e+03 0
1.403900e+03 1
1.404153e+03 0
1.404407e+03 0
1.404660e+03 1
1.404914e+03 1
1.405167e+03 1
1.405421e+03 0
1.405674e+03 0
1.405927e+03 0
1.406181e+03 0
1.406434e+03 2
1.406688e+03 1
1.406941e+03 0
1.407195e+03 1
1.407448e+03 0
1.407701e+03 0
1.407955e+03 0
1.408208e+03 0
1.408462e+03 1
1.408715e+03 3
1.408969e+03 2
1.409222e+03 0
1.409476e+03 0
1.409729e+03 0
1.409982e+03 1
1.410236e+03 1
1.410489e+03 0
1.410743e+03 0
1.410996e+03 1
1.411250e+03 0
1.411503e+03 0
1.411757e+03 0
1.412010e+03 0
1.412264e+03 0
1.412517e+03 2
1.412771e+03 1
1.413024e+03 1
1.413277e+03 0
1.413531e+03 0
1.413784e+03 0
1.414038e+03 0
1.414291e+03 2
1.414545e+03 2
1.414798e+03 0
1.415052e+03 1
1.415305e+03 0
1.415559e+03 2
1.415812e+03 0
1.416066e+03 0
1.416319e+03 1
1.416573e+03 1
1.416826e+03 0
1.417080e+03 2
1.417333e+03 0
1.417587e+03 1
1.417840e+03 0
1.418094e+03 0
1.418347e+03 0
1.418601e+03 3
1.418854e+03 0
1.419108e+03 0
1.419362e+03 0
1.419615e+03 0
1.419869e+03 1
1.420122e+03 2
1.420376e+03 0
1.420629e+03 2
1.420883e+03 0
1.421136e+03 1
1.421390e+03 1
1.421643e+03 0
1.421897e+03 1
1.422150e+03 1
1.422404e+03 0
1.422657e+03 1
1.422911e+03 0
1.423165e+03 1
1.423418e+03 0
1.423672e+03 0
1.423925e+03 1
1.424179e+03 0
1.424432e+03 0
1.424686e+03 1
1.424939e+03 0
1.425193e+03 0
1.425447e+03 0
1.425700e+03 1
1.425954e+03 1
1.426207e+03 2
1.426461e+03 0
1.426714e+03 0
1.426968e+03 0
1.427222e+03 1
1.427475e+03 1
1.427729e+03 0
1.427982e+03 0
1.428236e+03 0
1.428490e+03 0
1.428743e+03 0
1.428997e+03 1
1.429250e+03 1
1.429504e+03 1
1.429758e+03 0
1.430011e+03 1
1.430265e+03 0
1.430518e+03 1
1.430772e+03 0
1.431026e+03 0
1.431279e+03 0
1.431533e+03 3
1.431786e+03 0
1.432040e+03 1
1.432294e+03 0
1.432547e+03 1
1.432801e+03 0
1.433054e+03 0
1.433308e+03 0
1.433562e+03 0
1.433815e+03 1
1.434069e+03 1
1.434323e+03 0
1.434576e+03 0
1.434830e+03 0
1.435084e+03 0
1.435337e+03 0
1.435591e+03 0
1.435844e+03 0
1.436098e+03 0
1.436352e+03 2
1.436605e+03 0
1.436859e+03 1
1.437113e+03 0
1.437366e+03 0
1.437620e+03 1
1.437874e+03 0
1.438127e+03 0
1.438381e+03 0
1.438635e+03 0
1.438888e+03 0
1.439142e+03 2
1.439396e+03 0
1.439649e+03 0
1.439903e+03 2
1.440157e+03 0
1.440410e+03 0
1.440664e+03 0
1.440918e+03 0
1.441171e+03 1
1.441425e+03 0
1.441679e+03 1
1.441932e+03 0
1.442186e+03 0
1.442440e+03 0
1.442694e+03 0
1.442947e+03 1
1.443201e+03 0
1.443455e+03 0
1.443708e+03 0
1.443962e+03 0
1.444216e+03 1
1.444469e+03 1
1.444723e+03 0
1.444977e+03 1
1.445231e+03 0
1.445484e+03 1
1.445738e+03 0
1.445992e+03 0
1.446245e+03 1
1.446499e+03 1
1.446753e+03 0
1.447007e+03 0
1.447260e+03 2
1.447514e+03 0
1.447768e+03 1
1.448022e+03 1
1.448275e+03 0
1.448529e+03 0
1.448783e+03 1
1.449036e+03 0
1.449290e+03 0
1.449544e+03 0
1.449798e+03 2
1.450051e+03 1
1.450305e+03 0
1.450559e+03 0
1.450813e+03 0
1.451066e+03 0
1.451320e+03 0
1.451574e+03 0
1.451828e+03 0
1.452081e+03 0
1.452335e+03 1
1.452589e+03 0
1.452843e+03 1
1.453097e+03 1
1.453350e+03 1
1.453604e+03 1
1.453858e+03 0
1.454112e+03 0
1.454365e+03 0
1.454619e+03 1
1.454873e+03 0
1.455127e+03 0
1.455381e+03 1
1.455634e+03 1
1.455888e+03 0
1.456142e+03 0
1.456396e+03 1
1.456650e+03 0
1.456903e+03 0
1.457157e+03 1
1.457411e+03 1
1.457665e+03 1
1.457919e+03 1
1.458172e+03 1
1.458426e+03 0
1.458680e+03 0
1.458934e+03 1
1.459188e+03 0
1.459441e+03 0
1.459695e+03 0
1.459949e+03 0
1.460203e+03 0
1.460457e+03 1
1.460710e+03 0
1.460964e+03 0
1.461218e+03 0
1.461472e+03 0
1.461726e+03 0
1.461980e+03 0
1.462233e+03 0
1.462487e+03 0
1.462741e+03 1
1.462995e+03 1
1.463249e+03 0
1.463503e+03 1
1.463757e+03 0
1.464010e+03 0
1.464264e+03 0
1.464518e+03 0
1.464772e+03 0
1.465026e+03 0
1.465280e+03 1
1.465534e+03 1
1.465787e+03 1
1.466041e+03 0
1.466295e+03 0
1.466549e+03 0
1.466803e+03 0
1.467057e+03 2
1.467311e+03 1
1.467564e+03 0
1.467818e+03 0
1.468072e+03 1
1.468326e+03 0
1.468580e+03 0
1.468834e+03 0
1.469088e+03 1
1.469342e+03 0
1.469596e+03 0
1.469849e+03 0
1.470103e+03 0
1.470357e+03 0
1.470611e+03 0
1.470865e+03 1
1.471119e+03 0
1.471373e+03 0
1.471627e+03 0
1.471881e+03 0
1.472135e+03 0
1.472388e+03 0
1.472642e+03 0
1.472896e+03 0
1.473150e+03 2
1.473404e+03 0
1.473658e+03 0
1.473912e+03 0
1.474166e+03 0
1.474420e+03 0
1.474674e+03 0
1.474928e+03 0
1.475182e+03 2
1.475436e+03 0
1.475689e+03 0
1.475943e+03 0
1.476197e+03 0
1.476451e+03 0
1.476705e+03 0
1.476959e+03 0
1.477213e+03 0
1.477467e+03 0
1.477721e+03 0
1.477975e+03 0
1.478229e+03 0
1.478483e+03 0
1.478737e+03 0
1.478991e+03 0
1.479245e+03 0
1.479499e+03 0
1.479753e+03 0
1.480007e+03 0
1.480261e+03 0
1.480515e+03 0
1.480769e+03 0
1.481022e+03 0
1.481276e+03 0
1.481530e+03 0
1.481784e+03 1
1.482038e+03 1
1.482292e+03 0
1.482546e+03 0
1.482800e+03 0
1.483054e+03 0
1.483308e+03 0
1.483562e+03 0
1.483816e+03 0
1.484070e+03 0
1.484324e+03 0
1.484578e+03 0
1.484832e+03 0
1.485086e+03 0
1.485340e+03 0
1.485594e+03 0
1.485848e+03 0
1.486102e+03 0
1.486356e+03 0
1.486610e+03 0
1.486864e+03 0
1.487118e+03 0
1.487372e+03 0
1.487626e+03 0
1.487880e+03 0
1.488134e+03 0
1.488389e+03 0
1.488643e+03 0
1.488897e+03 0
1.489151e+03 1
1.489405e+03 0
1.489659e+03 1
1.489913e+03 0
1.490167e+03 0
1.490421e+03 0
1.490675e+03 0
1.490929e+03 0
1.491183e+03 0
1.491437e+03 0
1.491691e+03 0
1.491945e+03 0
1.492199e+03 0
1.492453e+03 1
1.492707e+03 0
1.492961e+03 1
1.493215e+03 0
1.493469e+03 0
1.493724e+03 0
1.493978e+03 0
1.494232e+03 0
1.494486e+03 1
1.494740e+03 1
1.494994e+03 2
1.495248e+03 0
1.495502e+03 0
1.495756e+03 0
1.496010e+03 0
1.496264e+03 0
1.496518e+03 0
1.496772e+03 0
1.497027e+03 0
1.497281e+03 0
1.497535e+03 1
1.497789e+03 1
1.498043e+03 0
1.498297e+03 0
1.498551e+03 0
1.498805e+03 1
1.499059e+03 0
1.499313e+03 0
1.499568e+03 0
1.499822e+03 0
1.500076e+03 0
1.500330e+03 0
1.500584e+03 0
1.500838e+03 0
1.501092e+03 0
1.501346e+03 0
1.501600e+03 0
1.501855e+03 0
1.502109e+03 0
1.502363e+03 0
1.502617e+03 0
1.502871e+03 0
1.503125e+03 0
1.503379e+03 0
1.503634e+03 0
1.503888e+03 1
1.504142e+03 0
1.504396e+03 0
1.504650e+03 0
1.504904e+03 0
1.505158e+03 2
1.505413e+03 0
1.505667e+03 0
1.505921e+03 0
1.506175e+03 1
1.506429e+03 0
1.506683e+03 1
1.506938e+03 0
1.507192e+03 1
1.507446e+03 0
1.507700e+03 0
1.507954e+03 0
1.508208e+03 0
1.508463e+03 0
1.508717e+03 0
1.508971e+03 0
1.509225e+03 0
1.509479e+03 0
1.509733e+03 0
1.509988e+03 0
1.510242e+03 1
1.510496e+03 0
1.510750e+03 1
1.511004e+03 0
1.511259e+03 0
1.511513e+03 1
1.511767e+03 0
1.512021e+03 0
1.512275e+03 0
1.512530e+03 0
1.512784e+03 0
1.513038e+03 0
1.513292e+03 0
1.513546e+03 0
1.513801e+03 0
1.514055e+03 0
1.514309e+03 0
1.514563e+03 0
1.514817e+03 0
1.515072e+03 1
1.515326e+03 1
1.515580e+03 0
1.515834e+03 0
1.516089e+03 0
1.516343e+03 1
1.516597e+03 0
1.516851e+03 1
1.517106e+03 0
1.517360e+03 1
1.517614e+03 0
1.517868e+03 1
1.518122e+03 1
1.518377e+03 0
1.518631e+03 0
1.518885e+03 0
1.519139e+03 0
1.519394e+03 1
1.519648e+03 0
1.519902e+03 1
1.520157e+03 0
1.520411e+03 0
1.520665e+03 0
1.520919e+03 0
1.521174e+03 0
1.521428e+03 0
1.521682e+03 0
1.521936e+03 0
1.522191e+03 0
1.522445e+03 0
1.522699e+03 0
1.522953e+03 0
1.523208e+03 0
1.523462e+03 0
1.523716e+03 0
1.523971e+03 0
1.524225e+03 0
1.524479e+03 1
1.524733e+03 0
1.524988e+03 1
1.525242e+03 0
1.525496e+03 1
1.525751e+03 0
1.526005e+03 0
1.526259e+03 0
1.526514e+03 0
1.526768e+03 1
1.527022e+03 1
1.527277e+03 0
1.527531e+03 0
1.527785e+03 1
1.528039e+03 1
1.528294e+03 2
1.528548e+03 1
1.528802e+03 1
1.529057e+03 0
1.529311e+03 0
1.529565e+03 0
1.529820e+03 0
1.530074e+03 0
1.530328e+03 0
1.530583e+03 0
1.530837e+03 0
1.531091e+03 0
1.531346e+03 0
1.531600e+03 0
1.531854e+03 1
1.532109e+03 0
1.532363e+03 0
1.532617e+03 0
1.532872e+03 0
1.533126e+03 0
1.533381e+03 0
1.533635e+03 0
1.533889e+03 0
1.534144e+03 0
1.534398e+03 0
1.534652e+03 0
1.534907e+03 0
1.535161e+03 0
1.535415e+03 1
1.535670e+03 0
1.535924e+03 0
1.536179e+03 0
1.536433e+03 0
1.536687e+03 0
1.536942e+03 0
1.537196e+03 0
1.537450e+03 1
1.537705e+03 1
1.537959e+03 0
1.538214e+03 0
1.538468e+03 0
1.538722e+03 0
1.538977e+03 0
1.539231e+03 0
1.539486e+03 0
1.539740e+03 0
1.539994e+03 0
1.540249e+03 0
1.540503e+03 0
1.540758e+03 0
1.541012e+03 1
1.541266e+03 0
1.541521e+03 0
1.541775e+03 0
1.542030e+03 0
1.542284e+03 0
1.542539e+03 0
1.542793e+03 1
1.543047e+03 0
1.543302e+03 0
1.543556e+03 0
1.543811e+03 0
1.544065e+03 0
1.544320e+03 0
1.544574e+03 0
1.544828e+03 1
1.545083e+03 0
1.545337e+03 0
1.545592e+03 0
1.545846e+03 0
1.546101e+03 0
1.546355e+03 0
1.546610e+03 0
1.546864e+03 0
1.547118e+03 0
1.547373e+03 1
1.547627e+03 0
1.547882e+03 0
1.548136e+03 0
1.548391e+03 1
1.548645e+03 0
1.548900e+03 0
1.549154e+03 0
1.549409e+03 0
1.549663e+03 0
1.549918e+03 0
1.550172e+03 0
1.550427e+03 0
1.550681e+03 0
1.550936e+03 0
1.551190e+03 0
1.551444e+03 0
1.551699e+03 1
1.551953e+03 0
1.552208e+03 0
1.552462e+03 1
1.552717e+03 0
1.552971e+03 0
1.553226e+03 1
1.553480e+03 0
1.553735e+03 1
1.553989e+03 0
1.554244e+03 0
1.554498e+03 1
1.554753e+03 0
1.555008e+03 0
1.555262e+03 0
1.555517e+03 0
1.555771e+03 0
1.556026e+03 0
1.556280e+03 1
1.556535e+03 0
1.556789e+03 0
1.557044e+03 1
1.557298e+03 0
1.557553e+03 0
1.557807e+03 0
1.558062e+03 0
1.558316e+03 0
1.558571e+03 0
1.558825e+03 1
1.559080e+03 0
1.559335e+03 0
1.559589e+03 0
1.559844e+03 0
1.560098e+03 0
1.560353e+03 1
1.560607e+03 0
1.560862e+03 0
1.561116e+03 0
1.561371e+03 1
1.561625e+03 0
1.561880e+03 0
1.562135e+03 0
1.562389e+03 0
1.562644e+03 0
1.562898e+03 0
1.563153e+03 1
1.563407e+03 0
1.563662e+03 0
1.563917e+03 1
1.564171e+03 0
1.564426e+03 0
1.564680e+03 0
1.564935e+03 0
1.565190e+03 0
1.565444e+03 0
1.565699e+03 0
1.565953e+03 0
1.566208e+03 0
1.566463e+03 0
1.566717e+03 0
1.566972e+03 0
1.567226e+03 0
1.567481e+03 1
1.567736e+03 0
1.567990e+03 0
1.568245e+03 0
1.568499e+03 0
1.568754e+03 0
1.569009e+03 0
1.569263e+03 0
1.569518e+03 0
1.569772e+03 1
1.570027e+03 0
1.570282e+03 0
1.570536e+03 0
1.570791e+03 0
1.571046e+03 0
1.571300e+03 0
1.571555e+03 0
1.571809e+03 1
1.572064e+03 0
1.572319e+03 0
1.572573e+03 0
1.572828e+03 0
1.573083e+03 0
1.573337e+03 1
1.573592e+03 0
1.573847e+03 1
1.574101e+03 0
1.574356e+03 0
1.574611e+03 0
1.574865e+03 0
1.575120e+03 1
1.575375e+03 0
1.575629e+03 0
1.575884e+03 0
1.576139e+03 0
1.576393e+03 0
1.576648e+03 1
1.576903e+03 0
1.577157e+03 0
1.577412e+03 0
1.577667e+03 0
1.577921e+03 0
1.578176e+03 0
1.578431e+03 0
1.578685e+03 0
1.578940e+03 0
1.579195e+03 0
1.579449e+03 0
1.579704e+03 1
1.579959e+03 0
1.580213e+03 0
1.580468e+03 0
1.580723e+03 0
1.580978e+03 0
1.581232e+03 0
1.581487e+03 0
1.581742e+03 0
1.581996e+03 0
1.582251e+03 0
1.582506e+03 0
1.582761e+03 0
1.583015e+03 0
1.583270e+03 0
1.583525e+03 0
1.583779e+03 0
1.584034e+03 0
1.584289e+03 0
1.584544e+03 0
1.584798e+03 0
1.585053e+03 1
1.585308e+03 0
1.585563e+03 0
1.585817e+03 0
1.586072e+03 1
1.586327e+03 0
1.586581e+03 0
1.586836e+03 0
1.587091e+03 0
1.587346e+03 1
1.587600e+03 0
1.587855e+03 0
1.588110e+03 0
1.588365e+03 0
1.588619e+03 0
1.588874e+03 0
1.589129e+03 0
1.589384e+03 1
1.589639e+03 0
1.589893e+03 1
1.590148e+03 1
1.590403e+03 0
1.590658e+03 0
1.590912e+03 0
1.591167e+03 0
1.591422e+03 0
1.591677e+03 0
1.591932e+03 0
1.592186e+03 0
1.592441e+03 0
1.592696e+03 0
1.592951e+03 0
1.593205e+03 1
1.593460e+03 0
1.593715e+03 0
1.593970e+03 0
1.594225e+03 2
1.594479e+03 0
1.594734e+03 1
1.594989e+03 1
1.595244e+03 0
1.595499e+03 0
1.595753e+03 0
1.596008e+03 0
1.596263e+03 0
1.596518e+03 0
1.596773e+03 0
1.597028e+03 0
1.597282e+03 0
1.597537e+03 0
1.597792e+03 0
1.598047e+03 0
1.598302e+03 0
1.598556e+03 0
1.598811e+03 0
1.599066e+03 1
1.599321e+03 0
1.599576e+03 0
1.599831e+03 0
1.600086e+03 0
1.600340e+03 0
1.600595e+03 0
1.600850e+03 0
1.601105e+03 0
1.601360e+03 0
1.601615e+03 0
1.601869e+03 0
1.602124e+03 1
1.602379e+03 0
1.602634e+03 1
1.602889e+03 0
1.603144e+03 0
1.603399e+03 1
1.603653e+03 0
1.603908e+03 1
1.604163e+03 0
1.604418e+03 0
1.604673e+03 0
1.604928e+03 0
1.605183e+03 0
1.605438e+03 0
1.605692e+03 0
1.605947e+03 0
1.606202e+03 1
1.606457e+03 0
1.606712e+03 0
1.606967e+03 0
1.607222e+03 0
1.607477e+03 0
1.607732e+03 0
1.607987e+03 0
1.608241e+03 0
1.608496e+03 0
1.608751e+03 0
1.609006e+03 0
1.609261e+03 0
1.609516e+03 0
1.609771e+03 0
1.610026e+03 0
1.610281e+03 0
1.610536e+03 0
1.610791e+03 0
1.611045e+03 0
1.611300e+03 0
1.611555e+03 2
1.611810e+03 0
1.612065e+03 0
1.612320e+03 1
1.612575e+03 0
1.612830e+03 0
1.613085e+03 0
1.613340e+03 1
1.613595e+03 0
1.613850e+03 0
1.614105e+03 0
1.614360e+03 0
1.614615e+03 0
1.614869e+03 0
1.615124e+03 0
1.615379e+03 0
1.615634e+03 0
1.615889e+03 0
1.616144e+03 0
1.616399e+03 0
1.616654e+03 0
1.616909e+03 1
1.617164e+03 0
1.617419e+03 0
1.617674e+03 0
1.617929e+03 0
1.618184e+03 0
1.618439e+03 0
1.618694e+03 0
1.618949e+03 0
1.619204e+03 0
1.619459e+03 0
1.619714e+03 0
1.619969e+03 0
1.620224e+03 0
1.620479e+03 0
1.620734e+03 0
1.620989e+03 1
1.621244e+03 0
1.621499e+03 0
1.621754e+03 0
1.622009e+03 0
1.622264e+03 0
1.622519e+03 1
1.622774e+03 0
1.623029e+03 0
1.623284e+03 0
1.623539e+03 0
1.623794e+03 1
1.624049e+03 0
1.624304e+03 0
1.624559e+03 0
1.624814e+03 0
1.625069e+03 1
1.625324e+03 0
1.625579e+03 0
1.625834e+03 0
1.626089e+03 1
1.626344e+03 0
1.626599e+03 0
1.626854e+03 0
1.627109e+03 0
1.627364e+03 0
1.627619e+03 0
1.627874e+03 1
1.628129e+03 0
1.628384e+03 0
1.628639e+03 0
1.628895e+03 0
1.629150e+03 0
1.629405e+03 0
1.629660e+03 0
1.629915e+03 1
1.630170e+03 0
1.630425e+03 0
1.630680e+03 0
1.630935e+03 0
1.631190e+03 0
1.631445e+03 0
1.631700e+03 0
1.631955e+03 0
1.632210e+03 0
1.632465e+03 1
1.632721e+03 0
1.632976e+03 0
1.633231e+03 0
1.633486e+03 1
1.633741e+03 0
1.633996e+03 0
1.634251e+03 0
1.634506e+03 0
1.634761e+03 0
1.635016e+03 1
1.635271e+03 0
1.635527e+03 0
1.635782e+03 1
1.636037e+03 2
1.636292e+03 0
1.636547e+03 0
1.636802e+03 0
1.637057e+03 0
1.637312e+03 0
1.637567e+03 0
1.637822e+03 0
1.638078e+03 0
1.638333e+03 0
1.638588e+03 0
1.638843e+03 0
1.639098e+03 0
1.639353e+03 0
1.639608e+03 1
1.639863e+03 0
1.640119e+03 0
1.640374e+03 0
1.640629e+03 0
1.640884e+03 0
1.641139e+03 0
1.641394e+03 0
1.641649e+03 1
1.641905e+03 0
1.642160e+03 1
1.642415e+03 0
1.642670e+03 0
1.642925e+03 1
1.643180e+03 1
1.643435e+03 0
1.643691e+03 0
1.643946e+03 0
1.644201e+03 0
1.644456e+03 1
1.644711e+03 0
1.644966e+03 0
1.645222e+03 0
1.645477e+03 0
1.645732e+03 0
1.645987e+03 0
1.646242e+03 0
1.646498e+03 0
1.646753e+03 0
1.647008e+03 0
1.647263e+03 0
1.647518e+03 0
1.647773e+03 0
1.648029e+03 0
1.648284e+03 0
1.648539e+03 0
1.648794e+03 0
1.649049e+03 0
1.649305e+03 0
1.649560e+03 0
1.649815e+03 0
1.650070e+03 0
1.650325e+03 1
1.650581e+03 0
1.650836e+03 0
1.651091e+03 0
1.651346e+03 0
1.651601e+03 0
1.651857e+03 0
1.652112e+03 0
1.652367e+03 0
1.652622e+03 0
1.652878e+03 1
1.653133e+03 0
1.653388e+03 0
1.653643e+03 1
1.653899e+03 1
1.654154e+03 0
1.654409e+03 0
1.654664e+03 0
1.654919e+03 0
1.655175e+03 0
1.655430e+03 0
1.655685e+03 0
1.655940e+03 0
1.656196e+03 0
1.656451e+03 1
1.656706e+03 0
1.656961e+03 0
1.657217e+03 1
1.657472e+03 0
1.657727e+03 1
1.657982e+03 0
1.658238e+03 0
1.658493e+03 0
1.658748e+03 0
1.659004e+03 0
1.659259e+03 0
1.659514e+03 0
1.659769e+03 0
1.660025e+03 0
1.660280e+03 0
1.660535e+03 0
1.660790e+03 0
1.661046e+03 0
1.661301e+03 0
1.661556e+03 1
1.661812e+03 0
1.662067e+03 0
1.662322e+03 0
1.662578e+03 0
1.662833e+03 0
1.663088e+03 0
1.663343e+03 0
1.663599e+03 0
1.663854e+03 0
1.664109e+03 0
1.664365e+03 0
1.664620e+03 0
1.664875e+03 1
1.665131e+03 0
1.665386e+03 2
1.665641e+03 0
1.665897e+03 0
1.666152e+03 0
1.666407e+03 0
1.666663e+03 0
1.666918e+03 0
1.667173e+03 0
1.667428e+03 0
1.667684e+03 0
1.667939e+03 0
1.668194e+03 1
1.668450e+03 0
1.668705e+03 0
1.668961e+03 0
1.669216e+03 0
1.669471e+03 1
1.669727e+03 0
1.669982e+03 0
1.670237e+03 1
1.670493e+03 0
1.670748e+03 0
1.671003e+03 0
1.671259e+03 0
1.671514e+03 0
1.671769e+03 0
1.672025e+03 0
1.672280e+03 0
1.672536e+03 0
1.672791e+03 0
1.673046e+03 1
1.673302e+03 1
1.673557e+03 0
1.673812e+03 0
1.674068e+03 0
1.674323e+03 0
1.674579e+03 0
1.674834e+03 0
1.675089e+03 0
1.675345e+03 0
1.675600e+03 0
1.675855e+03 0
1.676111e+03 0
1.676366e+03 0
1.676622e+03 0
1.676877e+03 0
1.677132e+03 0
1.677388e+03 2
1.677643e+03 0
1.677899e+03 0
1.678154e+03 0
1.678409e+03 0
1.678665e+03 0
1.678920e+03 0
1.679176e+03 0
1.679431e+03 2
1.679687e+03 1
1.679942e+03 0
1.680197e+03 0
1.680453e+03 0
1.680708e+03 0
1.680964e+03 0
1.681219e+03 0
1.681475e+03 0
1.681730e+03 0
1.681985e+03 0
1.682241e+03 0
1.682496e+03 1
1.682752e+03 0
1.683007e+03 1
1.683263e+03 0
1.683518e+03 0
1.683774e+03 0
1.684029e+03 0
1.684284e+03 0
1.684540e+03 0
1.684795e+03 0
1.685051e+03 0
1.685306e+03 0
1.685562e+03 0
1.685817e+03 0
1.686073e+03 0
1.686328e+03 1
1.686584e+03 0
1.686839e+03 0
1.687095e+03 0
1.687350e+03 1
1.687605e+03 0
1.687861e+03 0
1.688116e+03 0
1.688372e+03 0
1.688627e+03 0
1.688883e+03 0
1.689138e+03 0
1.689394e+03 0
1.689649e+03 1
1.689905e+03 0
1.690160e+03 0
1.690416e+03 0
1.690671e+03 2
1.690927e+03 0
1.691182e+03 1
1.691438e+03 0
1.691693e+03 0
1.691949e+03 0
1.692204e+03 0
1.692460e+03 0
1.692715e+03 2
1.692971e+03 0
1.693226e+03 1
1.693482e+03 0
1.693738e+03 0
1.693993e+03 0
1.694249e+03 0
1.694504e+03 0
1.694760e+03 0
1.695015e+03 0
1.695271e+03 0
1.695526e+03 0
1.695782e+03 0
1.696037e+03 0
1.696293e+03 0
1.696548e+03 0
1.696804e+03 0
1.697059e+03 0
1.697315e+03 1
1.697571e+03 0
1.697826e+03 0
1.698082e+03 0
1.698337e+03 0
1.698593e+03 0
1.698848e+03 0
1.699104e+03 0
1.699359e+03 0
1.699615e+03 0
1.699871e+03 0
1.700126e+03 0
1.700382e+03 0
1.700637e+03 0
1.700893e+03 0
1.701148e+03 0
1.701404e+03 0
1.701660e+03 0
1.701915e+03 0
1.702171e+03 1
1.702426e+03 0
1.702682e+03 0
1.702938e+03 0
1.703193e+03 0
1.703449e+03 0
1.703704e+03 0
1.703960e+03 0
1.704216e+03 0
1.704471e+03 1
1.704727e+03 0
1.704982e+03 0
1.705238e+03 0
1.705494e+03 0
1.705749e+03 0
1.706005e+03 0
1.706260e+03 0
1.706516e+03 0
1.706772e+03 0
1.707027e+03 0
1.707283e+03 0
1.707538e+03 0
1.707794e+03 0
1.708050e+03 1
1.708305e+03 0
1.708561e+03 0
1.708817e+03 0
1.709072e+03 1
1.709328e+03 0
1.709583e+03 1
1.709839e+03 0
1.710095e+03 0
1.710350e+03 0
1.710606e+03 0
1.710862e+03 1
1.711117e+03 0
1.711373e+03 0
1.711629e+03 0
1.711884e+03 1
1.712140e+03 0
1.712396e+03 0
1.712651e+03 1
1.712907e+03 0
1.713163e+03 1
1.713418e+03 1
1.713674e+03 0
1.713930e+03 1
1.714185e+03 1
1.714441e+03 0
1.714697e+03 0
1.714952e+03 0
1.715208e+03 0
1.715464e+03 0
1.715719e+03 3
1.715975e+03 1
1.716231e+03 3
1.716486e+03 0
1.716742e+03 4
1.716998e+03 0
1.717253e+03 0
1.717509e+03 1
1.717765e+03 2
1.718021e+03 0
1.718276e+03 2
1.718532e+03 1
1.718788e+03 1
1.719043e+03 2
1.719299e+03 1
1.719555e+03 1
1.719810e+03 0
1.720066e+03 3
1.720322e+03 0
1.720578e+03 5
1.720833e+03 4
1.721089e+03 6
1.721345e+03 5
1.721601e+03 7
1.721856e+03 1
1.722112e+03 6
1.722368e+03 10
1.722623e+03 6
1.722879e+03 2
1.723135e+03 5
1.723391e+03 4
1.723646e+03 1
1.723902e+03 5
1.724158e+03 2
1.724414e+03 2
1.724669e+03 5
1.724925e+03 5
1.725181e+03 8
1.725437e+03 2
1.725692e+03 7
1.725948e+03 7
1.726204e+03 6
1.726460e+03 13
1.726715e+03 5
1.726971e+03 15
1.727227e+03 15
1.727483e+03 18
1.727738e+03 9
1.727994e+03 3
1.728250e+03 5
1.728506e+03 7
1.728762e+03 4
1.729017e+03 5
1.729273e+03 4
1.729529e+03 3
1.729785e+03 8
1.730040e+03 7
1.730296e+03 2
1.730552e+03 5
1.730808e+03 5
1.731064e+03 4
1.731319e+03 2
1.731575e+03 3
1.731831e+03 3
1.732087e+03 9
1.732343e+03 11
1.732598e+03 10
1.732854e+03 19
1.733110e+03 15
1.733366e+03 7
1.733622e+03 2
1.733877e+03 3
1.734133e+03 1
1.734389e+03 1
1.734645e+03 2
1.734901e+03 0
1.735157e+03 0
1.735412e+03 0
1.735668e+03 0
1.735924e+03 0
1.736180e+03 0
1.736436e+03 0
1.736692e+03 0
1.736947e+03 0
1.737203e+03 0
1.737459e+03 0
1.737715e+03 0
1.737971e+03 0
1.738227e+03 0
1.738482e+03 0
1.738738e+03 0
1.738994e+03 0
1.739250e+03 0
1.739506e+03 0
1.739762e+03 0
1.740018e+03 0
1.740273e+03 0
1.740529e+03 0
1.740785e+03 0
1.741041e+03 0
1.741297e+03 0
1.741553e+03 0
1.741809e+03 0
1.742064e+03 0
1.742320e+03 0
1.742576e+03 0
1.742832e+03 0
1.743088e+03 0
1.743344e+03 0
1.743600e+03 0
1.743856e+03 0
1.744112e+03 0
1.744367e+03 0
1.744623e+03 0
1.744879e+03 0
1.745135e+03 0
1.745391e+03 0
1.745647e+03 0
1.745903e+03 0
1.746159e+03 0
1.746415e+03 0
1.746670e+03 0
1.746926e+03 0
1.747182e+03 0
1.747438e+03 0
1.747694e+03 0
1.747950e+03 0
1.748206e+03 0
1.748462e+03 0
1.748718e+03 0
1.748974e+03 0
1.749230e+03 0
1.749486e+03 0
1.749742e+03 0
1.749997e+03 0
1.750253e+03 0
1.750509e+03 0
1.750765e+03 0
1.751021e+03 0
1.751277e+03 0
1.751533e+03 0
1.751789e+03 0
1.752045e+03 0
1.752301e+03 0
1.752557e+03 0
1.752813e+03 0
1.753069e+03 0
1.753325e+03 0
1.753581e+03 0
1.753837e+03 0
1.754093e+03 0
1.754349e+03 0
1.754604e+03 0
1.754860e+03 0
1.755116e+03 0
1.755372e+03 0
1.755628e+03 0
1.755884e+03 0
1.756140e+03 0
1.756396e+03 0
1.756652e+03 0
1.756908e+03 0
1.757164e+03 0
1.757420e+03 0
1.757676e+03 0
1.757932e+03 0
1.758188e+03 0
1.758444e+03 0
1.758700e+03 0
1.758956e+03 0
1.759212e+03 0
1.759468e+03 0
1.759724e+03 0
1.759980e+03 0
1.760236e+03 0
1.760492e+03 0
1.760748e+03 0
1.761004e+03 0
1.761260e+03 0
1.761516e+03 0
1.761772e+03 0
1.762028e+03 0
1.762284e+03 0
1.762540e+03 0
1.762796e+03 0
1.763052e+03 0
1.763308e+03 0
1.763564e+03 0
1.763820e+03 0
1.764076e+03 0
1.764332e+03 0
1.764589e+03 0
1.764845e+03 0
1.765101e+03 0
1.765357e+03 0
1.765613e+03 0
1.765869e+03 0
1.766125e+03 0
1.766381e+03 0
1.766637e+03 0
1.766893e+03 0
1.767149e+03 0
1.767405e+03 0
1.767661e+03 0
1.767917e+03 0
1.768173e+03 0
1.768429e+03 0
1.768685e+03 0
1.768941e+03 0
1.769197e+03 0
1.769454e+03 0
1.769710e+03 0
1.769966e+03 0
1.770222e+03 0
1.770478e+03 0
1.770734e+03 0
1.770990e+03 1
1.771246e+03 0
1.771502e+03 0
1.771758e+03 0
1.772014e+03 0
1.772270e+03 0
1.772527e+03 0
1.772783e+03 0
1.773039e+03 0
1.773295e+03 0
1.773551e+03 1
1.773807e+03 0
1.774063e+03 0
1.774319e+03 0
1.774575e+03 0
1.774831e+03 0
1.775088e+03 0
1.775344e+03 0
1.775600e+03 0
1.775856e+03 0
1.776112e+03 0
1.776368e+03 0
1.776624e+03 0
1.776880e+03 0
1.777137e+03 0
1.777393e+03 0
1.777649e+03 0
1.777905e+03 0
1.778161e+03 0
1.778417e+03 0
1.778673e+03 0
1.778929e+03 0
1.779186e+03 0
1.779442e+03 0
1.779698e+03 0
1.779954e+03 0
1.780210e+03 0
1.780466e+03 0
1.780722e+03 0
1.780979e+03 0
1.781235e+03 0
1.781491e+03 0
1.781747e+03 0
1.782003e+03 0
1.782259e+03 0
1.782516e+03 0
1.782772e+03 0
1.783028e+03 0
1.783284e+03 0
1.783540e+03 0
1.783796e+03 0
1.784053e+03 0
1.784309e+03 0
1.784565e+03 0
1.784821e+03 0
1.785077e+03 0
1.785334e+03 0
1.785590e+03 0
1.785846e+03 0
1.786102e+03 0
1.786358e+03 0
1.786615e+03 0
1.786871e+03 0
1.787127e+03 0
1.787383e+03 0
1.787639e+03 0
1.787896e+03 0
1.788152e+03 0
1.788408e+03 0
1.788664e+03 0
1.788920e+03 0
1.789177e+03 0
1.789433e+03 0
1.789689e+03 0
1.789945e+03 0
1.790201e+03 0
1.790458e+03 0
1.790714e+03 0
1.790970e+03 0
1.791226e+03 0
1.791483e+03 0
1.791739e+03 0
1.791995e+03 0
1.792251e+03 0
1.792508e+03 0
1.792764e+03 0
1.793020e+03 0
1.793276e+03 0
1.793532e+03 0
1.793789e+03 0
1.794045e+03 0
1.794301e+03 0
1.794557e+03 0
1.794814e+03 0
1.795070e+03 0
1.795326e+03 0
1.795583e+03 0
1.795839e+03 0
1.796095e+03 0
1.796351e+03 0
1.796608e+03 0
1.796864e+03 0
1.797120e+03 0
1.797376e+03 0
1.797633e+03 0
1.797889e+03 0
1.798145e+03 0
1.798402e+03 0
1.798658e+03 0
1.798914e+03 0
1.799170e+03 0
1.799427e+03 0
1.799683e+03 0
1.799939e+03 0
1.800196e+03 0
1.800452e+03 0
1.800708e+03 0
1.800964e+03 0
1.801221e+03 0
1.801477e+03 0
1.801733e+03 0
1.801990e+03 0
1.802246e+03 0
1.802502e+03 0
1.802759e+03 0
1.803015e+03 0
1.803271e+03 0
1.803528e+03 0
1.803784e+03 0
1.804040e+03 0
1.804296e+03 0
1.804553e+03 0
1.804809e+03 0
1.805065e+03 0
1.805322e+03 0
1.805578e+03 0
1.805834e+03 0
1.806091e+03 0
1.806347e+03 0
1.806603e+03 0
1.806860e+03 0
1.807116e+03 0
1.807372e+03 0
1.807629e+03 0
1.807885e+03 0
1.808142e+03 0
1.808398e+03 0
1.808654e+03 0
1.808911e+03 0
1.809167e+03 0
1.809423e+03 0
1.809680e+03 0
1.809936e+03 0
1.810192e+03 0
1.810449e+03 0
1.810705e+03 0
1.810962e+03 0
1.811218e+03 0
1.811474e+03 0
1.811731e+03 0
1.811987e+03 0
1.812243e+03 0
1.812500e+03 0
1.812756e+03 0
1.813013e+03 0
1.813269e+03 0
1.813525e+03 0
1.813782e+03 0
1.814038e+03 0
1.814295e+03 0
1.814551e+03 0
1.814807e+03 0
1.815064e+03 0
1.815320e+03 0
1.815577e+03 0
1.815833e+03 0
1.816089e+03 0
1.816346e+03 0
1.816602e+03 0
1.816859e+03 0
1.817115e+03 0
1.817371e+03 0
1.817628e+03 0
1.817884e+03 0
1.818141e+03 0
1.818397e+03 0
1.818654e+03 0
1.818910e+03 0
1.819166e+03 0
1.819423e+03 0
1.819679e+03 0
1.819936e+03 0
1.820192e+03 0
1.820449e+03 0
1.820705e+03 0
1.820961e+03 0
1.821218e+03 0
1.821474e+03 0
1.821731e+03 0
1.821987e+03 0
1.822244e+03 0
1.822500e+03 0
1.822757e+03 0
1.823013e+03 0
1.823270e+03 0
1.823526e+03 0
1.823782e+03 0
1.824039e+03 0
1.824295e+03 0
1.824552e+03 0
1.824808e+03 0
1.825065e+03 0
1.825321e+03 0
1.825578e+03 0
1.825834e+03 0
1.826091e+03 0
1.826347e+03 0
1.826604e+03 0
1.826860e+03 0
1.827117e+03 0
1.827373e+03 0
1.827630e+03 0
1.827886e+03 0
1.828143e+03 0
1.828399e+03 0
1.828656e+03 0
1.828912e+03 0
1.829169e+03 0
1.829425e+03 0
1.829682e+03 0
1.829938e+03 0
1.830195e+03 0
1.830451e+03 0
1.830708e+03 0
1.830964e+03 0
1.831221e+03 0
1.831477e+03 0
1.831734e+03 0
1.831990e+03 0
1.832247e+03 0
1.832503e+03 0
1.832760e+03 0
1.833016e+03 0
1.833273e+03 0
1.833529e+03 0
1.833786e+03 0
1.834043e+03 0
1.834299e+03 0
1.834556e+03 0
1.834812e+03 0
1.835069e+03 0
1.835325e+03 0
1.835582e+03 0
1.835838e+03 0
1.836095e+03 0
1.836351e+03 0
1.836608e+03 0
1.836865e+03 0
1.837121e+03 0
1.837378e+03 0
1.837634e+03 0
1.837891e+03 0
1.838147e+03 0
1.838404e+03 0
1.838661e+03 0
1.838917e+03 0
1.839174e+03 0
1.839430e+03 0
1.839687e+03 0
1.839943e+03 0
1.840200e+03 0
1.840457e+03 0
1.840713e+03 0
1.840970e+03 0
1.841226e+03 0
1.841483e+03 0
1.841740e+03 0
1.841996e+03 0
1.842253e+03 0
1.842509e+03 0
1.842766e+03 0
1.843023e+03 0
1.843279e+03 0
1.843536e+03 0
1.843792e+03 0
1.844049e+03 0
1.844306e+03 0
1.844562e+03 0
1.844819e+03 0
1.845075e+03 0
1.845332e+03 0
1.845589e+03 0
1.845845e+03 0
1.846102e+03 0
1.846359e+03 0
1.846615e+03 0
1.846872e+03 0
1.847128e+03 0
1.847385e+03 0
1.847642e+03 0
1.847898e+03 0
1.848155e+03 0
1.848412e+03 0
1.848668e+03 0
1.848925e+03 0
1.849182e+03 0
1.849438e+03 0
1.849695e+03 0
1.849952e+03 0
1.850208e+03 0
1.850465e+03 0
1.850722e+03 0
1.850978e+03 0
1.851235e+03 0
1.851492e+03 0
1.851748e+03 0
1.852005e+03 0
1.852262e+03 0
1.852518e+03 0
1.852775e+03 0
1.853032e+03 0
1.853288e+03 0
1.853545e+03 0
1.853802e+03 0
1.854058e+03 0
1.854315e+03 0
1.854572e+03 0
1.854828e+03 0
1.855085e+03 0
1.855342e+03 0
1.855598e+03 0
1.855855e+03 0
1.856112e+03 0
1.856368e+03 0
1.856625e+03 0
1.856882e+03 0
1.857139e+03 0
1.857395e+03 0
1.857652e+03 0
1.857909e+03 0
1.858165e+03 0
1.858422e+03 0
1.858679e+03 0
1.858936e+03 0
1.859192e+03 0
1.859449e+03 0
1.859706e+03 0
1.859962e+03 0
1.860219e+03 0
1.860476e+03 0
1.860733e+03 0
1.860989e+03 0
1.861246e+03 0
1.861503e+03 0
1.861760e+03 0
1.862016e+03 0
1.862273e+03 0
1.862530e+03 0
1.862787e+03 0
1.863043e+03 0
1.863300e+03 0
1.863557e+03 0
1.863814e+03 0
1.864070e+03 0
1.864327e+03 0
1.864584e+03 0
1.864841e+03 0
1.865097e+03 0
1.865354e+03 0
1.865611e+03 0
1.865868e+03 0
1.866124e+03 0
1.866381e+03 0
1.866638e+03 0
1.866895e+03 0
1.867152e+03 0
1.867408e+03 0
1.867665e+03 0
1.867922e+03 0
1.868179e+03 0
1.868435e+03 0
1.868692e+03 0
1.868949e+03 0
1.869206e+03 0
1.869463e+03 0
1.869719e+03 0
1.869976e+03 0
1.870233e+03 0
1.870490e+03 0
1.870747e+03 0
1.871003e+03 0
1.871260e+03 0
1.871517e+03 0
1.871774e+03 0
1.872031e+03 0
1.872287e+03 0
1.872544e+03 0
1.872801e+03 0
1.873058e+03 0
1.873315e+03 0
1.873572e+03 0
1.873828e+03 0
1.874085e+03 0
1.874342e+03 0
1.874599e+03 0
1.874856e+03 0
1.875113e+03 0
1.875369e+03 0
1.875626e+03 0
1.875883e+03 0
1.876140e+03 0
1.876397e+03 0
1.876654e+03 0
1.876910e+03 0
1.877167e+03 0
1.877424e+03 0
1.877681e+03 0
1.877938e+03 0
1.878195e+03 0
1.878452e+03 0
1.878708e+03 0
1.878965e+03 0
1.879222e+03 0
1.879479e+03 0
1.879736e+03 0
1.879993e+03 0
1.880250e+03 0
1.880507e+03 0
1.880763e+03 0
1.881020e+03 0
1.881277e+03 0
1.881534e+03 0
1.881791e+03 0
1.882048e+03 0
1.882305e+03 0
1.882562e+03 0
1.882818e+03 0
1.883075e+03 0
1.883332e+03 0
1.883589e+03 0
1.883846e+03 0
1.884103e+03 0
1.884360e+03 0
1.884617e+03 0
1.884874e+03 0
1.885131e+03 0
1.885387e+03 0
1.885644e+03 0
1.885901e+03 0
1.886158e+03 0
1.886415e+03 0
1.886672e+03 0
1.886929e+03 0
1.887186e+03 0
1.887443e+03 0
1.887700e+03 0
1.887957e+03 0
1.888214e+03 0
1.888471e+03 0
1.888727e+03 0
1.888984e+03 0
1.889241e+03 0
1.889498e+03 0
1.889755e+03 0
1.890012e+03 0
1.890269e+03 0
1.890526e+03 0
1.890783e+03 0
1.891040e+03 0
1.891297e+03 0
1.891554e+03 0
1.891811e+03 0
1.892068e+03 0
1.892325e+03 0
1.892582e+03 0
1.892839e+03 0
1.893096e+03 0
1.893353e+03 0
1.893610e+03 0
1.893867e+03 0
1.894124e+03 0
1.894380e+03 0
1.894637e+03 0
1.894894e+03 0
1.895151e+03 0
1.895408e+03 0
1.895665e+03 0
1.895922e+03 0
1.896179e+03 0
1.896436e+03 0
1.896693e+03 0
1.896950e+03 0
1.897207e+03 0
1.897464e+03 0
1.897721e+03 0
1.897978e+03 0
1.898235e+03 0
1.898492e+03 0
1.898749e+03 0
1.899006e+03 0
1.899263e+03 0
1.899520e+03 0
1.899777e+03 0
1.900034e+03 0
1.900291e+03 0
1.900548e+03 0
1.900805e+03 0
1.901062e+03 0
1.901319e+03 0
1.901577e+03 0
1.901834e+03 0
1.902091e+03 0
1.902348e+03 0
1.902605e+03 0
1.902862e+03 0
1.903119e+03 0
1.903376e+03 0
1.903633e+03 0
1.903890e+03 0
1.904147e+03 0
1.904404e+03 0
1.904661e+03 0
1.904918e+03 0
1.905175e+03 0
1.905432e+03 0
1.905689e+03 0
1.905946e+03 0
1.906203e+03 0
1.906460e+03 0
1.906717e+03 0
1.906975e+03 0
1.907232e+03 0
1.907489e+03 0
1.907746e+03 0
1.908003e+03 0
1.908260e+03 0
1.908517e+03 0
1.908774e+03 0
1.909031e+03 0
1.909288e+03 0
1.909545e+03 0
1.909802e+03 0
1.910059e+03 0
1.910317e+03 0
1.910574e+03 0
1.910831e+03 0
1.911088e+03 0
1.911345e+03 0
1.911602e+03 0
1.911859e+03 0
1.912116e+03 0
1.912373e+03 0
1.912630e+03 0
1.912888e+03 0
1.913145e+03 0
1.913402e+03 0
1.913659e+03 0
1.913916e+03 0
1.914173e+03 0
1.914430e+03 0
1.914687e+03 0
1.914944e+03 0
1.915202e+03 0
1.915459e+03 0
1.915716e+03 0
1.915973e+03 0
1.916230e+03 0
1.916487e+03 0
1.916744e+03 0
1.917001e+03 0
1.917259e+03 0
1.917516e+03 0
1.917773e+03 0
1.918030e+03 0
1.918287e+03 0
1.918544e+03 0
1.918802e+03 0
1.919059e+03 0
1.919316e+03 0
1.919573e+03 0
1.919830e+03 0
1.920087e+03 0
1.920344e+03 0
1.920602e+03 0
1.920859e+03 0
1.921116e+03 0
1.921373e+03 0
1.921630e+03 0
1.921887e+03 0
1.922145e+03 0
1.922402e+03 0
1.922659e+03 0
1.922916e+03 0
1.923173e+03 0
1.923431e+03 0
1.923688e+03 0
1.923945e+03 0
1.924202e+03 0
1.924459e+03 0
1.924716e+03 0
1.924974e+03 0
1.925231e+03 0
1.925488e+03 0
1.925745e+03 0
1.926002e+03 0
1.926260e+03 0
1.926517e+03 0
1.926774e+03 0
1.927031e+03 0
1.927289e+03 0
1.927546e+03 0
1.927803e+03 0
1.928060e+03 0
1.928317e+03 0
1.928575e+03 0
1.928832e+03 0
1.929089e+03 0
1.929346e+03 0
1.929603e+03 0
1.929861e+03 0
1.930118e+03 0
1.930375e+03 0
1.930632e+03 0
1.930890e+03 0
1.931147e+03 0
1.931404e+03 0
1.931661e+03 0
1.931919e+03 0
1.932176e+03 0
1.932433e+03 0
1.932690e+03 0
1.932948e+03 0
1.933205e+03 0
1.933462e+03 0
1.933719e+03 0
1.933977e+03 0
1.934234e+03 0
1.934491e+03 0
1.934748e+03 0
1.935006e+03 0
1.935263e+03 0
1.935520e+03 0
1.935778e+03 0
1.936035e+03 0
1.936292e+03 0
1.936549e+03 0
1.936807e+03 0
1.937064e+03 0
1.937321e+03 0
1.937578e+03 0
1.937836e+03 0
1.938093e+03 0
1.938350e+03 0
1.938608e+03 0
1.938865e+03 0
1.939122e+03 0
1.939380e+03 0
1.939637e+03 0
1.939894e+03 0
1.940151e+03 0
1.940409e+03 0
1.940666e+03 0
1.940923e+03 0
1.941181e+03 0
1.941438e+03 0
1.941695e+03 0
1.941953e+03 0
1.942210e+03 0
1.942467e+03 0
1.942725e+03 0
1.942982e+03 0
1.943239e+03 0
1.943497e+03 0
1.943754e+03 0
1.944011e+03 0
1.944269e+03 0
1.944526e+03 0
1.944783e+03 0
1.945041e+03 0
1.945298e+03 0
1.945555e+03 0
1.945813e+03 0
1.946070e+03 0
1.946327e+03 0
1.946585e+03 0
1.946842e+03 0
1.947099e+03 0
1.947357e+03 0
1.947614e+03 0
1.947871e+03 0
1.948129e+03 0
1.948386e+03 0
1.948644e+03 0
1.948901e+03 0
1.949158e+03 0
1.949416e+03 0
1.949673e+03 0
1.949930e+03 0
1.950188e+03 0
1.950445e+03 0
1.950703e+03 0
1.950960e+03 0
1.951217e+03 0
1.951475e+03 0
1.951732e+03 0
1.951989e+03 0
1.952247e+03 0
1.952504e+03 0
1.952762e+03 0
1.953019e+03 0
1.953276e+03 0
1.953534e+03 0
1.953791e+03 0
1.954049e+03 0
1.954306e+03 0
1.954563e+03 0
1.954821e+03 0
1.955078e+03 0
1.955336e+03 0
1.955593e+03 0
1.955851e+03 0
1.956108e+03 0
1.956365e+03 0
1.956623e+03 0
1.956880e+03 0
1.957138e+03 0
1.957395e+03 0
1.957653e+03 0
1.957910e+03 0
1.958167e+03 0
1.958425e+03 0
1.958682e+03 0
1.958940e+03 0
1.959197e+03 0
1.959455e+03 0
1.959712e+03 0
1.959969e+03 0
1.960227e+03 0
1.960484e+03 0
1.960742e+03 0
1.960999e+03 0
1.961257e+03 0
1.961514e+03 0
1.961772e+03 0
1.962029e+03 0
1.962287e+03 0
1.962544e+03 0
1.962801e+03 0
1.963059e+03 0
1.963316e+03 0
1.963574e+03 0
1.963831e+03 0
1.964089e+03 0
1.964346e+03 0
1.964604e+03 0
1.964861e+03 0
1.965119e+03 0
1.965376e+03 0
1.965634e+03 0
1.965891e+03 0
1.966149e+03 0
1.966406e+03 0
1.966664e+03 0
1.966921e+03 0
1.967179e+03 0
1.967436e+03 0
1.967694e+03 0
1.967951e+03 0
1.968209e+03 0
1.968466e+03 0
1.968724e+03 0
1.968981e+03 0
1.969239e+03 0
1.969496e+03 0
1.969754e+03 0
1.970011e+03 0
1.970269e+03 0
1.970526e+03 0
1.970784e+03 0
1.971041e+03 0
1.971299e+03 0
1.971557e+03 0
1.971814e+03 0
1.972072e+03 0
1.972329e+03 0
1.972587e+03 0
1.972844e+03 0
1.973102e+03 0
1.973359e+03 0
1.973617e+03 0
1.973874e+03 0
1.974132e+03 0
1.974389e+03 0
1.974647e+03 0
1.974905e+03 0
1.975162e+03 0
1.975420e+03 0
1.975677e+03 0
1.975935e+03 0
1.976192e+03 0
1.976450e+03 0
1.976708e+03 0
1.976965e+03 0
1.977223e+03 0
1.977480e+03 0
1.977738e+03 0
1.977995e+03 0
1.978253e+03 0
1.978511e+03 0
1.978768e+03 0
1.979026e+03 0
1.979283e+03 0
1.979541e+03 0
1.979798e+03 0
1.980056e+03 0
1.980314e+03 0
1.980571e+03 0
1.980829e+03 0
1.981086e+03 0
1.981344e+03 0
1.981602e+03 0
1.981859e+03 0
1.982117e+03 0
1.982374e+03 0
1.982632e+03 0
1.982890e+03 0
1.983147e+03 0
1.983405e+03 0
1.983663e+03 0
1.983920e+03 0
1.984178e+03 0
1.984435e+03 0
1.984693e+03 0
1.984951e+03 0
1.985208e+03 0
1.985466e+03 0
1.985724e+03 0
1.985981e+03 0
1.986239e+03 0
1.986496e+03 0
1.986754e+03 0
1.987012e+03 0
1.987269e+03 0
1.987527e+03 0
1.987785e+03 0
1.988042e+03 0
1.988300e+03 0
1.988558e+03 0
1.988815e+03 0
1.989073e+03 0
1.989331e+03 0
1.989588e+03 0
1.989846e+03 0
1.990104e+03 0
1.990361e+03 0
1.990619e+03 0
1.990877e+03 0
1.991134e+03 0
1.991392e+03 0
1.991650e+03 0
1.991907e+03 0
1.992165e+03 0
1.992423e+03 0
1.992680e+03 0
1.992938e+03 0
1.993196e+03 0
1.993453e+03 0
1.993711e+03 0
1.993969e+03 0
1.994226e+03 0
1.994484e+03 0
1.994742e+03 0
1.995000e+03 0
1.995257e+03 0
1.995515e+03 0
1.995773e+03 0
1.996030e+03 0
1.996288e+03 0
1.996546e+03 0
1.996804e+03 0
1.997061e+03 0
1.997319e+03 0
1.997577e+03 0
1.997834e+03 0
1.998092e+03 0
1.998350e+03 0
1.998608e+03 0
1.998865e+03 0
1.999123e+03 0
1.999381e+03 0
1.999638e+03 0
1.999896e+03 0
2.000154e+03 0
2.000412e+03 0
2.000669e+03 0
2.000927e+03 0
2.001185e+03 0
2.001443e+03 0
2.001700e+03 0
2.001958e+03 0
2.002216e+03 0
2.002474e+03 0
2.002731e+03 0
2.002989e+03 0
2.003247e+03 0
2.003505e+03 0
2.003762e+03 0
2.004020e+03 0
2.004278e+03 0
2.004536e+03 0
2.004794e+03 0
2.005051e+03 0
2.005309e+03 0
2.005567e+03 0
2.005825e+03 0
2.006082e+03 0
2.006340e+03 0
2.006598e+03 0
2.006856e+03 0
2.007114e+03 0
2.007371e+03 0
2.007629e+03 0
2.007887e+03 0
2.008145e+03 0
2.008402e+03 0
2.008660e+03 0
2.008918e+03 0
2.009176e+03 0
2.009434e+03 0
2.009691e+03 0
2.009949e+03 0
2.010207e+03 0
2.010465e+03 0
2.010723e+03 0
2.010981e+03 0
2.011238e+03 0
2.011496e+03 0
2.011754e+03 0
2.012012e+03 0
2.012270e+03 0
2.012527e+03 0
2.012785e+03 0
2.013043e+03 0
2.013301e+03 0
2.013559e+03 0
2.013817e+03 0
2.014074e+03 0
2.014332e+03 0
2.014590e+03 0
2.014848e+03 0
2.015106e+03 0
2.015364e+03 0
2.015622e+03 0
2.015879e+03 0
2.016137e+03 0
2.016395e+03 0
2.016653e+03 0
2.016911e+03 0
2.017169e+03 0
2.017427e+03 0
2.017684e+03 0
2.017942e+03 0
2.018200e+03 0
2.018458e+03 0
2.018716e+03 0
2.018974e+03 0
2.019232e+03 0
2.019489e+03 0
2.019747e+03 0
2.020005e+03 0
2.020263e+03 0
2.020521e+03 0
2.020779e+03 0
2.021037e+03 0
2.021295e+03 0
2.021553e+03 0
2.021810e+03 0
2.022068e+03 0
2.022326e+03 0
2.022584e+03 0
2.022842e+03 0
2.023100e+03 0
2.023358e+03 0
2.023616e+03 0
2.023874e+03 0
2.024132e+03 0
2.024389e+03 0
2.024647e+03 0
2.024905e+03 0
2.025163e+03 0
2.025421e+03 0
2.025679e+03 0
2.025937e+03 0
2.026195e+03 0
2.026453e+03 0
2.026711e+03 0
2.026969e+03 0
2.027227e+03 0
2.027485e+03 0
2.027742e+03 0
2.028000e+03 0
2.028258e+03 0
2.028516e+03 0
2.028774e+03 0
2.029032e+03 0
2.029290e+03 0
2.029548e+03 0
2.029806e+03 0
2.030064e+03 0
2.030322e+03 1
2.030580e+03 0
2.030838e+03 0
2.031096e+03 0
2.031354e+03 0
2.031612e+03 0
2.031870e+03 0
2.032128e+03 0
2.032386e+03 0
2.032644e+03 0
2.032902e+03 0
2.033160e+03 0
2.033417e+03 0
2.033675e+03 0
2.033933e+03 0
2.034191e+03 0
2.034449e+03 0
2.034707e+03 0
2.034965e+03 0
2.035223e+03 0
2.035481e+03 0
2.035739e+03 0
2.035997e+03 0
2.036255e+03 0
2.036513e+03 0
2.036771e+03 0
2.037029e+03 0
2.037287e+03 0
2.037545e+03 0
2.037803e+03 0
2.038061e+03 0
2.038319e+03 0
2.038577e+03 0
2.038835e+03 0
2.039093e+03 0
2.039351e+03 0
2.039609e+03 0
2.039867e+03 0
2.040126e+03 0
2.040384e+03 0
2.040642e+03 0
2.040900e+03 0
2.041158e+03 0
2.041416e+03 0
2.041674e+03 0
2.041932e+03 0
2.042190e+03 0
2.042448e+03 0
2.042706e+03 0
2.042964e+03 0
2.043222e+03 0
2.043480e+03 0
2.043738e+03 0
2.043996e+03 0
2.044254e+03 0
2.044512e+03 0
2.044770e+03 0
2.045028e+03 0
2.045286e+03 0
2.045544e+03 0
2.045803e+03 0
2.046061e+03 0
2.046319e+03 0
2.046577e+03 0
2.046835e+03 0
2.047093e+03 0
2.047351e+03 0
2.047609e+03 1
2.047867e+03 0
2.048125e+03 0
2.048383e+03 0
2.048641e+03 0
2.048899e+03 0
2.049158e+03 0
2.049416e+03 0
2.049674e+03 0
2.049932e+03 0
2.050190e+03 0
2.050448e+03 0
2.050706e+03 0
2.050964e+03 0
2.051222e+03 0
2.051480e+03 0
2.051739e+03 0
2.051997e+03 0
2.052255e+03 0
2.052513e+03 0
2.052771e+03 0
2.053029e+03 0
2.053287e+03 1
2.053545e+03 0
2.053803e+03 0
2.054062e+03 0
2.054320e+03 0
2.054578e+03 0
2.054836e+03 0
2.055094e+03 0
2.055352e+03 0
2.055610e+03 0
2.055868e+03 0
2.056127e+03 0
2.056385e+03 0
2.056643e+03 0
2.056901e+03 0
2.057159e+03 0
2.057417e+03 0
2.057675e+03 0
