Energy  Counts
-5.094873e-01 0
-2.799122e-01 0
-5.033724e-02 0
1.792376e-01 0
4.088124e-01 0
6.383870e-01 0
8.679616e-01 0
1.097536e+00 0
1.327110e+00 0
1.556685e+00 0
1.786259e+00 0
2.015833e+00 0
2.245407e+00 0
2.474980e+00 0
2.704554e+00 0
2.934128e+00 0
3.163701e+00 0
3.393275e+00 0
3.622848e+00 0
3.852421e+00 0
4.081994e+00 0
4.311567e+00 0
4.541140e+00 0
4.770713e+00 0
5.000285e+00 0
5.229858e+00 0
5.459430e+00 0
5.689002e+00 0
5.918575e+00 0
6.148147e+00 0
6.377719e+00 0
6.607291e+00 0
6.836862e+00 0
7.066434e+00 0
7.296006e+00 0
7.525577e+00 0
7.755148e+00 0
7.984720e+00 0
8.214291e+00 0
8.443862e+00 0
8.673433e+00 0
8.903004e+00 0
9.132574e+00 0
9.362145e+00 0
9.591715e+00 0
9.821286e+00 0
1.005086e+01 0
1.028043e+01 0
1.051000e+01 0
1.073957e+01 0
1.096914e+01 0
1.119871e+01 0
1.142828e+01 0
1.165785e+01 0
1.188741e+01 0
1.211698e+01 0
1.234655e+01 0
1.257612e+01 0
1.280569e+01 0
1.303526e+01 0
1.326483e+01 0
1.349440e+01 0
1.372397e+01 0
1.395353e+01 0
1.418310e+01 0
1.441267e+01 0
1.464224e+01 0
1.487181e+01 0
1.510138e+01 0
1.533094e+01 0
1.556051e+01 0
1.579008e+01 0
1.601965e+01 0
1.624921e+01 0
1.647878e+01 0
1.670835e+01 0
1.693792e+01 0
1.716748e+01 0
1.739705e+01 0
1.762662e+01 0
1.785618e+01 0
1.808575e+01 0
1.831532e+01 0
1.854488e+01 0
1.877445e+01 0
1.900401e+01 0
1.923358e+01 0
1.946315e+01 0
1.969271e+01 0
1.992228e+01 0
2.015184e+01 0
2.038141e+01 0
2.061097e+01 0
2.084054e+01 0
2.107010e+01 0
2.129967e+01 0
2.152923e+01 0
2.175880e+01 0
2.198836e+01 0
2.221793e+01 0
2.244749e+01 0
2.267706e+01 0
2.290662e+01 0
2.313619e+01 0
2.336575e+01 0
2.359531e+01 0
2.382488e+01 0
2.405444e+01 0
2.428401e+01 0
2.451357e+01 0
2.474313e+01 0
2.497270e+01 0
2.520226e+01 0
2.543182e+01 0
2.566139e+01 0
2.589095e+01 0
2.612051e+01 0
2.635007e+01 0
2.657964e+01 0
2.680920e+01 0
2.703876e+01 0
2.726832e+01 0
2.749789e+01 0
2.772745e+01 0
2.795701e+01 0
2.818657e+01 0
2.841613e+01 0
2.864570e+01 0
2.887526e+01 0
2.910482e+01 0
2.933438e+01 0
2.956394e+01 0
2.979350e+01 0
3.002306e+01 0
3.025262e+01 0
3.048219e+01 0
3.071175e+01 0
3.094131e+01 0
3.117087e+01 0
3.140043e+01 0
3.162999e+01 0
3.185955e+01 0
3.208911e+01 0
3.231867e+01 0
3.254823e+01 0
3.277779e+01 0
3.300735e+01 0
3.323691e+01 0
3.346647e+01 0
3.369603e+01 0
3.392558e+01 0
3.415514e+01 0
3.438470e+01 0
3.461426e+01 0
3.484382e+01 0
3.507338e+01 0
3.530294e+01 0
3.553250e+01 0
3.576205e+01 0
3.599161e+01 0
3.622117e+01 0
3.645073e+01 0
3.668029e+01 0
3.690984e+01 0
3.713940e+01 0
3.736896e+01 0
3.759852e+01 0
3.782807e+01 0
3.805763e+01 0
3.828719e+01 0
3.851675e+01 0
3.874630e+01 0
3.897586e+01 0
3.920542e+01 0
3.943497e+01 0
3.966453e+01 0
3.989409e+01 0
4.012364e+01 0
4.035320e+01 0
4.058276e+01 0
4.081231e+01 0
4.104187e+01 0
4.127142e+01 0
4.150098e+01 0
4.173053e+01 0
4.196009e+01 0
4.218965e+01 0
4.241920e+01 0
4.264876e+01 0
4.287831e+01 0
4.310787e+01 0
4.333742e+01 0
4.356698e+01 0
4.379653e+01 0
4.402608e+01 0
4.425564e+01 0
4.448519e+01 0
4.471475e+01 0
4.494430e+01 0
4.517386e+01 0
4.540341e+01 0
4.563296e+01 0
4.586252e+01 0
4.609207e+01 0
4.632162e+01 0
4.655118e+01 0
4.678073e+01 0
4.701028e+01 0
4.723984e+01 0
4.746939e+01 0
4.769894e+01 0
4.792849e+01 0
4.815805e+01 0
4.838760e+01 0
4.861715e+01 0
4.884670e+01 0
4.907626e+01 0
4.930581e+01 0
4.953536e+01 0
4.976491e+01 0
4.999446e+01 0
5.022402e+01 0
5.045357e+01 0
5.068312e+01 0
5.091267e+01 0
5.114222e+01 0
5.137177e+01 0
5.160132e+01 0
5.183087e+01 0
5.206043e+01 0
5.228998e+01 0
5.251953e+01 0
5.274908e+01 0
5.297863e+01 0
5.320818e+01 0
5.343773e+01 0
5.366728e+01 0
5.389683e+01 0
5.412638e+01 0
5.435593e+01 0
5.458548e+01 0
5.481503e+01 0
5.504458e+01 0
5.527413e+01 0
5.550367e+01 0
5.573322e+01 0
5.596277e+01 0
5.619232e+01 0
5.642187e+01 0
5.665142e+01 0
5.688097e+01 0
5.711052e+01 0
5.734006e+01 0
5.756961e+01 0
5.779916e+01 0
5.802871e+01 0
5.825826e+01 0
5.848780e+01 0
5.871735e+01 0
5.894690e+01 0
5.917645e+01 0
5.940599e+01 0
5.963554e+01 0
5.986509e+01 0
6.009464e+01 0
6.032418e+01 0
6.055373e+01 0
6.078328e+01 0
6.101282e+01 0
6.124237e+01 0
6.147192e+01 0
6.170146e+01 0
6.193101e+01 0
6.216056e+01 0
6.239010e+01 0
6.261965e+01 0
6.284919e+01 0
6.307874e+01 0
6.330828e+01 0
6.353783e+01 0
6.376737e+01 0
6.399692e+01 0
6.422647e+01 0
6.445601e+01 0
6.468556e+01 0
6.491510e+01 0
6.514464e+01 0
6.537419e+01 0
6.560373e+01 0
6.583328e+01 0
6.606282e+01 0
6.629237e+01 0
6.652191e+01 0
6.675145e+01 0
6.698100e+01 0
6.721054e+01 0
6.744009e+01 0
6.766963e+01 0
6.789917e+01 0
6.812872e+01 0
6.835826e+01 0
6.858780e+01 0
6.881735e+01 0
6.904689e+01 0
6.927643e+01 0
6.950597e+01 0
6.973552e+01 0
6.996506e+01 0
7.019460e+01 0
7.042414e+01 0
7.065369e+01 0
7.088323e+01 0
7.111277e+01 0
7.134231e+01 0
7.157185e+01 0
7.180140e+01 0
7.203094e+01 0
7.226048e+01 0
7.249002e+01 0
7.271956e+01 0
7.294910e+01 0
7.317864e+01 0
7.340818e+01 0
7.363772e+01 0
7.386727e+01 0
7.409681e+01 0
7.432635e+01 0
7.455589e+01 0
7.478543e+01 0
7.501497e+01 0
7.524451e+01 0
7.547405e+01 0
7.570359e+01 0
7.593313e+01 0
7.616267e+01 0
7.639221e+01 0
7.662175e+01 0
7.685128e+01 0
7.708082e+01 0
7.731036e+01 0
7.753990e+01 0
7.776944e+01 0
7.799898e+01 0
7.822852e+01 0
7.845806e+01 0
7.868760e+01 0
7.891713e+01 0
7.914667e+01 0
7.937621e+01 0
7.960575e+01 0
7.983529e+01 0
8.006482e+01 0
8.029436e+01 0
8.052390e+01 0
8.075344e+01 0
8.098297e+01 0
8.121251e+01 0
8.144205e+01 0
8.167159e+01 0
8.190112e+01 0
8.213066e+01 0
8.236020e+01 0
8.258973e+01 0
8.281927e+01 0
8.304881e+01 0
8.327834e+01 0
8.350788e+01 0
8.373741e+01 0
8.396695e+01 0
8.419649e+01 0
8.442602e+01 0
8.465556e+01 0
8.488509e+01 0
8.511463e+01 0
8.534416e+01 0
8.557370e+01 0
8.580323e+01 0
8.603277e+01 0
8.626230e+01 0
8.649184e+01 0
8.672137e+01 0
8.695091e+01 0
8.718044e+01 0
8.740998e+01 0
8.763951e+01 0
8.786905e+01 0
8.809858e+01 0
8.832811e+01 0
8.855765e+01 0
8.878718e+01 0
8.901671e+01 0
8.924625e+01 0
8.947578e+01 0
8.970532e+01 0
8.993485e+01 0
9.016438e+01 0
9.039391e+01 0
9.062345e+01 0
9.085298e+01 0
9.108251e+01 0
9.131205e+01 0
9.154158e+01 0
9.177111e+01 0
9.200064e+01 0
9.223017e+01 0
9.245971e+01 0
9.268924e+01 0
9.291877e+01 0
9.314830e+01 0
9.337783e+01 0
9.360737e+01 0
9.383690e+01 0
9.406643e+01 0
9.429596e+01 0
9.452549e+01 0
9.475502e+01 0
9.498455e+01 0
9.521408e+01 0
9.544361e+01 0
9.567314e+01 0
9.590267e+01 0
9.613221e+01 0
9.636174e+01 0
9.659127e+01 0
9.682080e+01 0
9.705033e+01 0
9.727986e+01 0
9.750938e+01 0
9.773891e+01 0
9.796844e+01 0
9.819797e+01 0
9.842750e+01 0
9.865703e+01 0
9.888656e+01 0
9.911609e+01 0
9.934562e+01 0
9.957515e+01 0
9.980468e+01 0
1.000342e+02 0
1.002637e+02 0
1.004933e+02 0
1.007228e+02 0
1.009523e+02 0
1.011818e+02 0
1.014114e+02 0
1.016409e+02 0
1.018704e+02 0
1.021000e+02 0
1.023295e+02 0
1.025590e+02 0
1.027885e+02 0
1.030181e+02 0
1.032476e+02 0
1.034771e+02 0
1.037066e+02 0
1.039362e+02 0
1.041657e+02 0
1.043952e+02 0
1.046248e+02 0
1.048543e+02 0
1.050838e+02 0
1.053133e+02 0
1.055429e+02 0
1.057724e+02 0
1.060019e+02 0
1.062314e+02 0
1.064610e+02 0
1.066905e+02 0
1.069200e+02 0
1.071495e+02 0
1.073791e+02 0
1.076086e+02 0
1.078381e+02 0
1.080676e+02 0
1.082972e+02 0
1.085267e+02 0
1.087562e+02 0
1.089857e+02 0
1.092153e+02 0
1.094448e+02 0
1.096743e+02 0
1.099038e+02 0
1.101334e+02 0
1.103629e+02 0
1.105924e+02 0
1.108219e+02 0
1.110514e+02 0
1.112810e+02 0
1.115105e+02 0
1.117400e+02 0
1.119695e+02 0
1.121991e+02 0
1.124286e+02 0
1.126581e+02 0
1.128876e+02 0
1.131172e+02 0
1.133467e+02 0
1.135762e+02 0
1.138057e+02 0
1.140352e+02 0
1.142648e+02 0
1.144943e+02 0
1.147238e+02 0
1.149533e+02 0
1.151829e+02 0
1.154124e+02 0
1.156419e+02 0
1.158714e+02 0
1.161009e+02 0
1.163305e+02 0
1.165600e+02 0
1.167895e+02 0
1.170190e+02 0
1.172485e+02 0
1.174781e+02 0
1.177076e+02 0
1.179371e+02 0
1.181666e+02 0
1.183961e+02 0
1.186257e+02 0
1.188552e+02 0
1.190847e+02 0
1.193142e+02 0
1.195437e+02 0
1.197733e+02 0
1.200028e+02 0
1.202323e+02 0
1.204618e+02 0
1.206913e+02 0
1.209209e+02 0
1.211504e+02 0
1.213799e+02 0
1.216094e+02 0
1.218389e+02 0
1.220684e+02 0
1.222980e+02 0
1.225275e+02 0
1.227570e+02 0
1.229865e+02 0
1.232160e+02 0
1.234456e+02 0
1.236751e+02 0
1.239046e+02 0
1.241341e+02 0
1.243636e+02 0
1.245931e+02 0
1.248227e+02 0
1.250522e+02 0
1.252817e+02 0
1.255112e+02 0
1.257407e+02 0
1.259702e+02 0
1.261998e+02 0
1.264293e+02 0
1.266588e+02 0
1.268883e+02 0
1.271178e+02 0
1.273473e+02 0
1.275769e+02 0
1.278064e+02 0
1.280359e+02 0
1.282654e+02 0
1.284949e+02 0
1.287244e+02 0
1.289539e+02 0
1.291835e+02 0
1.294130e+02 0
1.296425e+02 0
1.298720e+02 0
1.301015e+02 0
1.303310e+02 0
1.305606e+02 0
1.307901e+02 0
1.310196e+02 0
1.312491e+02 0
1.314786e+02 0
1.317081e+02 0
1.319376e+02 0
1.321671e+02 0
1.323967e+02 0
1.326262e+02 0
1.328557e+02 0
1.330852e+02 0
1.333147e+02 0
1.335442e+02 0
1.337737e+02 0
1.340033e+02 0
1.342328e+02 0
1.344623e+02 0
1.346918e+02 0
1.349213e+02 0
1.351508e+02 0
1.353803e+02 0
1.356098e+02 0
1.358394e+02 0
1.360689e+02 0
1.362984e+02 0
1.365279e+02 0
1.367574e+02 0
1.369869e+02 0
1.372164e+02 0
1.374459e+02 0
1.376754e+02 0
1.379050e+02 0
1.381345e+02 0
1.383640e+02 0
1.385935e+02 0
1.388230e+02 0
1.390525e+02 0
1.392820e+02 0
1.395115e+02 0
1.397410e+02 0
1.399705e+02 0
1.402001e+02 0
1.404296e+02 0
1.406591e+02 0
1.408886e+02 0
1.411181e+02 0
1.413476e+02 0
1.415771e+02 0
1.418066e+02 0
1.420361e+02 0
1.422656e+02 0
1.424952e+02 0
1.427247e+02 0
1.429542e+02 0
1.431837e+02 0
1.434132e+02 0
1.436427e+02 0
1.438722e+02 0
1.441017e+02 0
1.443312e+02 0
1.445607e+02 0
1.447902e+02 0
1.450197e+02 0
1.452492e+02 0
1.454788e+02 0
1.457083e+02 0
1.459378e+02 0
1.461673e+02 0
1.463968e+02 0
1.466263e+02 0
1.468558e+02 0
1.470853e+02 0
1.473148e+02 0
1.475443e+02 0
1.477738e+02 0
1.480033e+02 0
1.482328e+02 0
1.484623e+02 0
1.486918e+02 0
1.489214e+02 0
1.491509e+02 0
1.493804e+02 0
1.496099e+02 0
1.498394e+02 0
1.500689e+02 0
1.502984e+02 0
1.505279e+02 0
1.507574e+02 0
1.509869e+02 0
1.512164e+02 0
1.514459e+02 0
1.516754e+02 0
1.519049e+02 0
1.521344e+02 0
1.523639e+02 0
1.525934e+02 0
1.528229e+02 0
1.530524e+02 0
1.532819e+02 0
1.535115e+02 0
1.537410e+02 0
1.539705e+02 0
1.542000e+02 0
1.544295e+02 0
1.546590e+02 0
1.548885e+02 0
1.551180e+02 0
1.553475e+02 0
1.555770e+02 0
1.558065e+02 0
1.560360e+02 0
1.562655e+02 0
1.564950e+02 0
1.567245e+02 0
1.569540e+02 0
1.571835e+02 0
1.574130e+02 0
1.576425e+02 0
1.578720e+02 0
1.581015e+02 0
1.583310e+02 0
1.585605e+02 0
1.587900e+02 0
1.590195e+02 0
1.592490e+02 0
1.594785e+02 0
1.597080e+02 0
1.599375e+02 0
1.601670e+02 0
1.603965e+02 0
1.606260e+02 0
1.608555e+02 0
1.610850e+02 0
1.613145e+02 0
1.615440e+02 0
1.617735e+02 0
1.620030e+02 0
1.622325e+02 0
1.624620e+02 0
1.626915e+02 0
1.629210e+02 0
1.631505e+02 0
1.633800e+02 0
1.636095e+02 0
1.638390e+02 0
1.640685e+02 0
1.642980e+02 0
1.645275e+02 0
1.647570e+02 0
1.649865e+02 0
1.652160e+02 0
1.654455e+02 0
1.656750e+02 0
1.659045e+02 0
1.661340e+02 0
1.663635e+02 0
1.665930e+02 0
1.668225e+02 0
1.670520e+02 0
1.672815e+02 0
1.675110e+02 0
1.677405e+02 0
1.679700e+02 0
1.681995e+02 0
1.684290e+02 0
1.686585e+02 0
1.688880e+02 0
1.691175e+02 0
1.693469e+02 0
1.695764e+02 0
1.698059e+02 0
1.700354e+02 0
1.702649e+02 0
1.704944e+02 0
1.707239e+02 0
1.709534e+02 0
1.711829e+02 0
1.714124e+02 0
1.716419e+02 0
1.718714e+02 0
1.721009e+02 0
1.723304e+02 0
1.725599e+02 0
1.727894e+02 0
1.730189e+02 0
1.732484e+02 0
1.734779e+02 0
1.737074e+02 0
1.739369e+02 0
1.741663e+02 0
1.743958e+02 0
1.746253e+02 0
1.748548e+02 0
1.750843e+02 0
1.753138e+02 0
1.755433e+02 0
1.757728e+02 0
1.760023e+02 0
1.762318e+02 0
1.764613e+02 0
1.766908e+02 0
1.769203e+02 0
1.771498e+02 0
1.773793e+02 0
1.776087e+02 0
1.778382e+02 0
1.780677e+02 0
1.782972e+02 0
1.785267e+02 0
1.787562e+02 0
1.789857e+02 0
1.792152e+02 0
1.794447e+02 0
1.796742e+02 0
1.799037e+02 0
1.801332e+02 0
1.803627e+02 0
1.805921e+02 0
1.808216e+02 0
1.810511e+02 0
1.812806e+02 0
1.815101e+02 0
1.817396e+02 0
1.819691e+02 0
1.821986e+02 0
1.824281e+02 0
1.826576e+02 0
1.828870e+02 0
1.831165e+02 0
1.833460e+02 0
1.835755e+02 0
1.838050e+02 0
1.840345e+02 0
1.842640e+02 0
1.844935e+02 0
1.847230e+02 0
1.849525e+02 0
1.851819e+02 0
1.854114e+02 0
1.856409e+02 0
1.858704e+02 0
1.860999e+02 0
1.863294e+02 0
1.865589e+02 0
1.867884e+02 0
1.870179e+02 0
1.872473e+02 0
1.874768e+02 0
1.877063e+02 0
1.879358e+02 0
1.881653e+02 0
1.883948e+02 0
1.886243e+02 0
1.888538e+02 0
1.890832e+02 0
1.893127e+02 0
1.895422e+02 0
1.897717e+02 0
1.900012e+02 0
1.902307e+02 0
1.904602e+02 0
1.906896e+02 0
1.909191e+02 0
1.911486e+02 0
1.913781e+02 0
1.916076e+02 0
1.918371e+02 0
1.920666e+02 0
1.922960e+02 0
1.925255e+02 0
1.927550e+02 0
1.929845e+02 0
1.932140e+02 0
1.934435e+02 0
1.936730e+02 0
1.939024e+02 0
1.941319e+02 0
1.943614e+02 0
1.945909e+02 0
1.948204e+02 0
1.950499e+02 0
1.952794e+02 0
1.955088e+02 0
1.957383e+02 0
1.959678e+02 0
1.961973e+02 0
1.964268e+02 0
1.966563e+02 0
1.968857e+02 0
1.971152e+02 0
1.973447e+02 0
1.975742e+02 0
1.978037e+02 0
1.980332e+02 0
1.982626e+02 0
1.984921e+02 0
1.987216e+02 0
1.989511e+02 0
1.991806e+02 0
1.994101e+02 0
1.996395e+02 0
1.998690e+02 0
2.000985e+02 0
2.003280e+02 0
2.005575e+02 0
2.007869e+02 0
2.010164e+02 0
2.012459e+02 0
2.014754e+02 0
2.017049e+02 0
2.019344e+02 0
2.021638e+02 0
2.023933e+02 0
2.026228e+02 0
2.028523e+02 0
2.030818e+02 0
2.033112e+02 0
2.035407e+02 0
2.037702e+02 0
2.039997e+02 0
2.042292e+02 0
2.044586e+02 0
2.046881e+02 0
2.049176e+02 0
2.051471e+02 0
2.053766e+02 0
2.056060e+02 0
2.058355e+02 0
2.060650e+02 0
2.062945e+02 0
2.065240e+02 0
2.067534e+02 0
2.069829e+02 0
2.072124e+02 0
2.074419e+02 0
2.076714e+02 0
2.079008e+02 0
2.081303e+02 0
2.083598e+02 0
2.085893e+02 0
2.088187e+02 0
2.090482e+02 0
2.092777e+02 0
2.095072e+02 0
2.097367e+02 0
2.099661e+02 0
2.101956e+02 0
2.104251e+02 0
2.106546e+02 0
2.108840e+02 0
2.111135e+02 0
2.113430e+02 0
2.115725e+02 0
2.118019e+02 0
2.120314e+02 0
2.122609e+02 0
2.124904e+02 0
2.127199e+02 0
2.129493e+02 0
2.131788e+02 0
2.134083e+02 0
2.136378e+02 0
2.138672e+02 0
2.140967e+02 0
2.143262e+02 0
2.145557e+02 0
2.147851e+02 0
2.150146e+02 0
2.152441e+02 0
2.154736e+02 0
2.157030e+02 0
2.159325e+02 0
2.161620e+02 0
2.163915e+02 0
2.166209e+02 0
2.168504e+02 0
2.170799e+02 0
2.173094e+02 0
2.175388e+02 0
2.177683e+02 0
2.179978e+02 0
2.182272e+02 0
2.184567e+02 0
2.186862e+02 0
2.189157e+02 0
2.191451e+02 0
2.193746e+02 0
2.196041e+02 0
2.198336e+02 0
2.200630e+02 0
2.202925e+02 0
2.205220e+02 0
2.207515e+02 0
2.209809e+02 0
2.212104e+02 0
2.214399e+02 0
2.216693e+02 0
2.218988e+02 0
2.221283e+02 0
2.223578e+02 0
2.225872e+02 0
2.228167e+02 0
2.230462e+02 0
2.232756e+02 0
2.235051e+02 0
2.237346e+02 0
2.239641e+02 0
2.241935e+02 0
2.244230e+02 0
2.246525e+02 0
2.248819e+02 0
2.251114e+02 0
2.253409e+02 0
2.255704e+02 0
2.257998e+02 0
2.260293e+02 0
2.262588e+02 0
2.264882e+02 0
2.267177e+02 0
2.269472e+02 0
2.271766e+02 0
2.274061e+02 0
2.276356e+02 0
2.278650e+02 0
2.280945e+02 0
2.283240e+02 0
2.285535e+02 0
2.287829e+02 0
2.290124e+02 0
2.292419e+02 0
2.294713e+02 0
2.297008e+02 0
2.299303e+02 0
2.301597e+02 0
2.303892e+02 0
2.306187e+02 0
2.308481e+02 0
2.310776e+02 0
2.313071e+02 0
2.315365e+02 0
2.317660e+02 0
2.319955e+02 0
2.322249e+02 0
2.324544e+02 0
2.326839e+02 0
2.329133e+02 0
2.331428e+02 0
2.333723e+02 0
2.336017e+02 0
2.338312e+02 0
2.340607e+02 0
2.342901e+02 0
2.345196e+02 0
2.347491e+02 0
2.349785e+02 0
2.352080e+02 0
2.354375e+02 0
2.356669e+02 0
2.358964e+02 0
2.361259e+02 0
2.363553e+02 0
2.365848e+02 0
2.368143e+02 0
2.370437e+02 0
2.372732e+02 0
2.375027e+02 0
2.377321e+02 0
2.379616e+02 0
2.381911e+02 0
2.384205e+02 0
2.386500e+02 0
2.388794e+02 0
2.391089e+02 0
2.393384e+02 0
2.395678e+02 0
2.397973e+02 0
2.400268e+02 0
2.402562e+02 0
2.404857e+02 0
2.407152e+02 0
2.409446e+02 0
2.411741e+02 0
2.414035e+02 0
2.416330e+02 0
2.418625e+02 0
2.420919e+02 0
2.423214e+02 0
2.425509e+02 0
2.427803e+02 0
2.430098e+02 0
2.432392e+02 0
2.434687e+02 0
2.436982e+02 0
2.439276e+02 0
2.441571e+02 0
2.443866e+02 0
2.446160e+02 0
2.448455e+02 0
2.450749e+02 0
2.453044e+02 0
2.455339e+02 0
2.457633e+02 0
2.459928e+02 0
2.462222e+02 0
2.464517e+02 0
2.466812e+02 0
2.469106e+02 0
2.471401e+02 0
2.473695e+02 0
2.475990e+02 0
2.478285e+02 0
2.480579e+02 0
2.482874e+02 0
2.485168e+02 0
2.487463e+02 0
2.489758e+02 0
2.492052e+02 0
2.494347e+02 0
2.496641e+02 0
2.498936e+02 0
2.501231e+02 0
2.503525e+02 0
2.505820e+02 0
2.508114e+02 0
2.510409e+02 0
2.512703e+02 0
2.514998e+02 0
2.517293e+02 0
2.519587e+02 0
2.521882e+02 0
2.524176e+02 0
2.526471e+02 0
2.528766e+02 0
2.531060e+02 0
2.533355e+02 0
2.535649e+02 0
2.537944e+02 0
2.540238e+02 0
2.542533e+02 0
2.544828e+02 0
2.547122e+02 0
2.549417e+02 0
2.551711e+02 0
2.554006e+02 0
2.556300e+02 0
2.558595e+02 0
2.560889e+02 0
2.563184e+02 0
2.565479e+02 0
2.567773e+02 0
2.570068e+02 0
2.572362e+02 0
2.574657e+02 0
2.576951e+02 0
2.579246e+02 0
2.581540e+02 0
2.583835e+02 0
2.586130e+02 0
2.588424e+02 0
2.590719e+02 0
2.593013e+02 0
2.595308e+02 0
2.597602e+02 0
2.599897e+02 0
2.602191e+02 0
2.604486e+02 0
2.606780e+02 0
2.609075e+02 0
2.611370e+02 0
2.613664e+02 0
2.615959e+02 0
2.618253e+02 0
2.620548e+02 0
2.622842e+02 0
2.625137e+02 0
2.627431e+02 0
2.629726e+02 0
2.632020e+02 0
2.634315e+02 0
2.636609e+02 0
2.638904e+02 0
2.641198e+02 0
2.643493e+02 0
2.645788e+02 0
2.648082e+02 0
2.650377e+02 0
2.652671e+02 0
2.654966e+02 0
2.657260e+02 0
2.659555e+02 0
2.661849e+02 0
2.664144e+02 0
2.666438e+02 0
2.668733e+02 0
2.671027e+02 0
2.673322e+02 0
2.675616e+02 0
2.677911e+02 0
2.680205e+02 0
2.682500e+02 0
2.684794e+02 0
2.687089e+02 0
2.689383e+02 0
2.691678e+02 0
2.693972e+02 0
2.696267e+02 0
2.698561e+02 0
2.700856e+02 0
2.703150e+02 0
2.705445e+02 0
2.707739e+02 0
2.710034e+02 0
2.712328e+02 0
2.714623e+02 0
2.716917e+02 0
2.719212e+02 0
2.721506e+02 0
2.723801e+02 0
2.726095e+02 0
2.728390e+02 0
2.730684e+02 0
2.732979e+02 0
2.735273e+02 0
2.737568e+02 0
2.739862e+02 0
2.742156e+02 0
2.744451e+02 0
2.746745e+02 0
2.749040e+02 0
2.751334e+02 0
2.753629e+02 0
2.755923e+02 0
2.758218e+02 0
2.760512e+02 0
2.762807e+02 0
2.765101e+02 0
2.767396e+02 0
2.769690e+02 0
2.771985e+02 0
2.774279e+02 0
2.776573e+02 0
2.778868e+02 0
2.781162e+02 0
2.783457e+02 0
2.785751e+02 0
2.788046e+02 0
2.790340e+02 0
2.792635e+02 0
2.794929e+02 0
2.797224e+02 0
2.799518e+02 0
2.801812e+02 0
2.804107e+02 0
2.806401e+02 0
2.808696e+02 0
2.810990e+02 0
2.813285e+02 0
2.815579e+02 0
2.817874e+02 0
2.820168e+02 0
2.822462e+02 0
2.824757e+02 0
2.827051e+02 0
2.829346e+02 0
2.831640e+02 0
2.833935e+02 0
2.836229e+02 0
2.838524e+02 0
2.840818e+02 0
2.843112e+02 0
2.845407e+02 0
2.847701e+02 0
2.849996e+02 0
2.852290e+02 0
2.854585e+02 0
2.856879e+02 0
2.859173e+02 0
2.861468e+02 0
2.863762e+02 0
2.866057e+02 0
2.868351e+02 0
2.870645e+02 0
2.872940e+02 0
2.875234e+02 0
2.877529e+02 0
2.879823e+02 0
2.882118e+02 0
2.884412e+02 0
2.886706e+02 0
2.889001e+02 0
2.891295e+02 0
2.893590e+02 0
2.895884e+02 0
2.898178e+02 0
2.900473e+02 0
2.902767e+02 0
2.905062e+02 0
2.907356e+02 0
2.909650e+02 0
2.911945e+02 0
2.914239e+02 0
2.916534e+02 0
2.918828e+02 0
2.921122e+02 0
2.923417e+02 0
2.925711e+02 0
2.928006e+02 0
2.930300e+02 0
2.932594e+02 0
2.934889e+02 0
2.937183e+02 0
2.939477e+02 0
2.941772e+02 0
2.944066e+02 0
2.946361e+02 0
2.948655e+02 0
2.950949e+02 0
2.953244e+02 0
2.955538e+02 0
2.957833e+02 0
2.960127e+02 0
2.962421e+02 0
2.964716e+02 0
2.967010e+02 0
2.969304e+02 0
2.971599e+02 0
2.973893e+02 0
2.976188e+02 0
2.978482e+02 0
2.980776e+02 0
2.983071e+02 0
2.985365e+02 0
2.987659e+02 0
2.989954e+02 0
2.992248e+02 0
2.994542e+02 0
2.996837e+02 0
2.999131e+02 0
3.001426e+02 0
3.003720e+02 0
3.006014e+02 0
3.008309e+02 0
3.010603e+02 0
3.012897e+02 0
3.015192e+02 0
3.017486e+02 0
3.019780e+02 0
3.022075e+02 0
3.024369e+02 0
3.026663e+02 0
3.028958e+02 0
3.031252e+02 0
3.033546e+02 0
3.035841e+02 0
3.038135e+02 0
3.040429e+02 0
3.042724e+02 0
3.045018e+02 0
3.047312e+02 0
3.049607e+02 0
3.051901e+02 0
3.054195e+02 0
3.056490e+02 0
3.058784e+02 0
3.061078e+02 0
3.063373e+02 0
3.065667e+02 0
3.067961e+02 0
3.070256e+02 0
3.072550e+02 0
3.074844e+02 0
3.077139e+02 0
3.079433e+02 0
3.081727e+02 0
3.084022e+02 0
3.086316e+02 0
3.088610e+02 0
3.090905e+02 0
3.093199e+02 0
3.095493e+02 0
3.097788e+02 0
3.100082e+02 0
3.102376e+02 0
3.104670e+02 0
3.106965e+02 0
3.109259e+02 0
3.111553e+02 0
3.113848e+02 0
3.116142e+02 0
3.118436e+02 0
3.120731e+02 0
3.123025e+02 0
3.125319e+02 0
3.127613e+02 0
3.129908e+02 0
3.132202e+02 0
3.134496e+02 0
3.136791e+02 0
3.139085e+02 0
3.141379e+02 0
3.143674e+02 0
3.145968e+02 0
3.148262e+02 0
3.150556e+02 0
3.152851e+02 0
3.155145e+02 0
3.157439e+02 0
3.159734e+02 0
3.162028e+02 0
3.164322e+02 0
3.166616e+02 0
3.168911e+02 0
3.171205e+02 0
3.173499e+02 0
3.175793e+02 0
3.178088e+02 0
3.180382e+02 0
3.182676e+02 0
3.184971e+02 0
3.187265e+02 0
3.189559e+02 0
3.191853e+02 0
3.194148e+02 0
3.196442e+02 0
3.198736e+02 0
3.201030e+02 0
3.203325e+02 0
3.205619e+02 0
3.207913e+02 0
3.210207e+02 0
3.212502e+02 0
3.214796e+02 0
3.217090e+02 0
3.219385e+02 0
3.221679e+02 0
3.223973e+02 0
3.226267e+02 0
3.228562e+02 0
3.230856e+02 0
3.233150e+02 0
3.235444e+02 0
3.237739e+02 0
3.240033e+02 0
3.242327e+02 0
3.244621e+02 0
3.246916e+02 0
3.249210e+02 0
3.251504e+02 0
3.253798e+02 0
3.256092e+02 0
3.258387e+02 0
3.260681e+02 0
3.262975e+02 0
3.265269e+02 0
3.267564e+02 0
3.269858e+02 0
3.272152e+02 0
3.274446e+02 0
3.276741e+02 0
3.279035e+02 0
3.281329e+02 0
3.283623e+02 0
3.285917e+02 0
3.288212e+02 0
3.290506e+02 0
3.292800e+02 0
3.295094e+02 0
3.297389e+02 0
3.299683e+02 0
3.301977e+02 0
3.304271e+02 0
3.306565e+02 0
3.308860e+02 0
3.311154e+02 0
3.313448e+02 0
3.315742e+02 0
3.318037e+02 0
3.320331e+02 0
3.322625e+02 0
3.324919e+02 0
3.327213e+02 0
3.329508e+02 0
3.331802e+02 0
3.334096e+02 0
3.336390e+02 0
3.338684e+02 0
3.340979e+02 0
3.343273e+02 0
3.345567e+02 0
3.347861e+02 0
3.350155e+02 0
3.352450e+02 0
3.354744e+02 0
3.357038e+02 0
3.359332e+02 0
3.361626e+02 0
3.363920e+02 0
3.366215e+02 0
3.368509e+02 0
3.370803e+02 0
3.373097e+02 0
3.375391e+02 0
3.377686e+02 0
3.379980e+02 0
3.382274e+02 0
3.384568e+02 0
3.386862e+02 0
3.389156e+02 0
3.391451e+02 0
3.393745e+02 0
3.396039e+02 0
3.398333e+02 0
3.400627e+02 0
3.402922e+02 0
3.405216e+02 0
3.407510e+02 0
3.409804e+02 0
3.412098e+02 0
3.414392e+02 0
3.416687e+02 0
3.418981e+02 0
3.421275e+02 0
3.423569e+02 0
3.425863e+02 0
3.428157e+02 0
3.430451e+02 0
3.432746e+02 0
3.435040e+02 0
3.437334e+02 0
3.439628e+02 0
3.441922e+02 0
3.444216e+02 0
3.446511e+02 0
3.448805e+02 0
3.451099e+02 0
3.453393e+02 0
3.455687e+02 0
3.457981e+02 0
3.460275e+02 0
3.462570e+02 0
3.464864e+02 0
3.467158e+02 0
3.469452e+02 0
3.471746e+02 0
3.474040e+02 0
3.476334e+02 0
3.478629e+02 0
3.480923e+02 0
3.483217e+02 0
3.485511e+02 0
3.487805e+02 0
3.490099e+02 0
3.492393e+02 0
3.494687e+02 0
3.496982e+02 0
3.499276e+02 0
3.501570e+02 0
3.503864e+02 0
3.506158e+02 0
3.508452e+02 0
3.510746e+02 0
3.513040e+02 0
3.515335e+02 0
3.517629e+02 0
3.519923e+02 0
3.522217e+02 0
3.524511e+02 0
3.526805e+02 0
3.529099e+02 0
3.531393e+02 0
3.533687e+02 0
3.535982e+02 0
3.538276e+02 0
3.540570e+02 0
3.542864e+02 0
3.545158e+02 0
3.547452e+02 0
3.549746e+02 0
3.552040e+02 0
3.554334e+02 0
3.556628e+02 0
3.558923e+02 0
3.561217e+02 0
3.563511e+02 0
3.565805e+02 0
3.568099e+02 0
3.570393e+02 0
3.572687e+02 0
3.574981e+02 0
3.577275e+02 0
3.579569e+02 0
3.581864e+02 0
3.584158e+02 0
3.586452e+02 0
3.588746e+02 0
3.591040e+02 0
3.593334e+02 0
3.595628e+02 0
3.597922e+02 0
3.600216e+02 0
3.602510e+02 0
3.604804e+02 0
3.607098e+02 0
3.609392e+02 0
3.611687e+02 0
3.613981e+02 0
3.616275e+02 0
3.618569e+02 0
3.620863e+02 0
3.623157e+02 0
3.625451e+02 0
3.627745e+02 0
3.630039e+02 0
3.632333e+02 0
3.634627e+02 0
3.636921e+02 0
3.639215e+02 0
3.641509e+02 0
3.643803e+02 0
3.646098e+02 0
3.648392e+02 0
3.650686e+02 0
3.652980e+02 0
3.655274e+02 0
3.657568e+02 0
3.659862e+02 0
3.662156e+02 0
3.664450e+02 0
3.666744e+02 0
3.669038e+02 0
3.671332e+02 0
3.673626e+02 0
3.675920e+02 0
3.678214e+02 0
3.680508e+02 0
3.682802e+02 0
3.685096e+02 0
3.687390e+02 0
3.689684e+02 0
3.691978e+02 0
3.694272e+02 0
3.696567e+02 0
3.698861e+02 0
3.701155e+02 0
3.703449e+02 0
3.705743e+02 0
3.708037e+02 0
3.710331e+02 0
3.712625e+02 0
3.714919e+02 0
3.717213e+02 0
3.719507e+02 0
3.721801e+02 0
3.724095e+02 0
3.726389e+02 0
3.728683e+02 0
3.730977e+02 0
3.733271e+02 0
3.735565e+02 0
3.737859e+02 0
3.740153e+02 0
3.742447e+02 0
3.744741e+02 0
3.747035e+02 0
3.749329e+02 0
3.751623e+02 0
3.753917e+02 0
3.756211e+02 0
3.758505e+02 0
3.760799e+02 0
3.763093e+02 0
3.765387e+02 0
3.767681e+02 0
3.769975e+02 0
3.772269e+02 0
3.774563e+02 0
3.776857e+02 0
3.779151e+02 0
3.781445e+02 0
3.783739e+02 0
3.786033e+02 0
3.788327e+02 0
3.790621e+02 0
3.792915e+02 0
3.795209e+02 0
3.797503e+02 0
3.799797e+02 0
3.802091e+02 0
3.804385e+02 0
3.806679e+02 0
3.808973e+02 0
3.811267e+02 0
3.813561e+02 0
3.815855e+02 0
3.818149e+02 0
3.820443e+02 0
3.822737e+02 0
3.825031e+02 0
3.827325e+02 0
3.829619e+02 0
3.831913e+02 0
3.834207e+02 0
3.836501e+02 0
3.838795e+02 0
3.841089e+02 0
3.843382e+02 0
3.845676e+02 0
3.847970e+02 0
3.850264e+02 0
3.852558e+02 0
3.854852e+02 0
3.857146e+02 0
3.859440e+02 0
3.861734e+02 0
3.864028e+02 0
3.866322e+02 0
3.868616e+02 0
3.870910e+02 0
3.873204e+02 0
3.875498e+02 0
3.877792e+02 0
3.880086e+02 0
3.882380e+02 0
3.884674e+02 0
3.886968e+02 0
3.889262e+02 0
3.891556e+02 0
3.893849e+02 0
3.896143e+02 0
3.898437e+02 0
3.900731e+02 0
3.903025e+02 0
3.905319e+02 0
3.907613e+02 0
3.909907e+02 0
3.912201e+02 0
3.914495e+02 0
3.916789e+02 0
3.919083e+02 0
3.921377e+02 0
3.923671e+02 0
3.925965e+02 0
3.928258e+02 0
3.930552e+02 0
3.932846e+02 0
3.935140e+02 0
3.937434e+02 0
3.939728e+02 0
3.942022e+02 0
3.944316e+02 0
3.946610e+02 0
3.948904e+02 0
3.951198e+02 0
3.953492e+02 0
3.955785e+02 0
3.958079e+02 0
3.960373e+02 0
3.962667e+02 0
3.964961e+02 0
3.967255e+02 0
3.969549e+02 0
3.971843e+02 0
3.974137e+02 0
3.976431e+02 0
3.978725e+02 0
3.981018e+02 0
3.983312e+02 0
3.985606e+02 0
3.987900e+02 0
3.990194e+02 0
3.992488e+02 0
3.994782e+02 0
3.997076e+02 0
3.999370e+02 0
4.001664e+02 0
4.003957e+02 0
4.006251e+02 0
4.008545e+02 0
4.010839e+02 0
4.013133e+02 0
4.015427e+02 0
4.017721e+02 0
4.020015e+02 0
4.022309e+02 0
4.024602e+02 0
4.026896e+02 0
4.029190e+02 0
4.031484e+02 0
4.033778e+02 0
4.036072e+02 0
4.038366e+02 0
4.040660e+02 0
4.042953e+02 0
4.045247e+02 0
4.047541e+02 0
4.049835e+02 0
4.052129e+02 0
4.054423e+02 0
4.056717e+02 0
4.059010e+02 0
4.061304e+02 0
4.063598e+02 0
4.065892e+02 0
4.068186e+02 0
4.070480e+02 0
4.072774e+02 0
4.075068e+02 0
4.077361e+02 0
4.079655e+02 0
4.081949e+02 0
4.084243e+02 0
4.086537e+02 0
4.088831e+02 0
4.091125e+02 0
4.093418e+02 0
4.095712e+02 0
4.098006e+02 0
4.100300e+02 0
4.102594e+02 0
4.104888e+02 0
4.107181e+02 0
4.109475e+02 0
4.111769e+02 0
4.114063e+02 0
4.116357e+02 0
4.118651e+02 0
4.120944e+02 0
4.123238e+02 0
4.125532e+02 0
4.127826e+02 0
4.130120e+02 0
4.132414e+02 0
4.134707e+02 0
4.137001e+02 0
4.139295e+02 0
4.141589e+02 0
4.143883e+02 0
4.146177e+02 0
4.148470e+02 0
4.150764e+02 0
4.153058e+02 0
4.155352e+02 0
4.157646e+02 0
4.159940e+02 0
4.162233e+02 0
4.164527e+02 0
4.166821e+02 0
4.169115e+02 0
4.171409e+02 0
4.173702e+02 0
4.175996e+02 0
4.178290e+02 0
4.180584e+02 0
4.182878e+02 0
4.185171e+02 0
4.187465e+02 0
4.189759e+02 0
4.192053e+02 0
4.194347e+02 0
4.196640e+02 0
4.198934e+02 0
4.201228e+02 0
4.203522e+02 0
4.205816e+02 0
4.208109e+02 0
4.210403e+02 0
4.212697e+02 0
4.214991e+02 0
4.217285e+02 0
4.219578e+02 0
4.221872e+02 0
4.224166e+02 0
4.226460e+02 0
4.228754e+02 0
4.231047e+02 0
4.233341e+02 0
4.235635e+02 0
4.237929e+02 0
4.240223e+02 0
4.242516e+02 0
4.244810e+02 0
4.247104e+02 0
4.249398e+02 0
4.251691e+02 0
4.253985e+02 0
4.256279e+02 0
4.258573e+02 0
4.260867e+02 0
4.263160e+02 0
4.265454e+02 0
4.267748e+02 0
4.270042e+02 0
4.272335e+02 0
4.274629e+02 0
4.276923e+02 0
4.279217e+02 0
4.281510e+02 0
4.283804e+02 0
4.286098e+02 0
4.288392e+02 0
4.290685e+02 0
4.292979e+02 0
4.295273e+02 0
4.297567e+02 0
4.299860e+02 0
4.302154e+02 0
4.304448e+02 0
4.306742e+02 0
4.309035e+02 0
4.311329e+02 0
4.313623e+02 0
4.315917e+02 0
4.318210e+02 0
4.320504e+02 0
4.322798e+02 0
4.325092e+02 0
4.327385e+02 0
4.329679e+02 0
4.331973e+02 0
4.334267e+02 0
4.336560e+02 0
4.338854e+02 0
4.341148e+02 0
4.343442e+02 0
4.345735e+02 0
4.348029e+02 0
4.350323e+02 0
4.352617e+02 0
4.354910e+02 0
4.357204e+02 0
4.359498e+02 0
4.361791e+02 0
4.364085e+02 0
4.366379e+02 0
4.368673e+02 0
4.370966e+02 0
4.373260e+02 0
4.375554e+02 0
4.377847e+02 0
4.380141e+02 0
4.382435e+02 0
4.384729e+02 0
4.387022e+02 0
4.389316e+02 0
4.391610e+02 0
4.393903e+02 0
4.396197e+02 0
4.398491e+02 0
4.400785e+02 0
4.403078e+02 0
4.405372e+02 0
4.407666e+02 0
4.409959e+02 0
4.412253e+02 0
4.414547e+02 0
4.416840e+02 0
4.419134e+02 0
4.421428e+02 0
4.423722e+02 0
4.426015e+02 0
4.428309e+02 0
4.430603e+02 0
4.432896e+02 0
4.435190e+02 0
4.437484e+02 0
4.439777e+02 0
4.442071e+02 0
4.444365e+02 0
4.446658e+02 0
4.448952e+02 0
4.451246e+02 0
4.453540e+02 0
4.455833e+02 0
4.458127e+02 0
4.460421e+02 0
4.462714e+02 0
4.465008e+02 0
4.467302e+02 0
4.469595e+02 0
4.471889e+02 0
4.474183e+02 0
4.476476e+02 0
4.478770e+02 0
4.481064e+02 0
4.483357e+02 0
4.485651e+02 0
4.487945e+02 0
4.490238e+02 0
4.492532e+02 0
4.494826e+02 0
4.497119e+02 0
4.499413e+02 0
4.501707e+02 0
4.504000e+02 0
4.506294e+02 0
4.508588e+02 0
4.510881e+02 0
4.513175e+02 0
4.515469e+02 0
4.517762e+02 0
4.520056e+02 0
4.522350e+02 0
4.524643e+02 0
4.526937e+02 0
4.529230e+02 0
4.531524e+02 0
4.533818e+02 0
4.536111e+02 0
4.538405e+02 0
4.540699e+02 0
4.542992e+02 0
4.545286e+02 0
4.547580e+02 0
4.549873e+02 0
4.552167e+02 0
4.554461e+02 0
4.556754e+02 0
4.559048e+02 0
4.561341e+02 0
4.563635e+02 0
4.565929e+02 0
4.568222e+02 0
4.570516e+02 0
4.572810e+02 0
4.575103e+02 0
4.577397e+02 0
4.579690e+02 0
4.581984e+02 0
4.584278e+02 0
4.586571e+02 0
4.588865e+02 0
4.591159e+02 0
4.593452e+02 0
4.595746e+02 0
4.598039e+02 0
4.600333e+02 0
4.602627e+02 0
4.604920e+02 0
4.607214e+02 0
4.609507e+02 0
4.611801e+02 0
4.614095e+02 0
4.616388e+02 0
4.618682e+02 0
4.620975e+02 0
4.623269e+02 0
4.625563e+02 0
4.627856e+02 0
4.630150e+02 0
4.632443e+02 0
4.634737e+02 0
4.637031e+02 0
4.639324e+02 0
4.641618e+02 0
4.643911e+02 0
4.646205e+02 0
4.648499e+02 0
4.650792e+02 0
4.653086e+02 0
4.655379e+02 0
4.657673e+02 0
4.659967e+02 0
4.662260e+02 0
4.664554e+02 0
4.666847e+02 0
4.669141e+02 0
4.671435e+02 0
4.673728e+02 0
4.676022e+02 0
4.678315e+02 0
4.680609e+02 0
4.682902e+02 0
4.685196e+02 0
4.687490e+02 0
4.689783e+02 0
4.692077e+02 0
4.694370e+02 0
4.696664e+02 0
4.698957e+02 0
4.701251e+02 0
4.703545e+02 0
4.705838e+02 0
4.708132e+02 0
4.710425e+02 0
4.712719e+02 0
4.715012e+02 0
4.717306e+02 0
4.719599e+02 0
4.721893e+02 0
4.724187e+02 0
4.726480e+02 0
4.728774e+02 0
4.731067e+02 0
4.733361e+02 0
4.735654e+02 0
4.737948e+02 0
4.740241e+02 0
4.742535e+02 0
4.744829e+02 0
4.747122e+02 0
4.749416e+02 0
4.751709e+02 0
4.754003e+02 0
4.756296e+02 0
4.758590e+02 0
4.760883e+02 0
4.763177e+02 0
4.765470e+02 0
4.767764e+02 0
4.770058e+02 0
4.772351e+02 0
4.774645e+02 0
4.776938e+02 0
4.779232e+02 0
4.781525e+02 0
4.783819e+02 0
4.786112e+02 0
4.788406e+02 0
4.790699e+02 0
4.792993e+02 0
4.795286e+02 0
4.797580e+02 0
4.799873e+02 0
4.802167e+02 0
4.804460e+02 0
4.806754e+02 0
4.809047e+02 0
4.811341e+02 0
4.813634e+02 0
4.815928e+02 0
4.818222e+02 0
4.820515e+02 0
4.822809e+02 0
4.825102e+02 0
4.827396e+02 0
4.829689e+02 0
4.831983e+02 0
4.834276e+02 0
4.836570e+02 0
4.838863e+02 0
4.841157e+02 0
4.843450e+02 0
4.845744e+02 0
4.848037e+02 0
4.850331e+02 0
4.852624e+02 0
4.854918e+02 0
4.857211e+02 0
4.859505e+02 0
4.861798e+02 0
4.864092e+02 0
4.866385e+02 0
4.868679e+02 0
4.870972e+02 0
4.873266e+02 0
4.875559e+02 0
4.877852e+02 0
4.880146e+02 0
4.882439e+02 0
4.884733e+02 0
4.887026e+02 0
4.889320e+02 0
4.891613e+02 0
4.893907e+02 0
4.896200e+02 0
4.898494e+02 0
4.900787e+02 0
4.903081e+02 0
4.905374e+02 0
4.907668e+02 0
4.909961e+02 0
4.912255e+02 0
4.914548e+02 0
4.916842e+02 0
4.919135e+02 0
4.921429e+02 0
4.923722e+02 0
4.926015e+02 0
4.928309e+02 0
4.930602e+02 0
4.932896e+02 0
4.935189e+02 0
4.937483e+02 0
4.939776e+02 0
4.942070e+02 0
4.944363e+02 0
4.946657e+02 0
4.948950e+02 0
4.951243e+02 0
4.953537e+02 0
4.955830e+02 0
4.958124e+02 0
4.960417e+02 0
4.962711e+02 0
4.965004e+02 0
4.967298e+02 0
4.969591e+02 0
4.971884e+02 0
4.974178e+02 0
4.976471e+02 0
4.978765e+02 0
4.981058e+02 0
4.983352e+02 0
4.985645e+02 0
4.987939e+02 0
4.990232e+02 0
4.992525e+02 0
4.994819e+02 0
4.997112e+02 0
4.999406e+02 0
5.001699e+02 0
5.003993e+02 0
5.006286e+02 0
5.008579e+02 0
5.010873e+02 0
5.013166e+02 0
5.015460e+02 0
5.017753e+02 0
5.020046e+02 0
5.022340e+02 0
5.024633e+02 0
5.026927e+02 0
5.029220e+02 0
5.031514e+02 0
5.033807e+02 0
5.036100e+02 0
5.038394e+02 0
5.040687e+02 0
5.042981e+02 0
5.045274e+02 0
5.047567e+02 0
5.049861e+02 0
5.052154e+02 0
5.054448e+02 0
5.056741e+02 0
5.059034e+02 0
5.061328e+02 0
5.063621e+02 0
5.065915e+02 0
5.068208e+02 0
5.070501e+02 0
5.072795e+02 0
5.075088e+02 0
5.077382e+02 0
5.079675e+02 0
5.081968e+02 0
5.084262e+02 0
5.086555e+02 0
5.088849e+02 0
5.091142e+02 0
5.093435e+02 0
5.095729e+02 0
5.098022e+02 0
5.100316e+02 0
5.102609e+02 0
5.104902e+02 0
5.107196e+02 0
5.109489e+02 0
5.111782e+02 0
5.114076e+02 0
5.116369e+02 0
5.118663e+02 0
5.120956e+02 0
5.123249e+02 0
5.125543e+02 0
5.127836e+02 0
5.130129e+02 0
5.132423e+02 0
5.134716e+02 0
5.137009e+02 0
5.139303e+02 0
5.141596e+02 0
5.143890e+02 0
5.146183e+02 0
5.148476e+02 0
5.150770e+02 0
5.153063e+02 0
5.155356e+02 0
5.157650e+02 0
5.159943e+02 0
5.162236e+02 0
5.164530e+02 0
5.166823e+02 0
5.169116e+02 0
5.171410e+02 0
5.173703e+02 0
5.175997e+02 0
5.178290e+02 0
5.180583e+02 0
5.182877e+02 0
5.185170e+02 0
5.187463e+02 0
5.189757e+02 0
5.192050e+02 0
5.194343e+02 0
5.196637e+02 0
5.198930e+02 0
5.201223e+02 0
5.203517e+02 0
5.205810e+02 0
5.208103e+02 0
5.210397e+02 0
5.212690e+02 0
5.214983e+02 0
5.217277e+02 0
5.219570e+02 0
5.221863e+02 0
5.224157e+02 0
5.226450e+02 0
5.228743e+02 0
5.231037e+02 0
5.233330e+02 0
5.235623e+02 0
5.237916e+02 0
5.240210e+02 0
5.242503e+02 0
5.244796e+02 0
5.247090e+02 0
5.249383e+02 0
5.251676e+02 0
5.253970e+02 0
5.256263e+02 0
5.258556e+02 0
5.260850e+02 0
5.263143e+02 0
5.265436e+02 0
5.267730e+02 0
5.270023e+02 0
5.272316e+02 0
5.274609e+02 0
5.276903e+02 0
5.279196e+02 0
5.281489e+02 0
5.283783e+02 0
5.286076e+02 0
5.288369e+02 0
5.290663e+02 0
5.292956e+02 0
5.295249e+02 0
5.297542e+02 0
5.299836e+02 0
5.302129e+02 0
5.304422e+02 0
5.306716e+02 0
5.309009e+02 0
5.311302e+02 0
5.313595e+02 0
5.315889e+02 0
5.318182e+02 0
5.320475e+02 0
5.322769e+02 0
5.325062e+02 0
5.327355e+02 0
5.329648e+02 0
5.331942e+02 0
5.334235e+02 0
5.336528e+02 0
5.338821e+02 0
5.341115e+02 0
5.343408e+02 0
5.345701e+02 0
5.347995e+02 0
5.350288e+02 0
5.352581e+02 0
5.354874e+02 0
5.357168e+02 0
5.359461e+02 0
5.361754e+02 0
5.364047e+02 0
5.366341e+02 0
5.368634e+02 0
5.370927e+02 0
5.373220e+02 0
5.375514e+02 0
5.377807e+02 0
5.380100e+02 0
5.382393e+02 0
5.384687e+02 0
5.386980e+02 0
5.389273e+02 0
5.391566e+02 0
5.393860e+02 0
5.396153e+02 0
5.398446e+02 0
5.400739e+02 0
5.403033e+02 0
5.405326e+02 0
5.407619e+02 0
5.409912e+02 0
5.412206e+02 0
5.414499e+02 0
5.416792e+02 0
5.419085e+02 0
5.421378e+02 0
5.423672e+02 0
5.425965e+02 0
5.428258e+02 0
5.430551e+02 0
5.432845e+02 0
5.435138e+02 0
5.437431e+02 0
5.439724e+02 0
5.442018e+02 0
5.444311e+02 0
5.446604e+02 0
5.448897e+02 0
5.451190e+02 0
5.453484e+02 0
5.455777e+02 0
5.458070e+02 0
5.460363e+02 0
5.462657e+02 0
5.464950e+02 0
5.467243e+02 0
5.469536e+02 0
5.471829e+02 0
5.474123e+02 0
5.476416e+02 0
5.478709e+02 0
5.481002e+02 0
5.483295e+02 0
5.485589e+02 0
5.487882e+02 0
5.490175e+02 0
5.492468e+02 0
5.494761e+02 0
5.497055e+02 0
5.499348e+02 0
5.501641e+02 0
5.503934e+02 0
5.506227e+02 0
5.508521e+02 0
5.510814e+02 0
5.513107e+02 0
5.515400e+02 0
5.517693e+02 0
5.519987e+02 0
5.522280e+02 0
5.524573e+02 0
5.526866e+02 0
5.529159e+02 0
5.531452e+02 0
5.533746e+02 0
5.536039e+02 0
5.538332e+02 0
5.540625e+02 0
5.542918e+02 0
5.545211e+02 0
5.547505e+02 0
5.549798e+02 0
5.552091e+02 0
5.554384e+02 0
5.556677e+02 0
5.558971e+02 0
5.561264e+02 0
5.563557e+02 0
5.565850e+02 0
5.568143e+02 0
5.570436e+02 0
5.572730e+02 0
5.575023e+02 0
5.577316e+02 0
5.579609e+02 0
5.581902e+02 0
5.584195e+02 0
5.586488e+02 0
5.588782e+02 0
5.591075e+02 0
5.593368e+02 0
5.595661e+02 0
5.597954e+02 0
5.600247e+02 0
5.602541e+02 0
5.604834e+02 0
5.607127e+02 0
5.609420e+02 0
5.611713e+02 0
5.614006e+02 0
5.616299e+02 0
5.618593e+02 0
5.620886e+02 0
5.623179e+02 0
5.625472e+02 0
5.627765e+02 0
5.630058e+02 0
5.632351e+02 0
5.634645e+02 0
5.636938e+02 0
5.639231e+02 0
5.641524e+02 0
5.643817e+02 0
5.646110e+02 0
5.648403e+02 0
5.650696e+02 0
5.652990e+02 0
5.655283e+02 0
5.657576e+02 0
5.659869e+02 0
5.662162e+02 0
5.664455e+02 0
5.666748e+02 0
5.669041e+02 0
5.671335e+02 0
5.673628e+02 0
5.675921e+02 0
5.678214e+02 0
5.680507e+02 0
5.682800e+02 0
5.685093e+02 0
5.687386e+02 0
5.689679e+02 0
5.691973e+02 0
5.694266e+02 0
5.696559e+02 0
5.698852e+02 0
5.701145e+02 0
5.703438e+02 0
5.705731e+02 0
5.708024e+02 0
5.710317e+02 0
5.712610e+02 0
5.714904e+02 0
5.717197e+02 0
5.719490e+02 0
5.721783e+02 0
5.724076e+02 0
5.726369e+02 0
5.728662e+02 0
5.730955e+02 0
5.733248e+02 0
5.735541e+02 0
5.737834e+02 0
5.740128e+02 0
5.742421e+02 0
5.744714e+02 0
5.747007e+02 0
5.749300e+02 0
5.751593e+02 0
5.753886e+02 0
5.756179e+02 0
5.758472e+02 0
5.760765e+02 0
5.763058e+02 0
5.765351e+02 0
5.767644e+02 0
5.769938e+02 0
5.772231e+02 0
5.774524e+02 0
5.776817e+02 0
5.779110e+02 0
5.781403e+02 0
5.783696e+02 0
5.785989e+02 0
5.788282e+02 0
5.790575e+02 0
5.792868e+02 0
5.795161e+02 0
5.797454e+02 0
5.799747e+02 0
5.802040e+02 0
5.804333e+02 0
5.806627e+02 0
5.808920e+02 0
5.811213e+02 0
5.813506e+02 0
5.815799e+02 0
5.818092e+02 0
5.820385e+02 0
5.822678e+02 0
5.824971e+02 0
5.827264e+02 0
5.829557e+02 0
5.831850e+02 0
5.834143e+02 0
5.836436e+02 0
5.838729e+02 0
5.841022e+02 0
5.843315e+02 0
5.845608e+02 0
5.847901e+02 0
5.850194e+02 0
5.852487e+02 0
5.854780e+02 0
5.857073e+02 0
5.859366e+02 0
5.861659e+02 0
5.863953e+02 0
5.866246e+02 0
5.868539e+02 0
5.870832e+02 0
5.873125e+02 0
5.875418e+02 0
5.877711e+02 0
5.880004e+02 0
5.882297e+02 0
5.884590e+02 0
5.886883e+02 0
5.889176e+02 0
5.891469e+02 0
5.893762e+02 0
5.896055e+02 0
5.898348e+02 0
5.900641e+02 0
5.902934e+02 0
5.905227e+02 0
5.907520e+02 0
5.909813e+02 0
5.912106e+02 0
5.914399e+02 0
5.916692e+02 0
5.918985e+02 0
5.921278e+02 0
5.923571e+02 0
5.925864e+02 0
5.928157e+02 0
5.930450e+02 0
5.932743e+02 0
5.935036e+02 0
5.937329e+02 0
5.939622e+02 0
5.941915e+02 0
5.944208e+02 0
5.946501e+02 0
5.948794e+02 0
5.951087e+02 0
5.953380e+02 0
5.955673e+02 0
5.957966e+02 0
5.960259e+02 0
5.962552e+02 0
5.964845e+02 0
5.967138e+02 0
5.969431e+02 0
5.971724e+02 0
5.974017e+02 0
5.976310e+02 0
5.978603e+02 0
5.980896e+02 0
5.983188e+02 0
5.985481e+02 0
5.987774e+02 0
5.990067e+02 0
5.992360e+02 0
5.994653e+02 0
5.996946e+02 0
5.999239e+02 0
6.001532e+02 0
6.003825e+02 0
6.006118e+02 0
6.008411e+02 0
6.010704e+02 0
6.012997e+02 0
6.015290e+02 0
6.017583e+02 0
6.019876e+02 0
6.022169e+02 0
6.024462e+02 0
6.026755e+02 0
6.029048e+02 0
6.031341e+02 0
6.033634e+02 0
6.035927e+02 0
6.038219e+02 0
6.040512e+02 0
6.042805e+02 0
6.045098e+02 0
6.047391e+02 0
6.049684e+02 0
6.051977e+02 0
6.054270e+02 0
6.056563e+02 0
6.058856e+02 0
6.061149e+02 0
6.063442e+02 0
6.065735e+02 0
6.068028e+02 0
6.070321e+02 0
6.072614e+02 0
6.074906e+02 0
6.077199e+02 0
6.079492e+02 0
6.081785e+02 0
6.084078e+02 0
6.086371e+02 0
6.088664e+02 0
6.090957e+02 0
6.093250e+02 0
6.095543e+02 0
6.097836e+02 0
6.100129e+02 0
6.102422e+02 0
6.104714e+02 0
6.107007e+02 0
6.109300e+02 0
6.111593e+02 0
6.113886e+02 0
6.116179e+02 0
6.118472e+02 0
6.120765e+02 0
6.123058e+02 0
6.125351e+02 0
6.127644e+02 0
6.129936e+02 0
6.132229e+02 0
6.134522e+02 0
6.136815e+02 0
6.139108e+02 0
6.141401e+02 0
6.143694e+02 0
6.145987e+02 0
6.148280e+02 0
6.150573e+02 0
6.152865e+02 0
6.155158e+02 0
6.157451e+02 0
6.159744e+02 0
6.162037e+02 0
6.164330e+02 0
6.166623e+02 0
6.168916e+02 0
6.171209e+02 0
6.173501e+02 0
6.175794e+02 0
6.178087e+02 0
6.180380e+02 0
6.182673e+02 0
6.184966e+02 0
6.187259e+02 0
6.189552e+02 0
6.191844e+02 0
6.194137e+02 0
6.196430e+02 0
6.198723e+02 0
6.201016e+02 0
6.203309e+02 0
6.205602e+02 0
6.207895e+02 0
6.210187e+02 0
6.212480e+02 0
6.214773e+02 0
6.217066e+02 0
6.219359e+02 0
6.221652e+02 0
6.223945e+02 0
6.226237e+02 0
6.228530e+02 0
6.230823e+02 0
6.233116e+02 0
6.235409e+02 0
6.237702e+02 0
6.239995e+02 0
6.242287e+02 0
6.244580e+02 0
6.246873e+02 0
6.249166e+02 0
6.251459e+02 0
6.253752e+02 0
6.256045e+02 0
6.258337e+02 0
6.260630e+02 0
6.262923e+02 0
6.265216e+02 0
6.267509e+02 0
6.269802e+02 0
6.272094e+02 0
6.274387e+02 0
6.276680e+02 0
6.278973e+02 0
6.281266e+02 0
6.283559e+02 0
6.285851e+02 0
6.288144e+02 0
6.290437e+02 0
6.292730e+02 0
6.295023e+02 0
6.297316e+02 0
6.299608e+02 0
6.301901e+02 0
6.304194e+02 0
6.306487e+02 0
6.308780e+02 0
6.311073e+02 0
6.313365e+02 0
6.315658e+02 0
6.317951e+02 0
6.320244e+02 0
6.322537e+02 0
6.324829e+02 0
6.327122e+02 0
6.329415e+02 0
6.331708e+02 0
6.334001e+02 0
6.336293e+02 0
6.338586e+02 0
6.340879e+02 0
6.343172e+02 0
6.345465e+02 0
6.347758e+02 0
6.350050e+02 0
6.352343e+02 1
6.354636e+02 0
6.356929e+02 0
6.359221e+02 0
6.361514e+02 0
6.363807e+02 0
6.366100e+02 0
6.368393e+02 0
6.370685e+02 0
6.372978e+02 0
6.375271e+02 0
6.377564e+02 0
6.379857e+02 0
6.382149e+02 0
6.384442e+02 0
6.386735e+02 0
6.389028e+02 0
6.391321e+02 0
6.393613e+02 0
6.395906e+02 0
6.398199e+02 0
6.400492e+02 0
6.402784e+02 0
6.405077e+02 0
6.407370e+02 0
6.409663e+02 0
6.411956e+02 0
6.414248e+02 0
6.416541e+02 0
6.418834e+02 0
6.421127e+02 0
6.423419e+02 0
6.425712e+02 0
6.428005e+02 0
6.430298e+02 0
6.432590e+02 0
6.434883e+02 0
6.437176e+02 0
6.439469e+02 0
6.441761e+02 0
6.444054e+02 0
6.446347e+02 0
6.448640e+02 0
6.450933e+02 0
6.453225e+02 0
6.455518e+02 0
6.457811e+02 0
6.460104e+02 0
6.462396e+02 0
6.464689e+02 0
6.466982e+02 0
6.469275e+02 0
6.471567e+02 0
6.473860e+02 0
6.476153e+02 0
6.478445e+02 0
6.480738e+02 0
6.483031e+02 0
6.485324e+02 0
6.487616e+02 0
6.489909e+02 0
6.492202e+02 0
6.494495e+02 0
6.496787e+02 0
6.499080e+02 0
6.501373e+02 0
6.503666e+02 0
6.505958e+02 0
6.508251e+02 0
6.510544e+02 0
6.512837e+02 0
6.515129e+02 0
6.517422e+02 0
6.519715e+02 0
6.522007e+02 0
6.524300e+02 0
6.526593e+02 0
6.528886e+02 0
6.531178e+02 0
6.533471e+02 0
6.535764e+02 0
6.538056e+02 0
6.540349e+02 0
6.542642e+02 0
6.544935e+02 0
6.547227e+02 0
6.549520e+02 0
6.551813e+02 0
6.554105e+02 0
6.556398e+02 0
6.558691e+02 0
6.560984e+02 0
6.563276e+02 0
6.565569e+02 0
6.567862e+02 0
6.570154e+02 0
6.572447e+02 0
6.574740e+02 0
6.577032e+02 0
6.579325e+02 0
6.581618e+02 0
6.583910e+02 0
6.586203e+02 0
6.588496e+02 0
6.590789e+02 0
6.593081e+02 0
6.595374e+02 0
6.597667e+02 0
6.599959e+02 0
6.602252e+02 0
6.604545e+02 0
6.606837e+02 0
6.609130e+02 0
6.611423e+02 0
6.613715e+02 0
6.616008e+02 0
6.618301e+02 0
6.620593e+02 0
6.622886e+02 0
6.625179e+02 0
6.627471e+02 0
6.629764e+02 0
6.632057e+02 0
6.634349e+02 0
6.636642e+02 0
6.638935e+02 0
6.641227e+02 0
6.643520e+02 0
6.645813e+02 0
6.648105e+02 0
6.650398e+02 0
6.652691e+02 0
6.654983e+02 0
6.657276e+02 0
6.659569e+02 0
6.661861e+02 0
6.664154e+02 0
6.666447e+02 0
6.668739e+02 1
6.671032e+02 0
6.673325e+02 0
6.675617e+02 0
6.677910e+02 0
6.680203e+02 0
6.682495e+02 0
6.684788e+02 0
6.687081e+02 0
6.689373e+02 0
6.691666e+02 0
6.693958e+02 0
6.696251e+02 0
6.698544e+02 0
6.700836e+02 0
6.703129e+02 0
6.705422e+02 0
6.707714e+02 0
6.710007e+02 0
6.712300e+02 0
6.714592e+02 0
6.716885e+02 0
6.719177e+02 0
6.721470e+02 0
6.723763e+02 0
6.726055e+02 0
6.728348e+02 0
6.730641e+02 0
6.732933e+02 0
6.735226e+02 0
6.737518e+02 0
6.739811e+02 0
6.742104e+02 0
6.744396e+02 0
6.746689e+02 0
6.748982e+02 0
6.751274e+02 0
6.753567e+02 0
6.755859e+02 0
6.758152e+02 0
6.760445e+02 0
6.762737e+02 1
6.765030e+02 0
6.767322e+02 0
6.769615e+02 0
6.771908e+02 0
6.774200e+02 0
6.776493e+02 0
6.778785e+02 0
6.781078e+02 0
6.783371e+02 0
6.785663e+02 0
6.787956e+02 0
6.790248e+02 0
6.792541e+02 0
6.794834e+02 0
6.797126e+02 0
6.799419e+02 0
6.801711e+02 0
6.804004e+02 0
6.806297e+02 0
6.808589e+02 0
6.810882e+02 0
6.813174e+02 0
6.815467e+02 0
6.817760e+02 0
6.820052e+02 1
6.822345e+02 0
6.824637e+02 0
6.826930e+02 0
6.829222e+02 0
6.831515e+02 0
6.833808e+02 0
6.836100e+02 0
6.838393e+02 0
6.840685e+02 0
6.842978e+02 1
6.845271e+02 0
6.847563e+02 0
6.849856e+02 0
6.852148e+02 0
6.854441e+02 0
6.856733e+02 0
6.859026e+02 0
6.861318e+02 0
6.863611e+02 0
6.865904e+02 0
6.868196e+02 0
6.870489e+02 0
6.872781e+02 0
6.875074e+02 0
6.877366e+02 0
6.879659e+02 0
6.881952e+02 0
6.884244e+02 0
6.886537e+02 0
6.888829e+02 0
6.891122e+02 0
6.893414e+02 0
6.895707e+02 0
6.897999e+02 0
6.900292e+02 0
6.902584e+02 0
6.904877e+02 0
6.907170e+02 0
6.909462e+02 0
6.911755e+02 0
6.914047e+02 0
6.916340e+02 0
6.918632e+02 0
6.920925e+02 0
6.923217e+02 0
6.925510e+02 0
6.927802e+02 0
6.930095e+02 0
6.932387e+02 0
6.934680e+02 0
6.936972e+02 0
6.939265e+02 0
6.941558e+02 0
6.943850e+02 0
6.946143e+02 0
6.948435e+02 0
6.950728e+02 0
6.953020e+02 0
6.955313e+02 0
6.957605e+02 0
6.959898e+02 0
6.962190e+02 0
6.964483e+02 0
6.966775e+02 0
6.969068e+02 0
6.971360e+02 0
6.973653e+02 0
6.975945e+02 0
6.978238e+02 0
6.980530e+02 0
6.982823e+02 0
6.985115e+02 0
6.987408e+02 0
6.989700e+02 0
6.991993e+02 0
6.994285e+02 0
6.996578e+02 0
6.998870e+02 0
7.001163e+02 0
7.003455e+02 0
7.005748e+02 1
7.008040e+02 0
7.010333e+02 0
7.012625e+02 0
7.014918e+02 0
7.017210e+02 0
7.019503e+02 0
7.021795e+02 0
7.024088e+02 0
7.026380e+02 0
7.028673e+02 0
7.030965e+02 0
7.033258e+02 1
7.035550e+02 0
7.037843e+02 0
7.040135e+02 0
7.042428e+02 0
7.044720e+02 0
7.047013e+02 0
7.049305e+02 0
7.051598e+02 0
7.053890e+02 0
7.056183e+02 1
7.058475e+02 0
7.060767e+02 0
7.063060e+02 0
7.065352e+02 0
7.067645e+02 0
7.069937e+02 0
7.072230e+02 0
7.074522e+02 0
7.076815e+02 0
7.079107e+02 0
7.081400e+02 0
7.083692e+02 0
7.085985e+02 0
7.088277e+02 0
7.090570e+02 1
7.092862e+02 0
7.095154e+02 0
7.097447e+02 0
7.099739e+02 1
7.102032e+02 0
7.104324e+02 0
7.106617e+02 0
7.108909e+02 1
7.111202e+02 0
7.113494e+02 0
7.115786e+02 0
7.118079e+02 0
7.120371e+02 0
7.122664e+02 0
7.124956e+02 0
7.127249e+02 0
7.129541e+02 0
7.131834e+02 0
7.134126e+02 0
7.136418e+02 0
7.138711e+02 0
7.141003e+02 0
7.143296e+02 0
7.145588e+02 0
7.147881e+02 0
7.150173e+02 0
7.152465e+02 0
7.154758e+02 0
7.157050e+02 0
7.159343e+02 0
7.161635e+02 0
7.163928e+02 0
7.166220e+02 0
7.168512e+02 0
7.170805e+02 0
7.173097e+02 0
7.175390e+02 0
7.177682e+02 0
7.179975e+02 0
7.182267e+02 0
7.184559e+02 0
7.186852e+02 0
7.189144e+02 1
7.191437e+02 0
7.193729e+02 1
7.196021e+02 0
7.198314e+02 0
7.200606e+02 0
7.202899e+02 0
7.205191e+02 0
7.207483e+02 1
7.209776e+02 0
7.212068e+02 0
7.214361e+02 0
7.216653e+02 1
7.218945e+02 0
7.221238e+02 0
7.223530e+02 0
7.225823e+02 0
7.228115e+02 0
7.230407e+02 0
7.232700e+02 1
7.234992e+02 0
7.237285e+02 0
7.239577e+02 1
7.241869e+02 0
7.244162e+02 0
7.246454e+02 0
7.248747e+02 0
7.251039e+02 0
7.253331e+02 0
7.255624e+02 0
7.257916e+02 0
7.260208e+02 0
7.262501e+02 0
7.264793e+02 0
7.267086e+02 0
7.269378e+02 1
7.271670e+02 0
7.273963e+02 0
7.276255e+02 0
7.278547e+02 0
7.280840e+02 0
7.283132e+02 1
7.285425e+02 0
7.287717e+02 0
7.290009e+02 1
7.292302e+02 0
7.294594e+02 1
7.296886e+02 1
7.299179e+02 0
7.301471e+02 0
7.303763e+02 0
7.306056e+02 0
7.308348e+02 0
7.310640e+02 0
7.312933e+02 0
7.315225e+02 0
7.317518e+02 0
7.319810e+02 1
7.322102e+02 0
7.324395e+02 0
7.326687e+02 0
7.328979e+02 0
7.331272e+02 0
7.333564e+02 0
7.335856e+02 1
7.338149e+02 0
7.340441e+02 0
7.342733e+02 0
7.345026e+02 0
7.347318e+02 0
7.349610e+02 1
7.351903e+02 0
7.354195e+02 0
7.356487e+02 0
7.358780e+02 0
7.361072e+02 0
7.363364e+02 0
7.365657e+02 0
7.367949e+02 0
7.370241e+02 0
7.372534e+02 0
7.374826e+02 0
7.377118e+02 0
7.379411e+02 0
7.381703e+02 0
7.383995e+02 0
7.386288e+02 0
7.388580e+02 0
7.390872e+02 0
7.393165e+02 0
7.395457e+02 0
7.397749e+02 0
7.400042e+02 0
7.402334e+02 1
7.404626e+02 0
7.406918e+02 0
7.409211e+02 0
7.411503e+02 1
7.413795e+02 1
7.416088e+02 0
7.418380e+02 2
7.420672e+02 0
7.422965e+02 0
7.425257e+02 0
7.427549e+02 0
7.429842e+02 0
7.432134e+02 0
7.434426e+02 2
7.436718e+02 0
7.439011e+02 1
7.441303e+02 0
7.443595e+02 0
7.445888e+02 0
7.448180e+02 0
7.450472e+02 0
7.452764e+02 0
7.455057e+02 0
7.457349e+02 0
7.459641e+02 0
7.461934e+02 1
7.464226e+02 0
7.466518e+02 0
7.468810e+02 0
7.471103e+02 0
7.473395e+02 0
7.475687e+02 0
7.477980e+02 1
7.480272e+02 0
7.482564e+02 0
7.484856e+02 0
7.487149e+02 1
7.489441e+02 0
7.491733e+02 0
7.494025e+02 0
7.496318e+02 0
7.498610e+02 0
7.500902e+02 0
7.503195e+02 0
7.505487e+02 0
7.507779e+02 0
7.510071e+02 0
7.512364e+02 0
7.514656e+02 0
7.516948e+02 0
7.519240e+02 0
7.521533e+02 0
7.523825e+02 0
7.526117e+02 0
7.528409e+02 0
7.530702e+02 0
7.532994e+02 0
7.535286e+02 0
7.537578e+02 0
7.539871e+02 0
7.542163e+02 0
7.544455e+02 2
7.546747e+02 0
7.549040e+02 0
7.551332e+02 0
7.553624e+02 0
7.555916e+02 0
7.558209e+02 0
7.560501e+02 1
7.562793e+02 0
7.565085e+02 0
7.567378e+02 0
7.569670e+02 0
7.571962e+02 0
7.574254e+02 0
7.576546e+02 0
7.578839e+02 0
7.581131e+02 0
7.583423e+02 2
7.585715e+02 0
7.588008e+02 0
7.590300e+02 0
7.592592e+02 0
7.594884e+02 0
7.597177e+02 0
7.599469e+02 1
7.601761e+02 1
7.604053e+02 1
7.606345e+02 0
7.608638e+02 1
7.610930e+02 0
7.613222e+02 0
7.615514e+02 1
7.617806e+02 0
7.620099e+02 0
7.622391e+02 0
7.624683e+02 1
7.626975e+02 0
7.629268e+02 0
7.631560e+02 1
7.633852e+02 0
7.636144e+02 1
7.638436e+02 2
7.640729e+02 1
7.643021e+02 1
7.645313e+02 1
7.647605e+02 0
7.649897e+02 0
7.652190e+02 0
7.654482e+02 1
7.656774e+02 0
7.659066e+02 0
7.661358e+02 0
7.663651e+02 1
7.665943e+02 2
7.668235e+02 0
7.670527e+02 1
7.672819e+02 0
7.675111e+02 0
7.677404e+02 0
7.679696e+02 0
7.681988e+02 0
7.684280e+02 2
7.686572e+02 1
7.688865e+02 1
7.691157e+02 1
7.693449e+02 0
7.695741e+02 0
7.698033e+02 0
7.700325e+02 0
7.702618e+02 0
7.704910e+02 0
7.707202e+02 0
7.709494e+02 2
7.711786e+02 0
7.714078e+02 0
7.716371e+02 1
7.718663e+02 0
7.720955e+02 0
7.723247e+02 0
7.725539e+02 0
7.727831e+02 0
7.730124e+02 0
7.732416e+02 0
7.734708e+02 1
7.737000e+02 2
7.739292e+02 0
7.741584e+02 0
7.743877e+02 0
7.746169e+02 0
7.748461e+02 2
7.750753e+02 0
7.753045e+02 0
7.755337e+02 0
7.757629e+02 0
7.759922e+02 0
7.762214e+02 1
7.764506e+02 1
7.766798e+02 0
7.769090e+02 0
7.771382e+02 0
7.773674e+02 0
7.775967e+02 1
7.778259e+02 0
7.780551e+02 0
7.782843e+02 1
7.785135e+02 1
7.787427e+02 1
7.789719e+02 1
7.792012e+02 0
7.794304e+02 2
7.796596e+02 0
7.798888e+02 0
7.801180e+02 0
7.803472e+02 1
7.805764e+02 0
7.808056e+02 0
7.810349e+02 0
7.812641e+02 1
7.814933e+02 1
7.817225e+02 0
7.819517e+02 0
7.821809e+02 0
7.824101e+02 2
7.826393e+02 1
7.828686e+02 1
7.830978e+02 2
7.833270e+02 0
7.835562e+02 1
7.837854e+02 0
7.840146e+02 0
7.842438e+02 0
7.844730e+02 2
7.847022e+02 1
7.849314e+02 0
7.851607e+02 1
7.853899e+02 0
7.856191e+02 0
7.858483e+02 0
7.860775e+02 0
7.863067e+02 1
7.865359e+02 1
7.867651e+02 1
7.869943e+02 1
7.872235e+02 1
7.874528e+02 2
7.876820e+02 0
7.879112e+02 0
7.881404e+02 0
7.883696e+02 0
7.885988e+02 0
7.888280e+02 0
7.890572e+02 2
7.892864e+02 1
7.895156e+02 1
7.897448e+02 0
7.899741e+02 0
7.902033e+02 1
7.904325e+02 2
7.906617e+02 1
7.908909e+02 0
7.911201e+02 1
7.913493e+02 1
7.915785e+02 0
7.918077e+02 0
7.920369e+02 0
7.922661e+02 1
7.924953e+02 1
7.927245e+02 1
7.929537e+02 0
7.931830e+02 1
7.934122e+02 1
7.936414e+02 2
7.938706e+02 0
7.940998e+02 1
7.943290e+02 0
7.945582e+02 1
7.947874e+02 1
7.950166e+02 1
7.952458e+02 0
7.954750e+02 1
7.957042e+02 0
7.959334e+02 0
7.961626e+02 0
7.963918e+02 0
7.966210e+02 1
7.968502e+02 0
7.970795e+02 0
7.973087e+02 1
7.975379e+02 0
7.977671e+02 0
7.979963e+02 1
7.982255e+02 0
7.984547e+02 0
7.986839e+02 1
7.989131e+02 0
7.991423e+02 0
7.993715e+02 0
7.996007e+02 0
7.998299e+02 0
8.000591e+02 1
8.002883e+02 1
8.005175e+02 0
8.007467e+02 0
8.009759e+02 0
8.012051e+02 0
8.014343e+02 0
8.016635e+02 0
8.018927e+02 1
8.021219e+02 1
8.023511e+02 0
8.025803e+02 3
8.028095e+02 0
8.030387e+02 0
8.032679e+02 0
8.034971e+02 0
8.037263e+02 1
8.039555e+02 0
8.041848e+02 0
8.044140e+02 0
8.046432e+02 0
8.048724e+02 1
8.051016e+02 0
8.053308e+02 0
8.055600e+02 1
8.057892e+02 0
8.060184e+02 0
8.062476e+02 1
8.064768e+02 0
8.067060e+02 1
8.069352e+02 0
8.071644e+02 0
8.073936e+02 0
8.076228e+02 0
8.078520e+02 1
8.080812e+02 2
8.083104e+02 0
8.085396e+02 1
8.087688e+02 0
8.089980e+02 0
8.092272e+02 0
8.094564e+02 3
8.096856e+02 0
8.099148e+02 0
8.101440e+02 1
8.103732e+02 1
8.106024e+02 0
8.108316e+02 1
8.110607e+02 1
8.112899e+02 0
8.115191e+02 2
8.117483e+02 0
8.119775e+02 0
8.122067e+02 0
8.124359e+02 0
8.126651e+02 1
8.128943e+02 0
8.131235e+02 0
8.133527e+02 0
8.135819e+02 1
8.138111e+02 1
8.140403e+02 1
8.142695e+02 0
8.144987e+02 0
8.147279e+02 0
8.149571e+02 0
8.151863e+02 0
8.154155e+02 0
8.156447e+02 1
8.158739e+02 2
8.161031e+02 0
8.163323e+02 0
8.165615e+02 1
8.167907e+02 1
8.170199e+02 1
8.172491e+02 1
8.174783e+02 0
8.177075e+02 0
8.179367e+02 0
8.181658e+02 0
8.183950e+02 0
8.186242e+02 0
8.188534e+02 0
8.190826e+02 2
8.193118e+02 0
8.195410e+02 1
8.197702e+02 0
8.199994e+02 1
8.202286e+02 0
8.204578e+02 1
8.206870e+02 0
8.209162e+02 1
8.211454e+02 0
8.213746e+02 2
8.216038e+02 1
8.218330e+02 0
8.220621e+02 0
8.222913e+02 0
8.225205e+02 0
8.227497e+02 0
8.229789e+02 0
8.232081e+02 0
8.234373e+02 1
8.236665e+02 0
8.238957e+02 2
8.241249e+02 1
8.243541e+02 1
8.245833e+02 0
8.248125e+02 1
8.250416e+02 1
8.252708e+02 1
8.255000e+02 0
8.257292e+02 0
8.259584e+02 0
8.261876e+02 1
8.264168e+02 0
8.266460e+02 0
8.268752e+02 0
8.271044e+02 0
8.273336e+02 1
8.275628e+02 0
8.277919e+02 0
8.280211e+02 2
8.282503e+02 1
8.284795e+02 0
8.287087e+02 0
8.289379e+02 1
8.291671e+02 0
8.293963e+02 1
8.296255e+02 1
8.298547e+02 0
8.300838e+02 0
8.303130e+02 1
8.305422e+02 1
8.307714e+02 0
8.310006e+02 0
8.312298e+02 0
8.314590e+02 0
8.316882e+02 2
8.319174e+02 1
8.321465e+02 0
8.323757e+02 0
8.326049e+02 2
8.328341e+02 0
8.330633e+02 1
8.332925e+02 0
8.335217e+02 0
8.337509e+02 0
8.339800e+02 2
8.342092e+02 0
8.344384e+02 0
8.346676e+02 3
8.348968e+02 1
8.351260e+02 0
8.353552e+02 0
8.355844e+02 1
8.358135e+02 3
8.360427e+02 0
8.362719e+02 1
8.365011e+02 0
8.367303e+02 0
8.369595e+02 0
8.371887e+02 0
8.374179e+02 1
8.376470e+02 0
8.378762e+02 0
8.381054e+02 0
8.383346e+02 0
8.385638e+02 1
8.387930e+02 1
8.390222e+02 0
8.392513e+02 0
8.394805e+02 2
8.397097e+02 0
8.399389e+02 0
8.401681e+02 1
8.403973e+02 1
8.406264e+02 1
8.408556e+02 2
8.410848e+02 0
8.413140e+02 0
8.415432e+02 0
8.417724e+02 0
8.420016e+02 1
8.422307e+02 0
8.424599e+02 2
8.426891e+02 0
8.429183e+02 0
8.431475e+02 0
8.433767e+02 1
8.436058e+02 0
8.438350e+02 0
8.440642e+02 0
8.442934e+02 1
8.445226e+02 0
8.447518e+02 0
8.449809e+02 0
8.452101e+02 0
8.454393e+02 0
8.456685e+02 0
8.458977e+02 1
8.461268e+02 1
8.463560e+02 1
8.465852e+02 2
8.468144e+02 0
8.470436e+02 0
8.472728e+02 1
8.475019e+02 2
8.477311e+02 1
8.479603e+02 1
8.481895e+02 3
8.484187e+02 0
8.486478e+02 1
8.488770e+02 0
8.491062e+02 1
8.493354e+02 0
8.495646e+02 0
8.497937e+02 1
8.500229e+02 0
8.502521e+02 0
8.504813e+02 0
8.507105e+02 1
8.509396e+02 2
8.511688e+02 0
8.513980e+02 1
8.516272e+02 1
8.518564e+02 0
8.520855e+02 0
8.523147e+02 0
8.525439e+02 1
8.527731e+02 0
8.530023e+02 0
8.532314e+02 1
8.534606e+02 1
8.536898e+02 0
8.539190e+02 1
8.541482e+02 1
8.543773e+02 0
8.546065e+02 0
8.548357e+02 0
8.550649e+02 0
8.552940e+02 1
8.555232e+02 0
8.557524e+02 2
8.559816e+02 2
8.562108e+02 1
8.564399e+02 1
8.566691e+02 0
8.568983e+02 0
8.571275e+02 1
8.573566e+02 0
8.575858e+02 1
8.578150e+02 0
8.580442e+02 0
8.582733e+02 0
8.585025e+02 0
8.587317e+02 0
8.589609e+02 0
8.591900e+02 2
8.594192e+02 0
8.596484e+02 1
8.598776e+02 0
8.601068e+02 0
8.603359e+02 2
8.605651e+02 0
8.607943e+02 1
8.610235e+02 0
8.612526e+02 0
8.614818e+02 1
8.617110e+02 1
8.619402e+02 1
8.621693e+02 1
8.623985e+02 0
8.626277e+02 1
8.628568e+02 1
8.630860e+02 0
8.633152e+02 1
8.635444e+02 0
8.637735e+02 2
8.640027e+02 1
8.642319e+02 1
8.644611e+02 0
8.646902e+02 0
8.649194e+02 0
8.651486e+02 0
8.653778e+02 0
8.656069e+02 2
8.658361e+02 0
8.660653e+02 1
8.662945e+02 0
8.665236e+02 0
8.667528e+02 0
8.669820e+02 3
8.672111e+02 0
8.674403e+02 2
8.676695e+02 0
8.678987e+02 1
8.681278e+02 0
8.683570e+02 0
8.685862e+02 0
8.688153e+02 0
8.690445e+02 0
8.692737e+02 1
8.695029e+02 0
8.697320e+02 0
8.699612e+02 0
8.701904e+02 1
8.704195e+02 1
8.706487e+02 1
8.708779e+02 0
8.711071e+02 1
8.713362e+02 1
8.715654e+02 0
8.717946e+02 0
8.720237e+02 0
8.722529e+02 0
8.724821e+02 2
8.727112e+02 0
8.729404e+02 0
8.731696e+02 0
8.733988e+02 1
8.736279e+02 0
8.738571e+02 0
8.740863e+02 1
8.743154e+02 1
8.745446e+02 0
8.747738e+02 1
8.750029e+02 0
8.752321e+02 1
8.754613e+02 0
8.756904e+02 0
8.759196e+02 0
8.761488e+02 0
8.763779e+02 2
8.766071e+02 1
8.768363e+02 0
8.770654e+02 1
8.772946e+02 0
8.775238e+02 1
8.777530e+02 0
8.779821e+02 0
8.782113e+02 3
8.784405e+02 2
8.786696e+02 0
8.788988e+02 0
8.791280e+02 0
8.793571e+02 1
8.795863e+02 1
8.798155e+02 0
8.800446e+02 1
8.802738e+02 1
8.805030e+02 3
8.807321e+02 2
8.809613e+02 1
8.811904e+02 2
8.814196e+02 1
8.816488e+02 0
8.818779e+02 1
8.821071e+02 0
8.823363e+02 1
8.825654e+02 1
8.827946e+02 1
8.830238e+02 1
8.832529e+02 0
8.834821e+02 0
8.837113e+02 0
8.839404e+02 0
8.841696e+02 0
8.843988e+02 0
8.846279e+02 2
8.848571e+02 1
8.850863e+02 0
8.853154e+02 0
8.855446e+02 1
8.857737e+02 0
8.860029e+02 0
8.862321e+02 0
8.864612e+02 0
8.866904e+02 0
8.869196e+02 0
8.871487e+02 0
8.873779e+02 0
8.876070e+02 0
8.878362e+02 0
8.880654e+02 1
8.882945e+02 0
8.885237e+02 0
8.887529e+02 1
8.889820e+02 1
8.892112e+02 0
8.894403e+02 0
8.896695e+02 1
8.898987e+02 0
8.901278e+02 0
8.903570e+02 1
8.905862e+02 0
8.908153e+02 1
8.910445e+02 0
8.912736e+02 1
8.915028e+02 0
8.917320e+02 1
8.919611e+02 1
8.921903e+02 0
8.924194e+02 1
8.926486e+02 1
8.928778e+02 0
8.931069e+02 1
8.933361e+02 1
8.935652e+02 0
8.937944e+02 0
8.940236e+02 0
8.942527e+02 0
8.944819e+02 1
8.947110e+02 0
8.949402e+02 3
8.951694e+02 0
8.953985e+02 0
8.956277e+02 0
8.958568e+02 0
8.960860e+02 1
8.963152e+02 3
8.965443e+02 1
8.967735e+02 0
8.970026e+02 0
8.972318e+02 0
8.974609e+02 0
8.976901e+02 0
8.979193e+02 1
8.981484e+02 0
8.983776e+02 1
8.986067e+02 0
8.988359e+02 0
8.990651e+02 0
8.992942e+02 0
8.995234e+02 0
8.997525e+02 0
8.999817e+02 0
9.002108e+02 0
9.004400e+02 2
9.006692e+02 2
9.008983e+02 1
9.011275e+02 1
9.013566e+02 0
9.015858e+02 1
9.018149e+02 1
9.020441e+02 1
9.022732e+02 0
9.025024e+02 1
9.027316e+02 0
9.029607e+02 3
9.031899e+02 0
9.034190e+02 0
9.036482e+02 0
9.038773e+02 1
9.041065e+02 0
9.043356e+02 0
9.045648e+02 0
9.047940e+02 1
9.050231e+02 0
9.052523e+02 1
9.054814e+02 0
9.057106e+02 0
9.059397e+02 0
9.061689e+02 1
9.063980e+02 0
9.066272e+02 1
9.068563e+02 1
9.070855e+02 0
9.073146e+02 0
9.075438e+02 2
9.077730e+02 0
9.080021e+02 1
9.082313e+02 1
9.084604e+02 0
9.086896e+02 0
9.089187e+02 0
9.091479e+02 0
9.093770e+02 0
9.096062e+02 0
9.098353e+02 2
9.100645e+02 1
9.102936e+02 1
9.105228e+02 1
9.107519e+02 1
9.109811e+02 0
9.112102e+02 0
9.114394e+02 0
9.116685e+02 1
9.118977e+02 1
9.121269e+02 0
9.123560e+02 0
9.125852e+02 0
9.128143e+02 1
9.130435e+02 0
9.132726e+02 0
9.135018e+02 0
9.137309e+02 0
9.139601e+02 0
9.141892e+02 0
9.144184e+02 1
9.146475e+02 0
9.148767e+02 0
9.151058e+02 1
9.153350e+02 0
9.155641e+02 0
9.157933e+02 0
9.160224e+02 1
9.162516e+02 1
9.164807e+02 0
9.167099e+02 0
9.169390e+02 1
9.171682e+02 0
9.173973e+02 2
9.176265e+02 1
9.178556e+02 0
9.180848e+02 1
9.183139e+02 0
9.185430e+02 1
9.187722e+02 1
9.190013e+02 0
9.192305e+02 0
9.194596e+02 1
9.196888e+02 2
9.199179e+02 0
9.201471e+02 0
9.203762e+02 0
9.206054e+02 1
9.208345e+02 0
9.210637e+02 1
9.212928e+02 1
9.215220e+02 1
9.217511e+02 0
9.219803e+02 0
9.222094e+02 0
9.224386e+02 0
9.226677e+02 1
9.228968e+02 0
9.231260e+02 0
9.233551e+02 1
9.235843e+02 1
9.238134e+02 2
9.240426e+02 1
9.242717e+02 0
9.245009e+02 1
9.247300e+02 0
9.249592e+02 1
9.251883e+02 0
9.254175e+02 0
9.256466e+02 1
9.258757e+02 0
9.261049e+02 0
9.263340e+02 1
9.265632e+02 0
9.267923e+02 0
9.270215e+02 0
9.272506e+02 1
9.274798e+02 0
9.277089e+02 0
9.279380e+02 1
9.281672e+02 0
9.283963e+02 0
9.286255e+02 0
9.288546e+02 0
9.290838e+02 1
9.293129e+02 2
9.295420e+02 0
9.297712e+02 0
9.300003e+02 0
9.302295e+02 0
9.304586e+02 0
9.306878e+02 1
9.309169e+02 0
9.311460e+02 0
9.313752e+02 0
9.316043e+02 0
9.318335e+02 0
9.320626e+02 0
9.322918e+02 1
9.325209e+02 0
9.327500e+02 3
9.329792e+02 0
9.332083e+02 0
9.334375e+02 2
9.336666e+02 1
9.338957e+02 0
9.341249e+02 1
9.343540e+02 2
9.345832e+02 1
9.348123e+02 1
9.350415e+02 0
9.352706e+02 0
9.354997e+02 0
9.357289e+02 0
9.359580e+02 1
9.361872e+02 0
9.364163e+02 1
9.366454e+02 1
9.368746e+02 0
9.371037e+02 2
9.373329e+02 0
9.375620e+02 1
9.377911e+02 0
9.380203e+02 0
9.382494e+02 0
9.384786e+02 0
9.387077e+02 1
9.389368e+02 1
9.391660e+02 2
9.393951e+02 1
9.396242e+02 1
9.398534e+02 0
9.400825e+02 0
9.403117e+02 1
9.405408e+02 0
9.407699e+02 0
9.409991e+02 1
9.412282e+02 0
9.414574e+02 0
9.416865e+02 0
9.419156e+02 0
9.421448e+02 0
9.423739e+02 0
9.426030e+02 0
9.428322e+02 0
9.430613e+02 1
9.432904e+02 0
9.435196e+02 2
9.437487e+02 0
9.439779e+02 0
9.442070e+02 1
9.444361e+02 2
9.446653e+02 1
9.448944e+02 0
9.451235e+02 0
9.453527e+02 0
9.455818e+02 3
9.458109e+02 1
9.460401e+02 0
9.462692e+02 1
9.464984e+02 0
9.467275e+02 0
9.469566e+02 0
9.471858e+02 0
9.474149e+02 0
9.476440e+02 0
9.478732e+02 0
9.481023e+02 1
9.483314e+02 0
9.485606e+02 0
9.487897e+02 0
9.490188e+02 0
9.492480e+02 0
9.494771e+02 0
9.497062e+02 0
9.499354e+02 0
9.501645e+02 1
9.503936e+02 1
9.506228e+02 1
9.508519e+02 0
9.510810e+02 0
9.513102e+02 0
9.515393e+02 0
9.517684e+02 0
9.519976e+02 0
9.522267e+02 0
9.524558e+02 0
9.526850e+02 0
9.529141e+02 1
9.531432e+02 0
9.533724e+02 0
9.536015e+02 0
9.538306e+02 0
9.540598e+02 2
9.542889e+02 1
9.545180e+02 0
9.547472e+02 0
9.549763e+02 2
9.552054e+02 1
9.554346e+02 1
9.556637e+02 1
9.558928e+02 0
9.561219e+02 0
9.563511e+02 0
9.565802e+02 2
9.568093e+02 0
9.570385e+02 2
9.572676e+02 0
9.574967e+02 2
9.577259e+02 1
9.579550e+02 3
9.581841e+02 0
9.584133e+02 0
9.586424e+02 0
9.588715e+02 0
9.591006e+02 0
9.593298e+02 1
9.595589e+02 0
9.597880e+02 1
9.600172e+02 0
9.602463e+02 1
9.604754e+02 0
9.607045e+02 1
9.609337e+02 1
9.611628e+02 0
9.613919e+02 0
9.616211e+02 0
9.618502e+02 0
9.620793e+02 0
9.623084e+02 0
9.625376e+02 0
9.627667e+02 0
9.629958e+02 0
9.632250e+02 0
9.634541e+02 1
9.636832e+02 1
9.639123e+02 0
9.641415e+02 0
9.643706e+02 0
9.645997e+02 0
9.648288e+02 0
9.650580e+02 0
9.652871e+02 0
9.655162e+02 0
9.657454e+02 1
9.659745e+02 1
9.662036e+02 3
9.664327e+02 0
9.666619e+02 1
9.668910e+02 0
9.671201e+02 0
9.673492e+02 0
9.675784e+02 0
9.678075e+02 2
9.680366e+02 0
9.682657e+02 0
9.684949e+02 1
9.687240e+02 0
9.689531e+02 0
9.691822e+02 0
9.694114e+02 1
9.696405e+02 0
9.698696e+02 0
9.700987e+02 1
9.703279e+02 0
9.705570e+02 0
9.707861e+02 0
9.710152e+02 1
9.712444e+02 1
9.714735e+02 1
9.717026e+02 0
9.719317e+02 0
9.721608e+02 0
9.723900e+02 0
9.726191e+02 1
9.728482e+02 0
9.730773e+02 1
9.733065e+02 0
9.735356e+02 2
9.737647e+02 1
9.739938e+02 0
9.742230e+02 0
9.744521e+02 1
9.746812e+02 0
9.749103e+02 0
9.751394e+02 1
9.753686e+02 0
9.755977e+02 0
9.758268e+02 0
9.760559e+02 1
9.762851e+02 0
9.765142e+02 1
9.767433e+02 0
9.769724e+02 1
9.772015e+02 3
9.774307e+02 0
9.776598e+02 0
9.778889e+02 0
9.781180e+02 0
9.783471e+02 0
9.785763e+02 0
9.788054e+02 0
9.790345e+02 1
9.792636e+02 2
9.794927e+02 2
9.797219e+02 1
9.799510e+02 2
9.801801e+02 1
9.804092e+02 0
9.806383e+02 0
9.808675e+02 1
9.810966e+02 0
9.813257e+02 0
9.815548e+02 0
9.817839e+02 1
9.820131e+02 1
9.822422e+02 0
9.824713e+02 0
9.827004e+02 0
9.829295e+02 1
9.831587e+02 0
9.833878e+02 0
9.836169e+02 0
9.838460e+02 1
9.840751e+02 1
9.843042e+02 0
9.845334e+02 0
9.847625e+02 0
9.849916e+02 0
9.852207e+02 0
9.854498e+02 0
9.856789e+02 0
9.859081e+02 1
9.861372e+02 0
9.863663e+02 0
9.865954e+02 0
9.868245e+02 0
9.870536e+02 0
9.872828e+02 1
9.875119e+02 1
9.877410e+02 1
9.879701e+02 0
9.881992e+02 0
9.884283e+02 1
9.886575e+02 0
9.888866e+02 0
9.891157e+02 2
9.893448e+02 1
9.895739e+02 0
9.898030e+02 0
9.900322e+02 0
9.902613e+02 0
9.904904e+02 0
9.907195e+02 1
9.909486e+02 1
9.911777e+02 0
9.914068e+02 0
9.916360e+02 0
9.918651e+02 0
9.920942e+02 1
9.923233e+02 0
9.925524e+02 1
9.927815e+02 0
9.930106e+02 0
9.932398e+02 0
9.934689e+02 0
9.936980e+02 0
9.939271e+02 1
9.941562e+02 0
9.943853e+02 0
9.946144e+02 0
9.948435e+02 0
9.950727e+02 0
9.953018e+02 0
9.955309e+02 0
9.957600e+02 0
9.959891e+02 0
9.962182e+02 0
9.964473e+02 0
9.966764e+02 0
9.969056e+02 0
9.971347e+02 0
9.973638e+02 0
9.975929e+02 0
9.978220e+02 0
9.980511e+02 0
9.982802e+02 0
9.985093e+02 0
9.987385e+02 1
9.989676e+02 1
9.991967e+02 0
9.994258e+02 1
9.996549e+02 1
9.998840e+02 0
1.000113e+03 0
1.000342e+03 1
1.000571e+03 2
1.000800e+03 1
1.001030e+03 2
1.001259e+03 0
1.001488e+03 1
1.001717e+03 0
1.001946e+03 0
1.002175e+03 0
1.002404e+03 0
1.002633e+03 1
1.002862e+03 0
1.003092e+03 0
1.003321e+03 0
1.003550e+03 1
1.003779e+03 0
1.004008e+03 0
1.004237e+03 0
1.004466e+03 0
1.004695e+03 0
1.004924e+03 0
1.005154e+03 0
1.005383e+03 0
1.005612e+03 0
1.005841e+03 1
1.006070e+03 0
1.006299e+03 0
1.006528e+03 0
1.006757e+03 0
1.006986e+03 1
1.007215e+03 1
1.007445e+03 0
1.007674e+03 0
1.007903e+03 0
1.008132e+03 0
1.008361e+03 2
1.008590e+03 1
1.008819e+03 0
1.009048e+03 2
1.009277e+03 0
1.009507e+03 0
1.009736e+03 0
1.009965e+03 2
1.010194e+03 0
1.010423e+03 0
1.010652e+03 0
1.010881e+03 0
1.011110e+03 0
1.011339e+03 0
1.011569e+03 0
1.011798e+03 0
1.012027e+03 1
1.012256e+03 1
1.012485e+03 1
1.012714e+03 0
1.012943e+03 0
1.013172e+03 0
1.013401e+03 0
1.013630e+03 0
1.013860e+03 0
1.014089e+03 0
1.014318e+03 1
1.014547e+03 1
1.014776e+03 0
1.015005e+03 0
1.015234e+03 0
1.015463e+03 1
1.015692e+03 0
1.015921e+03 0
1.016151e+03 1
1.016380e+03 0
1.016609e+03 0
1.016838e+03 0
1.017067e+03 0
1.017296e+03 0
1.017525e+03 0
1.017754e+03 2
1.017983e+03 0
1.018213e+03 0
1.018442e+03 0
1.018671e+03 0
1.018900e+03 0
1.019129e+03 1
1.019358e+03 0
1.019587e+03 0
1.019816e+03 1
1.020045e+03 0
1.020274e+03 0
1.020504e+03 1
1.020733e+03 1
1.020962e+03 0
1.021191e+03 0
1.021420e+03 2
1.021649e+03 0
1.021878e+03 1
1.022107e+03 0
1.022336e+03 1
1.022565e+03 0
1.022795e+03 1
1.023024e+03 0
1.023253e+03 0
1.023482e+03 1
1.023711e+03 0
1.023940e+03 0
1.024169e+03 0
1.024398e+03 2
1.024627e+03 0
1.024856e+03 0
1.025086e+03 0
1.025315e+03 1
1.025544e+03 0
1.025773e+03 0
1.026002e+03 0
1.026231e+03 0
1.026460e+03 0
1.026689e+03 0
1.026918e+03 0
1.027147e+03 0
1.027377e+03 1
1.027606e+03 1
1.027835e+03 0
1.028064e+03 1
1.028293e+03 0
1.028522e+03 0
1.028751e+03 0
1.028980e+03 0
1.029209e+03 0
1.029438e+03 1
1.029667e+03 1
1.029897e+03 0
1.030126e+03 1
1.030355e+03 0
1.030584e+03 0
1.030813e+03 0
1.031042e+03 1
1.031271e+03 0
1.031500e+03 0
1.031729e+03 0
1.031958e+03 0
1.032188e+03 0
1.032417e+03 0
1.032646e+03 0
1.032875e+03 0
1.033104e+03 0
1.033333e+03 0
1.033562e+03 0
1.033791e+03 0
1.034020e+03 1
1.034249e+03 1
1.034478e+03 0
1.034708e+03 0
1.034937e+03 0
1.035166e+03 1
1.035395e+03 1
1.035624e+03 0
1.035853e+03 0
1.036082e+03 3
1.036311e+03 1
1.036540e+03 0
1.036769e+03 0
1.036999e+03 1
1.037228e+03 0
1.037457e+03 0
1.037686e+03 0
1.037915e+03 0
1.038144e+03 0
1.038373e+03 1
1.038602e+03 2
1.038831e+03 0
1.039060e+03 0
1.039289e+03 0
1.039519e+03 0
1.039748e+03 1
1.039977e+03 1
1.040206e+03 0
1.040435e+03 0
1.040664e+03 0
1.040893e+03 0
1.041122e+03 0
1.041351e+03 1
1.041580e+03 1
1.041809e+03 0
1.042039e+03 0
1.042268e+03 1
1.042497e+03 1
1.042726e+03 0
1.042955e+03 1
1.043184e+03 0
1.043413e+03 1
1.043642e+03 1
1.043871e+03 1
1.044100e+03 0
1.044329e+03 0
1.044559e+03 0
1.044788e+03 0
1.045017e+03 0
1.045246e+03 0
1.045475e+03 0
1.045704e+03 1
1.045933e+03 1
1.046162e+03 0
1.046391e+03 2
1.046620e+03 0
1.046849e+03 0
1.047079e+03 0
1.047308e+03 0
1.047537e+03 0
1.047766e+03 0
1.047995e+03 0
1.048224e+03 0
1.048453e+03 0
1.048682e+03 0
1.048911e+03 0
1.049140e+03 0
1.049369e+03 0
1.049598e+03 0
1.049828e+03 0
1.050057e+03 0
1.050286e+03 0
1.050515e+03 0
1.050744e+03 0
1.050973e+03 1
1.051202e+03 0
1.051431e+03 0
1.051660e+03 0
1.051889e+03 1
1.052118e+03 0
1.052348e+03 1
1.052577e+03 1
1.052806e+03 1
1.053035e+03 0
1.053264e+03 0
1.053493e+03 0
1.053722e+03 0
1.053951e+03 1
1.054180e+03 1
1.054409e+03 0
1.054638e+03 0
1.054867e+03 0
1.055097e+03 0
1.055326e+03 0
1.055555e+03 0
1.055784e+03 0
1.056013e+03 1
1.056242e+03 2
1.056471e+03 0
1.056700e+03 1
1.056929e+03 0
1.057158e+03 0
1.057387e+03 0
1.057616e+03 0
1.057846e+03 2
1.058075e+03 1
1.058304e+03 0
1.058533e+03 0
1.058762e+03 0
1.058991e+03 0
1.059220e+03 1
1.059449e+03 0
1.059678e+03 0
1.059907e+03 0
1.060136e+03 1
1.060365e+03 0
1.060595e+03 0
1.060824e+03 0
1.061053e+03 0
1.061282e+03 1
1.061511e+03 3
1.061740e+03 0
1.061969e+03 0
1.062198e+03 0
1.062427e+03 0
1.062656e+03 1
1.062885e+03 0
1.063114e+03 0
1.063344e+03 0
1.063573e+03 0
1.063802e+03 1
1.064031e+03 0
1.064260e+03 1
1.064489e+03 0
1.064718e+03 0
1.064947e+03 1
1.065176e+03 1
1.065405e+03 0
1.065634e+03 0
1.065863e+03 1
1.066093e+03 1
1.066322e+03 0
1.066551e+03 0
1.066780e+03 3
1.067009e+03 0
1.067238e+03 2
1.067467e+03 1
1.067696e+03 0
1.067925e+03 0
1.068154e+03 0
1.068383e+03 0
1.068612e+03 0
1.068841e+03 0
1.069071e+03 0
1.069300e+03 0
1.069529e+03 0
1.069758e+03 0
1.069987e+03 0
1.070216e+03 0
1.070445e+03 0
1.070674e+03 2
1.070903e+03 0
1.071132e+03 0
1.071361e+03 0
1.071590e+03 0
1.071819e+03 0
1.072049e+03 0
1.072278e+03 1
1.072507e+03 0
1.072736e+03 0
1.072965e+03 0
1.073194e+03 0
1.073423e+03 0
1.073652e+03 0
1.073881e+03 0
1.074110e+03 0
1.074339e+03 0
1.074568e+03 1
1.074797e+03 0
1.075027e+03 0
1.075256e+03 0
1.075485e+03 0
1.075714e+03 0
1.075943e+03 1
1.076172e+03 0
1.076401e+03 0
1.076630e+03 0
1.076859e+03 0
1.077088e+03 0
1.077317e+03 0
1.077546e+03 0
1.077775e+03 0
1.078005e+03 0
1.078234e+03 0
1.078463e+03 1
1.078692e+03 0
1.078921e+03 0
1.079150e+03 0
1.079379e+03 0
1.079608e+03 0
1.079837e+03 0
1.080066e+03 0
1.080295e+03 0
1.080524e+03 0
1.080753e+03 0
1.080982e+03 0
1.081212e+03 0
1.081441e+03 0
1.081670e+03 0
1.081899e+03 0
1.082128e+03 2
1.082357e+03 0
1.082586e+03 0
1.082815e+03 0
1.083044e+03 1
1.083273e+03 0
1.083502e+03 0
1.083731e+03 0
1.083960e+03 0
1.084189e+03 0
1.084419e+03 0
1.084648e+03 0
1.084877e+03 0
1.085106e+03 0
1.085335e+03 1
1.085564e+03 0
1.085793e+03 0
1.086022e+03 0
1.086251e+03 0
1.086480e+03 2
1.086709e+03 1
1.086938e+03 0
1.087167e+03 0
1.087396e+03 0
1.087626e+03 0
1.087855e+03 0
1.088084e+03 0
1.088313e+03 1
1.088542e+03 0
1.088771e+03 1
1.089000e+03 0
1.089229e+03 0
1.089458e+03 0
1.089687e+03 0
1.089916e+03 0
1.090145e+03 0
1.090374e+03 1
1.090603e+03 0
1.090833e+03 0
1.091062e+03 0
1.091291e+03 1
1.091520e+03 1
1.091749e+03 0
1.091978e+03 0
1.092207e+03 0
1.092436e+03 2
1.092665e+03 0
1.092894e+03 0
1.093123e+03 0
1.093352e+03 0
1.093581e+03 2
1.093810e+03 1
1.094039e+03 0
1.094269e+03 0
1.094498e+03 0
1.094727e+03 0
1.094956e+03 0
1.095185e+03 1
1.095414e+03 0
1.095643e+03 0
1.095872e+03 0
1.096101e+03 0
1.096330e+03 1
1.096559e+03 0
1.096788e+03 0
1.097017e+03 1
1.097246e+03 1
1.097475e+03 0
1.097705e+03 0
1.097934e+03 0
1.098163e+03 0
1.098392e+03 0
1.098621e+03 1
1.098850e+03 0
1.099079e+03 1
1.099308e+03 1
1.099537e+03 1
1.099766e+03 1
1.099995e+03 0
1.100224e+03 0
1.100453e+03 0
1.100682e+03 1
1.100911e+03 0
1.101140e+03 0
1.101370e+03 0
1.101599e+03 0
1.101828e+03 0
1.102057e+03 0
1.102286e+03 0
1.102515e+03 1
1.102744e+03 0
1.102973e+03 0
1.103202e+03 0
1.103431e+03 0
1.103660e+03 1
1.103889e+03 0
1.104118e+03 0
1.104347e+03 0
1.104576e+03 1
1.104805e+03 0
1.105035e+03 0
1.105264e+03 1
1.105493e+03 1
1.105722e+03 0
1.105951e+03 0
1.106180e+03 0
1.106409e+03 0
1.106638e+03 0
1.106867e+03 0
1.107096e+03 0
1.107325e+03 0
1.107554e+03 0
1.107783e+03 0
1.108012e+03 0
1.108241e+03 0
1.108470e+03 0
1.108700e+03 1
1.108929e+03 0
1.109158e+03 1
1.109387e+03 1
1.109616e+03 1
1.109845e+03 0
1.110074e+03 0
1.110303e+03 0
1.110532e+03 0
1.110761e+03 0
1.110990e+03 2
1.111219e+03 0
1.111448e+03 0
1.111677e+03 0
1.111906e+03 0
1.112135e+03 0
1.112364e+03 0
1.112594e+03 0
1.112823e+03 0
1.113052e+03 0
1.113281e+03 0
1.113510e+03 0
1.113739e+03 1
1.113968e+03 1
1.114197e+03 0
1.114426e+03 0
1.114655e+03 0
1.114884e+03 0
1.115113e+03 0
1.115342e+03 0
1.115571e+03 0
1.115800e+03 0
1.116029e+03 0
1.116258e+03 0
1.116487e+03 0
1.116717e+03 0
1.116946e+03 0
1.117175e+03 0
1.117404e+03 0
1.117633e+03 0
1.117862e+03 1
1.118091e+03 0
1.118320e+03 0
1.118549e+03 0
1.118778e+03 0
1.119007e+03 1
1.119236e+03 1
1.119465e+03 0
1.119694e+03 0
1.119923e+03 2
1.120152e+03 0
1.120381e+03 0
1.120610e+03 0
1.120840e+03 1
1.121069e+03 0
1.121298e+03 0
1.121527e+03 1
1.121756e+03 0
1.121985e+03 0
1.122214e+03 0
1.122443e+03 0
1.122672e+03 0
1.122901e+03 0
1.123130e+03 1
1.123359e+03 1
1.123588e+03 0
1.123817e+03 1
1.124046e+03 1
1.124275e+03 2
1.124504e+03 0
1.124733e+03 3
1.124962e+03 0
1.125192e+03 0
1.125421e+03 0
1.125650e+03 0
1.125879e+03 1
1.126108e+03 1
1.126337e+03 1
1.126566e+03 0
1.126795e+03 0
1.127024e+03 0
1.127253e+03 0
1.127482e+03 1
1.127711e+03 0
1.127940e+03 0
1.128169e+03 0
1.128398e+03 1
1.128627e+03 0
1.128856e+03 0
1.129085e+03 0
1.129314e+03 0
1.129544e+03 0
1.129773e+03 2
1.130002e+03 0
1.130231e+03 1
1.130460e+03 1
1.130689e+03 0
1.130918e+03 1
1.131147e+03 0
1.131376e+03 0
1.131605e+03 0
1.131834e+03 0
1.132063e+03 0
1.132292e+03 0
1.132521e+03 0
1.132750e+03 0
1.132979e+03 0
1.133208e+03 2
1.133437e+03 0
1.133666e+03 0
1.133895e+03 0
1.134125e+03 1
1.134354e+03 0
1.134583e+03 0
1.134812e+03 1
1.135041e+03 0
1.135270e+03 0
1.135499e+03 0
1.135728e+03 1
1.135957e+03 2
1.136186e+03 0
1.136415e+03 0
1.136644e+03 0
1.136873e+03 0
1.137102e+03 0
1.137331e+03 1
1.137560e+03 1
1.137789e+03 0
1.138018e+03 1
1.138247e+03 0
1.138476e+03 0
1.138705e+03 0
1.138934e+03 0
1.139164e+03 1
1.139393e+03 1
1.139622e+03 0
1.139851e+03 0
1.140080e+03 1
1.140309e+03 0
1.140538e+03 0
1.140767e+03 1
1.140996e+03 0
1.141225e+03 0
1.141454e+03 0
1.141683e+03 0
1.141912e+03 2
1.142141e+03 0
1.142370e+03 0
1.142599e+03 0
1.142828e+03 0
1.143057e+03 0
1.143286e+03 0
1.143515e+03 0
1.143744e+03 0
1.143973e+03 0
1.144203e+03 0
1.144432e+03 1
1.144661e+03 0
1.144890e+03 1
1.145119e+03 0
1.145348e+03 1
1.145577e+03 2
1.145806e+03 0
1.146035e+03 0
1.146264e+03 0
1.146493e+03 0
1.146722e+03 1
1.146951e+03 1
1.147180e+03 1
1.147409e+03 1
1.147638e+03 0
1.147867e+03 0
1.148096e+03 1
1.148325e+03 0
1.148554e+03 1
1.148783e+03 0
1.149012e+03 0
1.149241e+03 0
1.149470e+03 2
1.149700e+03 1
1.149929e+03 2
1.150158e+03 3
1.150387e+03 0
1.150616e+03 0
1.150845e+03 2
1.151074e+03 1
1.151303e+03 0
1.151532e+03 0
1.151761e+03 1
1.151990e+03 0
1.152219e+03 0
1.152448e+03 1
1.152677e+03 0
1.152906e+03 2
1.153135e+03 0
1.153364e+03 0
1.153593e+03 1
1.153822e+03 0
1.154051e+03 0
1.154280e+03 0
1.154509e+03 0
1.154738e+03 0
1.154967e+03 0
1.155196e+03 0
1.155426e+03 2
1.155655e+03 1
1.155884e+03 0
1.156113e+03 1
1.156342e+03 2
1.156571e+03 0
1.156800e+03 2
1.157029e+03 1
1.157258e+03 1
1.157487e+03 1
1.157716e+03 0
1.157945e+03 1
1.158174e+03 0
1.158403e+03 0
1.158632e+03 0
1.158861e+03 2
1.159090e+03 0
1.159319e+03 0
1.159548e+03 2
1.159777e+03 0
1.160006e+03 0
1.160235e+03 0
1.160464e+03 1
1.160693e+03 0
1.160922e+03 0
1.161151e+03 0
1.161380e+03 0
1.161610e+03 1
1.161839e+03 0
1.162068e+03 2
1.162297e+03 0
1.162526e+03 1
1.162755e+03 1
1.162984e+03 0
1.163213e+03 0
1.163442e+03 0
1.163671e+03 0
1.163900e+03 0
1.164129e+03 1
1.164358e+03 0
1.164587e+03 0
1.164816e+03 0
1.165045e+03 0
1.165274e+03 0
1.165503e+03 0
1.165732e+03 2
1.165961e+03 1
1.166190e+03 0
1.166419e+03 0
1.166648e+03 1
1.166877e+03 0
1.167106e+03 2
1.167335e+03 0
1.167564e+03 0
1.167793e+03 2
1.168022e+03 0
1.168251e+03 0
1.168481e+03 0
1.168710e+03 0
1.168939e+03 0
1.169168e+03 1
1.169397e+03 2
1.169626e+03 0
1.169855e+03 1
1.170084e+03 2
1.170313e+03 2
1.170542e+03 1
1.170771e+03 0
1.171000e+03 1
1.171229e+03 1
1.171458e+03 1
1.171687e+03 0
1.171916e+03 1
1.172145e+03 0
1.172374e+03 0
1.172603e+03 1
1.172832e+03 0
1.173061e+03 3
1.173290e+03 0
1.173519e+03 0
1.173748e+03 3
1.173977e+03 0
1.174206e+03 0
1.174435e+03 0
1.174664e+03 0
1.174893e+03 1
1.175122e+03 1
1.175351e+03 0
1.175580e+03 1
1.175810e+03 0
1.176039e+03 1
1.176268e+03 0
1.176497e+03 1
1.176726e+03 0
1.176955e+03 0
1.177184e+03 1
1.177413e+03 0
1.177642e+03 1
1.177871e+03 1
1.178100e+03 0
1.178329e+03 0
1.178558e+03 2
1.178787e+03 0
1.179016e+03 1
1.179245e+03 2
1.179474e+03 0
1.179703e+03 0
1.179932e+03 0
1.180161e+03 1
1.180390e+03 2
1.180619e+03 1
1.180848e+03 1
1.181077e+03 0
1.181306e+03 2
1.181535e+03 2
1.181764e+03 0
1.181993e+03 2
1.182222e+03 1
1.182451e+03 2
1.182680e+03 1
1.182909e+03 1
1.183138e+03 1
1.183367e+03 0
1.183596e+03 0
1.183825e+03 1
1.184054e+03 3
1.184283e+03 0
1.184513e+03 1
1.184742e+03 1
1.184971e+03 1
1.185200e+03 1
1.185429e+03 1
1.185658e+03 5
1.185887e+03 1
1.186116e+03 1
1.186345e+03 0
1.186574e+03 0
1.186803e+03 0
1.187032e+03 1
1.187261e+03 2
1.187490e+03 0
1.187719e+03 1
1.187948e+03 1
1.188177e+03 0
1.188406e+03 0
1.188635e+03 0
1.188864e+03 3
1.189093e+03 2
1.189322e+03 1
1.189551e+03 2
1.189780e+03 3
1.190009e+03 0
1.190238e+03 1
1.190467e+03 0
1.190696e+03 1
1.190925e+03 1
1.191154e+03 0
1.191383e+03 1
1.191612e+03 2
1.191841e+03 0
1.192070e+03 0
1.192299e+03 1
1.192528e+03 0
1.192757e+03 0
1.192986e+03 0
1.193215e+03 3
1.193444e+03 0
1.193673e+03 0
1.193902e+03 0
1.194131e+03 2
1.194360e+03 0
1.194590e+03 2
1.194819e+03 1
1.195048e+03 0
1.195277e+03 1
1.195506e+03 0
1.195735e+03 1
1.195964e+03 0
1.196193e+03 1
1.196422e+03 1
1.196651e+03 0
1.196880e+03 2
1.197109e+03 2
1.197338e+03 2
1.197567e+03 2
1.197796e+03 1
1.198025e+03 0
1.198254e+03 0
1.198483e+03 0
1.198712e+03 1
1.198941e+03 0
1.199170e+03 2
1.199399e+03 1
1.199628e+03 2
1.199857e+03 1
1.200086e+03 0
1.200315e+03 2
1.200544e+03 3
1.200773e+03 2
1.201002e+03 0
1.201231e+03 0
1.201460e+03 2
1.201689e+03 1
1.201918e+03 0
1.202147e+03 0
1.202376e+03 3
1.202605e+03 2
1.202834e+03 0
1.203063e+03 2
1.203292e+03 0
1.203521e+03 2
1.203750e+03 0
1.203979e+03 0
1.204208e+03 1
1.204437e+03 1
1.204666e+03 1
1.204895e+03 3
1.205124e+03 0
1.205353e+03 2
1.205582e+03 0
1.205811e+03 0
1.206040e+03 0
1.206269e+03 2
1.206498e+03 0
1.206727e+03 1
1.206956e+03 0
1.207185e+03 0
1.207414e+03 0
1.207643e+03 1
1.207872e+03 0
1.208102e+03 0
1.208331e+03 2
1.208560e+03 0
1.208789e+03 2
1.209018e+03 2
1.209247e+03 0
1.209476e+03 0
1.209705e+03 0
1.209934e+03 2
1.210163e+03 1
1.210392e+03 2
1.210621e+03 3
1.210850e+03 1
1.211079e+03 0
1.211308e+03 0
1.211537e+03 2
1.211766e+03 2
1.211995e+03 0
1.212224e+03 1
1.212453e+03 1
1.212682e+03 1
1.212911e+03 1
1.213140e+03 1
1.213369e+03 1
1.213598e+03 0
1.213827e+03 2
1.214056e+03 1
1.214285e+03 1
1.214514e+03 5
1.214743e+03 0
1.214972e+03 0
1.215201e+03 2
1.215430e+03 0
1.215659e+03 1
1.215888e+03 1
1.216117e+03 0
1.216346e+03 2
1.216575e+03 2
1.216804e+03 6
1.217033e+03 3
1.217262e+03 2
1.217491e+03 1
1.217720e+03 2
1.217949e+03 2
1.218178e+03 1
1.218407e+03 1
1.218636e+03 1
1.218865e+03 1
1.219094e+03 1
1.219323e+03 1
1.219552e+03 1
1.219781e+03 3
1.220010e+03 1
1.220239e+03 0
1.220468e+03 0
1.220697e+03 1
1.220926e+03 1
1.221155e+03 0
1.221384e+03 1
1.221613e+03 0
1.221842e+03 1
1.222071e+03 0
1.222300e+03 0
1.222529e+03 2
1.222758e+03 0
1.222987e+03 1
1.223216e+03 0
1.223445e+03 0
1.223674e+03 0
1.223903e+03 1
1.224132e+03 2
1.224361e+03 0
1.224590e+03 0
1.224819e+03 1
1.225048e+03 0
1.225277e+03 0
1.225506e+03 1
1.225735e+03 1
1.225964e+03 1
1.226193e+03 0
1.226422e+03 1
1.226651e+03 0
1.226880e+03 0
1.227109e+03 0
1.227338e+03 0
1.227567e+03 0
1.227796e+03 1
1.228025e+03 0
1.228254e+03 2
1.228483e+03 0
1.228712e+03 0
1.228941e+03 0
1.229170e+03 0
1.229399e+03 0
1.229628e+03 1
1.229857e+03 1
1.230086e+03 0
1.230315e+03 0
1.230544e+03 1
1.230773e+03 0
1.231002e+03 0
1.231231e+03 0
1.231460e+03 0
1.231689e+03 0
1.231918e+03 2
1.232147e+03 2
1.232376e+03 0
1.232605e+03 0
1.232834e+03 0
1.233063e+03 0
1.233292e+03 1
1.233521e+03 0
1.233750e+03 1
1.233979e+03 2
1.234208e+03 0
1.234437e+03 0
1.234666e+03 2
1.234895e+03 1
1.235124e+03 1
1.235353e+03 1
1.235582e+03 1
1.235811e+03 1
1.236040e+03 0
1.236269e+03 0
1.236498e+03 0
1.236727e+03 0
1.236956e+03 0
1.237185e+03 0
1.237414e+03 0
1.237643e+03 0
1.237872e+03 0
1.238101e+03 0
1.238330e+03 1
1.238559e+03 2
1.238788e+03 0
1.239017e+03 0
1.239246e+03 0
1.239475e+03 0
1.239704e+03 0
1.239933e+03 1
1.240162e+03 0
1.240391e+03 1
1.240620e+03 0
1.240849e+03 0
1.241078e+03 0
1.241307e+03 0
1.241536e+03 0
1.241765e+03 1
1.241994e+03 0
1.242223e+03 0
1.242452e+03 2
1.242681e+03 1
1.242910e+03 0
1.243139e+03 0
1.243368e+03 0
1.243597e+03 1
1.243826e+03 2
1.244055e+03 0
1.244284e+03 0
1.244513e+03 0
1.244742e+03 0
1.244971e+03 1
1.245200e+03 0
1.245429e+03 0
1.245658e+03 0
1.245887e+03 1
1.246116e+03 0
1.246345e+03 1
1.246574e+03 0
1.246803e+03 1
1.247032e+03 0
1.247261e+03 0
1.247490e+03 0
1.247719e+03 1
1.247948e+03 0
1.248177e+03 1
1.248406e+03 0
1.248635e+03 0
1.248864e+03 0
1.249093e+03 0
1.249322e+03 0
1.249551e+03 0
1.249780e+03 0
1.250009e+03 1
1.250238e+03 1
1.250467e+03 0
1.250696e+03 0
1.250925e+03 0
1.251154e+03 0
1.251383e+03 0
1.251612e+03 0
1.251841e+03 0
1.252070e+03 0
1.252299e+03 1
1.252528e+03 0
1.252757e+03 0
1.252986e+03 1
1.253215e+03 1
1.253444e+03 2
1.253673e+03 1
1.253902e+03 1
1.254131e+03 0
1.254360e+03 0
1.254589e+03 1
1.254818e+03 1
1.255047e+03 0
1.255276e+03 1
1.255505e+03 1
1.255734e+03 0
1.255963e+03 0
1.256192e+03 1
1.256421e+03 0
1.256650e+03 0
1.256879e+03 0
1.257108e+03 2
1.257337e+03 0
1.257566e+03 0
1.257795e+03 1
1.258024e+03 0
1.258253e+03 0
1.258482e+03 0
1.258711e+03 0
1.258940e+03 0
1.259169e+03 0
1.259398e+03 0
1.259627e+03 0
1.259856e+03 0
1.260085e+03 0
1.260314e+03 1
1.260543e+03 0
1.260772e+03 0
1.261001e+03 0
1.261230e+03 1
1.261459e+03 0
1.261688e+03 0
1.261917e+03 0
1.262146e+03 0
1.262375e+03 0
1.262604e+03 0
1.262833e+03 0
1.263062e+03 1
1.263291e+03 0
1.263520e+03 0
1.263749e+03 0
1.263978e+03 0
1.264207e+03 0
1.264436e+03 0
1.264665e+03 1
1.264894e+03 1
1.265123e+03 0
1.265352e+03 0
1.265581e+03 0
1.265810e+03 0
1.266039e+03 0
1.266268e+03 0
1.266497e+03 0
1.266726e+03 0
1.266955e+03 0
1.267184e+03 1
1.267412e+03 0
1.267641e+03 0
1.267870e+03 0
1.268099e+03 0
1.268328e+03 1
1.268557e+03 0
1.268786e+03 1
1.269015e+03 0
1.269244e+03 0
1.269473e+03 0
1.269702e+03 1
1.269931e+03 0
1.270160e+03 0
1.270389e+03 0
1.270618e+03 1
1.270847e+03 0
1.271076e+03 0
1.271305e+03 0
1.271534e+03 0
1.271763e+03 0
1.271992e+03 0
1.272221e+03 0
1.272450e+03 0
1.272679e+03 0
1.272908e+03 0
1.273137e+03 0
1.273366e+03 0
1.273595e+03 0
1.273824e+03 0
1.274053e+03 0
1.274282e+03 0
1.274511e+03 0
1.274740e+03 2
1.274969e+03 0
1.275198e+03 1
1.275427e+03 0
1.275656e+03 0
1.275885e+03 0
1.276114e+03 0
1.276343e+03 0
1.276572e+03 0
1.276801e+03 0
1.277030e+03 0
1.277259e+03 0
1.277488e+03 0
1.277717e+03 0
1.277946e+03 0
1.278175e+03 0
1.278404e+03 0
1.278633e+03 0
1.278862e+03 0
1.279091e+03 0
1.279320e+03 0
1.279549e+03 0
1.279778e+03 0
1.280007e+03 0
1.280236e+03 0
1.280465e+03 0
1.280694e+03 0
1.280922e+03 0
1.281151e+03 0
1.281380e+03 0
1.281609e+03 0
1.281838e+03 0
1.282067e+03 0
1.282296e+03 1
1.282525e+03 0
1.282754e+03 0
1.282983e+03 1
1.283212e+03 0
1.283441e+03 0
1.283670e+03 0
1.283899e+03 0
1.284128e+03 0
1.284357e+03 0
1.284586e+03 0
1.284815e+03 1
1.285044e+03 1
1.285273e+03 0
1.285502e+03 0
1.285731e+03 0
1.285960e+03 0
1.286189e+03 0
1.286418e+03 0
1.286647e+03 0
1.286876e+03 1
1.287105e+03 0
1.287334e+03 0
1.287563e+03 1
1.287792e+03 0
1.288021e+03 0
1.288250e+03 0
1.288479e+03 0
1.288708e+03 0
1.288937e+03 0
1.289166e+03 0
1.289395e+03 0
1.289624e+03 1
1.289853e+03 0
1.290082e+03 0
1.290311e+03 1
1.290540e+03 0
1.290769e+03 0
1.290998e+03 0
1.291226e+03 0
1.291455e+03 0
1.291684e+03 0
1.291913e+03 0
1.292142e+03 0
1.292371e+03 0
1.292600e+03 0
1.292829e+03 0
1.293058e+03 0
1.293287e+03 0
1.293516e+03 0
1.293745e+03 0
1.293974e+03 0
1.294203e+03 0
1.294432e+03 0
1.294661e+03 0
1.294890e+03 1
1.295119e+03 0
1.295348e+03 0
1.295577e+03 0
1.295806e+03 0
1.296035e+03 0
1.296264e+03 0
1.296493e+03 0
1.296722e+03 0
1.296951e+03 0
1.297180e+03 1
1.297409e+03 0
1.297638e+03 0
1.297867e+03 1
1.298096e+03 0
1.298325e+03 0
1.298554e+03 0
1.298783e+03 0
1.299012e+03 0
1.299241e+03 0
1.299470e+03 0
1.299698e+03 0
1.299927e+03 0
1.300156e+03 0
1.300385e+03 2
1.300614e+03 0
1.300843e+03 0
1.301072e+03 0
1.301301e+03 0
1.301530e+03 1
1.301759e+03 0
1.301988e+03 2
1.302217e+03 0
1.302446e+03 0
1.302675e+03 2
1.302904e+03 0
1.303133e+03 0
1.303362e+03 0
1.303591e+03 0
1.303820e+03 0
1.304049e+03 0
1.304278e+03 1
1.304507e+03 0
1.304736e+03 0
1.304965e+03 0
1.305194e+03 0
1.305423e+03 1
1.305652e+03 0
1.305881e+03 0
1.306110e+03 0
1.306339e+03 1
1.306568e+03 0
1.306797e+03 0
1.307026e+03 0
1.307254e+03 0
1.307483e+03 0
1.307712e+03 0
1.307941e+03 0
1.308170e+03 1
1.308399e+03 0
1.308628e+03 0
1.308857e+03 0
1.309086e+03 0
1.309315e+03 0
1.309544e+03 0
1.309773e+03 0
1.310002e+03 0
1.310231e+03 0
1.310460e+03 1
1.310689e+03 0
1.310918e+03 0
1.311147e+03 2
1.311376e+03 0
1.311605e+03 1
1.311834e+03 0
1.312063e+03 2
1.312292e+03 1
1.312521e+03 2
1.312750e+03 1
1.312979e+03 0
1.313208e+03 0
1.313437e+03 0
1.313666e+03 1
1.313894e+03 1
1.314123e+03 3
1.314352e+03 0
1.314581e+03 2
1.314810e+03 1
1.315039e+03 1
1.315268e+03 1
1.315497e+03 0
1.315726e+03 1
1.315955e+03 0
1.316184e+03 0
1.316413e+03 0
1.316642e+03 0
1.316871e+03 0
1.317100e+03 2
1.317329e+03 1
1.317558e+03 0
1.317787e+03 1
1.318016e+03 1
1.318245e+03 0
1.318474e+03 0
1.318703e+03 0
1.318932e+03 0
1.319161e+03 0
1.319390e+03 0
1.319619e+03 0
1.319848e+03 0
1.320076e+03 0
1.320305e+03 0
1.320534e+03 1
1.320763e+03 1
1.320992e+03 0
1.321221e+03 0
1.321450e+03 1
1.321679e+03 0
1.321908e+03 1
1.322137e+03 0
1.322366e+03 1
1.322595e+03 0
1.322824e+03 0
1.323053e+03 0
1.323282e+03 0
1.323511e+03 1
1.323740e+03 1
1.323969e+03 0
1.324198e+03 0
1.324427e+03 2
1.324656e+03 0
1.324885e+03 0
1.325114e+03 1
1.325343e+03 2
1.325572e+03 0
1.325801e+03 0
1.326029e+03 2
1.326258e+03 0
1.326487e+03 0
1.326716e+03 1
1.326945e+03 0
1.327174e+03 0
1.327403e+03 1
1.327632e+03 0
1.327861e+03 1
1.328090e+03 0
1.328319e+03 2
1.328548e+03 0
1.328777e+03 0
1.329006e+03 0
1.329235e+03 0
1.329464e+03 0
1.329693e+03 1
1.329922e+03 0
1.330151e+03 0
1.330380e+03 0
1.330609e+03 1
1.330838e+03 1
1.331067e+03 0
1.331295e+03 0
1.331524e+03 0
1.331753e+03 0
1.331982e+03 0
1.332211e+03 0
1.332440e+03 1
1.332669e+03 2
1.332898e+03 1
1.333127e+03 0
1.333356e+03 0
1.333585e+03 1
1.333814e+03 0
1.334043e+03 1
1.334272e+03 0
1.334501e+03 0
1.334730e+03 1
1.334959e+03 0
1.335188e+03 0
1.335417e+03 1
1.335646e+03 0
1.335875e+03 0
1.336104e+03 0
1.336333e+03 1
1.336561e+03 0
1.336790e+03 0
1.337019e+03 1
1.337248e+03 1
1.337477e+03 0
1.337706e+03 2
1.337935e+03 1
1.338164e+03 1
1.338393e+03 0
1.338622e+03 1
1.338851e+03 0
1.339080e+03 1
1.339309e+03 0
1.339538e+03 2
1.339767e+03 1
1.339996e+03 1
1.340225e+03 0
1.340454e+03 1
1.340683e+03 1
1.340912e+03 2
1.341141e+03 0
1.341369e+03 0
1.341598e+03 0
1.341827e+03 0
1.342056e+03 0
1.342285e+03 2
1.342514e+03 1
1.342743e+03 1
1.342972e+03 0
1.343201e+03 4
1.343430e+03 1
1.343659e+03 0
1.343888e+03 1
1.344117e+03 0
1.344346e+03 1
1.344575e+03 2
1.344804e+03 1
1.345033e+03 1
1.345262e+03 0
1.345491e+03 0
1.345720e+03 1
1.345948e+03 1
1.346177e+03 0
1.346406e+03 1
1.346635e+03 1
1.346864e+03 0
1.347093e+03 0
1.347322e+03 0
1.347551e+03 0
1.347780e+03 0
1.348009e+03 0
1.348238e+03 0
1.348467e+03 1
1.348696e+03 1
1.348925e+03 0
1.349154e+03 0
1.349383e+03 0
1.349612e+03 1
1.349841e+03 0
1.350070e+03 0
1.350299e+03 0
1.350527e+03 0
1.350756e+03 1
1.350985e+03 1
1.351214e+03 0
1.351443e+03 2
1.351672e+03 0
1.351901e+03 1
1.352130e+03 2
1.352359e+03 1
1.352588e+03 0
1.352817e+03 1
1.353046e+03 1
1.353275e+03 0
1.353504e+03 0
1.353733e+03 1
1.353962e+03 0
1.354191e+03 0
1.354420e+03 2
1.354648e+03 0
1.354877e+03 0
1.355106e+03 2
1.355335e+03 1
1.355564e+03 0
1.355793e+03 0
1.356022e+03 1
1.356251e+03 2
1.356480e+03 0
1.356709e+03 1
1.356938e+03 0
1.357167e+03 1
1.357396e+03 0
1.357625e+03 2
1.357854e+03 5
1.358083e+03 0
1.358312e+03 0
1.358541e+03 0
1.358769e+03 1
1.358998e+03 2
1.359227e+03 3
1.359456e+03 0
1.359685e+03 1
1.359914e+03 0
1.360143e+03 0
1.360372e+03 2
1.360601e+03 0
1.360830e+03 0
1.361059e+03 2
1.361288e+03 0
1.361517e+03 1
1.361746e+03 0
1.361975e+03 2
1.362204e+03 1
1.362433e+03 0
1.362662e+03 1
1.362890e+03 0
1.363119e+03 1
1.363348e+03 0
1.363577e+03 0
1.363806e+03 2
1.364035e+03 1
1.364264e+03 0
1.364493e+03 0
1.364722e+03 2
1.364951e+03 1
1.365180e+03 0
1.365409e+03 1
1.365638e+03 0
1.365867e+03 1
1.366096e+03 1
1.366325e+03 0
1.366554e+03 1
1.366782e+03 1
1.367011e+03 0
1.367240e+03 1
1.367469e+03 1
1.367698e+03 0
1.367927e+03 0
1.368156e+03 0
1.368385e+03 0
1.368614e+03 2
1.368843e+03 1
1.369072e+03 0
1.369301e+03 2
1.369530e+03 1
1.369759e+03 0
1.369988e+03 3
1.370217e+03 0
1.370445e+03 3
1.370674e+03 1
1.370903e+03 1
1.371132e+03 1
1.371361e+03 0
1.371590e+03 0
1.371819e+03 0
1.372048e+03 0
1.372277e+03 0
1.372506e+03 0
1.372735e+03 0
1.372964e+03 0
1.373193e+03 0
1.373422e+03 0
1.373651e+03 1
1.373880e+03 0
1.374108e+03 0
1.374337e+03 2
1.374566e+03 1
1.374795e+03 2
1.375024e+03 0
1.375253e+03 2
1.375482e+03 0
1.375711e+03 0
1.375940e+03 0
1.376169e+03 1
1.376398e+03 2
1.376627e+03 0
1.376856e+03 1
1.377085e+03 1
1.377314e+03 1
1.377543e+03 1
1.377771e+03 0
1.378000e+03 1
1.378229e+03 0
1.378458e+03 0
1.378687e+03 0
1.378916e+03 2
1.379145e+03 0
1.379374e+03 0
1.379603e+03 0
1.379832e+03 2
1.380061e+03 0
1.380290e+03 0
1.380519e+03 0
1.380748e+03 1
1.380977e+03 2
1.381205e+03 0
1.381434e+03 0
1.381663e+03 2
1.381892e+03 1
1.382121e+03 0
1.382350e+03 0
1.382579e+03 1
1.382808e+03 1
1.383037e+03 0
1.383266e+03 0
1.383495e+03 0
1.383724e+03 1
1.383953e+03 2
1.384182e+03 0
1.384411e+03 1
1.384639e+03 1
1.384868e+03 0
1.385097e+03 1
1.385326e+03 1
1.385555e+03 1
1.385784e+03 1
1.386013e+03 2
1.386242e+03 0
1.386471e+03 1
1.386700e+03 0
1.386929e+03 3
1.387158e+03 0
1.387387e+03 0
1.387616e+03 0
1.387844e+03 0
1.388073e+03 0
1.388302e+03 0
1.388531e+03 0
1.388760e+03 1
1.388989e+03 0
1.389218e+03 1
1.389447e+03 0
1.389676e+03 0
1.389905e+03 0
1.390134e+03 0
1.390363e+03 0
1.390592e+03 0
1.390821e+03 1
1.391049e+03 0
1.391278e+03 0
1.391507e+03 0
1.391736e+03 0
1.391965e+03 0
1.392194e+03 0
1.392423e+03 0
1.392652e+03 1
1.392881e+03 0
1.393110e+03 1
1.393339e+03 0
1.393568e+03 1
1.393797e+03 0
1.394026e+03 0
1.394254e+03 0
1.394483e+03 1
1.394712e+03 0
1.394941e+03 1
1.395170e+03 0
1.395399e+03 1
1.395628e+03 1
1.395857e+03 0
1.396086e+03 0
1.396315e+03 0
1.396544e+03 1
1.396773e+03 0
1.397002e+03 0
1.397231e+03 0
1.397459e+03 0
1.397688e+03 1
1.397917e+03 2
1.398146e+03 0
1.398375e+03 0
1.398604e+03 0
1.398833e+03 0
1.399062e+03 1
1.399291e+03 0
1.399520e+03 0
1.399749e+03 2
1.399978e+03 0
1.400207e+03 0
1.400435e+03 1
1.400664e+03 0
1.400893e+03 1
1.401122e+03 0
1.401351e+03 0
1.401580e+03 0
1.401809e+03 0
1.402038e+03 0
1.402267e+03 1
1.402496e+03 0
1.402725e+03 1
1.402954e+03 0
1.403183e+03 0
1.403411e+03 0
1.403640e+03 0
1.403869e+03 1
1.404098e+03 1
1.404327e+03 0
1.404556e+03 0
1.404785e+03 0
1.405014e+03 0
1.405243e+03 0
1.405472e+03 0
1.405701e+03 0
1.405930e+03 0
1.406159e+03 1
1.406387e+03 0
1.406616e+03 0
1.406845e+03 0
1.407074e+03 0
1.407303e+03 0
1.407532e+03 0
1.407761e+03 1
1.407990e+03 0
1.408219e+03 0
1.408448e+03 1
1.408677e+03 0
1.408906e+03 0
1.409135e+03 0
1.409363e+03 0
1.409592e+03 1
1.409821e+03 0
1.410050e+03 0
1.410279e+03 0
1.410508e+03 0
1.410737e+03 0
1.410966e+03 0
1.411195e+03 0
1.411424e+03 1
1.411653e+03 0
1.411882e+03 1
1.412110e+03 1
1.412339e+03 0
1.412568e+03 0
1.412797e+03 0
1.413026e+03 0
1.413255e+03 0
1.413484e+03 1
1.413713e+03 0
1.413942e+03 0
1.414171e+03 0
1.414400e+03 0
1.414629e+03 0
1.414857e+03 0
1.415086e+03 0
1.415315e+03 0
1.415544e+03 0
1.415773e+03 0
1.416002e+03 0
1.416231e+03 0
1.416460e+03 0
1.416689e+03 1
1.416918e+03 0
1.417147e+03 0
1.417376e+03 0
1.417604e+03 0
1.417833e+03 0
1.418062e+03 0
1.418291e+03 0
1.418520e+03 0
1.418749e+03 0
1.418978e+03 0
1.419207e+03 0
1.419436e+03 0
1.419665e+03 0
1.419894e+03 0
1.420123e+03 0
1.420351e+03 0
1.420580e+03 0
1.420809e+03 0
1.421038e+03 0
1.421267e+03 0
1.421496e+03 0
1.421725e+03 0
1.421954e+03 0
1.422183e+03 0
1.422412e+03 0
1.422641e+03 0
1.422870e+03 0
1.423098e+03 0
1.423327e+03 0
1.423556e+03 0
1.423785e+03 1
1.424014e+03 0
1.424243e+03 0
1.424472e+03 0
1.424701e+03 0
1.424930e+03 0
1.425159e+03 0
1.425388e+03 0
1.425617e+03 0
1.425845e+03 0
1.426074e+03 0
1.426303e+03 0
1.426532e+03 0
1.426761e+03 0
1.426990e+03 0
1.427219e+03 0
1.427448e+03 0
1.427677e+03 0
1.427906e+03 0
1.428135e+03 1
1.428363e+03 0
1.428592e+03 0
1.428821e+03 0
1.429050e+03 0
1.429279e+03 0
1.429508e+03 1
1.429737e+03 0
1.429966e+03 0
1.430195e+03 0
1.430424e+03 0
1.430653e+03 0
1.430881e+03 1
1.431110e+03 0
1.431339e+03 0
1.431568e+03 0
1.431797e+03 0
1.432026e+03 2
1.432255e+03 1
1.432484e+03 0
1.432713e+03 0
1.432942e+03 0
1.433171e+03 0
1.433399e+03 0
1.433628e+03 0
1.433857e+03 0
1.434086e+03 0
1.434315e+03 0
1.434544e+03 0
1.434773e+03 0
1.435002e+03 0
1.435231e+03 0
1.435460e+03 0
1.435689e+03 0
1.435917e+03 0
1.436146e+03 0
1.436375e+03 0
1.436604e+03 1
1.436833e+03 0
1.437062e+03 0
1.437291e+03 0
1.437520e+03 0
1.437749e+03 0
1.437978e+03 0
1.438207e+03 0
1.438435e+03 0
1.438664e+03 0
1.438893e+03 0
1.439122e+03 0
1.439351e+03 0
1.439580e+03 0
1.439809e+03 0
1.440038e+03 0
1.440267e+03 0
1.440496e+03 0
1.440725e+03 0
1.440953e+03 0
1.441182e+03 0
1.441411e+03 0
1.441640e+03 0
1.441869e+03 0
1.442098e+03 0
1.442327e+03 0
1.442556e+03 0
1.442785e+03 0
1.443014e+03 0
1.443242e+03 0
1.443471e+03 0
1.443700e+03 0
1.443929e+03 0
1.444158e+03 0
1.444387e+03 0
1.444616e+03 0
1.444845e+03 0
1.445074e+03 0
1.445303e+03 0
1.445531e+03 1
1.445760e+03 0
1.445989e+03 0
1.446218e+03 0
1.446447e+03 0
1.446676e+03 0
1.446905e+03 0
1.447134e+03 0
1.447363e+03 0
1.447592e+03 0
1.447821e+03 0
1.448049e+03 0
1.448278e+03 0
1.448507e+03 0
1.448736e+03 0
1.448965e+03 0
1.449194e+03 0
1.449423e+03 0
1.449652e+03 0
1.449881e+03 0
1.450110e+03 0
1.450338e+03 0
1.450567e+03 0
1.450796e+03 0
1.451025e+03 0
1.451254e+03 0
1.451483e+03 0
1.451712e+03 0
1.451941e+03 0
1.452170e+03 0
1.452399e+03 0
1.452627e+03 0
1.452856e+03 0
1.453085e+03 1
1.453314e+03 0
1.453543e+03 0
1.453772e+03 0
1.454001e+03 0
1.454230e+03 0
1.454459e+03 0
1.454688e+03 0
1.454916e+03 0
1.455145e+03 0
1.455374e+03 0
1.455603e+03 0
1.455832e+03 1
1.456061e+03 0
1.456290e+03 0
1.456519e+03 0
1.456748e+03 0
1.456977e+03 0
1.457205e+03 0
1.457434e+03 0
1.457663e+03 0
1.457892e+03 0
1.458121e+03 0
1.458350e+03 0
1.458579e+03 0
1.458808e+03 0
1.459037e+03 0
1.459265e+03 0
1.459494e+03 0
1.459723e+03 0
1.459952e+03 0
1.460181e+03 0
1.460410e+03 0
1.460639e+03 0
1.460868e+03 0
1.461097e+03 0
1.461326e+03 0
1.461554e+03 0
1.461783e+03 0
1.462012e+03 0
1.462241e+03 0
1.462470e+03 0
1.462699e+03 0
1.462928e+03 0
1.463157e+03 0
1.463386e+03 0
1.463615e+03 0
1.463843e+03 0
1.464072e+03 0
1.464301e+03 0
1.464530e+03 0
1.464759e+03 0
1.464988e+03 0
1.465217e+03 0
1.465446e+03 0
1.465675e+03 0
1.465903e+03 0
1.466132e+03 0
1.466361e+03 0
1.466590e+03 0
1.466819e+03 0
1.467048e+03 1
1.467277e+03 0
1.467506e+03 0
1.467735e+03 0
1.467964e+03 0
1.468192e+03 0
1.468421e+03 0
1.468650e+03 0
1.468879e+03 0
1.469108e+03 0
1.469337e+03 0
1.469566e+03 0
1.469795e+03 0
1.470024e+03 0
1.470252e+03 0
1.470481e+03 0
1.470710e+03 0
1.470939e+03 0
1.471168e+03 0
1.471397e+03 0
1.471626e+03 0
1.471855e+03 0
1.472084e+03 0
1.472312e+03 0
1.472541e+03 0
1.472770e+03 0
1.472999e+03 0
1.473228e+03 1
1.473457e+03 0
1.473686e+03 0
1.473915e+03 0
1.474144e+03 0
1.474372e+03 0
1.474601e+03 0
1.474830e+03 0
1.475059e+03 0
1.475288e+03 0
1.475517e+03 0
1.475746e+03 0
1.475975e+03 0
1.476204e+03 0
1.476432e+03 0
1.476661e+03 0
1.476890e+03 0
1.477119e+03 0
1.477348e+03 0
1.477577e+03 0
1.477806e+03 0
1.478035e+03 0
1.478264e+03 0
1.478492e+03 0
1.478721e+03 0
1.478950e+03 0
1.479179e+03 1
1.479408e+03 0
1.479637e+03 0
1.479866e+03 0
1.480095e+03 0
1.480324e+03 0
1.480552e+03 0
1.480781e+03 0
1.481010e+03 0
1.481239e+03 0
1.481468e+03 0
1.481697e+03 0
1.481926e+03 0
1.482155e+03 0
1.482384e+03 0
1.482612e+03 0
1.482841e+03 0
1.483070e+03 0
1.483299e+03 0
1.483528e+03 0
1.483757e+03 0
1.483986e+03 0
1.484215e+03 0
1.484444e+03 0
1.484672e+03 0
1.484901e+03 0
1.485130e+03 0
1.485359e+03 0
1.485588e+03 0
1.485817e+03 0
1.486046e+03 0
1.486275e+03 0
1.486503e+03 0
1.486732e+03 0
1.486961e+03 0
1.487190e+03 0
1.487419e+03 0
1.487648e+03 0
1.487877e+03 0
1.488106e+03 0
1.488335e+03 1
1.488563e+03 0
1.488792e+03 0
1.489021e+03 0
1.489250e+03 0
1.489479e+03 0
1.489708e+03 0
1.489937e+03 0
1.490166e+03 0
1.490394e+03 0
1.490623e+03 0
1.490852e+03 0
1.491081e+03 0
1.491310e+03 0
1.491539e+03 0
1.491768e+03 0
1.491997e+03 0
1.492226e+03 0
1.492454e+03 0
1.492683e+03 0
1.492912e+03 0
1.493141e+03 0
1.493370e+03 0
1.493599e+03 0
1.493828e+03 0
1.494057e+03 0
1.494285e+03 0
1.494514e+03 0
1.494743e+03 0
1.494972e+03 0
1.495201e+03 0
1.495430e+03 0
1.495659e+03 0
1.495888e+03 0
1.496117e+03 0
1.496345e+03 0
1.496574e+03 0
1.496803e+03 0
1.497032e+03 0
1.497261e+03 0
1.497490e+03 0
1.497719e+03 0
1.497948e+03 0
1.498176e+03 0
1.498405e+03 0
1.498634e+03 0
1.498863e+03 0
1.499092e+03 0
1.499321e+03 0
1.499550e+03 0
1.499779e+03 0
1.500007e+03 0
1.500236e+03 0
1.500465e+03 0
1.500694e+03 0
1.500923e+03 0
1.501152e+03 0
1.501381e+03 0
1.501610e+03 0
1.501838e+03 0
1.502067e+03 0
1.502296e+03 0
1.502525e+03 0
1.502754e+03 0
1.502983e+03 0
1.503212e+03 0
1.503441e+03 1
1.503669e+03 0
1.503898e+03 0
1.504127e+03 0
1.504356e+03 0
1.504585e+03 0
1.504814e+03 0
1.505043e+03 0
1.505272e+03 1
1.505501e+03 0
1.505729e+03 0
1.505958e+03 0
1.506187e+03 0
1.506416e+03 0
1.506645e+03 0
1.506874e+03 0
1.507103e+03 0
1.507332e+03 0
1.507560e+03 0
1.507789e+03 0
1.508018e+03 0
1.508247e+03 0
1.508476e+03 0
1.508705e+03 0
1.508934e+03 0
1.509162e+03 0
1.509391e+03 0
1.509620e+03 0
1.509849e+03 0
1.510078e+03 0
1.510307e+03 0
1.510536e+03 0
1.510765e+03 0
1.510993e+03 0
1.511222e+03 0
1.511451e+03 0
1.511680e+03 0
1.511909e+03 0
1.512138e+03 0
1.512367e+03 0
1.512596e+03 0
1.512824e+03 0
1.513053e+03 0
1.513282e+03 0
1.513511e+03 0
1.513740e+03 0
1.513969e+03 0
1.514198e+03 0
1.514427e+03 0
1.514655e+03 0
1.514884e+03 0
1.515113e+03 0
1.515342e+03 0
1.515571e+03 0
1.515800e+03 0
1.516029e+03 0
1.516258e+03 0
1.516486e+03 0
1.516715e+03 0
1.516944e+03 0
1.517173e+03 0
1.517402e+03 0
1.517631e+03 0
1.517860e+03 0
1.518088e+03 0
1.518317e+03 0
1.518546e+03 0
1.518775e+03 0
1.519004e+03 0
1.519233e+03 0
1.519462e+03 0
1.519691e+03 0
1.519919e+03 0
1.520148e+03 0
1.520377e+03 0
1.520606e+03 0
1.520835e+03 0
1.521064e+03 0
1.521293e+03 0
1.521522e+03 0
1.521750e+03 0
1.521979e+03 0
1.522208e+03 0
1.522437e+03 0
1.522666e+03 0
1.522895e+03 0
1.523124e+03 0
1.523352e+03 0
1.523581e+03 0
1.523810e+03 0
1.524039e+03 0
1.524268e+03 0
1.524497e+03 0
1.524726e+03 0
1.524955e+03 0
1.525183e+03 0
1.525412e+03 0
1.525641e+03 0
1.525870e+03 0
1.526099e+03 0
1.526328e+03 0
1.526557e+03 0
1.526785e+03 0
1.527014e+03 0
1.527243e+03 0
1.527472e+03 0
1.527701e+03 0
1.527930e+03 0
1.528159e+03 0
1.528388e+03 0
1.528616e+03 0
1.528845e+03 0
1.529074e+03 0
1.529303e+03 0
1.529532e+03 0
1.529761e+03 0
1.529990e+03 0
1.530218e+03 0
1.530447e+03 0
1.530676e+03 0
1.530905e+03 0
1.531134e+03 0
1.531363e+03 0
1.531592e+03 0
1.531820e+03 0
1.532049e+03 0
1.532278e+03 0
1.532507e+03 0
1.532736e+03 0
1.532965e+03 0
1.533194e+03 0
1.533423e+03 0
1.533651e+03 0
1.533880e+03 0
1.534109e+03 0
1.534338e+03 0
1.534567e+03 0
1.534796e+03 0
1.535025e+03 0
1.535253e+03 1
1.535482e+03 0
1.535711e+03 0
1.535940e+03 0
1.536169e+03 0
1.536398e+03 0
1.536627e+03 0
1.536855e+03 0
1.537084e+03 0
1.537313e+03 0
1.537542e+03 0
1.537771e+03 0
1.538000e+03 0
1.538229e+03 0
1.538457e+03 0
1.538686e+03 0
1.538915e+03 0
1.539144e+03 0
1.539373e+03 0
1.539602e+03 0
1.539831e+03 0
1.540059e+03 0
1.540288e+03 0
1.540517e+03 0
1.540746e+03 0
1.540975e+03 0
1.541204e+03 0
1.541433e+03 0
1.541661e+03 0
1.541890e+03 0
1.542119e+03 0
1.542348e+03 0
1.542577e+03 0
1.542806e+03 0
1.543035e+03 0
1.543263e+03 0
1.543492e+03 0
1.543721e+03 0
1.543950e+03 0
1.544179e+03 0
1.544408e+03 0
1.544637e+03 0
1.544865e+03 0
1.545094e+03 0
1.545323e+03 0
1.545552e+03 0
1.545781e+03 0
1.546010e+03 0
1.546239e+03 0
1.546467e+03 0
1.546696e+03 0
1.546925e+03 0
1.547154e+03 0
1.547383e+03 0
1.547612e+03 0
1.547841e+03 0
1.548069e+03 0
1.548298e+03 0
1.548527e+03 0
1.548756e+03 0
1.548985e+03 0
1.549214e+03 0
1.549443e+03 0
1.549671e+03 0
1.549900e+03 0
1.550129e+03 0
1.550358e+03 0
1.550587e+03 0
1.550816e+03 0
1.551045e+03 0
1.551273e+03 0
1.551502e+03 0
1.551731e+03 0
1.551960e+03 0
1.552189e+03 0
1.552418e+03 0
1.552647e+03 0
1.552875e+03 0
1.553104e+03 0
1.553333e+03 0
1.553562e+03 0
1.553791e+03 0
1.554020e+03 0
1.554249e+03 0
1.554477e+03 0
1.554706e+03 0
1.554935e+03 0
1.555164e+03 0
1.555393e+03 0
1.555622e+03 0
1.555851e+03 0
1.556079e+03 0
1.556308e+03 0
1.556537e+03 0
1.556766e+03 0
1.556995e+03 0
1.557224e+03 0
1.557452e+03 0
1.557681e+03 0
1.557910e+03 0
1.558139e+03 0
1.558368e+03 0
1.558597e+03 0
1.558826e+03 0
1.559054e+03 0
1.559283e+03 0
1.559512e+03 0
1.559741e+03 0
1.559970e+03 0
1.560199e+03 0
1.560428e+03 0
1.560656e+03 0
1.560885e+03 0
1.561114e+03 0
1.561343e+03 0
1.561572e+03 0
1.561801e+03 0
1.562029e+03 0
1.562258e+03 0
1.562487e+03 0
1.562716e+03 0
1.562945e+03 0
1.563174e+03 0
1.563403e+03 0
1.563631e+03 0
1.563860e+03 0
1.564089e+03 0
1.564318e+03 0
1.564547e+03 0
1.564776e+03 0
1.565005e+03 0
1.565233e+03 0
1.565462e+03 0
1.565691e+03 0
1.565920e+03 0
1.566149e+03 0
1.566378e+03 0
1.566606e+03 0
1.566835e+03 0
1.567064e+03 0
1.567293e+03 0
1.567522e+03 0
1.567751e+03 0
1.567980e+03 0
1.568208e+03 0
1.568437e+03 0
1.568666e+03 0
1.568895e+03 0
1.569124e+03 0
1.569353e+03 0
1.569581e+03 0
1.569810e+03 0
1.570039e+03 0
1.570268e+03 0
1.570497e+03 0
1.570726e+03 0
1.570955e+03 0
1.571183e+03 0
1.571412e+03 0
1.571641e+03 0
1.571870e+03 0
1.572099e+03 0
1.572328e+03 0
1.572556e+03 0
1.572785e+03 0
1.573014e+03 0
1.573243e+03 0
1.573472e+03 0
1.573701e+03 0
1.573929e+03 0
1.574158e+03 0
1.574387e+03 0
1.574616e+03 0
1.574845e+03 0
1.575074e+03 0
1.575303e+03 0
1.575531e+03 0
1.575760e+03 0
1.575989e+03 1
1.576218e+03 0
1.576447e+03 0
1.576676e+03 0
1.576904e+03 0
1.577133e+03 0
1.577362e+03 0
1.577591e+03 0
1.577820e+03 0
1.578049e+03 0
1.578277e+03 0
1.578506e+03 0
1.578735e+03 0
1.578964e+03 0
1.579193e+03 0
1.579422e+03 0
1.579651e+03 0
1.579879e+03 0
1.580108e+03 0
1.580337e+03 0
1.580566e+03 0
1.580795e+03 0
1.581024e+03 0
1.581252e+03 0
1.581481e+03 0
1.581710e+03 0
1.581939e+03 0
1.582168e+03 0
1.582397e+03 0
1.582625e+03 0
1.582854e+03 0
1.583083e+03 0
1.583312e+03 0
1.583541e+03 0
1.583770e+03 0
1.583998e+03 0
1.584227e+03 0
1.584456e+03 0
1.584685e+03 0
1.584914e+03 0
1.585143e+03 0
1.585372e+03 0
1.585600e+03 0
1.585829e+03 0
1.586058e+03 0
1.586287e+03 0
1.586516e+03 0
1.586745e+03 0
1.586973e+03 0
1.587202e+03 0
1.587431e+03 0
1.587660e+03 0
1.587889e+03 0
1.588118e+03 0
1.588346e+03 0
1.588575e+03 0
1.588804e+03 0
1.589033e+03 0
1.589262e+03 0
1.589491e+03 0
1.589719e+03 0
1.589948e+03 0
1.590177e+03 0
1.590406e+03 0
1.590635e+03 0
1.590864e+03 0
1.591092e+03 0
1.591321e+03 0
1.591550e+03 0
1.591779e+03 0
1.592008e+03 0
1.592237e+03 0
1.592465e+03 1
1.592694e+03 0
1.592923e+03 0
1.593152e+03 0
1.593381e+03 0
1.593610e+03 0
1.593838e+03 0
1.594067e+03 0
1.594296e+03 0
1.594525e+03 0
1.594754e+03 0
1.594983e+03 0
1.595211e+03 0
1.595440e+03 0
1.595669e+03 0
1.595898e+03 0
1.596127e+03 0
1.596356e+03 0
1.596584e+03 0
1.596813e+03 0
1.597042e+03 0
1.597271e+03 0
1.597500e+03 0
1.597729e+03 0
1.597957e+03 0
1.598186e+03 0
1.598415e+03 0
1.598644e+03 0
1.598873e+03 0
1.599102e+03 0
1.599330e+03 0
1.599559e+03 0
1.599788e+03 0
1.600017e+03 0
1.600246e+03 0
1.600475e+03 0
1.600703e+03 0
1.600932e+03 0
1.601161e+03 0
1.601390e+03 0
1.601619e+03 0
1.601848e+03 0
1.602076e+03 0
1.602305e+03 0
1.602534e+03 0
1.602763e+03 0
1.602992e+03 0
1.603221e+03 0
1.603449e+03 0
1.603678e+03 0
1.603907e+03 0
1.604136e+03 0
1.604365e+03 0
1.604594e+03 0
1.604822e+03 0
1.605051e+03 0
1.605280e+03 0
1.605509e+03 0
1.605738e+03 0
1.605967e+03 0
1.606195e+03 0
1.606424e+03 0
1.606653e+03 0
1.606882e+03 0
1.607111e+03 0
1.607340e+03 0
1.607568e+03 0
1.607797e+03 0
1.608026e+03 0
1.608255e+03 0
1.608484e+03 0
1.608712e+03 0
1.608941e+03 0
1.609170e+03 0
1.609399e+03 0
1.609628e+03 0
1.609857e+03 0
1.610085e+03 0
1.610314e+03 0
1.610543e+03 0
1.610772e+03 0
1.611001e+03 0
1.611230e+03 0
1.611458e+03 0
1.611687e+03 0
1.611916e+03 0
1.612145e+03 0
1.612374e+03 0
1.612603e+03 0
1.612831e+03 0
1.613060e+03 0
1.613289e+03 0
1.613518e+03 0
1.613747e+03 0
1.613975e+03 0
1.614204e+03 0
1.614433e+03 0
1.614662e+03 0
1.614891e+03 0
1.615120e+03 0
1.615348e+03 0
1.615577e+03 0
1.615806e+03 0
1.616035e+03 0
1.616264e+03 0
1.616493e+03 0
1.616721e+03 0
1.616950e+03 0
1.617179e+03 0
1.617408e+03 0
1.617637e+03 0
1.617865e+03 0
1.618094e+03 0
1.618323e+03 0
1.618552e+03 0
1.618781e+03 0
1.619010e+03 0
1.619238e+03 0
1.619467e+03 0
1.619696e+03 0
1.619925e+03 0
1.620154e+03 0
1.620383e+03 0
1.620611e+03 0
1.620840e+03 0
1.621069e+03 0
1.621298e+03 0
1.621527e+03 0
1.621755e+03 0
1.621984e+03 0
1.622213e+03 0
1.622442e+03 0
1.622671e+03 0
1.622900e+03 0
1.623128e+03 0
1.623357e+03 0
1.623586e+03 0
1.623815e+03 0
1.624044e+03 0
1.624272e+03 0
1.624501e+03 0
1.624730e+03 0
1.624959e+03 0
1.625188e+03 0
1.625417e+03 0
1.625645e+03 0
1.625874e+03 0
1.626103e+03 0
1.626332e+03 0
1.626561e+03 0
1.626790e+03 0
1.627018e+03 0
1.627247e+03 0
1.627476e+03 0
1.627705e+03 0
1.627934e+03 0
1.628162e+03 0
1.628391e+03 0
1.628620e+03 0
1.628849e+03 0
1.629078e+03 0
1.629307e+03 0
1.629535e+03 0
1.629764e+03 0
1.629993e+03 0
1.630222e+03 0
1.630451e+03 0
1.630679e+03 0
1.630908e+03 0
1.631137e+03 0
1.631366e+03 0
1.631595e+03 0
1.631823e+03 0
1.632052e+03 0
1.632281e+03 0
1.632510e+03 0
1.632739e+03 0
1.632968e+03 0
1.633196e+03 0
1.633425e+03 0
1.633654e+03 1
1.633883e+03 0
1.634112e+03 0
1.634340e+03 0
1.634569e+03 0
1.634798e+03 0
1.635027e+03 0
1.635256e+03 0
1.635485e+03 1
1.635713e+03 0
1.635942e+03 0
1.636171e+03 0
1.636400e+03 0
1.636629e+03 0
1.636857e+03 0
1.637086e+03 0
1.637315e+03 0
1.637544e+03 0
1.637773e+03 0
1.638002e+03 0
1.638230e+03 0
1.638459e+03 0
1.638688e+03 0
1.638917e+03 0
1.639146e+03 0
1.639374e+03 0
1.639603e+03 0
1.639832e+03 0
1.640061e+03 0
1.640290e+03 0
1.640518e+03 0
1.640747e+03 0
1.640976e+03 0
1.641205e+03 0
1.641434e+03 0
1.641663e+03 0
1.641891e+03 0
1.642120e+03 0
1.642349e+03 0
1.642578e+03 0
1.642807e+03 0
1.643035e+03 0
1.643264e+03 0
1.643493e+03 0
1.643722e+03 0
1.643951e+03 0
1.644179e+03 0
1.644408e+03 0
1.644637e+03 0
1.644866e+03 0
1.645095e+03 0
1.645323e+03 0
1.645552e+03 0
1.645781e+03 0
1.646010e+03 0
1.646239e+03 0
1.646468e+03 0
1.646696e+03 0
1.646925e+03 0
1.647154e+03 0
1.647383e+03 0
1.647612e+03 0
1.647840e+03 0
1.648069e+03 0
1.648298e+03 0
1.648527e+03 0
1.648756e+03 0
1.648984e+03 0
1.649213e+03 0
1.649442e+03 0
1.649671e+03 0
1.649900e+03 0
1.650128e+03 0
1.650357e+03 0
1.650586e+03 0
1.650815e+03 0
1.651044e+03 0
1.651273e+03 0
1.651501e+03 0
1.651730e+03 0
1.651959e+03 0
1.652188e+03 0
1.652417e+03 0
1.652645e+03 0
1.652874e+03 0
1.653103e+03 0
1.653332e+03 0
1.653561e+03 0
1.653789e+03 0
1.654018e+03 0
1.654247e+03 0
1.654476e+03 0
1.654705e+03 0
1.654933e+03 0
1.655162e+03 0
1.655391e+03 0
1.655620e+03 0
1.655849e+03 0
1.656077e+03 0
1.656306e+03 0
1.656535e+03 0
1.656764e+03 0
1.656993e+03 0
1.657221e+03 0
1.657450e+03 0
1.657679e+03 0
1.657908e+03 0
1.658137e+03 0
1.658366e+03 0
1.658594e+03 0
1.658823e+03 0
1.659052e+03 0
1.659281e+03 0
1.659510e+03 0
1.659738e+03 0
1.659967e+03 0
1.660196e+03 0
1.660425e+03 0
1.660654e+03 0
1.660882e+03 0
1.661111e+03 0
1.661340e+03 0
1.661569e+03 0
1.661798e+03 0
1.662026e+03 0
1.662255e+03 0
1.662484e+03 0
1.662713e+03 0
1.662942e+03 0
1.663170e+03 0
1.663399e+03 0
1.663628e+03 0
1.663857e+03 0
1.664086e+03 0
1.664314e+03 0
1.664543e+03 0
1.664772e+03 0
1.665001e+03 0
1.665230e+03 0
1.665458e+03 0
1.665687e+03 0
1.665916e+03 0
1.666145e+03 0
1.666374e+03 0
1.666602e+03 0
1.666831e+03 0
1.667060e+03 0
1.667289e+03 0
1.667518e+03 0
1.667746e+03 0
1.667975e+03 0
1.668204e+03 0
1.668433e+03 0
1.668662e+03 0
1.668890e+03 0
1.669119e+03 0
1.669348e+03 0
1.669577e+03 0
1.669806e+03 0
1.670034e+03 0
1.670263e+03 0
1.670492e+03 0
1.670721e+03 0
1.670950e+03 0
1.671178e+03 0
1.671407e+03 0
1.671636e+03 0
1.671865e+03 0
1.672094e+03 0
1.672322e+03 0
1.672551e+03 0
1.672780e+03 0
1.673009e+03 0
1.673238e+03 0
1.673466e+03 0
1.673695e+03 0
1.673924e+03 0
1.674153e+03 0
1.674382e+03 0
1.674610e+03 0
1.674839e+03 0
1.675068e+03 0
1.675297e+03 0
1.675526e+03 0
1.675754e+03 0
1.675983e+03 0
1.676212e+03 0
1.676441e+03 0
1.676670e+03 0
1.676898e+03 0
1.677127e+03 0
1.677356e+03 0
1.677585e+03 0
1.677813e+03 0
1.678042e+03 0
1.678271e+03 0
1.678500e+03 0
1.678729e+03 0
1.678957e+03 0
1.679186e+03 0
1.679415e+03 0
1.679644e+03 0
1.679873e+03 0
1.680101e+03 0
1.680330e+03 0
1.680559e+03 0
1.680788e+03 0
1.681017e+03 0
1.681245e+03 0
1.681474e+03 0
1.681703e+03 0
1.681932e+03 0
1.682161e+03 0
1.682389e+03 0
1.682618e+03 0
1.682847e+03 0
1.683076e+03 0
1.683305e+03 0
1.683533e+03 0
1.683762e+03 0
1.683991e+03 0
1.684220e+03 0
1.684448e+03 0
1.684677e+03 0
1.684906e+03 0
1.685135e+03 0
1.685364e+03 0
1.685592e+03 0
1.685821e+03 0
1.686050e+03 0
1.686279e+03 0
1.686508e+03 0
1.686736e+03 0
1.686965e+03 0
1.687194e+03 0
1.687423e+03 0
1.687652e+03 0
1.687880e+03 0
1.688109e+03 0
1.688338e+03 0
1.688567e+03 0
1.688796e+03 0
1.689024e+03 0
1.689253e+03 0
1.689482e+03 0
1.689711e+03 0
1.689939e+03 0
1.690168e+03 0
1.690397e+03 0
1.690626e+03 0
1.690855e+03 0
1.691083e+03 0
1.691312e+03 0
1.691541e+03 0
1.691770e+03 0
1.691999e+03 0
1.692227e+03 0
1.692456e+03 0
1.692685e+03 0
1.692914e+03 0
1.693143e+03 0
1.693371e+03 0
1.693600e+03 0
1.693829e+03 0
1.694058e+03 0
1.694286e+03 0
1.694515e+03 0
1.694744e+03 0
1.694973e+03 0
1.695202e+03 0
1.695430e+03 0
1.695659e+03 0
1.695888e+03 0
1.696117e+03 0
1.696346e+03 0
1.696574e+03 0
1.696803e+03 0
1.697032e+03 0
1.697261e+03 0
1.697489e+03 0
1.697718e+03 0
1.697947e+03 0
1.698176e+03 0
1.698405e+03 0
1.698633e+03 0
1.698862e+03 0
1.699091e+03 0
1.699320e+03 0
1.699549e+03 0
1.699777e+03 0
1.700006e+03 0
1.700235e+03 0
1.700464e+03 0
1.700692e+03 0
1.700921e+03 0
1.701150e+03 0
1.701379e+03 0
1.701608e+03 0
1.701836e+03 0
1.702065e+03 0
1.702294e+03 0
1.702523e+03 0
1.702752e+03 0
1.702980e+03 0
1.703209e+03 0
1.703438e+03 0
1.703667e+03 0
1.703895e+03 0
1.704124e+03 0
1.704353e+03 0
1.704582e+03 0
1.704811e+03 0
1.705039e+03 0
1.705268e+03 0
1.705497e+03 0
1.705726e+03 0
1.705954e+03 0
1.706183e+03 0
1.706412e+03 0
1.706641e+03 0
1.706870e+03 0
1.707098e+03 0
1.707327e+03 0
1.707556e+03 0
1.707785e+03 0
1.708014e+03 0
1.708242e+03 0
1.708471e+03 0
1.708700e+03 0
1.708929e+03 0
1.709157e+03 0
1.709386e+03 0
1.709615e+03 0
1.709844e+03 0
1.710073e+03 0
1.710301e+03 0
1.710530e+03 0
1.710759e+03 0
1.710988e+03 0
1.711216e+03 0
1.711445e+03 0
1.711674e+03 0
1.711903e+03 0
1.712132e+03 0
1.712360e+03 0
1.712589e+03 0
1.712818e+03 0
1.713047e+03 0
1.713275e+03 0
1.713504e+03 0
1.713733e+03 0
1.713962e+03 0
1.714191e+03 0
1.714419e+03 0
1.714648e+03 0
1.714877e+03 0
1.715106e+03 0
1.715334e+03 0
1.715563e+03 0
1.715792e+03 0
1.716021e+03 0
1.716250e+03 0
1.716478e+03 0
1.716707e+03 0
1.716936e+03 0
1.717165e+03 0
1.717393e+03 0
1.717622e+03 0
1.717851e+03 0
1.718080e+03 0
1.718309e+03 0
1.718537e+03 0
1.718766e+03 0
1.718995e+03 0
1.719224e+03 0
1.719452e+03 0
1.719681e+03 0
1.719910e+03 0
1.720139e+03 0
1.720368e+03 0
1.720596e+03 0
1.720825e+03 0
1.721054e+03 0
1.721283e+03 0
1.721511e+03 0
1.721740e+03 0
1.721969e+03 0
1.722198e+03 0
1.722427e+03 0
1.722655e+03 0
1.722884e+03 0
1.723113e+03 0
1.723342e+03 0
1.723570e+03 0
1.723799e+03 0
1.724028e+03 0
1.724257e+03 0
1.724485e+03 0
1.724714e+03 0
1.724943e+03 0
1.725172e+03 0
1.725401e+03 0
1.725629e+03 0
1.725858e+03 0
1.726087e+03 0
1.726316e+03 0
1.726544e+03 0
1.726773e+03 0
1.727002e+03 0
1.727231e+03 0
1.727460e+03 0
1.727688e+03 0
1.727917e+03 0
1.728146e+03 0
1.728375e+03 0
1.728603e+03 0
1.728832e+03 0
1.729061e+03 0
1.729290e+03 0
1.729518e+03 0
1.729747e+03 0
1.729976e+03 0
1.730205e+03 0
1.730434e+03 0
1.730662e+03 0
1.730891e+03 0
1.731120e+03 0
1.731349e+03 0
1.731577e+03 0
1.731806e+03 0
1.732035e+03 0
1.732264e+03 0
1.732492e+03 0
1.732721e+03 0
1.732950e+03 0
1.733179e+03 0
1.733408e+03 0
1.733636e+03 0
1.733865e+03 0
1.734094e+03 0
1.734323e+03 0
1.734551e+03 0
1.734780e+03 0
1.735009e+03 0
1.735238e+03 0
1.735466e+03 0
1.735695e+03 0
1.735924e+03 0
1.736153e+03 0
1.736382e+03 0
1.736610e+03 0
1.736839e+03 0
1.737068e+03 0
1.737297e+03 0
1.737525e+03 0
1.737754e+03 0
1.737983e+03 0
1.738212e+03 0
1.738440e+03 0
1.738669e+03 0
1.738898e+03 0
1.739127e+03 0
1.739356e+03 0
1.739584e+03 0
1.739813e+03 0
1.740042e+03 0
1.740271e+03 0
1.740499e+03 0
1.740728e+03 0
1.740957e+03 0
1.741186e+03 0
1.741414e+03 0
1.741643e+03 0
1.741872e+03 0
1.742101e+03 0
1.742329e+03 0
1.742558e+03 0
1.742787e+03 0
1.743016e+03 0
1.743245e+03 0
1.743473e+03 0
1.743702e+03 0
1.743931e+03 0
1.744160e+03 0
1.744388e+03 0
1.744617e+03 0
1.744846e+03 0
1.745075e+03 0
1.745303e+03 0
1.745532e+03 0
1.745761e+03 0
1.745990e+03 0
1.746218e+03 0
1.746447e+03 0
1.746676e+03 0
1.746905e+03 0
1.747134e+03 0
1.747362e+03 0
1.747591e+03 0
1.747820e+03 0
1.748049e+03 0
1.748277e+03 0
1.748506e+03 0
1.748735e+03 0
1.748964e+03 0
1.749192e+03 0
1.749421e+03 0
1.749650e+03 0
1.749879e+03 0
1.750107e+03 0
1.750336e+03 0
1.750565e+03 0
1.750794e+03 0
1.751022e+03 0
1.751251e+03 0
1.751480e+03 0
1.751709e+03 0
1.751938e+03 0
1.752166e+03 0
1.752395e+03 0
1.752624e+03 0
1.752853e+03 0
1.753081e+03 0
1.753310e+03 0
1.753539e+03 0
1.753768e+03 0
1.753996e+03 0
1.754225e+03 0
1.754454e+03 0
1.754683e+03 0
1.754911e+03 0
1.755140e+03 0
1.755369e+03 0
1.755598e+03 0
1.755826e+03 0
1.756055e+03 0
1.756284e+03 0
1.756513e+03 0
1.756741e+03 0
1.756970e+03 0
1.757199e+03 0
1.757428e+03 0
1.757657e+03 0
1.757885e+03 0
1.758114e+03 0
1.758343e+03 0
1.758572e+03 0
1.758800e+03 0
1.759029e+03 0
1.759258e+03 0
1.759487e+03 0
1.759715e+03 0
1.759944e+03 0
1.760173e+03 0
1.760402e+03 0
1.760630e+03 0
1.760859e+03 0
1.761088e+03 0
1.761317e+03 0
1.761545e+03 0
1.761774e+03 0
1.762003e+03 0
1.762232e+03 0
1.762460e+03 0
1.762689e+03 0
1.762918e+03 0
1.763147e+03 0
1.763375e+03 0
1.763604e+03 0
1.763833e+03 0
1.764062e+03 0
1.764290e+03 0
1.764519e+03 0
1.764748e+03 0
1.764977e+03 0
1.765205e+03 0
1.765434e+03 0
1.765663e+03 0
1.765892e+03 0
1.766120e+03 0
1.766349e+03 0
1.766578e+03 0
1.766807e+03 0
1.767036e+03 0
1.767264e+03 0
1.767493e+03 0
1.767722e+03 0
1.767951e+03 0
1.768179e+03 0
1.768408e+03 0
1.768637e+03 0
1.768866e+03 0
1.769094e+03 0
1.769323e+03 0
1.769552e+03 0
1.769781e+03 0
1.770009e+03 0
1.770238e+03 0
1.770467e+03 0
1.770696e+03 0
1.770924e+03 0
1.771153e+03 0
1.771382e+03 0
1.771611e+03 0
1.771839e+03 0
1.772068e+03 0
1.772297e+03 0
1.772526e+03 0
1.772754e+03 0
1.772983e+03 0
1.773212e+03 0
1.773441e+03 0
1.773669e+03 0
1.773898e+03 0
1.774127e+03 0
1.774356e+03 0
1.774584e+03 0
1.774813e+03 0
1.775042e+03 0
1.775271e+03 0
1.775499e+03 0
1.775728e+03 0
1.775957e+03 0
1.776186e+03 0
1.776414e+03 0
1.776643e+03 0
1.776872e+03 0
1.777101e+03 0
1.777329e+03 0
1.777558e+03 0
1.777787e+03 0
1.778016e+03 0
1.778244e+03 0
1.778473e+03 0
1.778702e+03 0
1.778931e+03 0
1.779159e+03 0
1.779388e+03 0
1.779617e+03 0
1.779846e+03 0
1.780074e+03 0
1.780303e+03 0
1.780532e+03 0
1.780761e+03 0
1.780989e+03 0
1.781218e+03 0
1.781447e+03 0
1.781676e+03 0
1.781904e+03 0
1.782133e+03 0
1.782362e+03 0
1.782591e+03 0
1.782819e+03 0
1.783048e+03 0
1.783277e+03 0
1.783505e+03 0
1.783734e+03 0
1.783963e+03 0
1.784192e+03 0
1.784420e+03 0
1.784649e+03 0
1.784878e+03 0
1.785107e+03 0
1.785335e+03 0
1.785564e+03 0
1.785793e+03 0
1.786022e+03 0
1.786250e+03 0
1.786479e+03 0
1.786708e+03 0
1.786937e+03 0
1.787165e+03 0
1.787394e+03 0
1.787623e+03 0
1.787852e+03 0
1.788080e+03 0
1.788309e+03 0
1.788538e+03 0
1.788767e+03 0
1.788995e+03 0
1.789224e+03 0
1.789453e+03 0
1.789682e+03 0
1.789910e+03 0
1.790139e+03 0
1.790368e+03 0
1.790597e+03 0
1.790825e+03 0
1.791054e+03 0
1.791283e+03 0
1.791512e+03 0
1.791740e+03 0
1.791969e+03 0
1.792198e+03 0
1.792427e+03 0
1.792655e+03 0
1.792884e+03 0
1.793113e+03 0
1.793341e+03 0
1.793570e+03 0
1.793799e+03 0
1.794028e+03 0
1.794256e+03 0
1.794485e+03 0
1.794714e+03 0
1.794943e+03 0
1.795171e+03 0
1.795400e+03 0
1.795629e+03 0
1.795858e+03 0
1.796086e+03 0
1.796315e+03 0
1.796544e+03 0
1.796773e+03 0
1.797001e+03 0
1.797230e+03 0
1.797459e+03 0
1.797688e+03 0
1.797916e+03 0
1.798145e+03 0
1.798374e+03 0
1.798603e+03 0
1.798831e+03 0
1.799060e+03 0
1.799289e+03 0
1.799517e+03 0
1.799746e+03 0
1.799975e+03 0
1.800204e+03 0
1.800432e+03 0
1.800661e+03 0
1.800890e+03 0
1.801119e+03 0
1.801347e+03 0
1.801576e+03 0
1.801805e+03 0
1.802034e+03 0
1.802262e+03 0
1.802491e+03 0
1.802720e+03 0
1.802949e+03 0
1.803177e+03 0
1.803406e+03 0
1.803635e+03 0
1.803863e+03 0
1.804092e+03 0
1.804321e+03 0
1.804550e+03 0
1.804778e+03 0
1.805007e+03 0
1.805236e+03 0
1.805465e+03 0
1.805693e+03 0
1.805922e+03 0
1.806151e+03 0
1.806380e+03 0
1.806608e+03 0
1.806837e+03 0
1.807066e+03 0
1.807295e+03 0
1.807523e+03 0
1.807752e+03 0
1.807981e+03 0
1.808209e+03 0
1.808438e+03 0
1.808667e+03 0
1.808896e+03 0
1.809124e+03 0
1.809353e+03 0
1.809582e+03 0
1.809811e+03 0
1.810039e+03 0
1.810268e+03 0
1.810497e+03 0
1.810726e+03 0
1.810954e+03 0
1.811183e+03 0
1.811412e+03 0
1.811640e+03 0
1.811869e+03 0
1.812098e+03 0
1.812327e+03 0
1.812555e+03 0
1.812784e+03 0
1.813013e+03 0
1.813242e+03 0
1.813470e+03 0
1.813699e+03 0
1.813928e+03 0
1.814157e+03 0
1.814385e+03 0
1.814614e+03 0
1.814843e+03 0
1.815071e+03 0
1.815300e+03 0
1.815529e+03 0
1.815758e+03 0
1.815986e+03 0
1.816215e+03 0
1.816444e+03 0
1.816673e+03 0
1.816901e+03 0
1.817130e+03 0
1.817359e+03 0
1.817587e+03 0
1.817816e+03 0
1.818045e+03 0
1.818274e+03 0
1.818502e+03 0
1.818731e+03 0
1.818960e+03 0
1.819189e+03 0
1.819417e+03 0
1.819646e+03 0
1.819875e+03 0
1.820103e+03 0
1.820332e+03 0
1.820561e+03 0
1.820790e+03 0
1.821018e+03 0
1.821247e+03 0
1.821476e+03 0
1.821705e+03 0
1.821933e+03 0
1.822162e+03 0
1.822391e+03 0
1.822620e+03 0
1.822848e+03 0
1.823077e+03 0
1.823306e+03 0
1.823534e+03 0
1.823763e+03 0
1.823992e+03 0
1.824221e+03 0
1.824449e+03 0
1.824678e+03 0
1.824907e+03 0
1.825136e+03 0
1.825364e+03 0
1.825593e+03 0
1.825822e+03 0
1.826050e+03 0
1.826279e+03 0
1.826508e+03 0
1.826737e+03 0
1.826965e+03 0
1.827194e+03 0
1.827423e+03 0
1.827651e+03 0
1.827880e+03 0
1.828109e+03 0
1.828338e+03 0
1.828566e+03 0
1.828795e+03 0
1.829024e+03 0
1.829253e+03 0
1.829481e+03 0
1.829710e+03 0
1.829939e+03 0
1.830167e+03 0
1.830396e+03 0
1.830625e+03 0
1.830854e+03 0
1.831082e+03 0
1.831311e+03 0
1.831540e+03 0
1.831769e+03 0
1.831997e+03 0
1.832226e+03 0
1.832455e+03 0
1.832683e+03 0
1.832912e+03 0
1.833141e+03 0
1.833370e+03 0
1.833598e+03 0
1.833827e+03 0
1.834056e+03 0
1.834284e+03 0
1.834513e+03 0
1.834742e+03 0
1.834971e+03 0
1.835199e+03 0
1.835428e+03 0
1.835657e+03 0
1.835886e+03 0
1.836114e+03 0
1.836343e+03 0
1.836572e+03 0
1.836800e+03 0
1.837029e+03 0
1.837258e+03 0
1.837487e+03 0
1.837715e+03 0
1.837944e+03 0
1.838173e+03 0
1.838401e+03 0
1.838630e+03 0
1.838859e+03 1
1.839088e+03 0
1.839316e+03 0
1.839545e+03 0
1.839774e+03 0
1.840003e+03 0
1.840231e+03 0
1.840460e+03 0
1.840689e+03 0
1.840917e+03 0
1.841146e+03 0
1.841375e+03 0
1.841604e+03 0
1.841832e+03 0
1.842061e+03 0
1.842290e+03 0
1.842518e+03 0
1.842747e+03 0
1.842976e+03 0
1.843205e+03 0
1.843433e+03 0
1.843662e+03 0
1.843891e+03 0
1.844119e+03 0
1.844348e+03 0
1.844577e+03 0
1.844806e+03 0
1.845034e+03 0
1.845263e+03 0
1.845492e+03 0
1.845720e+03 0
1.845949e+03 0
1.846178e+03 0
1.846407e+03 0
1.846635e+03 0
1.846864e+03 0
1.847093e+03 0
1.847321e+03 0
1.847550e+03 0
1.847779e+03 0
1.848008e+03 0
1.848236e+03 0
1.848465e+03 0
1.848694e+03 0
1.848922e+03 0
1.849151e+03 1
1.849380e+03 0
1.849609e+03 0
1.849837e+03 0
1.850066e+03 0
1.850295e+03 0
1.850524e+03 0
1.850752e+03 0
1.850981e+03 0
1.851210e+03 0
1.851438e+03 0
1.851667e+03 0
1.851896e+03 0
1.852125e+03 0
1.852353e+03 0
1.852582e+03 0
1.852811e+03 1
1.853039e+03 0
1.853268e+03 0
1.853497e+03 0
1.853725e+03 0
1.853954e+03 0
1.854183e+03 0
1.854412e+03 0
1.854640e+03 1
1.854869e+03 0
1.855098e+03 0
1.855326e+03 0
1.855555e+03 0
1.855784e+03 0
1.856013e+03 0
1.856241e+03 0
1.856470e+03 0
1.856699e+03 0
1.856927e+03 0
1.857156e+03 0
1.857385e+03 0
1.857614e+03 0
1.857842e+03 0
1.858071e+03 0
1.858300e+03 0
1.858528e+03 0
1.858757e+03 0
1.858986e+03 0
1.859215e+03 0
1.859443e+03 0
1.859672e+03 0
1.859901e+03 0
1.860129e+03 1
1.860358e+03 0
1.860587e+03 0
1.860816e+03 0
1.861044e+03 0
1.861273e+03 0
1.861502e+03 0
1.861730e+03 0
1.861959e+03 0
1.862188e+03 0
1.862417e+03 0
1.862645e+03 0
1.862874e+03 0
1.863103e+03 0
1.863331e+03 0
1.863560e+03 0
1.863789e+03 0
1.864017e+03 0
1.864246e+03 0
1.864475e+03 0
1.864704e+03 0
1.864932e+03 0
1.865161e+03 0
1.865390e+03 0
1.865618e+03 0
1.865847e+03 0
1.866076e+03 0
1.866305e+03 0
1.866533e+03 0
1.866762e+03 0
1.866991e+03 0
1.867219e+03 0
1.867448e+03 0
1.867677e+03 0
1.867906e+03 1
1.868134e+03 0
1.868363e+03 0
1.868592e+03 0
1.868820e+03 0
1.869049e+03 1
1.869278e+03 0
1.869506e+03 0
1.869735e+03 0
1.869964e+03 0
1.870193e+03 0
1.870421e+03 0
1.870650e+03 0
1.870879e+03 0
1.871107e+03 0
1.871336e+03 0
1.871565e+03 0
1.871794e+03 0
1.872022e+03 0
1.872251e+03 0
1.872480e+03 0
1.872708e+03 0
1.872937e+03 0
1.873166e+03 0
1.873394e+03 0
1.873623e+03 0
1.873852e+03 0
1.874081e+03 0
1.874309e+03 0
1.874538e+03 0
1.874767e+03 1
1.874995e+03 0
1.875224e+03 0
1.875453e+03 0
1.875681e+03 0
1.875910e+03 0
1.876139e+03 0
1.876368e+03 0
