Energy  Counts
2.472450e+00 0
2.724101e+00 0
2.975754e+00 0
3.227411e+00 0
3.479069e+00 0
3.730731e+00 0
3.982395e+00 0
4.234062e+00 0
4.485731e+00 0
4.737403e+00 0
4.989078e+00 0
5.240755e+00 0
5.492435e+00 0
5.744118e+00 0
5.995803e+00 0
6.247491e+00 0
6.499182e+00 0
6.750875e+00 0
7.002571e+00 0
7.254269e+00 0
7.505971e+00 0
7.757675e+00 0
8.009381e+00 0
8.261090e+00 0
8.512802e+00 0
8.764517e+00 0
9.016234e+00 0
9.267954e+00 0
9.519676e+00 0
9.771401e+00 0
1.002313e+01 0
1.027486e+01 0
1.052659e+01 0
1.077833e+01 0
1.103007e+01 0
1.128181e+01 0
1.153355e+01 0
1.178530e+01 0
1.203705e+01 0
1.228880e+01 0
1.254055e+01 0
1.279231e+01 0
1.304407e+01 0
1.329583e+01 0
1.354760e+01 0
1.379936e+01 0
1.405113e+01 0
1.430291e+01 0
1.455468e+01 0
1.480646e+01 0
1.505824e+01 0
1.531003e+01 0
1.556181e+01 0
1.581360e+01 0
1.606539e+01 0
1.631719e+01 0
1.656898e+01 0
1.682078e+01 0
1.707258e+01 0
1.732439e+01 0
1.757620e+01 0
1.782801e+01 0
1.807982e+01 0
1.833163e+01 0
1.858345e+01 0
1.883527e+01 0
1.908710e+01 0
1.933892e+01 0
1.959075e+01 0
1.984258e+01 0
2.009442e+01 0
2.034625e+01 0
2.059809e+01 0
2.084993e+01 0
2.110178e+01 0
2.135363e+01 0
2.160548e+01 0
2.185733e+01 0
2.210918e+01 0
2.236104e+01 0
2.261290e+01 0
2.286477e+01 0
2.311663e+01 0
2.336850e+01 0
2.362037e+01 0
2.387224e+01 0
2.412412e+01 0
2.437600e+01 0
2.462788e+01 0
2.487977e+01 0
2.513165e+01 0
2.538354e+01 0
2.563543e+01 0
2.588733e+01 0
2.613923e+01 0
2.639113e+01 0
2.664303e+01 0
2.689494e+01 0
2.714684e+01 0
2.739876e+01 0
2.765067e+01 0
2.790259e+01 0
2.815450e+01 0
2.840643e+01 0
2.865835e+01 0
2.891028e+01 0
2.916221e+01 0
2.941414e+01 0
2.966607e+01 0
2.991801e+01 0
3.016995e+01 0
3.042189e+01 0
3.067384e+01 0
3.092579e+01 0
3.117774e+01 0
3.142969e+01 0
3.168165e+01 0
3.193361e+01 0
3.218557e+01 0
3.243753e+01 0
3.268950e+01 0
3.294147e+01 0
3.319344e+01 0
3.344541e+01 0
3.369739e+01 0
3.394937e+01 0
3.420135e+01 0
3.445334e+01 0
3.470533e+01 0
3.495732e+01 0
3.520931e+01 0
3.546131e+01 0
3.571330e+01 0
3.596531e+01 0
3.621731e+01 0
3.646932e+01 0
3.672133e+01 0
3.697334e+01 0
3.722535e+01 0
3.747737e+01 0
3.772939e+01 0
3.798141e+01 0
3.823344e+01 0
3.848546e+01 0
3.873749e+01 0
3.898953e+01 0
3.924156e+01 0
3.949360e+01 0
3.974564e+01 0
3.999769e+01 0
4.024973e+01 0
4.050178e+01 0
4.075383e+01 0
4.100589e+01 0
4.125794e+01 0
4.151000e+01 0
4.176206e+01 0
4.201413e+01 0
4.226620e+01 0
4.251827e+01 0
4.277034e+01 0
4.302242e+01 0
4.327449e+01 0
4.352657e+01 0
4.377866e+01 0
4.403074e+01 0
4.428283e+01 0
4.453492e+01 0
4.478702e+01 0
4.503911e+01 0
4.529121e+01 0
4.554332e+01 0
4.579542e+01 0
4.604753e+01 0
4.629964e+01 0
4.655175e+01 0
4.680387e+01 0
4.705598e+01 0
4.730810e+01 0
4.756023e+01 0
4.781235e+01 0
4.806448e+01 0
4.831661e+01 0
4.856875e+01 0
4.882088e+01 0
4.907302e+01 0
4.932516e+01 0
4.957731e+01 0
4.982946e+01 0
5.008161e+01 0
5.033376e+01 0
5.058591e+01 0
5.083807e+01 0
5.109023e+01 0
5.134239e+01 0
5.159456e+01 0
5.184673e+01 0
5.209890e+01 0
5.235107e+01 0
5.260325e+01 0
5.285543e+01 0
5.310761e+01 0
5.335979e+01 0
5.361198e+01 0
5.386417e+01 0
5.411636e+01 0
5.436856e+01 0
5.462076e+01 0
5.487296e+01 0
5.512516e+01 0
5.537736e+01 0
5.562957e+01 0
5.588178e+01 0
5.613400e+01 0
5.638621e+01 0
5.663843e+01 0
5.689065e+01 0
5.714288e+01 0
5.739510e+01 0
5.764733e+01 0
5.789957e+01 0
5.815180e+01 0
5.840404e+01 0
5.865628e+01 0
5.890852e+01 0
5.916077e+01 0
5.941301e+01 0
5.966526e+01 0
5.991752e+01 0
6.016977e+01 0
6.042203e+01 0
6.067429e+01 0
6.092656e+01 0
6.117882e+01 0
6.143109e+01 0
6.168337e+01 0
6.193564e+01 0
6.218792e+01 0
6.244020e+01 0
6.269248e+01 0
6.294476e+01 0
6.319705e+01 0
6.344934e+01 0
6.370164e+01 0
6.395393e+01 0
6.420623e+01 0
6.445853e+01 0
6.471083e+01 0
6.496314e+01 0
6.521545e+01 0
6.546776e+01 0
6.572008e+01 0
6.597239e+01 0
6.622471e+01 0
6.647704e+01 0
6.672936e+01 0
6.698169e+01 0
6.723402e+01 0
6.748635e+01 0
6.773869e+01 0
6.799102e+01 0
6.824337e+01 0
6.849571e+01 0
6.874806e+01 0
6.900040e+01 0
6.925276e+01 0
6.950511e+01 0
6.975747e+01 0
7.000983e+01 0
7.026219e+01 0
7.051455e+01 0
7.076692e+01 0
7.101929e+01 0
7.127166e+01 0
7.152404e+01 0
7.177642e+01 0
7.202880e+01 0
7.228118e+01 0
7.253357e+01 0
7.278596e+01 0
7.303835e+01 0
7.329074e+01 0
7.354314e+01 0
7.379554e+01 0
7.404794e+01 0
7.430034e+01 0
7.455275e+01 0
7.480516e+01 0
7.505757e+01 0
7.530999e+01 0
7.556241e+01 0
7.581483e+01 0
7.606725e+01 0
7.631967e+01 0
7.657210e+01 0
7.682453e+01 0
7.707697e+01 0
7.732940e+01 0
7.758184e+01 0
7.783429e+01 0
7.808673e+01 0
7.833918e+01 0
7.859163e+01 0
7.884408e+01 0
7.909653e+01 0
7.934899e+01 0
7.960145e+01 0
7.985391e+01 0
8.010638e+01 0
8.035885e+01 0
8.061132e+01 0
8.086379e+01 0
8.111627e+01 0
8.136875e+01 0
8.162123e+01 0
8.187371e+01 0
8.212620e+01 0
8.237869e+01 0
8.263118e+01 0
8.288368e+01 0
8.313617e+01 0
8.338868e+01 0
8.364118e+01 0
8.389368e+01 0
8.414619e+01 0
8.439870e+01 0
8.465122e+01 0
8.490373e+01 0
8.515625e+01 0
8.540877e+01 0
8.566130e+01 0
8.591382e+01 0
8.616635e+01 0
8.641888e+01 0
8.667142e+01 0
8.692396e+01 0
8.717650e+01 0
8.742904e+01 0
8.768158e+01 0
8.793413e+01 0
8.818668e+01 0
8.843923e+01 0
8.869179e+01 0
8.894435e+01 0
8.919691e+01 0
8.944947e+01 0
8.970204e+01 0
8.995461e+01 0
9.020718e+01 0
9.045976e+01 0
9.071233e+01 0
9.096491e+01 0
9.121750e+01 0
9.147008e+01 0
9.172267e+01 0
9.197526e+01 0
9.222785e+01 0
9.248045e+01 0
9.273305e+01 0
9.298565e+01 0
9.323825e+01 0
9.349086e+01 0
9.374347e+01 0
9.399608e+01 0
9.424869e+01 0
9.450131e+01 0
9.475393e+01 0
9.500655e+01 0
9.525917e+01 0
9.551180e+01 0
9.576443e+01 0
9.601707e+01 0
9.626970e+01 0
9.652234e+01 0
9.677498e+01 0
9.702762e+01 0
9.728027e+01 0
9.753292e+01 0
9.778557e+01 0
9.803822e+01 0
9.829088e+01 0
9.854354e+01 0
9.879620e+01 0
9.904887e+01 0
9.930153e+01 0
9.955420e+01 0
9.980688e+01 0
1.000596e+02 0
1.003122e+02 0
1.005649e+02 0
1.008176e+02 0
1.010703e+02 0
1.013230e+02 0
1.015757e+02 0
1.018284e+02 0
1.020810e+02 0
1.023337e+02 0
1.025865e+02 0
1.028392e+02 0
1.030919e+02 0
1.033446e+02 0
1.035973e+02 0
1.038500e+02 0
1.041027e+02 0
1.043554e+02 0
1.046082e+02 0
1.048609e+02 0
1.051136e+02 0
1.053663e+02 0
1.056191e+02 0
1.058718e+02 0
1.061246e+02 0
1.063773e+02 0
1.066300e+02 0
1.068828e+02 0
1.071355e+02 0
1.073883e+02 0
1.076410e+02 0
1.078938e+02 0
1.081466e+02 0
1.083993e+02 0
1.086521e+02 0
1.089049e+02 0
1.091576e+02 0
1.094104e+02 0
1.096632e+02 0
1.099160e+02 0
1.101687e+02 0
1.104215e+02 0
1.106743e+02 0
1.109271e+02 0
1.111799e+02 0
1.114327e+02 0
1.116855e+02 0
1.119383e+02 0
1.121911e+02 0
1.124439e+02 0
1.126967e+02 0
1.129495e+02 0
1.132023e+02 0
1.134551e+02 0
1.137080e+02 0
1.139608e+02 0
1.142136e+02 0
1.144664e+02 0
1.147193e+02 0
1.149721e+02 0
1.152249e+02 0
1.154778e+02 0
1.157306e+02 0
1.159834e+02 0
1.162363e+02 0
1.164891e+02 0
1.167420e+02 0
1.169948e+02 0
1.172477e+02 0
1.175006e+02 0
1.177534e+02 0
1.180063e+02 0
1.182591e+02 0
1.185120e+02 0
1.187649e+02 0
1.190178e+02 0
1.192706e+02 0
1.195235e+02 0
1.197764e+02 0
1.200293e+02 0
1.202822e+02 0
1.205351e+02 0
1.207880e+02 0
1.210409e+02 0
1.212938e+02 0
1.215467e+02 0
1.217996e+02 0
1.220525e+02 0
1.223054e+02 0
1.225583e+02 0
1.228112e+02 0
1.230641e+02 0
1.233170e+02 0
1.235700e+02 0
1.238229e+02 0
1.240758e+02 0
1.243287e+02 0
1.245817e+02 0
1.248346e+02 0
1.250875e+02 0
1.253405e+02 0
1.255934e+02 0
1.258464e+02 0
1.260993e+02 0
1.263523e+02 0
1.266052e+02 0
1.268582e+02 0
1.271111e+02 0
1.273641e+02 0
1.276171e+02 0
1.278700e+02 0
1.281230e+02 0
1.283760e+02 0
1.286290e+02 0
1.288819e+02 0
1.291349e+02 0
1.293879e+02 0
1.296409e+02 0
1.298939e+02 0
1.301469e+02 0
1.303999e+02 0
1.306529e+02 0
1.309059e+02 0
1.311589e+02 0
1.314119e+02 0
1.316649e+02 0
1.319179e+02 0
1.321709e+02 0
1.324239e+02 0
1.326769e+02 0
1.329299e+02 0
1.331830e+02 0
1.334360e+02 0
1.336890e+02 0
1.339420e+02 0
1.341951e+02 0
1.344481e+02 0
1.347012e+02 0
1.349542e+02 0
1.352072e+02 0
1.354603e+02 0
1.357133e+02 0
1.359664e+02 0
1.362194e+02 0
1.364725e+02 0
1.367256e+02 0
1.369786e+02 0
1.372317e+02 0
1.374848e+02 0
1.377378e+02 0
1.379909e+02 0
1.382440e+02 0
1.384971e+02 0
1.387501e+02 0
1.390032e+02 0
1.392563e+02 0
1.395094e+02 0
1.397625e+02 0
1.400156e+02 0
1.402687e+02 0
1.405218e+02 0
1.407749e+02 0
1.410280e+02 0
1.412811e+02 0
1.415342e+02 0
1.417873e+02 0
1.420404e+02 0
1.422936e+02 0
1.425467e+02 0
1.427998e+02 0
1.430529e+02 0
1.433061e+02 0
1.435592e+02 0
1.438123e+02 0
1.440655e+02 0
1.443186e+02 0
1.445717e+02 0
1.448249e+02 0
1.450780e+02 0
1.453312e+02 0
1.455843e+02 0
1.458375e+02 0
1.460907e+02 0
1.463438e+02 0
1.465970e+02 0
1.468501e+02 0
1.471033e+02 0
1.473565e+02 0
1.476097e+02 0
1.478628e+02 0
1.481160e+02 0
1.483692e+02 0
1.486224e+02 0
1.488756e+02 0
1.491288e+02 0
1.493820e+02 0
1.496351e+02 0
1.498883e+02 0
1.501415e+02 0
1.503948e+02 0
1.506480e+02 0
1.509012e+02 0
1.511544e+02 0
1.514076e+02 0
1.516608e+02 0
1.519140e+02 0
1.521673e+02 0
1.524205e+02 0
1.526737e+02 0
1.529269e+02 0
1.531802e+02 0
1.534334e+02 0
1.536866e+02 0
1.539399e+02 0
1.541931e+02 0
1.544464e+02 0
1.546996e+02 0
1.549529e+02 0
1.552061e+02 0
1.554594e+02 0
1.557126e+02 0
1.559659e+02 0
1.562192e+02 0
1.564724e+02 0
1.567257e+02 0
1.569790e+02 0
1.572322e+02 0
1.574855e+02 0
1.577388e+02 0
1.579921e+02 0
1.582454e+02 0
1.584987e+02 0
1.587520e+02 0
1.590052e+02 0
1.592585e+02 0
1.595118e+02 0
1.597651e+02 0
1.600185e+02 0
1.602718e+02 0
1.605251e+02 0
1.607784e+02 0
1.610317e+02 0
1.612850e+02 0
1.615383e+02 0
1.617917e+02 0
1.620450e+02 0
1.622983e+02 0
1.625516e+02 0
1.628050e+02 0
1.630583e+02 0
1.633116e+02 0
1.635650e+02 0
1.638183e+02 0
1.640717e+02 0
1.643250e+02 0
1.645784e+02 0
1.648317e+02 0
1.650851e+02 0
1.653385e+02 0
1.655918e+02 0
1.658452e+02 0
1.660986e+02 0
1.663519e+02 0
1.666053e+02 0
1.668587e+02 0
1.671120e+02 0
1.673654e+02 0
1.676188e+02 0
1.678722e+02 0
1.681256e+02 0
1.683790e+02 0
1.686324e+02 0
1.688858e+02 0
1.691392e+02 0
1.693926e+02 0
1.696460e+02 0
1.698994e+02 0
1.701528e+02 0
1.704062e+02 0
1.706596e+02 0
1.709130e+02 0
1.711665e+02 0
1.714199e+02 0
1.716733e+02 0
1.719267e+02 0
1.721802e+02 0
1.724336e+02 0
1.726871e+02 0
1.729405e+02 0
1.731939e+02 0
1.734474e+02 0
1.737008e+02 0
1.739543e+02 0
1.742077e+02 0
1.744612e+02 0
1.747146e+02 0
1.749681e+02 0
1.752216e+02 0
1.754750e+02 0
1.757285e+02 0
1.759820e+02 0
1.762354e+02 0
1.764889e+02 0
1.767424e+02 0
1.769959e+02 0
1.772494e+02 0
1.775029e+02 0
1.777563e+02 0
1.780098e+02 0
1.782633e+02 0
1.785168e+02 0
1.787703e+02 0
1.790238e+02 0
1.792773e+02 0
1.795309e+02 0
1.797844e+02 0
1.800379e+02 0
1.802914e+02 0
1.805449e+02 0
1.807984e+02 0
1.810520e+02 0
1.813055e+02 0
1.815590e+02 0
1.818126e+02 0
1.820661e+02 0
1.823196e+02 0
1.825732e+02 0
1.828267e+02 0
1.830803e+02 0
1.833338e+02 0
1.835874e+02 0
1.838409e+02 0
1.840945e+02 0
1.843480e+02 0
1.846016e+02 0
1.848551e+02 0
1.851087e+02 0
1.853623e+02 0
1.856159e+02 0
1.858694e+02 0
1.861230e+02 0
1.863766e+02 0
1.866302e+02 0
1.868838e+02 0
1.871373e+02 0
1.873909e+02 0
1.876445e+02 0
1.878981e+02 0
1.881517e+02 0
1.884053e+02 0
1.886589e+02 0
1.889125e+02 0
1.891662e+02 0
1.894198e+02 0
1.896734e+02 0
1.899270e+02 0
1.901806e+02 0
1.904342e+02 0
1.906879e+02 0
1.909415e+02 0
1.911951e+02 0
1.914488e+02 0
1.917024e+02 0
1.919560e+02 0
1.922097e+02 0
1.924633e+02 0
1.927170e+02 0
1.929706e+02 0
1.932243e+02 0
1.934779e+02 0
1.937316e+02 0
1.939852e+02 0
1.942389e+02 0
1.944926e+02 0
1.947462e+02 0
1.949999e+02 0
1.952536e+02 0
1.955073e+02 0
1.957609e+02 0
1.960146e+02 0
1.962683e+02 0
1.965220e+02 0
1.967757e+02 0
1.970294e+02 0
1.972831e+02 0
1.975368e+02 0
1.977905e+02 0
1.980442e+02 0
1.982979e+02 0
1.985516e+02 0
1.988053e+02 0
1.990590e+02 0
1.993127e+02 0
1.995664e+02 0
1.998201e+02 0
2.000739e+02 0
2.003276e+02 0
2.005813e+02 0
2.008351e+02 0
2.010888e+02 0
2.013425e+02 0
2.015963e+02 0
2.018500e+02 0
2.021038e+02 0
2.023575e+02 0
2.026113e+02 0
2.028650e+02 0
2.031188e+02 0
2.033725e+02 0
2.036263e+02 0
2.038800e+02 0
2.041338e+02 0
2.043876e+02 0
2.046414e+02 0
2.048951e+02 0
2.051489e+02 0
2.054027e+02 0
2.056565e+02 0
2.059102e+02 0
2.061640e+02 0
2.064178e+02 0
2.066716e+02 0
2.069254e+02 0
2.071792e+02 0
2.074330e+02 0
2.076868e+02 0
2.079406e+02 0
2.081944e+02 0
2.084482e+02 0
2.087021e+02 0
2.089559e+02 0
2.092097e+02 0
2.094635e+02 0
2.097173e+02 0
2.099712e+02 0
2.102250e+02 0
2.104788e+02 0
2.107327e+02 0
2.109865e+02 0
2.112403e+02 0
2.114942e+02 0
2.117480e+02 0
2.120019e+02 0
2.122557e+02 0
2.125096e+02 0
2.127634e+02 0
2.130173e+02 0
2.132712e+02 0
2.135250e+02 0
2.137789e+02 0
2.140328e+02 0
2.142866e+02 0
2.145405e+02 0
2.147944e+02 0
2.150483e+02 0
2.153021e+02 0
2.155560e+02 0
2.158099e+02 0
2.160638e+02 0
2.163177e+02 0
2.165716e+02 0
2.168255e+02 0
2.170794e+02 0
2.173333e+02 0
2.175872e+02 0
2.178411e+02 0
2.180950e+02 0
2.183490e+02 0
2.186029e+02 0
2.188568e+02 0
2.191107e+02 0
2.193646e+02 0
2.196186e+02 0
2.198725e+02 0
2.201264e+02 0
2.203804e+02 0
2.206343e+02 0
2.208882e+02 0
2.211422e+02 0
2.213961e+02 0
2.216501e+02 0
2.219040e+02 0
2.221580e+02 0
2.224119e+02 0
2.226659e+02 0
2.229199e+02 0
2.231738e+02 0
2.234278e+02 0
2.236818e+02 0
2.239357e+02 0
2.241897e+02 0
2.244437e+02 0
2.246977e+02 0
2.249517e+02 0
2.252057e+02 0
2.254596e+02 0
2.257136e+02 0
2.259676e+02 0
2.262216e+02 0
2.264756e+02 0
2.267296e+02 0
2.269836e+02 0
2.272376e+02 0
2.274916e+02 0
2.277457e+02 0
2.279997e+02 0
2.282537e+02 0
2.285077e+02 0
2.287617e+02 0
2.290158e+02 0
2.292698e+02 0
2.295238e+02 0
2.297779e+02 0
2.300319e+02 0
2.302859e+02 0
2.305400e+02 0
2.307940e+02 0
2.310481e+02 0
2.313021e+02 0
2.315562e+02 0
2.318102e+02 0
2.320643e+02 0
2.323184e+02 0
2.325724e+02 0
2.328265e+02 0
2.330805e+02 0
2.333346e+02 0
2.335887e+02 0
2.338428e+02 0
2.340968e+02 0
2.343509e+02 0
2.346050e+02 0
2.348591e+02 0
2.351132e+02 0
2.353673e+02 0
2.356214e+02 0
2.358755e+02 0
2.361296e+02 0
2.363837e+02 0
2.366378e+02 0
2.368919e+02 0
2.371460e+02 0
2.374001e+02 0
2.376542e+02 0
2.379084e+02 0
2.381625e+02 0
2.384166e+02 0
2.386707e+02 0
2.389249e+02 0
2.391790e+02 0
2.394331e+02 0
2.396873e+02 0
2.399414e+02 0
2.401955e+02 0
2.404497e+02 0
2.407038e+02 0
2.409580e+02 0
2.412121e+02 0
2.414663e+02 0
2.417205e+02 0
2.419746e+02 0
2.422288e+02 0
2.424830e+02 0
2.427371e+02 0
2.429913e+02 0
2.432455e+02 0
2.434997e+02 0
2.437538e+02 0
2.440080e+02 0
2.442622e+02 0
2.445164e+02 0
2.447706e+02 0
2.450248e+02 0
2.452790e+02 0
2.455332e+02 0
2.457874e+02 0
2.460416e+02 0
2.462958e+02 0
2.465500e+02 0
2.468042e+02 0
2.470584e+02 0
2.473126e+02 0
2.475669e+02 0
2.478211e+02 0
2.480753e+02 0
2.483295e+02 0
2.485838e+02 0
2.488380e+02 0
2.490922e+02 0
2.493465e+02 0
2.496007e+02 0
2.498550e+02 0
2.501092e+02 0
2.503634e+02 0
2.506177e+02 0
2.508720e+02 0
2.511262e+02 0
2.513805e+02 0
2.516347e+02 0
2.518890e+02 0
2.521433e+02 0
2.523975e+02 0
2.526518e+02 0
2.529061e+02 0
2.531604e+02 0
2.534146e+02 0
2.536689e+02 0
2.539232e+02 0
2.541775e+02 0
2.544318e+02 0
2.546861e+02 0
2.549404e+02 0
2.551947e+02 0
2.554490e+02 0
2.557033e+02 0
2.559576e+02 0
2.562119e+02 0
2.564662e+02 0
2.567205e+02 0
2.569749e+02 0
2.572292e+02 0
2.574835e+02 0
2.577378e+02 0
2.579922e+02 0
2.582465e+02 0
2.585008e+02 0
2.587552e+02 0
2.590095e+02 0
2.592638e+02 0
2.595182e+02 0
2.597725e+02 0
2.600269e+02 0
2.602812e+02 0
2.605356e+02 0
2.607899e+02 0
2.610443e+02 0
2.612987e+02 0
2.615530e+02 0
2.618074e+02 0
2.620618e+02 0
2.623162e+02 0
2.625705e+02 0
2.628249e+02 0
2.630793e+02 0
2.633337e+02 0
2.635881e+02 0
2.638425e+02 0
2.640968e+02 0
2.643512e+02 0
2.646056e+02 0
2.648600e+02 0
2.651144e+02 0
2.653688e+02 0
2.656233e+02 0
2.658777e+02 0
2.661321e+02 0
2.663865e+02 0
2.666409e+02 0
2.668953e+02 0
2.671498e+02 0
2.674042e+02 0
2.676586e+02 0
2.679131e+02 0
2.681675e+02 0
2.684219e+02 0
2.686764e+02 0
2.689308e+02 0
2.691853e+02 0
2.694397e+02 0
2.696942e+02 0
2.699486e+02 0
2.702031e+02 0
2.704575e+02 0
2.707120e+02 0
2.709664e+02 0
2.712209e+02 0
2.714754e+02 0
2.717299e+02 0
2.719843e+02 0
2.722388e+02 0
2.724933e+02 0
2.727478e+02 0
2.730023e+02 0
2.732567e+02 0
2.735112e+02 0
2.737657e+02 0
2.740202e+02 0
2.742747e+02 0
2.745292e+02 0
2.747837e+02 0
2.750382e+02 0
2.752927e+02 0
2.755473e+02 0
2.758018e+02 0
2.760563e+02 0
2.763108e+02 0
2.765653e+02 0
2.768199e+02 0
2.770744e+02 0
2.773289e+02 0
2.775834e+02 0
2.778380e+02 0
2.780925e+02 0
2.783471e+02 0
2.786016e+02 0
2.788562e+02 0
2.791107e+02 0
2.793653e+02 0
2.796198e+02 0
2.798744e+02 0
2.801289e+02 0
2.803835e+02 0
2.806380e+02 0
2.808926e+02 0
2.811472e+02 0
2.814018e+02 0
2.816563e+02 0
2.819109e+02 0
2.821655e+02 0
2.824201e+02 0
2.826747e+02 0
2.829293e+02 0
2.831838e+02 0
2.834384e+02 0
2.836930e+02 0
2.839476e+02 0
2.842022e+02 0
2.844568e+02 0
2.847115e+02 0
2.849661e+02 0
2.852207e+02 0
2.854753e+02 0
2.857299e+02 0
2.859845e+02 0
2.862392e+02 0
2.864938e+02 0
2.867484e+02 0
2.870030e+02 0
2.872577e+02 0
2.875123e+02 0
2.877669e+02 0
2.880216e+02 0
2.882762e+02 0
2.885309e+02 0
2.887855e+02 0
2.890402e+02 0
2.892948e+02 0
2.895495e+02 0
2.898042e+02 0
2.900588e+02 0
2.903135e+02 0
2.905682e+02 0
2.908228e+02 0
2.910775e+02 0
2.913322e+02 0
2.915869e+02 0
2.918415e+02 0
2.920962e+02 0
2.923509e+02 0
2.926056e+02 0
2.928603e+02 0
2.931150e+02 0
2.933697e+02 0
2.936244e+02 0
2.938791e+02 0
2.941338e+02 0
2.943885e+02 0
2.946432e+02 0
2.948979e+02 0
2.951526e+02 0
2.954074e+02 0
2.956621e+02 0
2.959168e+02 0
2.961715e+02 0
2.964263e+02 0
2.966810e+02 0
2.969357e+02 0
2.971905e+02 0
2.974452e+02 0
2.977000e+02 0
2.979547e+02 0
2.982094e+02 0
2.984642e+02 0
2.987190e+02 0
2.989737e+02 0
2.992285e+02 0
2.994832e+02 0
2.997380e+02 0
2.999928e+02 0
3.002475e+02 0
3.005023e+02 0
3.007571e+02 0
3.010119e+02 0
3.012666e+02 0
3.015214e+02 0
3.017762e+02 0
3.020310e+02 0
3.022858e+02 0
3.025406e+02 0
3.027954e+02 0
3.030502e+02 0
3.033050e+02 0
3.035598e+02 0
3.038146e+02 0
3.040694e+02 0
3.043242e+02 0
3.045790e+02 0
3.048338e+02 0
3.050886e+02 0
3.053435e+02 0
3.055983e+02 0
3.058531e+02 0
3.061080e+02 0
3.063628e+02 0
3.066176e+02 0
3.068725e+02 0
3.071273e+02 0
3.073821e+02 0
3.076370e+02 0
3.078918e+02 0
3.081467e+02 0
3.084015e+02 0
3.086564e+02 0
3.089113e+02 0
3.091661e+02 0
3.094210e+02 0
3.096759e+02 0
3.099307e+02 0
3.101856e+02 0
3.104405e+02 0
3.106954e+02 0
3.109502e+02 0
3.112051e+02 0
3.114600e+02 0
3.117149e+02 0
3.119698e+02 0
3.122247e+02 0
3.124796e+02 0
3.127345e+02 0
3.129894e+02 0
3.132443e+02 0
3.134992e+02 0
3.137541e+02 0
3.140090e+02 0
3.142639e+02 0
3.145188e+02 0
3.147738e+02 0
3.150287e+02 0
3.152836e+02 0
3.155385e+02 0
3.157935e+02 0
3.160484e+02 0
3.163033e+02 0
3.165583e+02 0
3.168132e+02 0
3.170682e+02 0
3.173231e+02 0
3.175781e+02 0
3.178330e+02 0
3.180880e+02 0
3.183429e+02 0
3.185979e+02 0
3.188529e+02 0
3.191078e+02 0
3.193628e+02 0
3.196178e+02 0
3.198727e+02 0
3.201277e+02 0
3.203827e+02 0
3.206377e+02 0
3.208927e+02 0
3.211476e+02 0
3.214026e+02 0
3.216576e+02 0
3.219126e+02 0
3.221676e+02 0
3.224226e+02 0
3.226776e+02 0
3.229326e+02 0
3.231876e+02 0
3.234427e+02 0
3.236977e+02 0
3.239527e+02 0
3.242077e+02 0
3.244627e+02 0
3.247177e+02 0
3.249728e+02 0
3.252278e+02 0
3.254828e+02 0
3.257379e+02 0
3.259929e+02 0
3.262479e+02 0
3.265030e+02 0
3.267580e+02 0
3.270131e+02 0
3.272681e+02 0
3.275232e+02 0
3.277782e+02 0
3.280333e+02 0
3.282884e+02 0
3.285434e+02 0
3.287985e+02 0
3.290536e+02 0
3.293086e+02 0
3.295637e+02 0
3.298188e+02 0
3.300739e+02 0
3.303289e+02 0
3.305840e+02 0
3.308391e+02 0
3.310942e+02 0
3.313493e+02 0
3.316044e+02 0
3.318595e+02 0
3.321146e+02 0
3.323697e+02 0
3.326248e+02 0
3.328799e+02 0
3.331350e+02 0
3.333901e+02 0
3.336453e+02 0
3.339004e+02 0
3.341555e+02 0
3.344106e+02 0
3.346658e+02 0
3.349209e+02 0
3.351760e+02 0
3.354312e+02 0
3.356863e+02 0
3.359414e+02 0
3.361966e+02 0
3.364517e+02 0
3.367069e+02 0
3.369620e+02 0
3.372172e+02 0
3.374723e+02 0
3.377275e+02 0
3.379827e+02 0
3.382378e+02 0
3.384930e+02 0
3.387482e+02 0
3.390033e+02 0
3.392585e+02 0
3.395137e+02 0
3.397689e+02 0
3.400241e+02 0
3.402792e+02 0
3.405344e+02 0
3.407896e+02 0
3.410448e+02 0
3.413000e+02 0
3.415552e+02 0
3.418104e+02 0
3.420656e+02 0
3.423208e+02 0
3.425760e+02 0
3.428312e+02 0
3.430865e+02 0
3.433417e+02 0
3.435969e+02 0
3.438521e+02 0
3.441073e+02 0
3.443626e+02 0
3.446178e+02 0
3.448730e+02 0
3.451283e+02 0
3.453835e+02 0
3.456388e+02 0
3.458940e+02 0
3.461493e+02 0
3.464045e+02 0
3.466598e+02 0
3.469150e+02 0
3.471703e+02 0
3.474255e+02 0
3.476808e+02 0
3.479361e+02 0
3.481913e+02 0
3.484466e+02 0
3.487019e+02 0
3.489571e+02 0
3.492124e+02 0
3.494677e+02 0
3.497230e+02 0
3.499783e+02 0
3.502336e+02 0
3.504889e+02 0
3.507442e+02 0
3.509995e+02 0
3.512548e+02 0
3.515101e+02 0
3.517654e+02 0
3.520207e+02 0
3.522760e+02 0
3.525313e+02 0
3.527866e+02 0
3.530419e+02 0
3.532972e+02 0
3.535526e+02 0
3.538079e+02 0
3.540632e+02 0
3.543186e+02 0
3.545739e+02 0
3.548292e+02 0
3.550846e+02 0
3.553399e+02 0
3.555953e+02 0
3.558506e+02 0
3.561060e+02 0
3.563613e+02 0
3.566167e+02 0
3.568720e+02 0
3.571274e+02 0
3.573828e+02 0
3.576381e+02 0
3.578935e+02 0
3.581489e+02 0
3.584042e+02 0
3.586596e+02 0
3.589150e+02 0
3.591704e+02 0
3.594258e+02 0
3.596811e+02 0
3.599365e+02 0
3.601919e+02 0
3.604473e+02 0
3.607027e+02 0
3.609581e+02 0
3.612135e+02 0
3.614689e+02 0
3.617243e+02 0
3.619798e+02 0
3.622352e+02 0
3.624906e+02 0
3.627460e+02 0
3.630014e+02 0
3.632569e+02 0
3.635123e+02 0
3.637677e+02 0
3.640231e+02 0
3.642786e+02 0
3.645340e+02 0
3.647895e+02 0
3.650449e+02 0
3.653004e+02 0
3.655558e+02 0
3.658113e+02 0
3.660667e+02 0
3.663222e+02 0
3.665776e+02 0
3.668331e+02 0
3.670885e+02 0
3.673440e+02 0
3.675995e+02 0
3.678550e+02 0
3.681104e+02 0
3.683659e+02 0
3.686214e+02 0
3.688769e+02 0
3.691324e+02 0
3.693879e+02 0
3.696433e+02 0
3.698988e+02 0
3.701543e+02 0
3.704098e+02 0
3.706653e+02 0
3.709208e+02 0
3.711763e+02 0
3.714319e+02 0
3.716874e+02 0
3.719429e+02 0
3.721984e+02 0
3.724539e+02 0
3.727094e+02 0
3.729650e+02 0
3.732205e+02 0
3.734760e+02 0
3.737316e+02 0
3.739871e+02 0
3.742426e+02 0
3.744982e+02 0
3.747537e+02 0
3.750093e+02 0
3.752648e+02 0
3.755204e+02 0
3.757759e+02 0
3.760315e+02 0
3.762870e+02 0
3.765426e+02 0
3.767982e+02 0
3.770537e+02 0
3.773093e+02 0
3.775649e+02 0
3.778205e+02 0
3.780760e+02 0
3.783316e+02 0
3.785872e+02 0
3.788428e+02 0
3.790984e+02 0
3.793540e+02 0
3.796096e+02 0
3.798652e+02 0
3.801208e+02 0
3.803764e+02 0
3.806320e+02 0
3.808876e+02 0
3.811432e+02 0
3.813988e+02 0
3.816544e+02 0
3.819100e+02 0
3.821657e+02 0
3.824213e+02 0
3.826769e+02 0
3.829325e+02 0
3.831882e+02 0
3.834438e+02 0
3.836995e+02 0
3.839551e+02 0
3.842107e+02 0
3.844664e+02 0
3.847220e+02 0
3.849777e+02 0
3.852333e+02 0
3.854890e+02 0
3.857446e+02 0
3.860003e+02 0
3.862560e+02 0
3.865116e+02 0
3.867673e+02 0
3.870230e+02 0
3.872787e+02 0
3.875343e+02 0
3.877900e+02 0
3.880457e+02 0
3.883014e+02 0
3.885571e+02 0
3.888128e+02 0
3.890684e+02 0
3.893241e+02 0
3.895798e+02 0
3.898355e+02 0
3.900912e+02 0
3.903470e+02 0
3.906027e+02 0
3.908584e+02 0
3.911141e+02 0
3.913698e+02 0
3.916255e+02 0
3.918812e+02 0
3.921370e+02 0
3.923927e+02 0
3.926484e+02 0
3.929042e+02 0
3.931599e+02 0
3.934156e+02 0
3.936714e+02 0
3.939271e+02 0
3.941829e+02 0
3.944386e+02 0
3.946944e+02 0
3.949501e+02 0
3.952059e+02 0
3.954616e+02 0
3.957174e+02 0
3.959732e+02 0
3.962289e+02 0
3.964847e+02 0
3.967405e+02 0
3.969962e+02 0
3.972520e+02 0
3.975078e+02 0
3.977636e+02 0
3.980194e+02 0
3.982752e+02 0
3.985310e+02 0
3.987867e+02 0
3.990425e+02 0
3.992983e+02 0
3.995541e+02 0
3.998100e+02 0
4.000658e+02 0
4.003216e+02 0
4.005774e+02 0
4.008332e+02 0
4.010890e+02 0
4.013448e+02 0
4.016007e+02 0
4.018565e+02 0
4.021123e+02 0
4.023681e+02 0
4.026240e+02 0
4.028798e+02 0
4.031357e+02 0
4.033915e+02 0
4.036473e+02 0
4.039032e+02 0
4.041590e+02 0
4.044149e+02 0
4.046707e+02 0
4.049266e+02 0
4.051825e+02 0
4.054383e+02 0
4.056942e+02 0
4.059501e+02 0
4.062059e+02 0
4.064618e+02 0
4.067177e+02 0
4.069736e+02 0
4.072294e+02 0
4.074853e+02 0
4.077412e+02 0
4.079971e+02 0
4.082530e+02 0
4.085089e+02 0
4.087648e+02 0
4.090207e+02 0
4.092766e+02 0
4.095325e+02 0
4.097884e+02 0
4.100443e+02 0
4.103002e+02 0
4.105561e+02 0
4.108121e+02 0
4.110680e+02 0
4.113239e+02 0
4.115798e+02 0
4.118358e+02 0
4.120917e+02 0
4.123476e+02 0
4.126036e+02 0
4.128595e+02 0
4.131154e+02 0
4.133714e+02 0
4.136273e+02 0
4.138833e+02 0
4.141392e+02 0
4.143952e+02 0
4.146512e+02 0
4.149071e+02 0
4.151631e+02 0
4.154190e+02 0
4.156750e+02 0
4.159310e+02 0
4.161870e+02 0
4.164429e+02 0
4.166989e+02 0
4.169549e+02 0
4.172109e+02 0
4.174669e+02 0
4.177229e+02 0
4.179789e+02 0
4.182348e+02 0
4.184908e+02 0
4.187468e+02 0
4.190029e+02 0
4.192589e+02 0
4.195149e+02 0
4.197709e+02 0
4.200269e+02 0
4.202829e+02 0
4.205389e+02 0
4.207950e+02 0
4.210510e+02 0
4.213070e+02 0
4.215630e+02 0
4.218191e+02 0
4.220751e+02 0
4.223311e+02 0
4.225872e+02 0
4.228432e+02 0
4.230993e+02 0
4.233553e+02 0
4.236114e+02 0
4.238674e+02 0
4.241235e+02 0
4.243795e+02 0
4.246356e+02 0
4.248917e+02 0
4.251477e+02 0
4.254038e+02 0
4.256599e+02 0
4.259160e+02 0
4.261720e+02 0
4.264281e+02 0
4.266842e+02 0
4.269403e+02 0
4.271964e+02 0
4.274525e+02 0
4.277086e+02 0
4.279646e+02 0
4.282207e+02 0
4.284768e+02 0
4.287330e+02 0
4.289891e+02 0
4.292452e+02 0
4.295013e+02 0
4.297574e+02 0
4.300135e+02 0
4.302696e+02 0
4.305258e+02 0
4.307819e+02 0
4.310380e+02 0
4.312941e+02 0
4.315503e+02 0
4.318064e+02 0
4.320626e+02 0
4.323187e+02 0
4.325748e+02 0
4.328310e+02 0
4.330871e+02 0
4.333433e+02 0
4.335994e+02 0
4.338556e+02 0
4.341118e+02 0
4.343679e+02 0
4.346241e+02 0
4.348803e+02 0
4.351364e+02 0
4.353926e+02 0
4.356488e+02 0
4.359050e+02 0
4.361611e+02 0
4.364173e+02 0
4.366735e+02 0
4.369297e+02 0
4.371859e+02 0
4.374421e+02 0
4.376983e+02 0
4.379545e+02 0
4.382107e+02 0
4.384669e+02 0
4.387231e+02 0
4.389793e+02 0
4.392355e+02 0
4.394917e+02 0
4.397480e+02 0
4.400042e+02 0
4.402604e+02 0
4.405166e+02 0
4.407729e+02 0
4.410291e+02 0
4.412853e+02 0
4.415416e+02 0
4.417978e+02 0
4.420540e+02 0
4.423103e+02 0
4.425665e+02 0
4.428228e+02 0
4.430790e+02 0
4.433353e+02 0
4.435916e+02 0
4.438478e+02 0
4.441041e+02 0
4.443603e+02 0
4.446166e+02 0
4.448729e+02 0
4.451292e+02 0
4.453854e+02 0
4.456417e+02 0
4.458980e+02 0
4.461543e+02 0
4.464106e+02 0
4.466669e+02 0
4.469232e+02 0
4.471794e+02 0
4.474357e+02 0
4.476920e+02 0
4.479483e+02 0
4.482047e+02 0
4.484610e+02 0
4.487173e+02 0
4.489736e+02 0
4.492299e+02 0
4.494862e+02 0
4.497425e+02 0
4.499989e+02 0
4.502552e+02 0
4.505115e+02 0
4.507679e+02 0
4.510242e+02 0
4.512805e+02 0
4.515369e+02 0
4.517932e+02 0
4.520496e+02 0
4.523059e+02 0
4.525623e+02 0
4.528186e+02 0
4.530750e+02 0
4.533313e+02 0
4.535877e+02 0
4.538441e+02 0
4.541004e+02 0
4.543568e+02 0
4.546132e+02 0
4.548695e+02 0
4.551259e+02 0
4.553823e+02 0
4.556387e+02 0
4.558951e+02 0
4.561515e+02 0
4.564079e+02 0
4.566642e+02 0
4.569206e+02 0
4.571770e+02 0
4.574334e+02 0
4.576898e+02 0
4.579463e+02 0
4.582027e+02 0
4.584591e+02 0
4.587155e+02 0
4.589719e+02 0
4.592283e+02 0
4.594848e+02 0
4.597412e+02 0
4.599976e+02 0
4.602540e+02 0
4.605105e+02 0
4.607669e+02 0
4.610233e+02 0
4.612798e+02 0
4.615362e+02 0
4.617927e+02 0
4.620491e+02 0
4.623056e+02 0
4.625620e+02 0
4.628185e+02 0
4.630750e+02 0
4.633314e+02 0
4.635879e+02 0
4.638443e+02 0
4.641008e+02 0
4.643573e+02 0
4.646138e+02 0
4.648702e+02 0
4.651267e+02 0
4.653832e+02 0
4.656397e+02 0
4.658962e+02 0
4.661527e+02 0
4.664092e+02 0
4.666657e+02 0
4.669222e+02 0
4.671787e+02 0
4.674352e+02 0
4.676917e+02 0
4.679482e+02 0
4.682047e+02 0
4.684612e+02 0
4.687177e+02 0
4.689743e+02 0
4.692308e+02 0
4.694873e+02 0
4.697438e+02 0
4.700004e+02 0
4.702569e+02 0
4.705134e+02 0
4.707700e+02 0
4.710265e+02 0
4.712831e+02 0
4.715396e+02 0
4.717962e+02 0
4.720527e+02 0
4.723093e+02 0
4.725658e+02 0
4.728224e+02 0
4.730790e+02 0
4.733355e+02 0
4.735921e+02 0
4.738487e+02 0
4.741052e+02 0
4.743618e+02 0
4.746184e+02 0
4.748750e+02 0
4.751316e+02 0
4.753882e+02 0
4.756447e+02 0
4.759013e+02 0
4.761579e+02 0
4.764145e+02 0
4.766711e+02 0
4.769277e+02 0
4.771843e+02 0
4.774410e+02 0
4.776976e+02 0
4.779542e+02 0
4.782108e+02 0
4.784674e+02 0
4.787240e+02 0
4.789807e+02 0
4.792373e+02 0
4.794939e+02 0
4.797505e+02 0
4.800072e+02 0
4.802638e+02 0
4.805205e+02 0
4.807771e+02 0
4.810338e+02 0
4.812904e+02 0
4.815471e+02 0
4.818037e+02 0
4.820604e+02 0
4.823170e+02 0
4.825737e+02 0
4.828303e+02 0
4.830870e+02 0
4.833437e+02 0
4.836004e+02 0
4.838570e+02 0
4.841137e+02 0
4.843704e+02 0
4.846271e+02 0
4.848838e+02 0
4.851404e+02 0
4.853971e+02 0
4.856538e+02 0
4.859105e+02 0
4.861672e+02 0
4.864239e+02 0
4.866806e+02 0
4.869373e+02 0
4.871940e+02 0
4.874508e+02 0
4.877075e+02 0
4.879642e+02 0
4.882209e+02 0
4.884776e+02 0
4.887344e+02 0
4.889911e+02 0
4.892478e+02 0
4.895046e+02 0
4.897613e+02 0
4.900180e+02 0
4.902748e+02 0
4.905315e+02 0
4.907883e+02 0
4.910450e+02 0
4.913018e+02 0
4.915585e+02 0
4.918153e+02 0
4.920720e+02 0
4.923288e+02 0
4.925856e+02 0
4.928423e+02 0
4.930991e+02 0
4.933559e+02 0
4.936126e+02 0
4.938694e+02 0
4.941262e+02 0
4.943830e+02 0
4.946398e+02 0
4.948966e+02 0
4.951534e+02 0
4.954102e+02 0
4.956670e+02 0
4.959238e+02 0
4.961806e+02 0
4.964374e+02 0
4.966942e+02 0
4.969510e+02 0
4.972078e+02 0
4.974646e+02 0
4.977214e+02 0
4.979782e+02 0
4.982351e+02 0
4.984919e+02 0
4.987487e+02 0
4.990056e+02 0
4.992624e+02 0
4.995192e+02 0
4.997761e+02 0
5.000329e+02 0
5.002898e+02 0
5.005466e+02 0
5.008035e+02 0
5.010603e+02 0
5.013172e+02 0
5.015740e+02 0
5.018309e+02 0
5.020877e+02 0
5.023446e+02 0
5.026015e+02 0
5.028583e+02 0
5.031152e+02 0
5.033721e+02 0
5.036290e+02 0
5.038859e+02 0
5.041427e+02 0
5.043996e+02 0
5.046565e+02 0
5.049134e+02 0
5.051703e+02 0
5.054272e+02 0
5.056841e+02 0
5.059410e+02 0
5.061979e+02 0
5.064548e+02 0
5.067117e+02 0
5.069687e+02 0
5.072256e+02 0
5.074825e+02 0
5.077394e+02 0
5.079963e+02 0
5.082533e+02 0
5.085102e+02 0
5.087671e+02 0
5.090241e+02 0
5.092810e+02 0
5.095379e+02 0
5.097949e+02 0
5.100518e+02 0
5.103088e+02 0
5.105657e+02 0
5.108227e+02 0
5.110796e+02 0
5.113366e+02 0
5.115936e+02 0
5.118505e+02 0
5.121075e+02 0
5.123645e+02 0
5.126214e+02 0
5.128784e+02 0
5.131354e+02 0
5.133924e+02 0
5.136493e+02 0
5.139063e+02 0
5.141633e+02 0
5.144203e+02 0
5.146773e+02 0
5.149343e+02 0
5.151913e+02 0
5.154483e+02 0
5.157053e+02 0
5.159623e+02 0
5.162193e+02 0
5.164763e+02 0
5.167333e+02 0
5.169904e+02 0
5.172474e+02 0
5.175044e+02 0
5.177614e+02 0
5.180185e+02 0
5.182755e+02 0
5.185325e+02 0
5.187896e+02 0
5.190466e+02 0
5.193036e+02 0
5.195607e+02 0
5.198177e+02 0
5.200748e+02 0
5.203318e+02 0
5.205889e+02 0
5.208459e+02 0
5.211030e+02 0
5.213601e+02 0
5.216171e+02 0
5.218742e+02 0
5.221313e+02 0
5.223883e+02 0
5.226454e+02 0
5.229025e+02 0
5.231596e+02 0
5.234167e+02 0
5.236737e+02 0
5.239308e+02 0
5.241879e+02 0
5.244450e+02 0
5.247021e+02 0
5.249592e+02 0
5.252163e+02 0
5.254734e+02 0
5.257305e+02 0
5.259876e+02 0
5.262448e+02 0
5.265019e+02 0
5.267590e+02 0
5.270161e+02 0
5.272732e+02 0
5.275304e+02 0
5.277875e+02 0
5.280446e+02 0
5.283018e+02 0
5.285589e+02 0
5.288160e+02 0
5.290732e+02 0
5.293303e+02 0
5.295875e+02 0
5.298446e+02 0
5.301018e+02 0
5.303589e+02 0
5.306161e+02 0
5.308732e+02 0
5.311304e+02 0
5.313876e+02 0
5.316447e+02 0
5.319019e+02 0
5.321591e+02 0
5.324163e+02 0
5.326734e+02 0
5.329306e+02 0
5.331878e+02 0
5.334450e+02 0
5.337022e+02 0
5.339594e+02 0
5.342166e+02 0
5.344738e+02 0
5.347310e+02 0
5.349882e+02 0
5.352454e+02 0
5.355026e+02 0
5.357598e+02 0
5.360170e+02 0
5.362742e+02 0
5.365315e+02 0
5.367887e+02 0
5.370459e+02 0
5.373031e+02 0
5.375604e+02 0
5.378176e+02 0
5.380748e+02 0
5.383321e+02 0
5.385893e+02 0
5.388465e+02 0
5.391038e+02 0
5.393610e+02 0
5.396183e+02 0
5.398755e+02 0
5.401328e+02 0
5.403901e+02 0
5.406473e+02 0
5.409046e+02 0
5.411619e+02 0
5.414191e+02 0
5.416764e+02 0
5.419337e+02 0
5.421909e+02 0
5.424482e+02 0
5.427055e+02 0
5.429628e+02 0
5.432201e+02 0
5.434774e+02 0
5.437347e+02 0
5.439920e+02 0
5.442493e+02 0
5.445066e+02 0
5.447639e+02 0
5.450212e+02 0
5.452785e+02 0
5.455358e+02 0
5.457931e+02 0
5.460504e+02 0
5.463077e+02 0
5.465651e+02 0
5.468224e+02 0
5.470797e+02 0
5.473371e+02 0
5.475944e+02 0
5.478517e+02 0
5.481091e+02 0
5.483664e+02 0
5.486237e+02 0
5.488811e+02 0
5.491384e+02 0
5.493958e+02 0
5.496532e+02 0
5.499105e+02 0
5.501679e+02 0
5.504252e+02 0
5.506826e+02 0
5.509400e+02 0
5.511973e+02 0
5.514547e+02 0
5.517121e+02 0
5.519695e+02 0
5.522268e+02 0
5.524842e+02 0
5.527416e+02 0
5.529990e+02 0
5.532564e+02 0
5.535138e+02 0
5.537712e+02 0
5.540286e+02 0
5.542860e+02 0
5.545434e+02 0
5.548008e+02 0
5.550582e+02 0
5.553156e+02 0
5.555730e+02 0
5.558305e+02 0
5.560879e+02 0
5.563453e+02 0
5.566027e+02 0
5.568602e+02 0
5.571176e+02 0
5.573750e+02 0
5.576325e+02 0
5.578899e+02 0
5.581473e+02 0
5.584048e+02 0
5.586622e+02 0
5.589197e+02 0
5.591771e+02 0
5.594346e+02 0
5.596920e+02 0
5.599495e+02 0
5.602070e+02 0
5.604644e+02 0
5.607219e+02 0
5.609794e+02 0
5.612368e+02 0
5.614943e+02 0
5.617518e+02 0
5.620093e+02 0
5.622668e+02 0
5.625243e+02 0
5.627817e+02 0
5.630392e+02 0
5.632967e+02 0
5.635542e+02 0
5.638117e+02 0
5.640692e+02 0
5.643267e+02 0
5.645843e+02 0
5.648418e+02 0
5.650993e+02 0
5.653568e+02 0
5.656143e+02 0
5.658718e+02 0
5.661294e+02 0
5.663869e+02 0
5.666444e+02 0
5.669019e+02 0
5.671595e+02 0
5.674170e+02 0
5.676746e+02 0
5.679321e+02 0
5.681896e+02 0
5.684472e+02 0
5.687047e+02 0
5.689623e+02 0
5.692199e+02 0
5.694774e+02 0
5.697350e+02 0
5.699925e+02 0
5.702501e+02 0
5.705077e+02 0
5.707653e+02 0
5.710228e+02 0
5.712804e+02 0
5.715380e+02 0
5.717956e+02 0
5.720532e+02 0
5.723107e+02 0
5.725683e+02 0
5.728259e+02 0
5.730835e+02 0
5.733411e+02 0
5.735987e+02 0
5.738563e+02 0
5.741139e+02 0
5.743715e+02 0
5.746292e+02 0
5.748868e+02 0
5.751444e+02 0
5.754020e+02 0
5.756596e+02 0
5.759173e+02 0
5.761749e+02 0
5.764325e+02 0
5.766901e+02 0
5.769478e+02 0
5.772054e+02 0
5.774631e+02 0
5.777207e+02 0
5.779783e+02 0
5.782360e+02 0
5.784936e+02 0
5.787513e+02 0
5.790090e+02 0
5.792666e+02 0
5.795243e+02 0
5.797819e+02 0
5.800396e+02 0
5.802973e+02 0
5.805550e+02 0
5.808126e+02 0
5.810703e+02 0
5.813280e+02 0
5.815857e+02 0
5.818434e+02 0
5.821011e+02 0
5.823587e+02 0
5.826164e+02 0
5.828741e+02 0
5.831318e+02 0
5.833895e+02 0
5.836472e+02 0
5.839049e+02 0
5.841627e+02 0
5.844204e+02 0
5.846781e+02 0
5.849358e+02 0
5.851935e+02 0
5.854512e+02 0
5.857090e+02 0
5.859667e+02 0
5.862244e+02 0
5.864822e+02 0
5.867399e+02 0
5.869976e+02 0
5.872554e+02 0
5.875131e+02 0
5.877709e+02 0
5.880286e+02 0
5.882864e+02 0
5.885441e+02 0
5.888019e+02 0
5.890597e+02 0
5.893174e+02 0
5.895752e+02 0
5.898330e+02 0
5.900907e+02 0
5.903485e+02 0
5.906063e+02 0
5.908641e+02 0
5.911218e+02 0
5.913796e+02 0
5.916374e+02 0
5.918952e+02 0
5.921530e+02 0
5.924108e+02 0
5.926686e+02 0
5.929264e+02 0
5.931842e+02 0
5.934420e+02 0
5.936998e+02 0
5.939576e+02 0
5.942154e+02 0
5.944732e+02 0
5.947311e+02 0
5.949889e+02 0
5.952467e+02 0
5.955045e+02 0
5.957624e+02 0
5.960202e+02 0
5.962780e+02 0
5.965359e+02 0
5.967937e+02 0
5.970515e+02 0
5.973094e+02 0
5.975672e+02 0
5.978251e+02 0
5.980829e+02 0
5.983408e+02 0
5.985987e+02 0
5.988565e+02 0
5.991144e+02 0
5.993723e+02 0
5.996301e+02 0
5.998880e+02 0
6.001459e+02 0
6.004037e+02 0
6.006616e+02 0
6.009195e+02 0
6.011774e+02 0
6.014353e+02 0
6.016932e+02 0
6.019511e+02 0
6.022090e+02 0
6.024669e+02 0
6.027248e+02 0
6.029827e+02 0
6.032406e+02 0
6.034985e+02 0
6.037564e+02 0
6.040143e+02 0
6.042722e+02 0
6.045301e+02 0
6.047881e+02 0
6.050460e+02 0
6.053039e+02 0
6.055619e+02 0
6.058198e+02 0
6.060777e+02 0
6.063357e+02 0
6.065936e+02 0
6.068515e+02 0
6.071095e+02 0
6.073674e+02 0
6.076254e+02 0
6.078833e+02 0
6.081413e+02 0
6.083993e+02 0
6.086572e+02 0
6.089152e+02 0
6.091732e+02 0
6.094311e+02 0
6.096891e+02 0
6.099471e+02 0
6.102051e+02 0
6.104630e+02 0
6.107210e+02 0
6.109790e+02 0
6.112370e+02 0
6.114950e+02 0
6.117530e+02 0
6.120110e+02 0
6.122690e+02 0
6.125270e+02 0
6.127850e+02 0
6.130430e+02 0
6.133010e+02 0
6.135590e+02 0
6.138170e+02 0
6.140750e+02 0
6.143331e+02 0
6.145911e+02 0
6.148491e+02 0
6.151071e+02 0
6.153652e+02 0
6.156232e+02 0
6.158812e+02 0
6.161393e+02 0
6.163973e+02 0
6.166554e+02 0
6.169134e+02 0
6.171715e+02 0
6.174295e+02 0
6.176876e+02 0
6.179456e+02 0
6.182037e+02 0
6.184618e+02 0
6.187198e+02 0
6.189779e+02 0
6.192360e+02 0
6.194940e+02 0
6.197521e+02 0
6.200102e+02 0
6.202683e+02 0
6.205264e+02 0
6.207844e+02 0
6.210425e+02 0
6.213006e+02 0
6.215587e+02 0
6.218168e+02 0
6.220749e+02 0
6.223330e+02 0
6.225911e+02 0
6.228492e+02 0
6.231073e+02 0
6.233655e+02 0
6.236236e+02 0
6.238817e+02 0
6.241398e+02 0
6.243979e+02 0
6.246561e+02 0
6.249142e+02 0
6.251723e+02 0
6.254305e+02 0
6.256886e+02 0
6.259467e+02 0
6.262049e+02 0
6.264630e+02 0
6.267212e+02 0
6.269793e+02 0
6.272375e+02 0
6.274956e+02 0
6.277538e+02 0
6.280120e+02 0
6.282701e+02 0
6.285283e+02 0
6.287865e+02 0
6.290446e+02 0
6.293028e+02 0
6.295610e+02 0
6.298192e+02 0
6.300773e+02 0
6.303355e+02 0
6.305937e+02 0
6.308519e+02 0
6.311101e+02 0
6.313683e+02 0
6.316265e+02 0
6.318847e+02 0
6.321429e+02 0
6.324011e+02 0
6.326593e+02 0
6.329175e+02 0
6.331757e+02 0
6.334340e+02 0
6.336922e+02 0
6.339504e+02 0
6.342086e+02 0
6.344669e+02 0
6.347251e+02 0
6.349833e+02 0
6.352416e+02 0
6.354998e+02 0
6.357580e+02 0
6.360163e+02 0
6.362745e+02 0
6.365328e+02 0
6.367910e+02 0
6.370493e+02 0
6.373075e+02 0
6.375658e+02 0
6.378241e+02 0
6.380823e+02 0
6.383406e+02 0
6.385989e+02 0
6.388571e+02 0
6.391154e+02 0
6.393737e+02 0
6.396320e+02 0
6.398903e+02 0
6.401485e+02 0
6.404068e+02 0
6.406651e+02 0
6.409234e+02 0
6.411817e+02 0
6.414400e+02 0
6.416983e+02 0
6.419566e+02 0
6.422149e+02 0
6.424732e+02 0
6.427315e+02 0
6.429899e+02 0
6.432482e+02 0
6.435065e+02 0
6.437648e+02 0
6.440231e+02 0
6.442815e+02 0
6.445398e+02 0
6.447981e+02 0
6.450565e+02 0
6.453148e+02 0
6.455732e+02 0
6.458315e+02 0
6.460899e+02 0
6.463482e+02 0
6.466066e+02 0
6.468649e+02 0
6.471233e+02 0
6.473816e+02 0
6.476400e+02 0
6.478984e+02 0
6.481567e+02 0
6.484151e+02 0
6.486735e+02 0
6.489318e+02 0
6.491902e+02 0
6.494486e+02 0
6.497070e+02 0
6.499654e+02 0
6.502238e+02 0
6.504822e+02 0
6.507406e+02 0
6.509989e+02 0
6.512573e+02 0
6.515158e+02 0
6.517742e+02 0
6.520326e+02 0
6.522910e+02 0
6.525494e+02 0
6.528078e+02 0
6.530662e+02 0
6.533246e+02 0
6.535831e+02 0
6.538415e+02 0
6.540999e+02 0
6.543584e+02 0
6.546168e+02 0
6.548752e+02 0
6.551337e+02 0
6.553921e+02 0
6.556506e+02 0
6.559090e+02 0
6.561675e+02 0
6.564259e+02 0
6.566844e+02 0
6.569428e+02 0
6.572013e+02 0
6.574598e+02 0
6.577182e+02 0
6.579767e+02 0
6.582352e+02 0
6.584936e+02 0
6.587521e+02 0
6.590106e+02 0
6.592691e+02 0
6.595276e+02 0
6.597860e+02 0
6.600445e+02 0
6.603030e+02 0
6.605615e+02 0
6.608200e+02 0
6.610785e+02 0
6.613370e+02 0
6.615955e+02 0
6.618540e+02 0
6.621126e+02 0
6.623711e+02 0
6.626296e+02 0
6.628881e+02 0
6.631466e+02 0
6.634052e+02 0
6.636637e+02 0
6.639222e+02 0
6.641807e+02 0
6.644393e+02 0
6.646978e+02 0
6.649564e+02 0
6.652149e+02 0
6.654734e+02 0
6.657320e+02 0
6.659905e+02 0
6.662491e+02 0
6.665077e+02 0
6.667662e+02 0
6.670248e+02 0
6.672833e+02 0
6.675419e+02 0
6.678005e+02 0
6.680591e+02 0
6.683176e+02 0
6.685762e+02 0
6.688348e+02 0
6.690934e+02 0
6.693520e+02 0
6.696105e+02 0
6.698691e+02 0
6.701277e+02 0
6.703863e+02 0
6.706449e+02 0
6.709035e+02 0
6.711621e+02 0
6.714207e+02 0
6.716794e+02 0
6.719380e+02 0
6.721966e+02 0
6.724552e+02 0
6.727138e+02 0
6.729724e+02 0
6.732311e+02 0
6.734897e+02 0
6.737483e+02 0
6.740070e+02 0
6.742656e+02 0
6.745242e+02 0
6.747829e+02 0
6.750415e+02 0
6.753002e+02 0
6.755588e+02 0
6.758175e+02 0
6.760761e+02 0
6.763348e+02 0
6.765934e+02 0
6.768521e+02 0
6.771108e+02 0
6.773694e+02 0
6.776281e+02 0
6.778868e+02 0
6.781455e+02 0
6.784041e+02 0
6.786628e+02 0
6.789215e+02 0
6.791802e+02 0
6.794389e+02 0
6.796976e+02 0
6.799563e+02 0
6.802150e+02 0
6.804737e+02 0
6.807324e+02 0
6.809911e+02 0
6.812498e+02 0
6.815085e+02 0
6.817672e+02 0
6.820259e+02 0
6.822846e+02 0
6.825434e+02 0
6.828021e+02 0
6.830608e+02 0
6.833195e+02 0
6.835783e+02 0
6.838370e+02 0
6.840957e+02 0
6.843545e+02 0
6.846132e+02 0
6.848720e+02 0
6.851307e+02 0
6.853895e+02 0
6.856482e+02 0
6.859070e+02 0
6.861657e+02 0
6.864245e+02 0
6.866833e+02 0
6.869420e+02 0
6.872008e+02 0
6.874596e+02 0
6.877184e+02 0
6.879771e+02 0
6.882359e+02 0
6.884947e+02 0
6.887535e+02 0
6.890123e+02 0
6.892711e+02 0
6.895298e+02 0
6.897886e+02 0
6.900474e+02 0
6.903062e+02 0
6.905650e+02 0
6.908239e+02 0
6.910827e+02 0
6.913415e+02 0
6.916003e+02 1
6.918591e+02 0
6.921179e+02 0
6.923767e+02 0
6.926356e+02 0
6.928944e+02 0
6.931532e+02 0
6.934121e+02 0
6.936709e+02 0
6.939297e+02 0
6.941886e+02 0
6.944474e+02 0
6.947063e+02 0
6.949651e+02 0
6.952240e+02 0
6.954828e+02 0
6.957417e+02 0
6.960005e+02 0
6.962594e+02 0
6.965183e+02 0
6.967771e+02 0
6.970360e+02 0
6.972949e+02 0
6.975537e+02 0
6.978126e+02 0
6.980715e+02 0
6.983304e+02 0
6.985893e+02 0
6.988482e+02 0
6.991071e+02 0
6.993659e+02 0
6.996248e+02 0
6.998837e+02 0
7.001426e+02 0
7.004015e+02 0
7.006605e+02 0
7.009194e+02 0
7.011783e+02 0
7.014372e+02 0
7.016961e+02 1
7.019550e+02 0
7.022140e+02 0
7.024729e+02 0
7.027318e+02 0
7.029907e+02 0
7.032497e+02 1
7.035086e+02 0
7.037675e+02 0
7.040265e+02 0
7.042854e+02 0
7.045444e+02 0
7.048033e+02 0
7.050623e+02 0
7.053212e+02 0
7.055802e+02 0
7.058392e+02 0
7.060981e+02 0
7.063571e+02 0
7.066161e+02 0
7.068750e+02 0
7.071340e+02 0
7.073930e+02 0
7.076520e+02 0
7.079109e+02 0
7.081699e+02 0
7.084289e+02 0
7.086879e+02 0
7.089469e+02 0
7.092059e+02 0
7.094649e+02 0
7.097239e+02 0
7.099829e+02 0
7.102419e+02 0
7.105009e+02 0
7.107599e+02 0
7.110189e+02 0
7.112779e+02 0
7.115370e+02 0
7.117960e+02 0
7.120550e+02 0
7.123140e+02 0
7.125731e+02 0
7.128321e+02 0
7.130911e+02 0
7.133502e+02 0
7.136092e+02 0
7.138682e+02 0
7.141273e+02 0
7.143863e+02 0
7.146454e+02 0
7.149044e+02 0
7.151635e+02 0
7.154226e+02 1
7.156816e+02 0
7.159407e+02 0
7.161997e+02 0
7.164588e+02 0
7.167179e+02 0
7.169770e+02 0
7.172360e+02 0
7.174951e+02 0
7.177542e+02 0
7.180133e+02 0
7.182724e+02 0
7.185315e+02 0
7.187906e+02 0
7.190496e+02 0
7.193087e+02 0
7.195678e+02 0
7.198270e+02 0
7.200861e+02 0
7.203452e+02 0
7.206043e+02 0
7.208634e+02 1
7.211225e+02 0
7.213816e+02 0
7.216407e+02 0
7.218999e+02 0
7.221590e+02 0
7.224181e+02 0
7.226773e+02 0
7.229364e+02 0
7.231955e+02 0
7.234547e+02 0
7.237138e+02 0
7.239730e+02 0
7.242321e+02 0
7.244913e+02 0
7.247504e+02 0
7.250096e+02 0
7.252687e+02 0
7.255279e+02 0
7.257871e+02 0
7.260462e+02 0
7.263054e+02 0
7.265646e+02 0
7.268237e+02 0
7.270829e+02 0
7.273421e+02 0
7.276013e+02 0
7.278605e+02 0
7.281197e+02 0
7.283789e+02 0
7.286381e+02 0
7.288972e+02 0
7.291564e+02 0
7.294156e+02 0
7.296749e+02 0
7.299341e+02 0
7.301933e+02 0
7.304525e+02 0
7.307117e+02 0
7.309709e+02 1
7.312301e+02 0
7.314894e+02 1
7.317486e+02 0
7.320078e+02 0
7.322670e+02 0
7.325263e+02 0
7.327855e+02 0
7.330448e+02 0
7.333040e+02 1
7.335632e+02 0
7.338225e+02 0
7.340817e+02 0
7.343410e+02 0
7.346002e+02 0
7.348595e+02 0
7.351188e+02 0
7.353780e+02 0
7.356373e+02 0
7.358966e+02 0
7.361558e+02 1
7.364151e+02 0
7.366744e+02 0
7.369337e+02 0
7.371929e+02 0
7.374522e+02 0
7.377115e+02 0
7.379708e+02 1
7.382301e+02 0
7.384894e+02 0
7.387487e+02 0
7.390080e+02 0
7.392673e+02 0
7.395266e+02 0
7.397859e+02 0
7.400452e+02 0
7.403045e+02 1
7.405638e+02 0
7.408232e+02 0
7.410825e+02 0
7.413418e+02 0
7.416011e+02 0
7.418605e+02 0
7.421198e+02 0
7.423791e+02 0
7.426385e+02 0
7.428978e+02 0
7.431571e+02 0
7.434165e+02 0
7.436758e+02 0
7.439352e+02 1
7.441945e+02 0
7.444539e+02 1
7.447132e+02 1
7.449726e+02 0
7.452320e+02 0
7.454913e+02 0
7.457507e+02 0
7.460101e+02 0
7.462695e+02 0
7.465288e+02 0
7.467882e+02 0
7.470476e+02 0
7.473070e+02 0
7.475664e+02 0
7.478258e+02 0
7.480851e+02 0
7.483445e+02 0
7.486039e+02 0
7.488633e+02 1
7.491227e+02 0
7.493822e+02 0
7.496416e+02 0
7.499010e+02 0
7.501604e+02 0
7.504198e+02 0
7.506792e+02 0
7.509386e+02 0
7.511981e+02 1
7.514575e+02 0
7.517169e+02 0
7.519764e+02 0
7.522358e+02 1
7.524952e+02 0
7.527547e+02 0
7.530141e+02 0
7.532736e+02 0
7.535330e+02 0
7.537925e+02 0
7.540519e+02 1
7.543114e+02 0
7.545708e+02 0
7.548303e+02 0
7.550898e+02 1
7.553492e+02 1
7.556087e+02 0
7.558682e+02 0
7.561276e+02 0
7.563871e+02 0
7.566466e+02 1
7.569061e+02 0
7.571656e+02 0
7.574251e+02 0
7.576846e+02 1
7.579440e+02 0
7.582035e+02 0
7.584630e+02 0
7.587225e+02 0
7.589820e+02 1
7.592416e+02 0
7.595011e+02 1
7.597606e+02 1
7.600201e+02 0
7.602796e+02 0
7.605391e+02 0
7.607986e+02 1
7.610582e+02 0
7.613177e+02 0
7.615772e+02 0
7.618368e+02 0
7.620963e+02 0
7.623558e+02 0
7.626154e+02 0
7.628749e+02 0
7.631345e+02 1
7.633940e+02 0
7.636536e+02 0
7.639131e+02 0
7.641727e+02 2
7.644322e+02 0
7.646918e+02 0
7.649514e+02 1
7.652109e+02 0
7.654705e+02 0
7.657301e+02 0
7.659897e+02 1
7.662492e+02 1
7.665088e+02 0
7.667684e+02 1
7.670280e+02 1
7.672876e+02 2
7.675472e+02 0
7.678068e+02 0
7.680664e+02 0
7.683260e+02 1
7.685856e+02 0
7.688452e+02 0
7.691048e+02 0
7.693644e+02 0
7.696240e+02 1
7.698836e+02 0
7.701432e+02 0
7.704029e+02 0
7.706625e+02 1
7.709221e+02 0
7.711817e+02 0
7.714414e+02 2
7.717010e+02 1
7.719606e+02 1
7.722203e+02 0
7.724799e+02 0
7.727396e+02 0
7.729992e+02 0
7.732589e+02 0
7.735185e+02 0
7.737782e+02 0
7.740378e+02 0
7.742975e+02 0
7.745572e+02 0
7.748168e+02 2
7.750765e+02 1
7.753362e+02 0
7.755958e+02 0
7.758555e+02 1
7.761152e+02 0
7.763749e+02 0
7.766346e+02 0
7.768943e+02 0
7.771539e+02 1
7.774136e+02 1
7.776733e+02 0
7.779330e+02 0
7.781927e+02 1
7.784524e+02 1
7.787121e+02 0
7.789718e+02 0
7.792316e+02 0
7.794913e+02 0
7.797510e+02 0
7.800107e+02 1
7.802704e+02 0
7.805302e+02 0
7.807899e+02 0
7.810496e+02 1
7.813093e+02 2
7.815691e+02 1
7.818288e+02 0
7.820886e+02 2
7.823483e+02 1
7.826080e+02 0
7.828678e+02 1
7.831275e+02 3
7.833873e+02 2
7.836471e+02 1
7.839068e+02 0
7.841666e+02 1
7.844263e+02 1
7.846861e+02 1
7.849459e+02 0
7.852057e+02 0
7.854654e+02 0
7.857252e+02 1
7.859850e+02 1
7.862448e+02 0
7.865046e+02 0
7.867643e+02 0
7.870241e+02 1
7.872839e+02 1
7.875437e+02 0
7.878035e+02 0
7.880633e+02 0
7.883231e+02 1
7.885829e+02 0
7.888427e+02 0
7.891026e+02 1
7.893624e+02 1
7.896222e+02 1
7.898820e+02 1
7.901418e+02 0
7.904017e+02 0
7.906615e+02 1
7.909213e+02 1
7.911812e+02 1
7.914410e+02 0
7.917008e+02 1
7.919607e+02 0
7.922205e+02 1
7.924804e+02 0
7.927402e+02 2
7.930001e+02 1
7.932599e+02 1
7.935198e+02 0
7.937796e+02 1
7.940395e+02 0
7.942994e+02 0
7.945592e+02 0
7.948191e+02 2
7.950790e+02 0
7.953388e+02 1
7.955987e+02 1
7.958586e+02 0
7.961185e+02 1
7.963784e+02 3
7.966383e+02 1
7.968982e+02 0
7.971581e+02 0
7.974179e+02 1
7.976778e+02 3
7.979378e+02 0
7.981977e+02 1
7.984576e+02 2
7.987175e+02 4
7.989774e+02 1
7.992373e+02 0
7.994972e+02 1
7.997571e+02 2
8.000171e+02 0
8.002770e+02 1
8.005369e+02 0
8.007969e+02 0
8.010568e+02 1
8.013167e+02 0
8.015767e+02 1
8.018366e+02 1
8.020966e+02 0
8.023565e+02 0
8.026164e+02 0
8.028764e+02 1
8.031364e+02 0
8.033963e+02 0
8.036563e+02 2
8.039162e+02 0
8.041762e+02 0
8.044362e+02 0
8.046961e+02 0
8.049561e+02 0
8.052161e+02 0
8.054761e+02 3
8.057361e+02 1
8.059960e+02 0
8.062560e+02 0
8.065160e+02 2
8.067760e+02 1
8.070360e+02 4
8.072960e+02 1
8.075560e+02 0
8.078160e+02 2
8.080760e+02 3
8.083360e+02 1
8.085960e+02 3
8.088561e+02 1
8.091161e+02 0
8.093761e+02 1
8.096361e+02 1
8.098961e+02 1
8.101562e+02 2
8.104162e+02 2
8.106762e+02 1
8.109363e+02 2
8.111963e+02 2
8.114563e+02 0
8.117164e+02 2
8.119764e+02 2
8.122365e+02 0
8.124965e+02 3
8.127566e+02 2
8.130166e+02 1
8.132767e+02 2
8.135368e+02 0
8.137968e+02 1
8.140569e+02 2
8.143170e+02 1
8.145770e+02 0
8.148371e+02 1
8.150972e+02 1
8.153573e+02 3
8.156173e+02 1
8.158774e+02 0
8.161375e+02 1
8.163976e+02 2
8.166577e+02 0
8.169178e+02 1
8.171779e+02 1
8.174380e+02 2
8.176981e+02 1
8.179582e+02 1
8.182183e+02 2
8.184784e+02 1
8.187385e+02 2
8.189987e+02 2
8.192588e+02 2
8.195189e+02 4
8.197790e+02 1
8.200392e+02 1
8.202993e+02 2
8.205594e+02 3
8.208196e+02 1
8.210797e+02 1
8.213398e+02 3
8.216000e+02 0
8.218601e+02 0
8.221203e+02 1
8.223804e+02 0
8.226406e+02 1
8.229007e+02 1
8.231609e+02 4
8.234211e+02 1
8.236812e+02 2
8.239414e+02 1
8.242016e+02 0
8.244617e+02 2
8.247219e+02 2
8.249821e+02 0
8.252423e+02 1
8.255025e+02 3
8.257626e+02 0
8.260228e+02 1
8.262830e+02 0
8.265432e+02 0
8.268034e+02 0
8.270636e+02 2
8.273238e+02 0
8.275840e+02 3
8.278442e+02 3
8.281044e+02 2
8.283647e+02 1
8.286249e+02 2
8.288851e+02 2
8.291453e+02 2
8.294055e+02 1
8.296658e+02 3
8.299260e+02 4
8.301862e+02 3
8.304465e+02 1
8.307067e+02 0
8.309669e+02 1
8.312272e+02 0
8.314874e+02 0
8.317477e+02 0
8.320079e+02 5
8.322682e+02 2
8.325284e+02 0
8.327887e+02 4
8.330489e+02 3
8.333092e+02 1
8.335695e+02 1
8.338297e+02 0
8.340900e+02 0
8.343503e+02 0
8.346106e+02 1
8.348708e+02 1
8.351311e+02 2
8.353914e+02 1
8.356517e+02 1
8.359120e+02 2
8.361723e+02 3
8.364326e+02 2
8.366929e+02 0
8.369532e+02 1
8.372135e+02 3
8.374738e+02 2
8.377341e+02 1
8.379944e+02 3
8.382547e+02 2
8.385150e+02 1
8.387754e+02 0
8.390357e+02 4
8.392960e+02 1
8.395563e+02 2
8.398167e+02 1
8.400770e+02 2
8.403373e+02 2
8.405977e+02 1
8.408580e+02 0
8.411183e+02 2
8.413787e+02 0
8.416390e+02 0
8.418994e+02 1
8.421597e+02 2
8.424201e+02 2
8.426805e+02 3
8.429408e+02 2
8.432012e+02 3
8.434616e+02 2
8.437219e+02 0
8.439823e+02 4
8.442427e+02 1
8.445030e+02 5
8.447634e+02 3
8.450238e+02 0
8.452842e+02 3
8.455446e+02 1
8.458050e+02 4
8.460654e+02 3
8.463258e+02 1
8.465862e+02 1
8.468466e+02 2
8.471070e+02 4
8.473674e+02 1
8.476278e+02 2
8.478882e+02 0
8.481486e+02 2
8.484090e+02 3
8.486694e+02 3
8.489299e+02 4
8.491903e+02 1
8.494507e+02 6
8.497112e+02 1
8.499716e+02 1
8.502320e+02 0
8.504925e+02 1
8.507529e+02 2
8.510133e+02 5
8.512738e+02 0
8.515342e+02 1
8.517947e+02 2
8.520551e+02 0
8.523156e+02 1
8.525761e+02 1
8.528365e+02 2
8.530970e+02 3
8.533575e+02 1
8.536179e+02 0
8.538784e+02 3
8.541389e+02 2
8.543994e+02 0
8.546598e+02 1
8.549203e+02 2
8.551808e+02 4
8.554413e+02 3
8.557018e+02 2
8.559623e+02 1
8.562228e+02 0
8.564833e+02 1
8.567438e+02 1
8.570043e+02 1
8.572648e+02 1
8.575253e+02 4
8.577858e+02 1
8.580463e+02 1
8.583069e+02 2
8.585674e+02 2
8.588279e+02 4
8.590884e+02 2
8.593490e+02 1
8.596095e+02 2
8.598700e+02 4
8.601306e+02 2
8.603911e+02 2
8.606516e+02 0
8.609122e+02 0
8.611727e+02 0
8.614333e+02 4
8.616938e+02 5
8.619544e+02 0
8.622149e+02 0
8.624755e+02 1
8.627361e+02 1
8.629966e+02 1
8.632572e+02 2
8.635178e+02 0
8.637783e+02 2
8.640389e+02 2
8.642995e+02 0
8.645601e+02 0
8.648207e+02 4
8.650813e+02 1
8.653418e+02 2
8.656024e+02 2
8.658630e+02 3
8.661236e+02 3
8.663842e+02 3
8.666448e+02 1
8.669054e+02 0
8.671661e+02 5
8.674267e+02 2
8.676873e+02 1
8.679479e+02 2
8.682085e+02 1
8.684691e+02 1
8.687298e+02 0
8.689904e+02 3
8.692510e+02 1
8.695116e+02 2
8.697723e+02 0
8.700329e+02 3
8.702936e+02 2
8.705542e+02 5
8.708148e+02 3
8.710755e+02 2
8.713361e+02 4
8.715968e+02 1
8.718575e+02 1
8.721181e+02 1
8.723788e+02 0
8.726394e+02 3
8.729001e+02 2
8.731608e+02 2
8.734214e+02 1
8.736821e+02 1
8.739428e+02 1
8.742035e+02 2
8.744642e+02 1
8.747248e+02 2
8.749855e+02 3
8.752462e+02 5
8.755069e+02 1
8.757676e+02 2
8.760283e+02 3
8.762890e+02 2
8.765497e+02 2
8.768104e+02 3
8.770711e+02 1
8.773318e+02 4
8.775926e+02 4
8.778533e+02 0
8.781140e+02 2
8.783747e+02 4
8.786354e+02 2
8.788962e+02 2
8.791569e+02 2
8.794176e+02 2
8.796784e+02 1
8.799391e+02 1
8.801999e+02 4
8.804606e+02 3
8.807213e+02 0
8.809821e+02 1
8.812428e+02 2
8.815036e+02 1
8.817644e+02 4
8.820251e+02 0
8.822859e+02 1
8.825466e+02 0
8.828074e+02 0
8.830682e+02 2
8.833290e+02 2
8.835897e+02 0
8.838505e+02 0
8.841113e+02 2
8.843721e+02 3
8.846329e+02 1
8.848937e+02 1
8.851544e+02 0
8.854152e+02 2
8.856760e+02 1
8.859368e+02 1
8.861976e+02 4
8.864584e+02 2
8.867192e+02 2
8.869801e+02 1
8.872409e+02 1
8.875017e+02 2
8.877625e+02 1
8.880233e+02 2
8.882841e+02 3
8.885450e+02 0
8.888058e+02 0
8.890666e+02 2
8.893275e+02 4
8.895883e+02 2
8.898491e+02 3
8.901100e+02 3
8.903708e+02 2
8.906317e+02 1
8.908925e+02 4
8.911534e+02 3
8.914142e+02 3
8.916751e+02 1
8.919360e+02 4
8.921968e+02 0
8.924577e+02 1
8.927186e+02 0
8.929794e+02 2
8.932403e+02 3
8.935012e+02 1
8.937621e+02 0
8.940229e+02 1
8.942838e+02 3
8.945447e+02 1
8.948056e+02 3
8.950665e+02 2
8.953274e+02 3
8.955883e+02 2
8.958492e+02 1
8.961101e+02 5
8.963710e+02 3
8.966319e+02 1
8.968928e+02 1
8.971537e+02 2
8.974146e+02 1
8.976756e+02 1
8.979365e+02 5
8.981974e+02 2
8.984583e+02 0
8.987193e+02 3
8.989802e+02 1
8.992411e+02 3
8.995021e+02 1
8.997630e+02 3
9.000239e+02 0
9.002849e+02 3
9.005458e+02 1
9.008068e+02 3
9.010677e+02 2
9.013287e+02 1
9.015897e+02 1
9.018506e+02 1
9.021116e+02 2
9.023726e+02 3
9.026335e+02 2
9.028945e+02 1
9.031555e+02 1
9.034164e+02 0
9.036774e+02 3
9.039384e+02 0
9.041994e+02 0
9.044604e+02 4
9.047214e+02 4
9.049824e+02 3
9.052434e+02 2
9.055044e+02 0
9.057654e+02 2
9.060264e+02 2
9.062874e+02 0
9.065484e+02 2
9.068094e+02 3
9.070704e+02 2
9.073314e+02 1
9.075924e+02 1
9.078535e+02 6
9.081145e+02 2
9.083755e+02 2
9.086366e+02 0
9.088976e+02 2
9.091586e+02 4
9.094197e+02 2
9.096807e+02 6
9.099417e+02 4
9.102028e+02 0
9.104638e+02 1
9.107249e+02 2
9.109859e+02 2
9.112470e+02 1
9.115081e+02 1
9.117691e+02 5
9.120302e+02 2
9.122913e+02 3
9.125523e+02 2
9.128134e+02 3
9.130745e+02 2
9.133356e+02 2
9.135966e+02 0
9.138577e+02 2
9.141188e+02 0
9.143799e+02 0
9.146410e+02 2
9.149021e+02 2
9.151632e+02 4
9.154243e+02 0
9.156854e+02 2
9.159465e+02 2
9.162076e+02 2
9.164687e+02 0
9.167298e+02 1
9.169909e+02 0
9.172520e+02 3
9.175132e+02 4
9.177743e+02 2
9.180354e+02 2
9.182965e+02 3
9.185577e+02 0
9.188188e+02 2
9.190799e+02 0
9.193411e+02 0
9.196022e+02 0
9.198634e+02 0
9.201245e+02 2
9.203857e+02 1
9.206468e+02 1
9.209080e+02 3
9.211691e+02 3
9.214303e+02 0
9.216915e+02 2
9.219526e+02 1
9.222138e+02 4
9.224750e+02 2
9.227361e+02 0
9.229973e+02 2
9.232585e+02 1
9.235197e+02 0
9.237809e+02 1
9.240420e+02 3
9.243032e+02 1
9.245644e+02 4
9.248256e+02 2
9.250868e+02 0
9.253480e+02 1
9.256092e+02 2
9.258704e+02 1
9.261316e+02 4
9.263928e+02 2
9.266541e+02 1
9.269153e+02 1
9.271765e+02 3
9.274377e+02 1
9.276989e+02 1
9.279602e+02 3
9.282214e+02 0
9.284826e+02 1
9.287439e+02 3
9.290051e+02 6
9.292663e+02 2
9.295276e+02 5
9.297888e+02 0
9.300501e+02 1
9.303113e+02 4
9.305726e+02 0
9.308338e+02 1
9.310951e+02 1
9.313564e+02 0
9.316176e+02 2
9.318789e+02 0
9.321402e+02 3
9.324014e+02 1
9.326627e+02 0
9.329240e+02 3
9.331853e+02 2
9.334465e+02 1
9.337078e+02 2
9.339691e+02 0
9.342304e+02 3
9.344917e+02 3
9.347530e+02 0
9.350143e+02 0
9.352756e+02 4
9.355369e+02 3
9.357982e+02 3
9.360595e+02 1
9.363208e+02 1
9.365821e+02 3
9.368435e+02 2
9.371048e+02 3
9.373661e+02 3
9.376274e+02 4
9.378888e+02 2
9.381501e+02 1
9.384114e+02 1
9.386728e+02 1
9.389341e+02 4
9.391954e+02 2
9.394568e+02 2
9.397181e+02 0
9.399795e+02 1
9.402408e+02 2
9.405022e+02 0
9.407635e+02 1
9.410249e+02 2
9.412863e+02 2
9.415476e+02 1
9.418090e+02 1
9.420704e+02 3
9.423317e+02 0
9.425931e+02 1
9.428545e+02 2
9.431159e+02 0
9.433773e+02 3
9.436386e+02 2
9.439000e+02 1
9.441614e+02 0
9.444228e+02 2
9.446842e+02 2
9.449456e+02 1
9.452070e+02 2
9.454684e+02 1
9.457298e+02 0
9.459912e+02 2
9.462526e+02 2
9.465141e+02 1
9.467755e+02 1
9.470369e+02 2
9.472983e+02 0
9.475597e+02 1
9.478212e+02 4
9.480826e+02 0
9.483440e+02 1
9.486055e+02 1
9.488669e+02 1
9.491284e+02 2
9.493898e+02 2
9.496512e+02 0
9.499127e+02 1
9.501742e+02 3
9.504356e+02 0
9.506971e+02 3
9.509585e+02 1
9.512200e+02 2
9.514815e+02 2
9.517429e+02 1
9.520044e+02 2
9.522659e+02 3
9.525273e+02 1
9.527888e+02 3
9.530503e+02 1
9.533118e+02 1
9.535733e+02 1
9.538348e+02 1
9.540963e+02 2
9.543578e+02 4
9.546192e+02 1
9.548807e+02 3
9.551423e+02 0
9.554038e+02 1
9.556653e+02 2
9.559268e+02 2
9.561883e+02 3
9.564498e+02 2
9.567113e+02 2
9.569728e+02 5
9.572344e+02 5
9.574959e+02 0
9.577574e+02 1
9.580190e+02 1
9.582805e+02 0
9.585420e+02 1
9.588036e+02 2
9.590651e+02 3
9.593267e+02 2
9.595882e+02 2
9.598498e+02 0
9.601113e+02 2
9.603729e+02 2
9.606344e+02 0
9.608960e+02 3
9.611576e+02 1
9.614191e+02 1
9.616807e+02 2
9.619423e+02 1
9.622038e+02 2
9.624654e+02 1
9.627270e+02 3
9.629886e+02 0
9.632502e+02 0
9.635117e+02 2
9.637733e+02 2
9.640349e+02 2
9.642965e+02 3
9.645581e+02 1
9.648197e+02 1
9.650813e+02 0
9.653429e+02 2
9.656045e+02 0
9.658662e+02 2
9.661278e+02 1
9.663894e+02 1
9.666510e+02 1
9.669126e+02 3
9.671743e+02 2
9.674359e+02 0
9.676975e+02 1
9.679591e+02 7
9.682208e+02 3
9.684824e+02 1
9.687441e+02 1
9.690057e+02 1
9.692673e+02 3
9.695290e+02 1
9.697906e+02 1
9.700523e+02 1
9.703140e+02 2
9.705756e+02 1
9.708373e+02 0
9.710989e+02 3
9.713606e+02 1
9.716223e+02 1
9.718840e+02 3
9.721456e+02 5
9.724073e+02 4
9.726690e+02 2
9.729307e+02 1
9.731924e+02 4
9.734540e+02 2
9.737157e+02 2
9.739774e+02 1
9.742391e+02 1
9.745008e+02 0
9.747625e+02 1
9.750242e+02 3
9.752859e+02 0
9.755477e+02 1
9.758094e+02 1
9.760711e+02 1
9.763328e+02 3
9.765945e+02 2
9.768562e+02 1
9.771180e+02 3
9.773797e+02 1
9.776414e+02 5
9.779032e+02 0
9.781649e+02 2
9.784266e+02 1
9.786884e+02 2
9.789501e+02 2
9.792119e+02 3
9.794736e+02 0
9.797354e+02 1
9.799971e+02 1
9.802589e+02 1
9.805206e+02 2
9.807824e+02 1
9.810442e+02 0
9.813059e+02 2
9.815677e+02 0
9.818295e+02 1
9.820913e+02 4
9.823530e+02 0
9.826148e+02 1
9.828766e+02 4
9.831384e+02 1
9.834002e+02 2
9.836620e+02 1
9.839238e+02 0
9.841856e+02 1
9.844474e+02 0
9.847092e+02 0
9.849710e+02 2
9.852328e+02 2
9.854946e+02 1
9.857564e+02 1
9.860182e+02 4
9.862800e+02 0
9.865419e+02 1
9.868037e+02 2
9.870655e+02 3
9.873273e+02 2
9.875892e+02 2
9.878510e+02 0
9.881128e+02 0
9.883747e+02 0
9.886365e+02 1
9.888984e+02 3
9.891602e+02 0
9.894221e+02 1
9.896839e+02 2
9.899458e+02 1
9.902076e+02 3
9.904695e+02 1
9.907314e+02 2
9.909932e+02 1
9.912551e+02 1
9.915170e+02 1
9.917788e+02 1
9.920407e+02 0
9.923026e+02 0
9.925645e+02 3
9.928264e+02 3
9.930883e+02 1
9.933502e+02 2
9.936120e+02 3
9.938739e+02 0
9.941358e+02 2
9.943977e+02 2
9.946596e+02 2
9.949215e+02 0
9.951835e+02 0
9.954454e+02 0
9.957073e+02 1
9.959692e+02 1
9.962311e+02 3
9.964930e+02 1
9.967550e+02 1
9.970169e+02 2
9.972788e+02 1
9.975408e+02 1
9.978027e+02 0
9.980646e+02 2
9.983266e+02 0
9.985885e+02 2
9.988505e+02 0
9.991124e+02 0
9.993744e+02 1
9.996363e+02 3
9.998983e+02 0
1.000160e+03 0
1.000422e+03 0
1.000684e+03 1
1.000946e+03 0
1.001208e+03 3
1.001470e+03 0
1.001732e+03 4
1.001994e+03 1
1.002256e+03 0
1.002518e+03 0
1.002780e+03 0
1.003042e+03 0
1.003304e+03 2
1.003566e+03 2
1.003828e+03 2
1.004090e+03 0
1.004352e+03 0
1.004614e+03 2
1.004876e+03 0
1.005138e+03 0
1.005400e+03 3
1.005662e+03 1
1.005924e+03 1
1.006186e+03 2
1.006448e+03 1
1.006710e+03 0
1.006972e+03 2
1.007234e+03 3
1.007496e+03 2
1.007758e+03 2
1.008020e+03 2
1.008282e+03 0
1.008544e+03 1
1.008806e+03 3
1.009068e+03 4
1.009330e+03 1
1.009593e+03 2
1.009855e+03 0
1.010117e+03 1
1.010379e+03 1
1.010641e+03 3
1.010903e+03 1
1.011165e+03 0
1.011427e+03 1
1.011689e+03 1
1.011951e+03 2
1.012213e+03 2
1.012475e+03 2
1.012737e+03 1
1.012999e+03 0
1.013262e+03 1
1.013524e+03 2
1.013786e+03 3
1.014048e+03 1
1.014310e+03 2
1.014572e+03 1
1.014834e+03 1
1.015096e+03 1
1.015358e+03 1
1.015621e+03 3
1.015883e+03 0
1.016145e+03 2
1.016407e+03 0
1.016669e+03 1
1.016931e+03 2
1.017193e+03 3
1.017455e+03 3
1.017718e+03 0
1.017980e+03 1
1.018242e+03 1
1.018504e+03 0
1.018766e+03 3
1.019028e+03 0
1.019290e+03 2
1.019553e+03 1
1.019815e+03 3
1.020077e+03 3
1.020339e+03 0
1.020601e+03 2
1.020863e+03 1
1.021126e+03 1
1.021388e+03 0
1.021650e+03 0
1.021912e+03 1
1.022174e+03 2
1.022436e+03 2
1.022699e+03 3
1.022961e+03 0
1.023223e+03 0
1.023485e+03 1
1.023747e+03 0
1.024010e+03 3
1.024272e+03 4
1.024534e+03 1
1.024796e+03 1
1.025058e+03 1
1.025321e+03 3
1.025583e+03 3
1.025845e+03 0
1.026107e+03 1
1.026370e+03 0
1.026632e+03 0
1.026894e+03 2
1.027156e+03 0
1.027418e+03 2
1.027681e+03 0
1.027943e+03 1
1.028205e+03 0
1.028467e+03 3
1.028730e+03 3
1.028992e+03 2
1.029254e+03 1
1.029516e+03 1
1.029779e+03 1
1.030041e+03 1
1.030303e+03 2
1.030566e+03 1
1.030828e+03 1
1.031090e+03 2
1.031352e+03 3
1.031615e+03 1
1.031877e+03 1
1.032139e+03 2
1.032401e+03 1
1.032664e+03 1
1.032926e+03 2
1.033188e+03 0
1.033451e+03 0
1.033713e+03 1
1.033975e+03 0
1.034238e+03 0
1.034500e+03 1
1.034762e+03 2
1.035024e+03 3
1.035287e+03 1
1.035549e+03 2
1.035811e+03 1
1.036074e+03 0
1.036336e+03 3
1.036598e+03 1
1.036861e+03 0
1.037123e+03 2
1.037385e+03 1
1.037648e+03 1
1.037910e+03 1
1.038172e+03 2
1.038435e+03 0
1.038697e+03 2
1.038959e+03 0
1.039222e+03 3
1.039484e+03 3
1.039747e+03 3
1.040009e+03 2
1.040271e+03 1
1.040534e+03 2
1.040796e+03 2
1.041058e+03 0
1.041321e+03 1
1.041583e+03 0
1.041846e+03 4
1.042108e+03 0
1.042370e+03 1
1.042633e+03 2
1.042895e+03 4
1.043157e+03 2
1.043420e+03 3
1.043682e+03 3
1.043945e+03 1
1.044207e+03 1
1.044469e+03 0
1.044732e+03 3
1.044994e+03 0
1.045257e+03 3
1.045519e+03 0
1.045782e+03 0
1.046044e+03 1
1.046306e+03 2
1.046569e+03 1
1.046831e+03 1
1.047094e+03 0
1.047356e+03 2
1.047619e+03 3
1.047881e+03 0
1.048143e+03 0
1.048406e+03 2
1.048668e+03 1
1.048931e+03 0
1.049193e+03 0
1.049456e+03 0
1.049718e+03 1
1.049981e+03 2
1.050243e+03 3
1.050506e+03 2
1.050768e+03 1
1.051031e+03 2
1.051293e+03 1
1.051556e+03 1
1.051818e+03 0
1.052080e+03 2
1.052343e+03 2
1.052605e+03 1
1.052868e+03 2
1.053130e+03 2
1.053393e+03 1
1.053655e+03 3
1.053918e+03 2
1.054180e+03 0
1.054443e+03 1
1.054705e+03 0
1.054968e+03 1
1.055231e+03 0
1.055493e+03 5
1.055756e+03 0
1.056018e+03 0
1.056281e+03 2
1.056543e+03 0
1.056806e+03 1
1.057068e+03 1
1.057331e+03 2
1.057593e+03 2
1.057856e+03 1
1.058118e+03 0
1.058381e+03 0
1.058643e+03 3
1.058906e+03 3
1.059169e+03 4
1.059431e+03 2
1.059694e+03 1
1.059956e+03 2
1.060219e+03 0
1.060481e+03 0
1.060744e+03 0
1.061007e+03 1
1.061269e+03 4
1.061532e+03 1
1.061794e+03 1
1.062057e+03 1
1.062319e+03 2
1.062582e+03 0
1.062845e+03 1
1.063107e+03 1
1.063370e+03 2
1.063632e+03 0
1.063895e+03 2
1.064158e+03 0
1.064420e+03 1
1.064683e+03 0
1.064945e+03 4
1.065208e+03 3
1.065471e+03 1
1.065733e+03 2
1.065996e+03 3
1.066259e+03 2
1.066521e+03 1
1.066784e+03 1
1.067047e+03 1
1.067309e+03 1
1.067572e+03 1
1.067834e+03 2
1.068097e+03 0
1.068360e+03 1
1.068622e+03 0
1.068885e+03 3
1.069148e+03 1
1.069410e+03 1
1.069673e+03 1
1.069936e+03 1
1.070198e+03 1
1.070461e+03 2
1.070724e+03 2
1.070986e+03 0
1.071249e+03 1
1.071512e+03 0
1.071774e+03 1
1.072037e+03 2
1.072300e+03 1
1.072562e+03 0
1.072825e+03 0
1.073088e+03 3
1.073351e+03 1
1.073613e+03 1
1.073876e+03 4
1.074139e+03 1
1.074401e+03 0
1.074664e+03 1
1.074927e+03 2
1.075190e+03 1
1.075452e+03 1
1.075715e+03 0
1.075978e+03 1
1.076240e+03 1
1.076503e+03 1
1.076766e+03 1
1.077029e+03 2
1.077291e+03 0
1.077554e+03 1
1.077817e+03 2
1.078080e+03 0
1.078342e+03 2
1.078605e+03 2
1.078868e+03 1
1.079131e+03 1
1.079393e+03 1
1.079656e+03 1
1.079919e+03 1
1.080182e+03 2
1.080444e+03 0
1.080707e+03 1
1.080970e+03 0
1.081233e+03 4
1.081496e+03 1
1.081758e+03 5
1.082021e+03 0
1.082284e+03 2
1.082547e+03 2
1.082810e+03 0
1.083072e+03 1
1.083335e+03 0
1.083598e+03 2
1.083861e+03 0
1.084124e+03 1
1.084386e+03 2
1.084649e+03 1
1.084912e+03 1
1.085175e+03 1
1.085438e+03 0
1.085700e+03 1
1.085963e+03 2
1.086226e+03 3
1.086489e+03 4
1.086752e+03 2
1.087015e+03 1
1.087277e+03 1
1.087540e+03 1
1.087803e+03 3
1.088066e+03 0
1.088329e+03 1
1.088592e+03 1
1.088855e+03 0
1.089117e+03 0
1.089380e+03 0
1.089643e+03 4
1.089906e+03 3
1.090169e+03 2
1.090432e+03 0
1.090695e+03 1
1.090958e+03 2
1.091220e+03 1
1.091483e+03 1
1.091746e+03 0
1.092009e+03 2
1.092272e+03 0
1.092535e+03 3
1.092798e+03 0
1.093061e+03 0
1.093324e+03 2
1.093586e+03 1
1.093849e+03 2
1.094112e+03 2
1.094375e+03 1
1.094638e+03 5
1.094901e+03 0
1.095164e+03 1
1.095427e+03 1
1.095690e+03 2
1.095953e+03 2
1.096216e+03 1
1.096479e+03 2
1.096741e+03 1
1.097004e+03 2
1.097267e+03 1
1.097530e+03 0
1.097793e+03 1
1.098056e+03 0
1.098319e+03 0
1.098582e+03 3
1.098845e+03 0
1.099108e+03 0
1.099371e+03 1
1.099634e+03 2
1.099897e+03 1
1.100160e+03 2
1.100423e+03 3
1.100686e+03 1
1.100949e+03 3
1.101212e+03 2
1.101475e+03 1
1.101738e+03 2
1.102001e+03 1
1.102264e+03 2
1.102527e+03 1
1.102790e+03 2
1.103053e+03 4
1.103316e+03 1
1.103579e+03 0
1.103842e+03 2
1.104105e+03 0
1.104368e+03 0
1.104631e+03 0
1.104894e+03 0
1.105157e+03 1
1.105420e+03 1
1.105683e+03 2
1.105946e+03 1
1.106209e+03 0
1.106472e+03 2
1.106735e+03 2
1.106998e+03 1
1.107261e+03 1
1.107524e+03 1
1.107787e+03 0
1.108050e+03 1
1.108313e+03 0
1.108576e+03 3
1.108839e+03 1
1.109102e+03 2
1.109366e+03 1
1.109629e+03 3
1.109892e+03 0
1.110155e+03 1
1.110418e+03 1
1.110681e+03 1
1.110944e+03 1
1.111207e+03 2
1.111470e+03 0
1.111733e+03 1
1.111996e+03 2
1.112259e+03 1
1.112523e+03 2
1.112786e+03 2
1.113049e+03 0
1.113312e+03 0
1.113575e+03 2
1.113838e+03 2
1.114101e+03 3
1.114364e+03 3
1.114627e+03 0
1.114890e+03 0
1.115154e+03 1
1.115417e+03 0
1.115680e+03 1
1.115943e+03 2
1.116206e+03 1
1.116469e+03 1
1.116732e+03 0
1.116996e+03 1
1.117259e+03 2
1.117522e+03 1
1.117785e+03 0
1.118048e+03 0
1.118311e+03 1
1.118574e+03 2
1.118838e+03 2
1.119101e+03 1
1.119364e+03 2
1.119627e+03 1
1.119890e+03 0
1.120153e+03 0
1.120417e+03 2
1.120680e+03 1
1.120943e+03 2
1.121206e+03 1
1.121469e+03 1
1.121733e+03 3
1.121996e+03 1
1.122259e+03 3
1.122522e+03 0
1.122785e+03 1
1.123048e+03 0
1.123312e+03 3
1.123575e+03 1
1.123838e+03 2
1.124101e+03 0
1.124365e+03 0
1.124628e+03 0
1.124891e+03 0
1.125154e+03 1
1.125417e+03 3
1.125681e+03 0
1.125944e+03 1
1.126207e+03 1
1.126470e+03 0
1.126734e+03 0
1.126997e+03 1
1.127260e+03 0
1.127523e+03 0
1.127787e+03 2
1.128050e+03 0
1.128313e+03 0
1.128576e+03 3
1.128840e+03 0
1.129103e+03 3
1.129366e+03 1
1.129629e+03 1
1.129893e+03 0
1.130156e+03 0
1.130419e+03 4
1.130682e+03 2
1.130946e+03 1
1.131209e+03 1
1.131472e+03 2
1.131736e+03 1
1.131999e+03 2
1.132262e+03 0
1.132526e+03 0
1.132789e+03 1
1.133052e+03 1
1.133315e+03 4
1.133579e+03 0
1.133842e+03 1
1.134105e+03 2
1.134369e+03 0
1.134632e+03 1
1.134895e+03 2
1.135159e+03 3
1.135422e+03 1
1.135685e+03 2
1.135949e+03 0
1.136212e+03 0
1.136475e+03 3
1.136739e+03 1
1.137002e+03 0
1.137265e+03 0
1.137529e+03 1
1.137792e+03 2
1.138055e+03 0
1.138319e+03 4
1.138582e+03 2
1.138845e+03 0
1.139109e+03 1
1.139372e+03 1
1.139636e+03 0
1.139899e+03 2
1.140162e+03 1
1.140426e+03 1
1.140689e+03 2
1.140952e+03 2
1.141216e+03 0
1.141479e+03 0
1.141743e+03 0
1.142006e+03 2
1.142269e+03 1
1.142533e+03 0
1.142796e+03 1
1.143060e+03 1
1.143323e+03 2
1.143586e+03 1
1.143850e+03 0
1.144113e+03 0
1.144377e+03 1
1.144640e+03 2
1.144903e+03 0
1.145167e+03 4
1.145430e+03 1
1.145694e+03 2
1.145957e+03 1
1.146221e+03 1
1.146484e+03 2
1.146748e+03 1
1.147011e+03 2
1.147274e+03 3
1.147538e+03 1
1.147801e+03 0
1.148065e+03 2
1.148328e+03 1
1.148592e+03 0
1.148855e+03 0
1.149119e+03 0
1.149382e+03 4
1.149646e+03 0
1.149909e+03 0
1.150172e+03 2
1.150436e+03 2
1.150699e+03 4
1.150963e+03 3
1.151226e+03 2
1.151490e+03 4
1.151753e+03 1
1.152017e+03 1
1.152280e+03 0
1.152544e+03 2
1.152807e+03 1
1.153071e+03 1
1.153334e+03 2
1.153598e+03 1
1.153861e+03 0
1.154125e+03 2
1.154388e+03 0
1.154652e+03 0
1.154915e+03 0
1.155179e+03 1
1.155443e+03 1
1.155706e+03 1
1.155970e+03 2
1.156233e+03 1
1.156497e+03 2
1.156760e+03 2
1.157024e+03 0
1.157287e+03 0
1.157551e+03 4
1.157814e+03 0
1.158078e+03 1
1.158342e+03 0
1.158605e+03 1
1.158869e+03 1
1.159132e+03 0
1.159396e+03 1
1.159659e+03 0
1.159923e+03 2
1.160186e+03 4
1.160450e+03 3
1.160714e+03 0
1.160977e+03 1
1.161241e+03 3
1.161504e+03 0
1.161768e+03 2
1.162032e+03 1
1.162295e+03 3
1.162559e+03 1
1.162822e+03 0
1.163086e+03 1
1.163350e+03 2
1.163613e+03 2
1.163877e+03 0
1.164140e+03 1
1.164404e+03 0
1.164668e+03 0
1.164931e+03 2
1.165195e+03 0
1.165459e+03 0
1.165722e+03 0
1.165986e+03 3
1.166249e+03 0
1.166513e+03 1
1.166777e+03 1
1.167040e+03 0
1.167304e+03 2
1.167568e+03 6
1.167831e+03 2
1.168095e+03 0
1.168359e+03 2
1.168622e+03 1
1.168886e+03 4
1.169150e+03 1
1.169413e+03 2
1.169677e+03 0
1.169941e+03 0
1.170204e+03 1
1.170468e+03 3
1.170732e+03 0
1.170995e+03 1
1.171259e+03 2
1.171523e+03 1
1.171786e+03 1
1.172050e+03 1
1.172314e+03 1
1.172578e+03 1
1.172841e+03 2
1.173105e+03 6
1.173369e+03 1
1.173632e+03 2
1.173896e+03 2
1.174160e+03 2
1.174424e+03 2
1.174687e+03 0
1.174951e+03 3
1.175215e+03 1
1.175478e+03 1
1.175742e+03 2
1.176006e+03 1
1.176270e+03 3
1.176533e+03 2
1.176797e+03 1
1.177061e+03 1
1.177325e+03 0
1.177588e+03 1
1.177852e+03 2
1.178116e+03 2
1.178380e+03 1
1.178643e+03 2
1.178907e+03 1
1.179171e+03 0
1.179435e+03 2
1.179698e+03 4
1.179962e+03 2
1.180226e+03 0
1.180490e+03 3
1.180754e+03 0
1.181017e+03 2
1.181281e+03 2
1.181545e+03 1
1.181809e+03 0
1.182073e+03 5
1.182336e+03 0
1.182600e+03 3
1.182864e+03 1
1.183128e+03 3
1.183392e+03 0
1.183655e+03 1
1.183919e+03 0
1.184183e+03 2
1.184447e+03 4
1.184711e+03 3
1.184974e+03 1
1.185238e+03 3
1.185502e+03 2
1.185766e+03 2
1.186030e+03 4
1.186294e+03 5
1.186557e+03 1
1.186821e+03 4
1.187085e+03 1
1.187349e+03 2
1.187613e+03 0
1.187877e+03 1
1.188141e+03 1
1.188404e+03 2
1.188668e+03 3
1.188932e+03 3
1.189196e+03 4
1.189460e+03 2
1.189724e+03 0
1.189988e+03 0
1.190252e+03 2
1.190515e+03 1
1.190779e+03 2
1.191043e+03 0
1.191307e+03 0
1.191571e+03 2
1.191835e+03 0
1.192099e+03 1
1.192363e+03 2
1.192627e+03 1
1.192890e+03 1
1.193154e+03 0
1.193418e+03 0
1.193682e+03 2
1.193946e+03 0
1.194210e+03 1
1.194474e+03 1
1.194738e+03 0
1.195002e+03 4
1.195266e+03 1
1.195530e+03 1
1.195794e+03 1
1.196058e+03 1
1.196321e+03 1
1.196585e+03 0
1.196849e+03 3
1.197113e+03 0
1.197377e+03 2
1.197641e+03 2
1.197905e+03 1
1.198169e+03 1
1.198433e+03 0
1.198697e+03 1
1.198961e+03 1
1.199225e+03 0
1.199489e+03 2
1.199753e+03 1
1.200017e+03 0
1.200281e+03 1
1.200545e+03 3
1.200809e+03 3
1.201073e+03 3
1.201337e+03 2
1.201601e+03 1
1.201865e+03 0
1.202129e+03 2
1.202393e+03 1
1.202657e+03 1
1.202921e+03 2
1.203185e+03 1
1.203449e+03 0
1.203713e+03 2
1.203977e+03 3
1.204241e+03 1
1.204505e+03 3
1.204769e+03 3
1.205033e+03 1
1.205297e+03 1
1.205561e+03 2
1.205825e+03 1
1.206089e+03 3
1.206353e+03 1
1.206617e+03 1
1.206881e+03 3
1.207145e+03 2
1.207409e+03 2
1.207673e+03 2
1.207937e+03 0
1.208201e+03 4
1.208466e+03 2
1.208730e+03 2
1.208994e+03 1
1.209258e+03 1
1.209522e+03 1
1.209786e+03 2
1.210050e+03 1
1.210314e+03 3
1.210578e+03 2
1.210842e+03 4
1.211106e+03 2
1.211370e+03 3
1.211634e+03 1
1.211899e+03 0
1.212163e+03 1
1.212427e+03 2
1.212691e+03 2
1.212955e+03 2
1.213219e+03 1
1.213483e+03 2
1.213747e+03 0
1.214011e+03 0
1.214276e+03 0
1.214540e+03 1
1.214804e+03 0
1.215068e+03 3
1.215332e+03 3
1.215596e+03 1
1.215860e+03 2
1.216124e+03 3
1.216389e+03 3
1.216653e+03 3
1.216917e+03 0
1.217181e+03 2
1.217445e+03 0
1.217709e+03 1
1.217974e+03 1
1.218238e+03 1
1.218502e+03 0
1.218766e+03 0
1.219030e+03 2
1.219294e+03 1
1.219558e+03 2
1.219823e+03 2
1.220087e+03 4
1.220351e+03 0
1.220615e+03 1
1.220879e+03 2
1.221144e+03 4
1.221408e+03 1
1.221672e+03 1
1.221936e+03 2
1.222200e+03 3
1.222465e+03 2
1.222729e+03 5
1.222993e+03 3
1.223257e+03 3
1.223521e+03 2
1.223786e+03 0
1.224050e+03 3
1.224314e+03 2
1.224578e+03 2
1.224843e+03 2
1.225107e+03 0
1.225371e+03 1
1.225635e+03 2
1.225899e+03 2
1.226164e+03 3
1.226428e+03 0
1.226692e+03 2
1.226956e+03 1
1.227221e+03 3
1.227485e+03 3
1.227749e+03 2
1.228013e+03 1
1.228278e+03 3
1.228542e+03 2
1.228806e+03 3
1.229070e+03 5
1.229335e+03 1
1.229599e+03 1
1.229863e+03 0
1.230128e+03 0
1.230392e+03 3
1.230656e+03 5
1.230920e+03 1
1.231185e+03 2
1.231449e+03 2
1.231713e+03 1
1.231978e+03 1
1.232242e+03 2
1.232506e+03 0
1.232771e+03 1
1.233035e+03 2
1.233299e+03 2
1.233563e+03 1
1.233828e+03 1
1.234092e+03 2
1.234356e+03 4
1.234621e+03 0
1.234885e+03 1
1.235149e+03 1
1.235414e+03 0
1.235678e+03 3
1.235942e+03 1
1.236207e+03 2
1.236471e+03 0
1.236735e+03 1
1.237000e+03 4
1.237264e+03 1
1.237528e+03 2
1.237793e+03 1
1.238057e+03 0
1.238322e+03 1
1.238586e+03 4
1.238850e+03 1
1.239115e+03 1
1.239379e+03 5
1.239643e+03 1
1.239908e+03 0
1.240172e+03 3
1.240437e+03 0
1.240701e+03 2
1.240965e+03 2
1.241230e+03 3
1.241494e+03 2
1.241758e+03 0
1.242023e+03 0
1.242287e+03 0
1.242552e+03 2
1.242816e+03 1
1.243081e+03 0
1.243345e+03 1
1.243609e+03 1
1.243874e+03 4
1.244138e+03 4
1.244403e+03 1
1.244667e+03 2
1.244931e+03 1
1.245196e+03 1
1.245460e+03 0
1.245725e+03 0
1.245989e+03 0
1.246254e+03 3
1.246518e+03 0
1.246783e+03 1
1.247047e+03 4
1.247311e+03 3
1.247576e+03 1
1.247840e+03 1
1.248105e+03 1
1.248369e+03 0
1.248634e+03 0
1.248898e+03 1
1.249163e+03 0
1.249427e+03 2
1.249692e+03 0
1.249956e+03 1
1.250221e+03 2
1.250485e+03 0
1.250750e+03 1
1.251014e+03 1
1.251279e+03 2
1.251543e+03 0
1.251808e+03 1
1.252072e+03 0
1.252337e+03 2
1.252601e+03 1
1.252866e+03 2
1.253130e+03 3
1.253395e+03 0
1.253659e+03 2
1.253924e+03 0
1.254188e+03 2
1.254453e+03 1
1.254717e+03 1
1.254982e+03 1
1.255246e+03 1
1.255511e+03 1
1.255775e+03 1
1.256040e+03 0
1.256304e+03 0
1.256569e+03 0
1.256833e+03 1
1.257098e+03 1
1.257363e+03 1
1.257627e+03 1
1.257892e+03 0
1.258156e+03 1
1.258421e+03 0
1.258685e+03 1
1.258950e+03 1
1.259214e+03 2
1.259479e+03 2
1.259744e+03 1
1.260008e+03 0
1.260273e+03 0
1.260537e+03 1
1.260802e+03 0
1.261067e+03 0
1.261331e+03 2
1.261596e+03 0
1.261860e+03 1
1.262125e+03 2
1.262390e+03 1
1.262654e+03 0
1.262919e+03 2
1.263183e+03 2
1.263448e+03 1
1.263713e+03 1
1.263977e+03 1
1.264242e+03 2
1.264506e+03 3
1.264771e+03 0
1.265036e+03 3
1.265300e+03 0
1.265565e+03 0
1.265830e+03 1
1.266094e+03 1
1.266359e+03 0
1.266624e+03 1
1.266888e+03 1
1.267153e+03 2
1.267418e+03 2
1.267682e+03 2
1.267947e+03 0
1.268211e+03 0
1.268476e+03 1
1.268741e+03 3
1.269005e+03 2
1.269270e+03 0
1.269535e+03 0
1.269800e+03 0
1.270064e+03 0
1.270329e+03 0
1.270594e+03 1
1.270858e+03 0
1.271123e+03 2
1.271388e+03 1
1.271652e+03 1
1.271917e+03 0
1.272182e+03 0
1.272446e+03 2
1.272711e+03 1
1.272976e+03 0
1.273241e+03 1
1.273505e+03 1
1.273770e+03 0
1.274035e+03 1
1.274299e+03 0
1.274564e+03 1
1.274829e+03 4
1.275094e+03 1
1.275358e+03 0
1.275623e+03 1
1.275888e+03 0
1.276153e+03 2
1.276417e+03 0
1.276682e+03 0
1.276947e+03 1
1.277212e+03 0
1.277476e+03 2
1.277741e+03 0
1.278006e+03 0
1.278271e+03 0
1.278535e+03 0
1.278800e+03 2
1.279065e+03 0
1.279330e+03 1
1.279594e+03 0
1.279859e+03 2
1.280124e+03 0
1.280389e+03 0
1.280654e+03 0
1.280918e+03 0
1.281183e+03 0
1.281448e+03 1
1.281713e+03 0
1.281978e+03 0
1.282242e+03 1
1.282507e+03 1
1.282772e+03 0
1.283037e+03 0
1.283302e+03 1
1.283566e+03 0
1.283831e+03 0
1.284096e+03 0
1.284361e+03 2
1.284626e+03 0
1.284890e+03 1
1.285155e+03 0
1.285420e+03 0
1.285685e+03 0
1.285950e+03 1
1.286215e+03 0
1.286480e+03 0
1.286744e+03 0
1.287009e+03 1
1.287274e+03 1
1.287539e+03 1
1.287804e+03 0
1.288069e+03 0
1.288334e+03 0
1.288598e+03 0
1.288863e+03 0
1.289128e+03 1
1.289393e+03 0
1.289658e+03 0
1.289923e+03 0
1.290188e+03 0
1.290453e+03 2
1.290717e+03 1
1.290982e+03 0
1.291247e+03 1
1.291512e+03 0
1.291777e+03 1
1.292042e+03 0
1.292307e+03 1
1.292572e+03 1
1.292837e+03 0
1.293101e+03 1
1.293366e+03 1
1.293631e+03 0
1.293896e+03 1
1.294161e+03 0
1.294426e+03 0
1.294691e+03 0
1.294956e+03 0
1.295221e+03 0
1.295486e+03 1
1.295751e+03 0
1.296016e+03 1
1.296281e+03 0
1.296546e+03 1
1.296811e+03 0
1.297075e+03 0
1.297340e+03 1
1.297605e+03 0
1.297870e+03 0
1.298135e+03 0
1.298400e+03 1
1.298665e+03 0
1.298930e+03 0
1.299195e+03 0
1.299460e+03 0
1.299725e+03 0
1.299990e+03 0
1.300255e+03 0
1.300520e+03 0
1.300785e+03 0
1.301050e+03 0
1.301315e+03 1
1.301580e+03 1
1.301845e+03 0
1.302110e+03 0
1.302375e+03 1
1.302640e+03 0
1.302905e+03 1
1.303170e+03 1
1.303435e+03 0
1.303700e+03 0
1.303965e+03 0
1.304230e+03 0
1.304495e+03 1
1.304760e+03 0
1.305025e+03 0
1.305290e+03 0
1.305555e+03 0
1.305820e+03 0
1.306085e+03 0
1.306350e+03 0
1.306615e+03 1
1.306881e+03 0
1.307146e+03 0
1.307411e+03 0
1.307676e+03 1
1.307941e+03 0
1.308206e+03 1
1.308471e+03 0
1.308736e+03 1
1.309001e+03 0
1.309266e+03 1
1.309531e+03 0
1.309796e+03 0
1.310061e+03 1
1.310326e+03 0
1.310591e+03 0
1.310857e+03 0
1.311122e+03 0
1.311387e+03 1
1.311652e+03 0
1.311917e+03 0
1.312182e+03 0
1.312447e+03 0
1.312712e+03 0
1.312977e+03 0
1.313242e+03 0
1.313508e+03 0
1.313773e+03 0
1.314038e+03 1
1.314303e+03 0
1.314568e+03 1
1.314833e+03 0
1.315098e+03 0
1.315363e+03 0
1.315629e+03 0
1.315894e+03 0
1.316159e+03 1
1.316424e+03 0
1.316689e+03 0
1.316954e+03 0
1.317219e+03 0
1.317485e+03 0
1.317750e+03 0
1.318015e+03 0
1.318280e+03 0
1.318545e+03 0
1.318810e+03 0
1.319076e+03 0
1.319341e+03 0
1.319606e+03 0
1.319871e+03 0
1.320136e+03 0
1.320402e+03 0
1.320667e+03 0
1.320932e+03 0
1.321197e+03 0
1.321462e+03 0
1.321727e+03 0
1.321993e+03 0
1.322258e+03 0
1.322523e+03 0
1.322788e+03 0
1.323054e+03 0
1.323319e+03 0
1.323584e+03 0
1.323849e+03 0
1.324114e+03 1
1.324380e+03 1
1.324645e+03 0
1.324910e+03 0
1.325175e+03 0
1.325441e+03 1
1.325706e+03 0
1.325971e+03 1
1.326236e+03 1
1.326501e+03 0
1.326767e+03 0
1.327032e+03 0
1.327297e+03 0
1.327562e+03 0
1.327828e+03 0
1.328093e+03 0
1.328358e+03 0
1.328624e+03 0
1.328889e+03 0
1.329154e+03 0
1.329419e+03 0
1.329685e+03 0
1.329950e+03 0
1.330215e+03 0
1.330480e+03 0
1.330746e+03 2
1.331011e+03 0
1.331276e+03 0
1.331542e+03 0
1.331807e+03 0
1.332072e+03 0
1.332338e+03 0
1.332603e+03 0
1.332868e+03 0
1.333133e+03 0
1.333399e+03 1
1.333664e+03 1
1.333929e+03 0
1.334195e+03 0
1.334460e+03 0
1.334725e+03 0
1.334991e+03 0
1.335256e+03 0
1.335521e+03 0
1.335787e+03 0
1.336052e+03 0
1.336317e+03 0
1.336583e+03 0
1.336848e+03 0
1.337113e+03 1
1.337379e+03 1
1.337644e+03 0
1.337910e+03 0
1.338175e+03 0
1.338440e+03 0
1.338706e+03 0
1.338971e+03 0
1.339236e+03 0
1.339502e+03 0
1.339767e+03 0
1.340033e+03 1
1.340298e+03 0
1.340563e+03 0
1.340829e+03 0
1.341094e+03 0
1.341359e+03 0
1.341625e+03 0
1.341890e+03 0
1.342156e+03 0
1.342421e+03 0
1.342686e+03 0
1.342952e+03 0
1.343217e+03 0
1.343483e+03 0
1.343748e+03 0
1.344014e+03 0
1.344279e+03 0
1.344544e+03 0
1.344810e+03 1
1.345075e+03 0
1.345341e+03 0
1.345606e+03 0
1.345872e+03 0
1.346137e+03 0
1.346402e+03 0
1.346668e+03 0
1.346933e+03 0
1.347199e+03 0
1.347464e+03 0
1.347730e+03 0
1.347995e+03 0
1.348261e+03 0
1.348526e+03 0
1.348792e+03 0
1.349057e+03 0
1.349322e+03 0
1.349588e+03 0
1.349853e+03 0
1.350119e+03 0
1.350384e+03 0
1.350650e+03 0
1.350915e+03 0
1.351181e+03 0
1.351446e+03 0
1.351712e+03 0
1.351977e+03 0
1.352243e+03 0
1.352508e+03 0
1.352774e+03 0
1.353039e+03 0
1.353305e+03 0
1.353570e+03 0
1.353836e+03 0
1.354101e+03 0
1.354367e+03 0
1.354633e+03 0
1.354898e+03 0
1.355164e+03 0
1.355429e+03 1
1.355695e+03 0
1.355960e+03 0
1.356226e+03 0
1.356491e+03 0
1.356757e+03 0
1.357022e+03 0
1.357288e+03 0
1.357553e+03 0
1.357819e+03 0
1.358085e+03 0
1.358350e+03 0
1.358616e+03 0
1.358881e+03 0
1.359147e+03 0
1.359412e+03 0
1.359678e+03 0
1.359944e+03 0
1.360209e+03 0
1.360475e+03 0
1.360740e+03 0
1.361006e+03 0
1.361272e+03 0
1.361537e+03 0
1.361803e+03 1
1.362068e+03 0
1.362334e+03 0
1.362600e+03 1
1.362865e+03 0
1.363131e+03 0
1.363396e+03 0
1.363662e+03 0
1.363928e+03 0
1.364193e+03 0
1.364459e+03 0
1.364724e+03 0
1.364990e+03 0
1.365256e+03 0
1.365521e+03 0
1.365787e+03 0
1.366053e+03 0
1.366318e+03 0
1.366584e+03 1
1.366850e+03 0
1.367115e+03 0
1.367381e+03 0
1.367647e+03 0
1.367912e+03 0
1.368178e+03 0
1.368444e+03 1
1.368709e+03 0
1.368975e+03 0
1.369241e+03 0
1.369506e+03 0
1.369772e+03 0
1.370038e+03 0
1.370303e+03 0
1.370569e+03 0
1.370835e+03 0
1.371100e+03 1
1.371366e+03 0
1.371632e+03 0
1.371897e+03 0
1.372163e+03 0
1.372429e+03 0
1.372695e+03 0
1.372960e+03 0
1.373226e+03 1
1.373492e+03 0
1.373757e+03 0
1.374023e+03 0
1.374289e+03 0
1.374555e+03 0
1.374820e+03 0
1.375086e+03 0
1.375352e+03 0
1.375618e+03 0
1.375883e+03 1
1.376149e+03 0
1.376415e+03 0
1.376680e+03 0
1.376946e+03 0
1.377212e+03 0
1.377478e+03 0
1.377743e+03 0
1.378009e+03 0
1.378275e+03 0
1.378541e+03 0
1.378807e+03 0
1.379072e+03 0
1.379338e+03 0
1.379604e+03 0
1.379870e+03 0
1.380135e+03 0
1.380401e+03 0
1.380667e+03 0
1.380933e+03 0
1.381199e+03 0
1.381464e+03 0
1.381730e+03 0
1.381996e+03 0
1.382262e+03 0
1.382528e+03 0
1.382793e+03 1
1.383059e+03 0
1.383325e+03 0
1.383591e+03 0
1.383857e+03 0
1.384122e+03 0
1.384388e+03 0
1.384654e+03 0
1.384920e+03 0
1.385186e+03 0
1.385452e+03 0
1.385717e+03 0
1.385983e+03 0
1.386249e+03 0
1.386515e+03 0
1.386781e+03 0
1.387047e+03 0
1.387313e+03 0
1.387578e+03 0
1.387844e+03 0
1.388110e+03 0
1.388376e+03 0
1.388642e+03 0
1.388908e+03 0
1.389174e+03 0
1.389439e+03 0
1.389705e+03 0
1.389971e+03 0
1.390237e+03 0
1.390503e+03 0
1.390769e+03 0
1.391035e+03 0
1.391301e+03 0
1.391567e+03 0
1.391832e+03 0
1.392098e+03 0
1.392364e+03 0
1.392630e+03 0
1.392896e+03 0
1.393162e+03 0
1.393428e+03 0
1.393694e+03 0
1.393960e+03 0
1.394226e+03 0
1.394492e+03 0
1.394757e+03 0
1.395023e+03 0
1.395289e+03 0
1.395555e+03 0
1.395821e+03 0
1.396087e+03 0
1.396353e+03 0
1.396619e+03 0
1.396885e+03 0
1.397151e+03 0
1.397417e+03 0
1.397683e+03 0
1.397949e+03 0
1.398215e+03 0
1.398481e+03 0
1.398747e+03 0
1.399013e+03 0
1.399279e+03 0
1.399545e+03 0
1.399811e+03 0
1.400077e+03 0
1.400343e+03 0
1.400609e+03 0
1.400875e+03 0
1.401141e+03 0
1.401407e+03 0
1.401673e+03 0
1.401939e+03 0
1.402205e+03 0
1.402471e+03 0
1.402737e+03 0
1.403003e+03 0
1.403269e+03 0
1.403535e+03 0
1.403801e+03 0
1.404067e+03 0
1.404333e+03 0
1.404599e+03 0
1.404865e+03 0
1.405131e+03 0
1.405397e+03 0
1.405663e+03 0
1.405929e+03 0
1.406195e+03 0
1.406461e+03 0
1.406727e+03 0
1.406993e+03 0
1.407259e+03 0
1.407525e+03 0
1.407791e+03 0
1.408057e+03 0
1.408323e+03 0
1.408589e+03 0
1.408855e+03 0
1.409121e+03 0
1.409388e+03 0
1.409654e+03 0
1.409920e+03 0
1.410186e+03 0
1.410452e+03 0
1.410718e+03 0
1.410984e+03 0
1.411250e+03 0
1.411516e+03 0
1.411782e+03 0
1.412048e+03 0
1.412315e+03 0
1.412581e+03 0
1.412847e+03 0
1.413113e+03 0
1.413379e+03 0
1.413645e+03 0
1.413911e+03 0
1.414177e+03 0
1.414443e+03 0
1.414710e+03 0
1.414976e+03 0
1.415242e+03 0
1.415508e+03 0
1.415774e+03 0
1.416040e+03 0
1.416306e+03 0
1.416573e+03 0
1.416839e+03 0
1.417105e+03 0
1.417371e+03 0
1.417637e+03 0
1.417903e+03 0
1.418169e+03 0
1.418436e+03 0
1.418702e+03 0
1.418968e+03 0
1.419234e+03 0
1.419500e+03 0
1.419766e+03 0
1.420033e+03 0
1.420299e+03 0
1.420565e+03 0
1.420831e+03 0
1.421097e+03 0
1.421364e+03 0
1.421630e+03 0
1.421896e+03 0
1.422162e+03 0
1.422428e+03 0
1.422695e+03 0
1.422961e+03 0
1.423227e+03 0
1.423493e+03 1
1.423759e+03 0
1.424026e+03 0
1.424292e+03 0
1.424558e+03 0
1.424824e+03 0
1.425091e+03 0
1.425357e+03 0
1.425623e+03 0
1.425889e+03 0
1.426156e+03 0
1.426422e+03 0
1.426688e+03 0
1.426954e+03 0
1.427221e+03 0
1.427487e+03 0
1.427753e+03 0
1.428019e+03 0
1.428286e+03 0
1.428552e+03 0
1.428818e+03 0
1.429084e+03 0
1.429351e+03 0
1.429617e+03 0
1.429883e+03 0
1.430149e+03 0
1.430416e+03 0
1.430682e+03 0
1.430948e+03 0
1.431215e+03 0
1.431481e+03 0
1.431747e+03 0
1.432013e+03 0
1.432280e+03 0
1.432546e+03 0
1.432812e+03 0
1.433079e+03 0
1.433345e+03 0
1.433611e+03 0
1.433878e+03 0
1.434144e+03 0
1.434410e+03 0
1.434677e+03 0
1.434943e+03 0
1.435209e+03 0
1.435476e+03 0
1.435742e+03 0
1.436008e+03 0
1.436275e+03 0
1.436541e+03 0
1.436807e+03 0
1.437074e+03 0
1.437340e+03 1
1.437606e+03 0
1.437873e+03 0
1.438139e+03 0
1.438405e+03 0
1.438672e+03 0
1.438938e+03 0
1.439205e+03 0
1.439471e+03 0
1.439737e+03 0
1.440004e+03 0
1.440270e+03 0
1.440536e+03 0
1.440803e+03 0
1.441069e+03 0
1.441336e+03 0
1.441602e+03 0
1.441868e+03 0
1.442135e+03 0
1.442401e+03 0
1.442668e+03 0
1.442934e+03 0
1.443200e+03 0
1.443467e+03 0
1.443733e+03 0
1.444000e+03 0
1.444266e+03 0
1.444533e+03 0
1.444799e+03 0
1.445065e+03 0
1.445332e+03 0
1.445598e+03 0
1.445865e+03 0
1.446131e+03 0
1.446398e+03 0
1.446664e+03 0
1.446930e+03 0
1.447197e+03 0
1.447463e+03 0
1.447730e+03 0
1.447996e+03 0
1.448263e+03 0
1.448529e+03 0
1.448796e+03 0
1.449062e+03 0
1.449329e+03 0
1.449595e+03 0
1.449862e+03 0
1.450128e+03 0
1.450395e+03 0
1.450661e+03 0
1.450927e+03 0
1.451194e+03 0
1.451460e+03 0
1.451727e+03 0
1.451993e+03 0
1.452260e+03 0
1.452526e+03 0
1.452793e+03 0
1.453059e+03 0
1.453326e+03 0
1.453593e+03 0
1.453859e+03 0
1.454126e+03 0
1.454392e+03 0
1.454659e+03 0
1.454925e+03 0
1.455192e+03 0
1.455458e+03 0
1.455725e+03 0
1.455991e+03 0
1.456258e+03 0
1.456524e+03 1
1.456791e+03 0
1.457057e+03 0
1.457324e+03 0
1.457591e+03 0
1.457857e+03 0
1.458124e+03 0
1.458390e+03 0
1.458657e+03 1
1.458923e+03 0
1.459190e+03 0
1.459456e+03 0
1.459723e+03 0
1.459990e+03 0
1.460256e+03 0
1.460523e+03 0
1.460789e+03 0
1.461056e+03 0
1.461323e+03 0
1.461589e+03 0
1.461856e+03 0
1.462122e+03 0
1.462389e+03 0
1.462656e+03 0
1.462922e+03 0
1.463189e+03 0
1.463455e+03 0
1.463722e+03 0
1.463989e+03 0
1.464255e+03 0
1.464522e+03 0
1.464788e+03 0
1.465055e+03 0
1.465322e+03 0
1.465588e+03 0
1.465855e+03 0
1.466122e+03 0
1.466388e+03 0
1.466655e+03 0
1.466922e+03 0
1.467188e+03 0
1.467455e+03 0
1.467722e+03 0
1.467988e+03 0
1.468255e+03 0
1.468522e+03 0
1.468788e+03 0
1.469055e+03 0
1.469322e+03 0
1.469588e+03 0
1.469855e+03 0
1.470122e+03 0
1.470388e+03 0
1.470655e+03 0
1.470922e+03 0
1.471188e+03 0
1.471455e+03 0
1.471722e+03 0
1.471988e+03 0
1.472255e+03 0
1.472522e+03 0
1.472788e+03 0
1.473055e+03 0
1.473322e+03 0
1.473589e+03 0
1.473855e+03 0
1.474122e+03 0
1.474389e+03 0
1.474655e+03 0
1.474922e+03 0
1.475189e+03 0
1.475456e+03 0
1.475722e+03 0
1.475989e+03 0
1.476256e+03 0
1.476523e+03 0
1.476789e+03 0
1.477056e+03 0
1.477323e+03 0
1.477590e+03 0
1.477856e+03 0
1.478123e+03 0
1.478390e+03 0
1.478657e+03 0
1.478923e+03 0
1.479190e+03 0
1.479457e+03 0
1.479724e+03 0
1.479991e+03 0
1.480257e+03 0
1.480524e+03 0
1.480791e+03 0
1.481058e+03 0
1.481324e+03 0
1.481591e+03 0
1.481858e+03 0
1.482125e+03 0
1.482392e+03 0
1.482658e+03 0
1.482925e+03 0
1.483192e+03 0
1.483459e+03 0
1.483726e+03 0
1.483992e+03 0
1.484259e+03 0
1.484526e+03 0
1.484793e+03 0
1.485060e+03 0
1.485327e+03 0
1.485593e+03 0
1.485860e+03 0
1.486127e+03 0
1.486394e+03 0
1.486661e+03 0
1.486928e+03 0
1.487194e+03 1
1.487461e+03 0
1.487728e+03 0
1.487995e+03 0
1.488262e+03 0
1.488529e+03 0
1.488796e+03 0
1.489063e+03 0
1.489329e+03 0
1.489596e+03 0
1.489863e+03 0
1.490130e+03 0
1.490397e+03 0
1.490664e+03 0
1.490931e+03 0
1.491198e+03 0
1.491464e+03 0
1.491731e+03 0
1.491998e+03 0
1.492265e+03 0
1.492532e+03 0
1.492799e+03 0
1.493066e+03 0
1.493333e+03 0
1.493600e+03 0
1.493867e+03 0
1.494133e+03 0
1.494400e+03 1
1.494667e+03 0
1.494934e+03 0
1.495201e+03 0
1.495468e+03 0
1.495735e+03 0
1.496002e+03 0
1.496269e+03 0
1.496536e+03 0
1.496803e+03 0
1.497070e+03 0
1.497337e+03 0
1.497604e+03 0
1.497871e+03 0
1.498138e+03 0
1.498405e+03 0
1.498671e+03 0
1.498938e+03 0
1.499205e+03 0
1.499472e+03 0
1.499739e+03 1
1.500006e+03 0
1.500273e+03 0
1.500540e+03 0
1.500807e+03 0
1.501074e+03 0
1.501341e+03 0
1.501608e+03 0
1.501875e+03 0
1.502142e+03 0
1.502409e+03 0
1.502676e+03 0
1.502943e+03 0
1.503210e+03 0
1.503477e+03 0
1.503744e+03 0
1.504011e+03 0
1.504278e+03 0
1.504545e+03 0
1.504812e+03 0
1.505079e+03 0
1.505346e+03 0
1.505613e+03 0
1.505880e+03 0
1.506148e+03 0
1.506415e+03 0
1.506682e+03 0
1.506949e+03 0
1.507216e+03 0
1.507483e+03 0
1.507750e+03 0
1.508017e+03 0
1.508284e+03 0
1.508551e+03 0
1.508818e+03 0
1.509085e+03 0
1.509352e+03 0
1.509619e+03 0
1.509886e+03 0
1.510153e+03 0
1.510420e+03 0
1.510688e+03 0
1.510955e+03 0
1.511222e+03 0
1.511489e+03 0
1.511756e+03 0
1.512023e+03 0
1.512290e+03 0
1.512557e+03 0
1.512824e+03 0
1.513091e+03 0
1.513358e+03 0
1.513626e+03 0
1.513893e+03 0
1.514160e+03 0
1.514427e+03 0
1.514694e+03 0
1.514961e+03 0
1.515228e+03 0
1.515495e+03 0
1.515763e+03 0
1.516030e+03 0
1.516297e+03 0
1.516564e+03 0
1.516831e+03 0
1.517098e+03 0
1.517365e+03 0
1.517633e+03 0
1.517900e+03 0
1.518167e+03 0
1.518434e+03 0
1.518701e+03 0
1.518968e+03 0
1.519236e+03 0
1.519503e+03 0
1.519770e+03 0
1.520037e+03 0
1.520304e+03 1
1.520571e+03 0
1.520839e+03 0
1.521106e+03 0
1.521373e+03 0
1.521640e+03 0
1.521907e+03 0
1.522175e+03 0
1.522442e+03 0
1.522709e+03 0
1.522976e+03 0
1.523243e+03 0
1.523511e+03 0
1.523778e+03 0
1.524045e+03 0
1.524312e+03 0
1.524579e+03 0
1.524847e+03 0
1.525114e+03 0
1.525381e+03 0
1.525648e+03 0
1.525916e+03 0
1.526183e+03 0
1.526450e+03 0
1.526717e+03 0
1.526985e+03 0
1.527252e+03 0
1.527519e+03 0
1.527786e+03 0
1.528054e+03 0
1.528321e+03 0
1.528588e+03 0
1.528855e+03 0
1.529123e+03 0
1.529390e+03 0
1.529657e+03 0
1.529924e+03 0
1.530192e+03 0
1.530459e+03 0
1.530726e+03 0
1.530994e+03 0
1.531261e+03 0
1.531528e+03 1
1.531795e+03 0
1.532063e+03 0
1.532330e+03 0
1.532597e+03 0
1.532865e+03 0
1.533132e+03 0
1.533399e+03 0
1.533666e+03 0
1.533934e+03 0
1.534201e+03 0
1.534468e+03 0
1.534736e+03 0
1.535003e+03 0
1.535270e+03 0
1.535538e+03 0
1.535805e+03 0
1.536072e+03 0
1.536340e+03 0
1.536607e+03 0
1.536874e+03 0
1.537142e+03 0
1.537409e+03 0
1.537676e+03 0
1.537944e+03 0
1.538211e+03 0
1.538479e+03 0
1.538746e+03 0
1.539013e+03 0
1.539281e+03 0
1.539548e+03 0
1.539815e+03 0
1.540083e+03 0
1.540350e+03 0
1.540617e+03 0
1.540885e+03 0
1.541152e+03 0
1.541420e+03 0
1.541687e+03 0
1.541954e+03 0
1.542222e+03 0
1.542489e+03 0
1.542757e+03 0
1.543024e+03 0
1.543291e+03 0
1.543559e+03 0
1.543826e+03 0
1.544094e+03 0
1.544361e+03 0
1.544628e+03 0
1.544896e+03 0
1.545163e+03 0
1.545431e+03 0
1.545698e+03 0
1.545966e+03 0
1.546233e+03 0
1.546501e+03 0
1.546768e+03 0
1.547035e+03 0
1.547303e+03 0
1.547570e+03 0
1.547838e+03 0
1.548105e+03 0
1.548373e+03 0
1.548640e+03 0
1.548908e+03 0
1.549175e+03 0
1.549442e+03 0
1.549710e+03 0
1.549977e+03 0
1.550245e+03 0
1.550512e+03 0
1.550780e+03 0
1.551047e+03 0
1.551315e+03 0
1.551582e+03 0
1.551850e+03 0
1.552117e+03 0
1.552385e+03 0
1.552652e+03 0
1.552920e+03 0
1.553187e+03 0
1.553455e+03 0
1.553722e+03 0
1.553990e+03 0
1.554257e+03 0
1.554525e+03 0
1.554792e+03 0
1.555060e+03 0
1.555327e+03 0
1.555595e+03 0
1.555862e+03 0
1.556130e+03 0
1.556398e+03 0
1.556665e+03 0
1.556933e+03 0
1.557200e+03 0
1.557468e+03 0
1.557735e+03 0
1.558003e+03 0
1.558270e+03 0
1.558538e+03 0
1.558805e+03 0
1.559073e+03 0
1.559341e+03 0
1.559608e+03 0
1.559876e+03 0
1.560143e+03 0
1.560411e+03 0
1.560678e+03 0
1.560946e+03 0
1.561214e+03 0
1.561481e+03 0
1.561749e+03 0
1.562016e+03 0
1.562284e+03 0
1.562552e+03 0
1.562819e+03 0
1.563087e+03 0
1.563354e+03 0
1.563622e+03 0
1.563890e+03 0
1.564157e+03 0
1.564425e+03 0
1.564692e+03 0
1.564960e+03 0
1.565228e+03 0
1.565495e+03 0
1.565763e+03 0
1.566031e+03 0
1.566298e+03 0
1.566566e+03 0
1.566834e+03 0
1.567101e+03 0
1.567369e+03 0
1.567636e+03 0
1.567904e+03 0
1.568172e+03 0
1.568439e+03 0
1.568707e+03 0
1.568975e+03 0
1.569242e+03 0
1.569510e+03 0
1.569778e+03 0
1.570045e+03 0
1.570313e+03 0
1.570581e+03 0
1.570848e+03 0
1.571116e+03 0
1.571384e+03 0
1.571651e+03 0
1.571919e+03 0
1.572187e+03 0
1.572455e+03 0
1.572722e+03 0
1.572990e+03 0
1.573258e+03 0
1.573525e+03 0
1.573793e+03 0
1.574061e+03 0
1.574328e+03 0
1.574596e+03 0
1.574864e+03 0
1.575132e+03 0
1.575399e+03 0
1.575667e+03 0
1.575935e+03 0
1.576203e+03 0
1.576470e+03 0
1.576738e+03 0
1.577006e+03 0
1.577274e+03 0
1.577541e+03 0
1.577809e+03 0
1.578077e+03 0
1.578345e+03 0
1.578612e+03 0
1.578880e+03 0
1.579148e+03 0
1.579416e+03 0
1.579683e+03 0
1.579951e+03 1
1.580219e+03 0
1.580487e+03 0
1.580754e+03 0
1.581022e+03 0
1.581290e+03 0
1.581558e+03 0
1.581826e+03 0
1.582093e+03 0
1.582361e+03 0
1.582629e+03 0
1.582897e+03 0
1.583165e+03 0
1.583432e+03 0
1.583700e+03 0
1.583968e+03 0
1.584236e+03 0
1.584504e+03 0
1.584771e+03 0
1.585039e+03 0
1.585307e+03 0
1.585575e+03 0
1.585843e+03 0
1.586111e+03 0
1.586378e+03 0
1.586646e+03 0
1.586914e+03 0
1.587182e+03 0
1.587450e+03 0
1.587718e+03 0
1.587985e+03 0
1.588253e+03 0
1.588521e+03 0
1.588789e+03 0
1.589057e+03 0
1.589325e+03 0
1.589593e+03 0
1.589860e+03 0
1.590128e+03 0
1.590396e+03 0
1.590664e+03 0
1.590932e+03 0
1.591200e+03 0
1.591468e+03 0
1.591736e+03 0
1.592003e+03 0
1.592271e+03 0
1.592539e+03 0
1.592807e+03 0
1.593075e+03 0
1.593343e+03 0
1.593611e+03 0
1.593879e+03 0
1.594147e+03 0
1.594415e+03 0
1.594682e+03 0
1.594950e+03 0
1.595218e+03 0
1.595486e+03 0
1.595754e+03 0
1.596022e+03 0
1.596290e+03 0
1.596558e+03 0
1.596826e+03 0
1.597094e+03 0
1.597362e+03 0
1.597630e+03 0
1.597898e+03 0
1.598166e+03 0
1.598434e+03 0
1.598702e+03 0
1.598969e+03 0
1.599237e+03 0
1.599505e+03 0
1.599773e+03 0
1.600041e+03 0
1.600309e+03 0
1.600577e+03 0
1.600845e+03 0
1.601113e+03 0
1.601381e+03 0
1.601649e+03 0
1.601917e+03 0
1.602185e+03 0
1.602453e+03 0
1.602721e+03 0
1.602989e+03 0
1.603257e+03 0
1.603525e+03 0
1.603793e+03 0
1.604061e+03 0
1.604329e+03 0
1.604597e+03 1
1.604865e+03 0
1.605133e+03 0
1.605401e+03 0
1.605669e+03 0
1.605937e+03 0
1.606205e+03 0
1.606473e+03 0
1.606741e+03 0
1.607009e+03 0
1.607277e+03 0
1.607546e+03 0
1.607814e+03 0
1.608082e+03 0
1.608350e+03 0
1.608618e+03 0
1.608886e+03 0
1.609154e+03 0
1.609422e+03 0
1.609690e+03 0
1.609958e+03 0
1.610226e+03 0
1.610494e+03 0
1.610762e+03 0
1.611030e+03 0
1.611298e+03 0
1.611566e+03 0
1.611835e+03 0
1.612103e+03 0
1.612371e+03 0
1.612639e+03 0
1.612907e+03 0
1.613175e+03 0
1.613443e+03 0
1.613711e+03 0
1.613979e+03 0
1.614247e+03 0
1.614516e+03 0
1.614784e+03 0
1.615052e+03 0
1.615320e+03 0
1.615588e+03 0
1.615856e+03 0
1.616124e+03 0
1.616392e+03 0
1.616661e+03 0
1.616929e+03 0
1.617197e+03 0
1.617465e+03 0
1.617733e+03 0
1.618001e+03 0
1.618269e+03 0
1.618538e+03 0
1.618806e+03 0
1.619074e+03 0
1.619342e+03 0
1.619610e+03 0
1.619878e+03 0
1.620147e+03 0
1.620415e+03 0
1.620683e+03 0
1.620951e+03 0
1.621219e+03 0
1.621487e+03 0
1.621756e+03 0
1.622024e+03 0
1.622292e+03 0
1.622560e+03 0
1.622828e+03 0
1.623097e+03 0
1.623365e+03 0
1.623633e+03 0
1.623901e+03 0
1.624169e+03 0
1.624438e+03 0
1.624706e+03 0
1.624974e+03 0
1.625242e+03 0
1.625510e+03 0
1.625779e+03 0
1.626047e+03 0
1.626315e+03 0
1.626583e+03 0
1.626852e+03 0
1.627120e+03 0
1.627388e+03 0
1.627656e+03 0
1.627925e+03 0
1.628193e+03 0
1.628461e+03 0
1.628729e+03 0
1.628998e+03 0
1.629266e+03 0
1.629534e+03 0
1.629802e+03 0
1.630071e+03 0
1.630339e+03 0
1.630607e+03 0
1.630875e+03 0
1.631144e+03 0
1.631412e+03 0
1.631680e+03 0
1.631949e+03 0
1.632217e+03 0
1.632485e+03 0
1.632753e+03 0
1.633022e+03 0
1.633290e+03 0
1.633558e+03 0
1.633827e+03 0
1.634095e+03 0
1.634363e+03 0
1.634632e+03 0
1.634900e+03 0
1.635168e+03 0
1.635436e+03 0
1.635705e+03 0
1.635973e+03 0
1.636241e+03 0
1.636510e+03 0
1.636778e+03 0
1.637046e+03 0
1.637315e+03 0
1.637583e+03 0
1.637851e+03 0
1.638120e+03 0
1.638388e+03 0
1.638656e+03 0
1.638925e+03 0
1.639193e+03 0
1.639462e+03 0
1.639730e+03 0
1.639998e+03 0
1.640267e+03 0
1.640535e+03 0
1.640803e+03 0
1.641072e+03 0
1.641340e+03 0
1.641609e+03 0
1.641877e+03 0
1.642145e+03 0
1.642414e+03 0
1.642682e+03 0
1.642950e+03 0
1.643219e+03 0
1.643487e+03 0
1.643756e+03 0
1.644024e+03 0
1.644292e+03 0
1.644561e+03 0
1.644829e+03 0
1.645098e+03 0
1.645366e+03 0
1.645635e+03 0
1.645903e+03 0
1.646171e+03 0
1.646440e+03 0
1.646708e+03 0
1.646977e+03 0
1.647245e+03 0
1.647514e+03 0
1.647782e+03 0
1.648050e+03 0
1.648319e+03 0
1.648587e+03 0
1.648856e+03 0
1.649124e+03 0
1.649393e+03 0
1.649661e+03 0
1.649930e+03 0
1.650198e+03 0
1.650467e+03 0
1.650735e+03 0
1.651003e+03 0
1.651272e+03 0
1.651540e+03 0
1.651809e+03 0
1.652077e+03 0
1.652346e+03 0
1.652614e+03 0
1.652883e+03 0
1.653151e+03 0
1.653420e+03 0
1.653688e+03 0
1.653957e+03 0
1.654225e+03 0
1.654494e+03 0
1.654762e+03 0
1.655031e+03 0
1.655299e+03 0
1.655568e+03 0
1.655836e+03 0
1.656105e+03 0
1.656373e+03 0
1.656642e+03 0
1.656911e+03 0
1.657179e+03 0
1.657448e+03 0
1.657716e+03 0
1.657985e+03 0
1.658253e+03 0
1.658522e+03 0
1.658790e+03 0
1.659059e+03 0
1.659327e+03 0
1.659596e+03 0
1.659865e+03 0
1.660133e+03 0
1.660402e+03 0
1.660670e+03 0
1.660939e+03 0
1.661207e+03 0
1.661476e+03 0
1.661745e+03 0
1.662013e+03 0
1.662282e+03 0
1.662550e+03 0
1.662819e+03 0
1.663087e+03 0
1.663356e+03 0
1.663625e+03 0
1.663893e+03 0
1.664162e+03 0
1.664430e+03 0
1.664699e+03 0
1.664968e+03 0
1.665236e+03 0
1.665505e+03 0
1.665774e+03 0
1.666042e+03 0
1.666311e+03 0
1.666579e+03 0
1.666848e+03 0
1.667117e+03 0
1.667385e+03 0
1.667654e+03 0
1.667923e+03 0
1.668191e+03 0
1.668460e+03 0
1.668729e+03 0
1.668997e+03 0
1.669266e+03 0
1.669534e+03 0
1.669803e+03 0
1.670072e+03 0
1.670340e+03 0
1.670609e+03 0
1.670878e+03 0
1.671146e+03 0
1.671415e+03 0
1.671684e+03 0
1.671953e+03 0
1.672221e+03 0
1.672490e+03 0
1.672759e+03 0
1.673027e+03 0
1.673296e+03 0
1.673565e+03 0
1.673833e+03 0
1.674102e+03 0
1.674371e+03 0
1.674639e+03 0
1.674908e+03 0
1.675177e+03 0
1.675446e+03 0
1.675714e+03 0
1.675983e+03 0
1.676252e+03 0
1.676520e+03 0
1.676789e+03 0
1.677058e+03 0
1.677327e+03 0
1.677595e+03 0
1.677864e+03 0
1.678133e+03 0
1.678402e+03 0
1.678670e+03 0
1.678939e+03 0
1.679208e+03 0
1.679477e+03 0
1.679745e+03 0
1.680014e+03 0
1.680283e+03 0
1.680552e+03 0
1.680820e+03 0
1.681089e+03 0
1.681358e+03 0
1.681627e+03 0
1.681896e+03 0
1.682164e+03 0
1.682433e+03 0
1.682702e+03 0
1.682971e+03 0
1.683239e+03 0
1.683508e+03 0
1.683777e+03 0
1.684046e+03 0
1.684315e+03 0
1.684583e+03 0
1.684852e+03 0
1.685121e+03 0
1.685390e+03 0
1.685659e+03 0
1.685928e+03 0
1.686196e+03 0
1.686465e+03 0
1.686734e+03 0
1.687003e+03 0
1.687272e+03 0
1.687540e+03 0
1.687809e+03 0
1.688078e+03 0
1.688347e+03 0
1.688616e+03 0
1.688885e+03 0
1.689154e+03 0
1.689422e+03 0
1.689691e+03 0
1.689960e+03 0
1.690229e+03 0
1.690498e+03 0
1.690767e+03 0
1.691036e+03 0
1.691304e+03 0
1.691573e+03 0
1.691842e+03 0
1.692111e+03 0
1.692380e+03 0
1.692649e+03 0
1.692918e+03 0
1.693187e+03 0
1.693455e+03 0
1.693724e+03 0
1.693993e+03 0
1.694262e+03 0
1.694531e+03 0
1.694800e+03 0
1.695069e+03 0
1.695338e+03 0
1.695607e+03 0
1.695876e+03 0
1.696145e+03 0
1.696413e+03 0
1.696682e+03 0
1.696951e+03 0
1.697220e+03 0
1.697489e+03 0
1.697758e+03 0
1.698027e+03 0
1.698296e+03 0
1.698565e+03 0
1.698834e+03 0
1.699103e+03 0
1.699372e+03 0
1.699641e+03 0
1.699910e+03 0
1.700179e+03 0
1.700448e+03 0
1.700717e+03 0
1.700986e+03 0
1.701254e+03 0
1.701523e+03 0
1.701792e+03 0
1.702061e+03 0
1.702330e+03 0
1.702599e+03 0
1.702868e+03 0
1.703137e+03 0
1.703406e+03 0
1.703675e+03 0
1.703944e+03 0
1.704213e+03 0
1.704482e+03 0
1.704751e+03 0
1.705020e+03 0
1.705289e+03 0
1.705558e+03 0
1.705827e+03 0
1.706096e+03 0
1.706365e+03 0
1.706634e+03 0
1.706903e+03 0
1.707172e+03 0
1.707442e+03 0
1.707711e+03 0
1.707980e+03 0
1.708249e+03 0
1.708518e+03 0
1.708787e+03 0
1.709056e+03 0
1.709325e+03 0
1.709594e+03 0
1.709863e+03 0
1.710132e+03 0
1.710401e+03 0
1.710670e+03 0
1.710939e+03 0
1.711208e+03 0
1.711477e+03 0
1.711746e+03 0
1.712015e+03 0
1.712285e+03 0
1.712554e+03 0
1.712823e+03 0
1.713092e+03 0
1.713361e+03 0
1.713630e+03 0
1.713899e+03 0
1.714168e+03 0
1.714437e+03 0
1.714706e+03 0
1.714975e+03 0
1.715245e+03 0
1.715514e+03 0
1.715783e+03 0
1.716052e+03 0
1.716321e+03 0
1.716590e+03 0
1.716859e+03 0
1.717128e+03 0
1.717397e+03 0
1.717667e+03 0
1.717936e+03 0
1.718205e+03 0
1.718474e+03 0
1.718743e+03 0
1.719012e+03 0
1.719281e+03 0
1.719551e+03 0
1.719820e+03 0
1.720089e+03 1
1.720358e+03 0
1.720627e+03 0
1.720896e+03 0
1.721166e+03 0
1.721435e+03 0
1.721704e+03 0
1.721973e+03 0
1.722242e+03 0
1.722511e+03 0
1.722781e+03 0
1.723050e+03 0
1.723319e+03 0
1.723588e+03 0
1.723857e+03 0
1.724127e+03 0
1.724396e+03 0
1.724665e+03 0
1.724934e+03 0
1.725203e+03 0
1.725473e+03 0
1.725742e+03 0
1.726011e+03 0
1.726280e+03 0
1.726549e+03 0
1.726819e+03 0
1.727088e+03 0
1.727357e+03 0
1.727626e+03 0
1.727896e+03 0
1.728165e+03 0
1.728434e+03 0
1.728703e+03 0
1.728973e+03 0
1.729242e+03 0
1.729511e+03 0
1.729780e+03 0
1.730050e+03 0
1.730319e+03 0
1.730588e+03 0
1.730857e+03 0
1.731127e+03 0
1.731396e+03 0
1.731665e+03 0
1.731934e+03 0
1.732204e+03 0
1.732473e+03 0
1.732742e+03 0
1.733011e+03 0
1.733281e+03 0
1.733550e+03 0
1.733819e+03 0
1.734089e+03 0
1.734358e+03 0
1.734627e+03 0
1.734897e+03 0
1.735166e+03 0
1.735435e+03 0
1.735704e+03 0
1.735974e+03 0
1.736243e+03 0
1.736512e+03 0
1.736782e+03 0
1.737051e+03 0
1.737320e+03 0
1.737590e+03 0
1.737859e+03 0
1.738128e+03 0
1.738398e+03 0
1.738667e+03 0
1.738936e+03 0
1.739206e+03 0
1.739475e+03 0
1.739744e+03 0
1.740014e+03 0
1.740283e+03 0
1.740552e+03 0
1.740822e+03 0
1.741091e+03 0
1.741361e+03 0
1.741630e+03 0
1.741899e+03 0
1.742169e+03 0
1.742438e+03 0
1.742707e+03 0
1.742977e+03 0
1.743246e+03 0
1.743516e+03 0
1.743785e+03 0
1.744054e+03 0
1.744324e+03 0
1.744593e+03 0
1.744862e+03 0
1.745132e+03 0
1.745401e+03 0
1.745671e+03 0
1.745940e+03 0
1.746210e+03 0
1.746479e+03 0
1.746748e+03 0
1.747018e+03 0
1.747287e+03 0
1.747557e+03 0
1.747826e+03 0
1.748095e+03 0
1.748365e+03 0
1.748634e+03 0
1.748904e+03 0
1.749173e+03 0
1.749443e+03 0
1.749712e+03 0
1.749982e+03 0
1.750251e+03 0
1.750520e+03 0
1.750790e+03 0
1.751059e+03 0
1.751329e+03 0
1.751598e+03 0
1.751868e+03 0
1.752137e+03 0
1.752407e+03 0
1.752676e+03 0
1.752946e+03 0
1.753215e+03 0
1.753485e+03 0
1.753754e+03 0
1.754024e+03 0
1.754293e+03 0
1.754563e+03 0
1.754832e+03 0
1.755102e+03 0
1.755371e+03 0
1.755641e+03 0
1.755910e+03 0
1.756180e+03 0
1.756449e+03 0
1.756719e+03 0
1.756988e+03 0
1.757258e+03 0
1.757527e+03 0
1.757797e+03 0
1.758066e+03 0
1.758336e+03 0
1.758605e+03 0
1.758875e+03 0
1.759144e+03 0
1.759414e+03 0
1.759684e+03 0
1.759953e+03 0
1.760223e+03 0
1.760492e+03 0
1.760762e+03 0
1.761031e+03 0
1.761301e+03 0
1.761570e+03 0
1.761840e+03 0
1.762110e+03 0
1.762379e+03 0
1.762649e+03 0
1.762918e+03 0
1.763188e+03 0
1.763457e+03 0
1.763727e+03 0
1.763997e+03 0
1.764266e+03 0
1.764536e+03 0
1.764805e+03 0
1.765075e+03 0
1.765345e+03 0
1.765614e+03 0
1.765884e+03 0
1.766153e+03 0
1.766423e+03 0
1.766693e+03 0
1.766962e+03 0
1.767232e+03 0
1.767501e+03 0
1.767771e+03 0
1.768041e+03 0
1.768310e+03 0
1.768580e+03 0
1.768850e+03 0
1.769119e+03 0
1.769389e+03 0
1.769659e+03 0
1.769928e+03 0
1.770198e+03 0
1.770467e+03 0
1.770737e+03 0
1.771007e+03 0
1.771276e+03 0
1.771546e+03 0
1.771816e+03 0
1.772085e+03 0
1.772355e+03 0
1.772625e+03 0
1.772894e+03 0
1.773164e+03 0
1.773434e+03 0
1.773704e+03 0
1.773973e+03 0
1.774243e+03 0
1.774513e+03 0
1.774782e+03 0
1.775052e+03 0
1.775322e+03 0
1.775591e+03 0
1.775861e+03 0
1.776131e+03 0
1.776400e+03 0
1.776670e+03 0
1.776940e+03 0
1.777210e+03 0
1.777479e+03 0
1.777749e+03 0
1.778019e+03 0
1.778289e+03 0
1.778558e+03 0
1.778828e+03 0
1.779098e+03 0
1.779367e+03 0
1.779637e+03 0
1.779907e+03 0
1.780177e+03 0
1.780446e+03 0
1.780716e+03 0
1.780986e+03 0
1.781256e+03 0
1.781525e+03 0
1.781795e+03 0
1.782065e+03 0
1.782335e+03 0
1.782605e+03 0
1.782874e+03 0
1.783144e+03 0
1.783414e+03 0
1.783684e+03 0
1.783953e+03 0
1.784223e+03 0
1.784493e+03 0
1.784763e+03 0
1.785033e+03 0
1.785302e+03 0
1.785572e+03 0
1.785842e+03 0
1.786112e+03 0
1.786382e+03 0
1.786651e+03 0
1.786921e+03 0
1.787191e+03 0
1.787461e+03 0
1.787731e+03 0
1.788001e+03 0
1.788270e+03 0
1.788540e+03 0
1.788810e+03 0
1.789080e+03 0
1.789350e+03 0
1.789619e+03 0
1.789889e+03 0
1.790159e+03 0
1.790429e+03 0
1.790699e+03 0
1.790969e+03 0
1.791239e+03 0
1.791508e+03 0
1.791778e+03 0
1.792048e+03 0
1.792318e+03 0
1.792588e+03 0
1.792858e+03 0
1.793128e+03 0
1.793398e+03 0
1.793667e+03 0
1.793937e+03 0
1.794207e+03 1
1.794477e+03 1
1.794747e+03 0
1.795017e+03 0
1.795287e+03 0
1.795557e+03 0
1.795827e+03 0
1.796096e+03 0
1.796366e+03 0
1.796636e+03 0
1.796906e+03 0
1.797176e+03 1
1.797446e+03 0
1.797716e+03 0
1.797986e+03 0
1.798256e+03 0
1.798526e+03 0
1.798796e+03 0
1.799066e+03 1
1.799335e+03 2
1.799605e+03 1
1.799875e+03 0
1.800145e+03 0
1.800415e+03 0
1.800685e+03 1
1.800955e+03 0
1.801225e+03 0
1.801495e+03 2
1.801765e+03 5
1.802035e+03 4
1.802305e+03 3
1.802575e+03 2
1.802845e+03 1
1.803115e+03 0
1.803385e+03 2
1.803655e+03 2
1.803925e+03 1
1.804195e+03 1
1.804465e+03 1
1.804735e+03 3
1.805005e+03 0
1.805275e+03 0
1.805545e+03 0
1.805815e+03 1
1.806085e+03 1
1.806355e+03 2
1.806625e+03 2
1.806895e+03 2
1.807165e+03 6
1.807435e+03 3
1.807705e+03 7
1.807975e+03 6
1.808245e+03 2
1.808515e+03 3
1.808785e+03 0
1.809055e+03 0
1.809325e+03 0
1.809595e+03 0
1.809865e+03 0
1.810135e+03 0
1.810405e+03 0
1.810675e+03 0
1.810945e+03 0
1.811215e+03 0
1.811485e+03 0
1.811755e+03 0
1.812025e+03 0
1.812295e+03 0
1.812566e+03 0
1.812836e+03 0
1.813106e+03 0
1.813376e+03 0
1.813646e+03 0
1.813916e+03 0
1.814186e+03 0
1.814456e+03 0
1.814726e+03 0
1.814996e+03 0
1.815266e+03 0
1.815536e+03 0
1.815807e+03 0
1.816077e+03 0
1.816347e+03 0
1.816617e+03 0
1.816887e+03 0
1.817157e+03 0
1.817427e+03 0
1.817697e+03 0
1.817967e+03 0
1.818238e+03 0
1.818508e+03 0
1.818778e+03 0
1.819048e+03 0
1.819318e+03 0
1.819588e+03 0
1.819858e+03 0
1.820128e+03 0
1.820399e+03 0
1.820669e+03 0
1.820939e+03 0
1.821209e+03 0
1.821479e+03 0
1.821749e+03 0
1.822019e+03 0
1.822290e+03 0
1.822560e+03 0
1.822830e+03 0
1.823100e+03 0
1.823370e+03 0
1.823641e+03 0
1.823911e+03 0
1.824181e+03 0
1.824451e+03 0
1.824721e+03 0
1.824991e+03 0
1.825262e+03 0
1.825532e+03 0
1.825802e+03 0
1.826072e+03 0
1.826342e+03 0
1.826613e+03 0
1.826883e+03 0
1.827153e+03 0
1.827423e+03 0
1.827693e+03 0
1.827964e+03 0
1.828234e+03 0
1.828504e+03 0
1.828774e+03 0
1.829045e+03 0
1.829315e+03 0
1.829585e+03 0
1.829855e+03 0
1.830125e+03 0
1.830396e+03 0
1.830666e+03 0
1.830936e+03 0
1.831206e+03 0
1.831477e+03 0
1.831747e+03 0
1.832017e+03 0
1.832287e+03 0
1.832558e+03 0
1.832828e+03 0
1.833098e+03 0
1.833369e+03 0
1.833639e+03 0
1.833909e+03 0
1.834179e+03 0
1.834450e+03 0
1.834720e+03 0
1.834990e+03 0
1.835260e+03 0
1.835531e+03 0
1.835801e+03 0
1.836071e+03 0
1.836342e+03 0
1.836612e+03 0
1.836882e+03 0
1.837153e+03 0
1.837423e+03 0
1.837693e+03 0
1.837964e+03 0
1.838234e+03 0
1.838504e+03 0
1.838774e+03 0
1.839045e+03 0
1.839315e+03 0
1.839585e+03 0
1.839856e+03 0
1.840126e+03 0
1.840396e+03 0
1.840667e+03 0
1.840937e+03 0
1.841207e+03 0
1.841478e+03 0
1.841748e+03 0
1.842019e+03 0
1.842289e+03 0
1.842559e+03 0
1.842830e+03 0
1.843100e+03 0
1.843370e+03 0
1.843641e+03 0
1.843911e+03 0
1.844181e+03 0
1.844452e+03 0
1.844722e+03 0
1.844993e+03 0
1.845263e+03 0
1.845533e+03 0
1.845804e+03 0
1.846074e+03 0
1.846345e+03 0
1.846615e+03 0
1.846885e+03 0
1.847156e+03 0
1.847426e+03 0
1.847697e+03 0
1.847967e+03 0
1.848237e+03 0
1.848508e+03 0
1.848778e+03 0
1.849049e+03 0
1.849319e+03 0
1.849590e+03 0
1.849860e+03 0
1.850130e+03 0
1.850401e+03 0
1.850671e+03 0
1.850942e+03 0
1.851212e+03 0
1.851483e+03 0
1.851753e+03 0
1.852024e+03 0
1.852294e+03 0
1.852564e+03 0
1.852835e+03 0
1.853105e+03 0
1.853376e+03 0
1.853646e+03 0
1.853917e+03 0
1.854187e+03 0
1.854458e+03 0
1.854728e+03 0
1.854999e+03 0
1.855269e+03 0
1.855540e+03 0
1.855810e+03 0
1.856081e+03 0
1.856351e+03 0
1.856622e+03 0
1.856892e+03 0
1.857163e+03 0
1.857433e+03 0
1.857704e+03 0
1.857974e+03 0
1.858245e+03 0
1.858515e+03 0
1.858786e+03 0
1.859056e+03 0
1.859327e+03 0
1.859597e+03 0
1.859868e+03 0
1.860138e+03 0
1.860409e+03 0
1.860679e+03 0
1.860950e+03 0
1.861220e+03 0
1.861491e+03 0
1.861762e+03 0
1.862032e+03 0
1.862303e+03 0
1.862573e+03 0
1.862844e+03 0
1.863114e+03 0
1.863385e+03 0
1.863655e+03 0
1.863926e+03 0
1.864197e+03 0
1.864467e+03 0
1.864738e+03 0
1.865008e+03 0
1.865279e+03 0
1.865550e+03 0
1.865820e+03 0
1.866091e+03 0
1.866361e+03 0
1.866632e+03 0
1.866903e+03 0
1.867173e+03 0
1.867444e+03 0
1.867714e+03 0
1.867985e+03 0
1.868256e+03 0
1.868526e+03 0
1.868797e+03 0
1.869067e+03 0
1.869338e+03 0
1.869609e+03 0
1.869879e+03 0
1.870150e+03 0
1.870421e+03 0
1.870691e+03 0
1.870962e+03 0
1.871232e+03 0
1.871503e+03 0
1.871774e+03 0
1.872044e+03 0
1.872315e+03 0
1.872586e+03 0
1.872856e+03 0
1.873127e+03 0
1.873398e+03 0
1.873668e+03 0
1.873939e+03 0
1.874210e+03 0
1.874480e+03 0
1.874751e+03 0
1.875022e+03 0
1.875292e+03 0
1.875563e+03 0
1.875834e+03 0
1.876104e+03 0
1.876375e+03 0
1.876646e+03 0
1.876917e+03 0
1.877187e+03 0
1.877458e+03 0
1.877729e+03 0
1.877999e+03 0
1.878270e+03 0
1.878541e+03 0
1.878811e+03 0
1.879082e+03 0
1.879353e+03 0
1.879624e+03 0
1.879894e+03 0
1.880165e+03 0
1.880436e+03 0
1.880707e+03 0
1.880977e+03 0
1.881248e+03 0
1.881519e+03 0
1.881790e+03 0
1.882060e+03 0
1.882331e+03 0
1.882602e+03 0
1.882873e+03 0
1.883143e+03 0
1.883414e+03 0
1.883685e+03 0
1.883956e+03 0
1.884226e+03 0
1.884497e+03 0
1.884768e+03 0
1.885039e+03 0
1.885309e+03 0
1.885580e+03 0
1.885851e+03 0
1.886122e+03 0
1.886393e+03 0
1.886663e+03 0
1.886934e+03 0
1.887205e+03 0
1.887476e+03 0
1.887747e+03 0
1.888017e+03 0
1.888288e+03 0
1.888559e+03 0
1.888830e+03 0
1.889101e+03 0
1.889371e+03 0
1.889642e+03 0
1.889913e+03 0
1.890184e+03 0
1.890455e+03 0
1.890726e+03 0
1.890996e+03 0
1.891267e+03 0
1.891538e+03 0
1.891809e+03 0
1.892080e+03 0
1.892351e+03 0
1.892621e+03 0
1.892892e+03 0
1.893163e+03 0
1.893434e+03 0
1.893705e+03 0
1.893976e+03 0
1.894247e+03 0
1.894517e+03 0
1.894788e+03 0
1.895059e+03 0
1.895330e+03 0
1.895601e+03 0
1.895872e+03 0
1.896143e+03 0
1.896414e+03 0
1.896685e+03 0
1.896955e+03 0
1.897226e+03 0
1.897497e+03 0
1.897768e+03 0
1.898039e+03 0
1.898310e+03 0
1.898581e+03 0
1.898852e+03 0
1.899123e+03 0
1.899394e+03 0
1.899665e+03 0
1.899935e+03 0
1.900206e+03 0
1.900477e+03 0
1.900748e+03 0
1.901019e+03 0
1.901290e+03 0
1.901561e+03 0
1.901832e+03 0
1.902103e+03 0
1.902374e+03 0
1.902645e+03 0
1.902916e+03 0
1.903187e+03 0
1.903458e+03 0
1.903729e+03 0
1.904000e+03 0
1.904271e+03 0
1.904542e+03 0
1.904812e+03 0
1.905083e+03 0
1.905354e+03 0
1.905625e+03 0
1.905896e+03 0
1.906167e+03 0
1.906438e+03 0
1.906709e+03 0
1.906980e+03 0
1.907251e+03 0
1.907522e+03 0
1.907793e+03 0
1.908064e+03 0
1.908335e+03 0
1.908606e+03 0
1.908877e+03 0
1.909148e+03 0
1.909419e+03 0
1.909690e+03 0
1.909961e+03 0
1.910232e+03 0
1.910503e+03 0
1.910775e+03 0
1.911046e+03 0
1.911317e+03 0
1.911588e+03 0
1.911859e+03 0
1.912130e+03 0
1.912401e+03 0
1.912672e+03 0
1.912943e+03 0
1.913214e+03 0
1.913485e+03 0
1.913756e+03 0
1.914027e+03 0
1.914298e+03 0
1.914569e+03 0
1.914840e+03 0
1.915111e+03 0
1.915382e+03 0
1.915653e+03 0
1.915925e+03 0
1.916196e+03 0
1.916467e+03 0
1.916738e+03 0
1.917009e+03 0
1.917280e+03 0
1.917551e+03 0
1.917822e+03 0
1.918093e+03 0
1.918364e+03 0
1.918635e+03 0
1.918907e+03 0
1.919178e+03 0
1.919449e+03 0
1.919720e+03 0
1.919991e+03 0
1.920262e+03 0
1.920533e+03 0
1.920804e+03 0
1.921076e+03 0
1.921347e+03 0
1.921618e+03 0
1.921889e+03 0
1.922160e+03 0
1.922431e+03 0
1.922702e+03 0
1.922974e+03 0
1.923245e+03 0
1.923516e+03 0
1.923787e+03 0
1.924058e+03 0
1.924329e+03 0
1.924600e+03 0
1.924872e+03 0
1.925143e+03 0
1.925414e+03 0
1.925685e+03 0
1.925956e+03 0
1.926228e+03 0
1.926499e+03 0
1.926770e+03 0
1.927041e+03 0
1.927312e+03 0
1.927583e+03 0
1.927855e+03 0
1.928126e+03 0
1.928397e+03 0
1.928668e+03 0
1.928939e+03 0
1.929211e+03 0
1.929482e+03 0
1.929753e+03 0
1.930024e+03 0
1.930296e+03 0
1.930567e+03 0
1.930838e+03 0
1.931109e+03 0
1.931380e+03 0
1.931652e+03 0
1.931923e+03 0
1.932194e+03 0
1.932465e+03 0
1.932737e+03 0
1.933008e+03 0
1.933279e+03 0
1.933550e+03 0
1.933822e+03 0
1.934093e+03 0
1.934364e+03 0
1.934635e+03 0
1.934907e+03 0
1.935178e+03 0
1.935449e+03 0
1.935720e+03 0
1.935992e+03 0
1.936263e+03 0
1.936534e+03 0
1.936806e+03 0
1.937077e+03 0
1.937348e+03 0
1.937619e+03 0
1.937891e+03 0
1.938162e+03 0
1.938433e+03 0
1.938705e+03 0
1.938976e+03 0
1.939247e+03 0
1.939519e+03 0
1.939790e+03 0
1.940061e+03 0
1.940333e+03 0
1.940604e+03 0
1.940875e+03 0
1.941146e+03 0
1.941418e+03 0
1.941689e+03 0
1.941960e+03 0
1.942232e+03 0
1.942503e+03 0
1.942774e+03 0
1.943046e+03 0
1.943317e+03 0
1.943589e+03 0
1.943860e+03 0
1.944131e+03 0
1.944403e+03 0
1.944674e+03 0
1.944945e+03 0
1.945217e+03 0
1.945488e+03 0
1.945759e+03 0
1.946031e+03 0
1.946302e+03 0
1.946574e+03 0
1.946845e+03 0
1.947116e+03 0
1.947388e+03 0
1.947659e+03 0
1.947930e+03 0
1.948202e+03 0
1.948473e+03 0
1.948745e+03 0
1.949016e+03 0
1.949287e+03 0
1.949559e+03 0
1.949830e+03 0
1.950102e+03 0
1.950373e+03 0
1.950645e+03 0
1.950916e+03 0
1.951187e+03 0
1.951459e+03 0
1.951730e+03 0
1.952002e+03 0
1.952273e+03 0
1.952545e+03 0
1.952816e+03 0
1.953087e+03 0
1.953359e+03 0
1.953630e+03 0
1.953902e+03 0
1.954173e+03 0
1.954445e+03 0
1.954716e+03 0
1.954988e+03 0
1.955259e+03 0
1.955531e+03 0
1.955802e+03 0
1.956073e+03 0
1.956345e+03 0
1.956616e+03 0
1.956888e+03 0
1.957159e+03 0
1.957431e+03 0
1.957702e+03 0
1.957974e+03 0
1.958245e+03 0
1.958517e+03 0
1.958788e+03 0
1.959060e+03 0
1.959331e+03 0
1.959603e+03 0
1.959874e+03 0
1.960146e+03 0
1.960417e+03 0
1.960689e+03 0
1.960960e+03 0
1.961232e+03 0
1.961503e+03 0
1.961775e+03 0
1.962047e+03 0
1.962318e+03 0
1.962590e+03 0
1.962861e+03 0
1.963133e+03 0
1.963404e+03 0
1.963676e+03 0
1.963947e+03 0
1.964219e+03 0
1.964490e+03 0
1.964762e+03 0
1.965034e+03 0
1.965305e+03 0
1.965577e+03 0
1.965848e+03 0
1.966120e+03 0
1.966391e+03 0
1.966663e+03 0
1.966935e+03 0
1.967206e+03 0
1.967478e+03 0
1.967749e+03 0
1.968021e+03 0
1.968292e+03 0
1.968564e+03 0
1.968836e+03 0
1.969107e+03 0
1.969379e+03 0
1.969650e+03 0
1.969922e+03 0
1.970194e+03 0
1.970465e+03 0
1.970737e+03 0
1.971009e+03 0
1.971280e+03 0
1.971552e+03 0
1.971823e+03 0
1.972095e+03 0
1.972367e+03 0
1.972638e+03 0
1.972910e+03 0
1.973182e+03 0
1.973453e+03 0
1.973725e+03 0
1.973996e+03 0
1.974268e+03 0
1.974540e+03 0
1.974811e+03 0
1.975083e+03 0
1.975355e+03 0
1.975626e+03 0
1.975898e+03 0
1.976170e+03 0
1.976441e+03 0
1.976713e+03 0
1.976985e+03 0
1.977256e+03 0
1.977528e+03 0
1.977800e+03 0
1.978072e+03 0
1.978343e+03 0
1.978615e+03 0
1.978887e+03 0
1.979158e+03 0
1.979430e+03 0
1.979702e+03 0
1.979973e+03 0
1.980245e+03 0
1.980517e+03 0
1.980789e+03 0
1.981060e+03 0
1.981332e+03 0
1.981604e+03 0
1.981875e+03 0
1.982147e+03 0
1.982419e+03 0
1.982691e+03 0
1.982962e+03 0
1.983234e+03 0
1.983506e+03 0
1.983778e+03 0
1.984049e+03 0
1.984321e+03 0
1.984593e+03 0
1.984865e+03 0
1.985136e+03 0
1.985408e+03 0
1.985680e+03 0
1.985952e+03 0
1.986223e+03 0
1.986495e+03 0
1.986767e+03 0
1.987039e+03 0
1.987310e+03 0
1.987582e+03 0
1.987854e+03 0
1.988126e+03 0
1.988398e+03 0
1.988669e+03 0
1.988941e+03 0
1.989213e+03 0
1.989485e+03 0
1.989757e+03 0
1.990028e+03 0
1.990300e+03 0
1.990572e+03 0
1.990844e+03 0
1.991116e+03 0
1.991387e+03 0
1.991659e+03 0
1.991931e+03 0
1.992203e+03 0
1.992475e+03 0
1.992747e+03 0
1.993018e+03 0
1.993290e+03 0
1.993562e+03 0
1.993834e+03 0
1.994106e+03 0
1.994378e+03 0
1.994649e+03 0
1.994921e+03 0
1.995193e+03 0
1.995465e+03 0
1.995737e+03 0
1.996009e+03 0
1.996281e+03 0
1.996552e+03 0
1.996824e+03 0
1.997096e+03 0
1.997368e+03 0
1.997640e+03 0
1.997912e+03 0
1.998184e+03 0
1.998456e+03 0
1.998727e+03 0
1.998999e+03 0
1.999271e+03 0
1.999543e+03 0
1.999815e+03 0
2.000087e+03 0
2.000359e+03 0
2.000631e+03 0
2.000903e+03 0
2.001175e+03 0
2.001446e+03 0
2.001718e+03 0
2.001990e+03 0
2.002262e+03 0
2.002534e+03 0
2.002806e+03 0
2.003078e+03 0
2.003350e+03 0
2.003622e+03 0
2.003894e+03 0
2.004166e+03 0
2.004438e+03 0
2.004710e+03 0
2.004982e+03 0
2.005254e+03 0
2.005526e+03 0
2.005797e+03 0
2.006069e+03 0
2.006341e+03 0
2.006613e+03 0
2.006885e+03 0
2.007157e+03 0
2.007429e+03 0
2.007701e+03 0
2.007973e+03 0
2.008245e+03 0
2.008517e+03 0
2.008789e+03 0
2.009061e+03 0
2.009333e+03 0
2.009605e+03 0
2.009877e+03 0
2.010149e+03 0
2.010421e+03 0
2.010693e+03 0
2.010965e+03 0
2.011237e+03 0
2.011509e+03 0
2.011781e+03 0
2.012053e+03 0
2.012325e+03 0
2.012597e+03 0
2.012869e+03 0
2.013141e+03 0
2.013413e+03 0
2.013685e+03 0
2.013957e+03 0
2.014229e+03 0
2.014502e+03 0
2.014774e+03 0
2.015046e+03 0
2.015318e+03 0
2.015590e+03 0
2.015862e+03 0
2.016134e+03 0
2.016406e+03 0
2.016678e+03 0
2.016950e+03 0
2.017222e+03 0
2.017494e+03 0
2.017766e+03 0
2.018038e+03 0
2.018310e+03 0
2.018582e+03 0
2.018855e+03 0
2.019127e+03 0
2.019399e+03 0
2.019671e+03 0
2.019943e+03 0
2.020215e+03 0
2.020487e+03 0
2.020759e+03 0
2.021031e+03 0
2.021303e+03 0
2.021576e+03 0
2.021848e+03 0
2.022120e+03 0
2.022392e+03 0
2.022664e+03 0
2.022936e+03 0
2.023208e+03 0
2.023480e+03 0
2.023753e+03 0
2.024025e+03 0
2.024297e+03 0
2.024569e+03 0
2.024841e+03 0
2.025113e+03 0
2.025385e+03 0
2.025658e+03 0
2.025930e+03 0
2.026202e+03 0
2.026474e+03 0
2.026746e+03 0
2.027018e+03 0
2.027291e+03 0
2.027563e+03 0
2.027835e+03 0
2.028107e+03 0
2.028379e+03 0
2.028651e+03 0
2.028924e+03 0
2.029196e+03 0
2.029468e+03 0
2.029740e+03 0
2.030012e+03 0
2.030285e+03 0
2.030557e+03 0
2.030829e+03 0
2.031101e+03 0
2.031373e+03 0
2.031646e+03 0
2.031918e+03 0
2.032190e+03 0
2.032462e+03 0
2.032734e+03 0
2.033007e+03 0
2.033279e+03 0
2.033551e+03 0
2.033823e+03 0
2.034096e+03 0
2.034368e+03 0
2.034640e+03 0
2.034912e+03 0
2.035185e+03 0
2.035457e+03 0
2.035729e+03 0
2.036001e+03 0
2.036274e+03 0
2.036546e+03 0
2.036818e+03 0
2.037090e+03 0
2.037363e+03 0
2.037635e+03 0
2.037907e+03 0
2.038179e+03 0
2.038452e+03 0
2.038724e+03 0
2.038996e+03 0
2.039268e+03 0
2.039541e+03 0
2.039813e+03 0
2.040085e+03 0
2.040358e+03 0
2.040630e+03 0
2.040902e+03 0
2.041175e+03 0
2.041447e+03 0
2.041719e+03 0
2.041991e+03 0
2.042264e+03 0
2.042536e+03 0
2.042808e+03 0
2.043081e+03 0
2.043353e+03 0
2.043625e+03 0
2.043898e+03 0
2.044170e+03 0
2.044442e+03 0
2.044715e+03 0
2.044987e+03 0
2.045259e+03 0
2.045532e+03 0
2.045804e+03 0
2.046076e+03 0
2.046349e+03 0
2.046621e+03 0
2.046894e+03 0
2.047166e+03 0
2.047438e+03 0
2.047711e+03 0
2.047983e+03 0
2.048255e+03 0
2.048528e+03 0
2.048800e+03 0
2.049072e+03 0
2.049345e+03 0
2.049617e+03 0
2.049890e+03 0
2.050162e+03 0
2.050434e+03 0
2.050707e+03 0
2.050979e+03 0
2.051252e+03 0
2.051524e+03 0
2.051796e+03 0
2.052069e+03 0
2.052341e+03 0
2.052614e+03 0
2.052886e+03 0
2.053158e+03 0
2.053431e+03 0
2.053703e+03 0
2.053976e+03 0
2.054248e+03 0
2.054521e+03 0
2.054793e+03 0
2.055066e+03 0
2.055338e+03 0
2.055610e+03 0
2.055883e+03 0
2.056155e+03 0
2.056428e+03 0
2.056700e+03 0
2.056973e+03 0
2.057245e+03 0
2.057518e+03 0
2.057790e+03 0
2.058062e+03 0
2.058335e+03 0
2.058607e+03 0
2.058880e+03 0
2.059152e+03 0
2.059425e+03 0
2.059697e+03 0
2.059970e+03 0
2.060242e+03 0
2.060515e+03 0
2.060787e+03 0
2.061060e+03 0
2.061332e+03 0
2.061605e+03 0
2.061877e+03 0
2.062150e+03 0
2.062422e+03 0
2.062695e+03 0
2.062967e+03 0
2.063240e+03 0
2.063512e+03 0
2.063785e+03 0
2.064057e+03 0
2.064330e+03 0
2.064602e+03 0
2.064875e+03 0
2.065148e+03 0
2.065420e+03 0
2.065693e+03 0
2.065965e+03 0
2.066238e+03 0
2.066510e+03 0
2.066783e+03 0
2.067055e+03 0
2.067328e+03 0
2.067601e+03 0
2.067873e+03 0
2.068146e+03 0
2.068418e+03 0
2.068691e+03 0
2.068963e+03 0
2.069236e+03 0
2.069509e+03 0
2.069781e+03 0
2.070054e+03 0
2.070326e+03 0
2.070599e+03 0
2.070871e+03 0
2.071144e+03 0
2.071417e+03 0
2.071689e+03 0
2.071962e+03 0
2.072234e+03 0
2.072507e+03 0
2.072780e+03 0
2.073052e+03 0
2.073325e+03 0
2.073597e+03 0
2.073870e+03 0
2.074143e+03 0
2.074415e+03 0
2.074688e+03 0
2.074961e+03 0
2.075233e+03 0
2.075506e+03 0
2.075779e+03 0
2.076051e+03 0
2.076324e+03 0
2.076596e+03 0
2.076869e+03 0
2.077142e+03 0
2.077414e+03 0
2.077687e+03 0
2.077960e+03 0
2.078232e+03 0
2.078505e+03 0
2.078778e+03 0
2.079050e+03 0
2.079323e+03 0
2.079596e+03 0
2.079868e+03 0
2.080141e+03 0
2.080414e+03 0
2.080687e+03 0
2.080959e+03 0
2.081232e+03 0
2.081505e+03 0
2.081777e+03 0
2.082050e+03 0
2.082323e+03 0
2.082595e+03 0
2.082868e+03 0
2.083141e+03 0
2.083414e+03 0
2.083686e+03 0
2.083959e+03 0
2.084232e+03 0
2.084504e+03 0
2.084777e+03 0
2.085050e+03 0
2.085323e+03 0
2.085595e+03 0
2.085868e+03 0
2.086141e+03 0
2.086414e+03 0
2.086686e+03 0
2.086959e+03 0
2.087232e+03 0
2.087505e+03 0
2.087777e+03 0
2.088050e+03 0
2.088323e+03 0
2.088596e+03 0
2.088868e+03 0
2.089141e+03 0
2.089414e+03 0
2.089687e+03 0
2.089959e+03 0
2.090232e+03 0
2.090505e+03 0
2.090778e+03 0
2.091051e+03 0
2.091323e+03 0
2.091596e+03 0
2.091869e+03 0
2.092142e+03 0
2.092415e+03 0
2.092687e+03 0
2.092960e+03 0
2.093233e+03 0
2.093506e+03 0
2.093779e+03 0
2.094051e+03 0
2.094324e+03 0
2.094597e+03 0
2.094870e+03 0
2.095143e+03 0
2.095416e+03 0
2.095688e+03 0
2.095961e+03 0
2.096234e+03 0
2.096507e+03 0
2.096780e+03 0
2.097053e+03 0
2.097325e+03 0
2.097598e+03 0
2.097871e+03 0
2.098144e+03 0
2.098417e+03 0
2.098690e+03 0
2.098963e+03 0
2.099235e+03 0
2.099508e+03 0
2.099781e+03 0
2.100054e+03 0
2.100327e+03 0
2.100600e+03 0
2.100873e+03 0
2.101146e+03 0
2.101419e+03 0
2.101691e+03 0
2.101964e+03 0
2.102237e+03 0
2.102510e+03 0
2.102783e+03 0
2.103056e+03 0
2.103329e+03 0
2.103602e+03 0
2.103875e+03 0
2.104148e+03 0
2.104420e+03 0
2.104693e+03 0
2.104966e+03 0
2.105239e+03 0
2.105512e+03 0
2.105785e+03 0
2.106058e+03 0
2.106331e+03 0
2.106604e+03 0
2.106877e+03 0
2.107150e+03 0
2.107423e+03 0
2.107696e+03 0
2.107969e+03 0
2.108242e+03 0
2.108515e+03 0
2.108788e+03 0
2.109060e+03 0
2.109333e+03 0
2.109606e+03 0
2.109879e+03 0
2.110152e+03 0
2.110425e+03 0
2.110698e+03 0
2.110971e+03 0
2.111244e+03 0
2.111517e+03 0
2.111790e+03 0
2.112063e+03 0
2.112336e+03 0
2.112609e+03 0
2.112882e+03 0
2.113155e+03 0
2.113428e+03 0
2.113701e+03 0
2.113974e+03 0
2.114247e+03 0
2.114520e+03 0
2.114793e+03 0
2.115066e+03 0
2.115339e+03 0
2.115612e+03 0
2.115885e+03 0
2.116158e+03 0
2.116431e+03 0
2.116705e+03 0
2.116978e+03 0
2.117251e+03 0
2.117524e+03 0
2.117797e+03 0
2.118070e+03 0
2.118343e+03 0
2.118616e+03 0
2.118889e+03 0
2.119162e+03 0
2.119435e+03 0
2.119708e+03 0
2.119981e+03 0
2.120254e+03 0
2.120527e+03 0
2.120800e+03 0
2.121073e+03 0
2.121347e+03 0
2.121620e+03 0
2.121893e+03 0
2.122166e+03 0
2.122439e+03 0
2.122712e+03 0
2.122985e+03 0
2.123258e+03 0
2.123531e+03 0
2.123804e+03 0
2.124078e+03 0
2.124351e+03 0
2.124624e+03 0
2.124897e+03 0
2.125170e+03 0
2.125443e+03 0
2.125716e+03 0
2.125989e+03 0
2.126263e+03 0
2.126536e+03 0
2.126809e+03 0
2.127082e+03 0
2.127355e+03 0
2.127628e+03 0
2.127901e+03 0
2.128175e+03 0
2.128448e+03 0
2.128721e+03 0
2.128994e+03 0
2.129267e+03 0
2.129540e+03 0
2.129813e+03 0
2.130087e+03 0
2.130360e+03 0
2.130633e+03 0
2.130906e+03 0
2.131179e+03 0
2.131452e+03 0
2.131726e+03 0
2.131999e+03 0
2.132272e+03 0
2.132545e+03 0
2.132818e+03 0
2.133092e+03 0
2.133365e+03 0
2.133638e+03 0
2.133911e+03 0
2.134184e+03 0
2.134458e+03 0
2.134731e+03 0
2.135004e+03 0
2.135277e+03 0
2.135551e+03 0
2.135824e+03 0
2.136097e+03 0
2.136370e+03 0
2.136643e+03 0
2.136917e+03 0
2.137190e+03 0
2.137463e+03 0
2.137736e+03 0
2.138010e+03 0
2.138283e+03 0
2.138556e+03 0
2.138829e+03 0
2.139103e+03 0
2.139376e+03 0
2.139649e+03 0
2.139922e+03 0
2.140196e+03 0
2.140469e+03 0
2.140742e+03 0
2.141016e+03 0
2.141289e+03 0
2.141562e+03 0
2.141835e+03 0
2.142109e+03 0
2.142382e+03 0
2.142655e+03 0
2.142928e+03 0
2.143202e+03 0
2.143475e+03 0
2.143748e+03 0
2.144022e+03 0
2.144295e+03 0
2.144568e+03 0
2.144842e+03 0
2.145115e+03 0
2.145388e+03 0
2.145662e+03 0
2.145935e+03 0
2.146208e+03 0
2.146482e+03 0
2.146755e+03 0
2.147028e+03 0
2.147302e+03 0
2.147575e+03 0
2.147848e+03 0
2.148122e+03 0
2.148395e+03 0
2.148668e+03 0
2.148942e+03 0
2.149215e+03 0
2.149488e+03 0
2.149762e+03 0
2.150035e+03 0
2.150308e+03 0
2.150582e+03 0
2.150855e+03 0
2.151129e+03 0
2.151402e+03 0
2.151675e+03 0
2.151949e+03 0
2.152222e+03 0
2.152495e+03 0
2.152769e+03 0
