Energy  Counts
2.615080e+00 0
2.879414e+00 0
3.143750e+00 0
3.408087e+00 0
3.672426e+00 0
3.936767e+00 0
4.201110e+00 0
4.465454e+00 0
4.729800e+00 0
4.994147e+00 0
5.258497e+00 0
5.522848e+00 0
5.787201e+00 0
6.051555e+00 0
6.315911e+00 0
6.580269e+00 0
6.844629e+00 0
7.108990e+00 0
7.373353e+00 0
7.637718e+00 0
7.902084e+00 0
8.166452e+00 0
8.430822e+00 0
8.695194e+00 0
8.959567e+00 0
9.223942e+00 0
9.488319e+00 0
9.752697e+00 0
1.001708e+01 0
1.028146e+01 0
1.054584e+01 0
1.081023e+01 0
1.107461e+01 0
1.133900e+01 0
1.160339e+01 0
1.186779e+01 0
1.213218e+01 0
1.239657e+01 0
1.266097e+01 0
1.292537e+01 0
1.318977e+01 0
1.345417e+01 0
1.371858e+01 0
1.398298e+01 0
1.424739e+01 0
1.451180e+01 0
1.477621e+01 0
1.504062e+01 0
1.530504e+01 0
1.556945e+01 0
1.583387e+01 0
1.609829e+01 0
1.636271e+01 0
1.662713e+01 0
1.689156e+01 0
1.715598e+01 0
1.742041e+01 0
1.768484e+01 0
1.794927e+01 0
1.821371e+01 0
1.847814e+01 0
1.874258e+01 0
1.900701e+01 0
1.927145e+01 0
1.953590e+01 0
1.980034e+01 0
2.006478e+01 0
2.032923e+01 0
2.059368e+01 0
2.085813e+01 0
2.112258e+01 0
2.138703e+01 0
2.165149e+01 0
2.191595e+01 0
2.218040e+01 0
2.244487e+01 0
2.270933e+01 0
2.297379e+01 0
2.323826e+01 0
2.350272e+01 0
2.376719e+01 0
2.403166e+01 0
2.429613e+01 0
2.456061e+01 0
2.482508e+01 0
2.508956e+01 0
2.535404e+01 0
2.561852e+01 0
2.588300e+01 0
2.614749e+01 0
2.641197e+01 0
2.667646e+01 0
2.694095e+01 0
2.720544e+01 0
2.746993e+01 0
2.773443e+01 0
2.799892e+01 0
2.826342e+01 0
2.852792e+01 0
2.879242e+01 0
2.905693e+01 0
2.932143e+01 0
2.958594e+01 0
2.985045e+01 0
3.011495e+01 0
3.037947e+01 0
3.064398e+01 0
3.090849e+01 0
3.117301e+01 0
3.143753e+01 0
3.170205e+01 0
3.196657e+01 0
3.223109e+01 0
3.249562e+01 0
3.276015e+01 0
3.302467e+01 0
3.328920e+01 0
3.355374e+01 0
3.381827e+01 0
3.408281e+01 0
3.434734e+01 0
3.461188e+01 0
3.487642e+01 0
3.514096e+01 0
3.540551e+01 0
3.567005e+01 0
3.593460e+01 0
3.619915e+01 0
3.646370e+01 0
3.672825e+01 0
3.699281e+01 0
3.725736e+01 0
3.752192e+01 0
3.778648e+01 0
3.805104e+01 0
3.831560e+01 0
3.858017e+01 0
3.884473e+01 0
3.910930e+01 0
3.937387e+01 0
3.963844e+01 0
3.990301e+01 0
4.016759e+01 0
4.043217e+01 0
4.069674e+01 0
4.096132e+01 0
4.122590e+01 0
4.149049e+01 0
4.175507e+01 0
4.201966e+01 0
4.228425e+01 0
4.254884e+01 0
4.281343e+01 0
4.307802e+01 0
4.334262e+01 0
4.360721e+01 0
4.387181e+01 0
4.413641e+01 0
4.440101e+01 0
4.466562e+01 0
4.493022e+01 0
4.519483e+01 0
4.545944e+01 0
4.572405e+01 0
4.598866e+01 0
4.625328e+01 0
4.651789e+01 0
4.678251e+01 0
4.704713e+01 0
4.731175e+01 0
4.757637e+01 0
4.784099e+01 0
4.810562e+01 0
4.837025e+01 0
4.863488e+01 0
4.889951e+01 0
4.916414e+01 0
4.942877e+01 0
4.969341e+01 0
4.995805e+01 0
5.022269e+01 0
5.048733e+01 0
5.075197e+01 0
5.101662e+01 0
5.128126e+01 0
5.154591e+01 0
5.181056e+01 0
5.207521e+01 0
5.233986e+01 0
5.260452e+01 0
5.286918e+01 0
5.313383e+01 0
5.339849e+01 0
5.366316e+01 0
5.392782e+01 0
5.419248e+01 0
5.445715e+01 0
5.472182e+01 0
5.498649e+01 0
5.525116e+01 0
5.551583e+01 0
5.578051e+01 0
5.604519e+01 0
5.630987e+01 0
5.657455e+01 0
5.683923e+01 0
5.710391e+01 0
5.736860e+01 0
5.763328e+01 0
5.789797e+01 0
5.816266e+01 0
5.842736e+01 0
5.869205e+01 0
5.895675e+01 0
5.922144e+01 0
5.948614e+01 0
5.975084e+01 0
6.001555e+01 0
6.028025e+01 0
6.054496e+01 0
6.080966e+01 0
6.107437e+01 0
6.133908e+01 0
6.160380e+01 0
6.186851e+01 0
6.213323e+01 0
6.239795e+01 0
6.266266e+01 0
6.292739e+01 0
6.319211e+01 0
6.345683e+01 0
6.372156e+01 0
6.398629e+01 0
6.425102e+01 0
6.451575e+01 0
6.478048e+01 0
6.504522e+01 0
6.530995e+01 0
6.557469e+01 0
6.583943e+01 0
6.610417e+01 0
6.636892e+01 0
6.663366e+01 0
6.689841e+01 0
6.716316e+01 0
6.742791e+01 0
6.769266e+01 0
6.795742e+01 0
6.822217e+01 0
6.848693e+01 0
6.875169e+01 0
6.901645e+01 0
6.928121e+01 0
6.954597e+01 0
6.981074e+01 0
7.007551e+01 0
7.034028e+01 0
7.060505e+01 0
7.086982e+01 0
7.113459e+01 0
7.139937e+01 0
7.166415e+01 0
7.192893e+01 0
7.219371e+01 0
7.245849e+01 0
7.272327e+01 0
7.298806e+01 0
7.325285e+01 0
7.351764e+01 0
7.378243e+01 0
7.404722e+01 0
7.431202e+01 0
7.457681e+01 0
7.484161e+01 0
7.510641e+01 0
7.537121e+01 0
7.563602e+01 0
7.590082e+01 0
7.616563e+01 0
7.643044e+01 0
7.669525e+01 0
7.696006e+01 0
7.722487e+01 0
7.748969e+01 0
7.775450e+01 0
7.801932e+01 0
7.828414e+01 0
7.854896e+01 0
7.881379e+01 0
7.907861e+01 0
7.934344e+01 0
7.960827e+01 0
7.987310e+01 0
8.013793e+01 0
8.040276e+01 0
8.066760e+01 0
8.093244e+01 0
8.119728e+01 0
8.146212e+01 0
8.172696e+01 0
8.199180e+01 0
8.225665e+01 0
8.252150e+01 0
8.278635e+01 0
8.305120e+01 0
8.331605e+01 0
8.358090e+01 0
8.384576e+01 0
8.411062e+01 0
8.437548e+01 0
8.464034e+01 0
8.490520e+01 0
8.517007e+01 0
8.543493e+01 0
8.569980e+01 0
8.596467e+01 0
8.622954e+01 0
8.649442e+01 0
8.675929e+01 0
8.702417e+01 0
8.728905e+01 0
8.755393e+01 0
8.781881e+01 0
8.808369e+01 0
8.834858e+01 0
8.861346e+01 0
8.887835e+01 0
8.914324e+01 0
8.940813e+01 0
8.967303e+01 0
8.993792e+01 0
9.020282e+01 0
9.046772e+01 0
9.073262e+01 0
9.099752e+01 0
9.126242e+01 0
9.152733e+01 0
9.179224e+01 0
9.205715e+01 0
9.232206e+01 0
9.258697e+01 0
9.285188e+01 0
9.311680e+01 0
9.338172e+01 0
9.364664e+01 0
9.391156e+01 0
9.417648e+01 0
9.444140e+01 0
9.470633e+01 0
9.497126e+01 0
9.523619e+01 0
9.550112e+01 0
9.576605e+01 0
9.603099e+01 0
9.629592e+01 0
9.656086e+01 0
9.682580e+01 0
9.709074e+01 0
9.735568e+01 0
9.762063e+01 0
9.788558e+01 0
9.815052e+01 0
9.841547e+01 0
9.868043e+01 0
9.894538e+01 0
9.921033e+01 0
9.947529e+01 0
9.974025e+01 0
1.000052e+02 0
1.002702e+02 0
1.005351e+02 0
1.008001e+02 0
1.010651e+02 0
1.013300e+02 0
1.015950e+02 0
1.018600e+02 0
1.021250e+02 0
1.023899e+02 0
1.026549e+02 0
1.029199e+02 0
1.031849e+02 0
1.034498e+02 0
1.037148e+02 0
1.039798e+02 0
1.042448e+02 0
1.045098e+02 0
1.047748e+02 0
1.050398e+02 0
1.053048e+02 0
1.055698e+02 0
1.058348e+02 0
1.060998e+02 0
1.063648e+02 0
1.066298e+02 0
1.068948e+02 0
1.071598e+02 0
1.074248e+02 0
1.076898e+02 0
1.079548e+02 0
1.082198e+02 0
1.084848e+02 0
1.087499e+02 0
1.090149e+02 0
1.092799e+02 0
1.095449e+02 0
1.098099e+02 0
1.100750e+02 0
1.103400e+02 0
1.106050e+02 0
1.108700e+02 0
1.111351e+02 0
1.114001e+02 0
1.116651e+02 0
1.119302e+02 0
1.121952e+02 0
1.124603e+02 0
1.127253e+02 0
1.129903e+02 0
1.132554e+02 0
1.135204e+02 0
1.137855e+02 0
1.140505e+02 0
1.143156e+02 0
1.145806e+02 0
1.148457e+02 0
1.151108e+02 0
1.153758e+02 0
1.156409e+02 0
1.159059e+02 0
1.161710e+02 0
1.164361e+02 0
1.167011e+02 0
1.169662e+02 0
1.172313e+02 0
1.174964e+02 0
1.177614e+02 0
1.180265e+02 0
1.182916e+02 0
1.185567e+02 0
1.188217e+02 0
1.190868e+02 0
1.193519e+02 0
1.196170e+02 0
1.198821e+02 0
1.201472e+02 0
1.204123e+02 0
1.206774e+02 0
1.209425e+02 0
1.212076e+02 0
1.214726e+02 0
1.217377e+02 0
1.220029e+02 0
1.222680e+02 0
1.225331e+02 0
1.227982e+02 0
1.230633e+02 0
1.233284e+02 0
1.235935e+02 0
1.238586e+02 0
1.241237e+02 0
1.243888e+02 0
1.246540e+02 0
1.249191e+02 0
1.251842e+02 0
1.254493e+02 0
1.257145e+02 0
1.259796e+02 0
1.262447e+02 0
1.265098e+02 0
1.267750e+02 0
1.270401e+02 0
1.273052e+02 0
1.275704e+02 0
1.278355e+02 0
1.281007e+02 0
1.283658e+02 0
1.286310e+02 0
1.288961e+02 0
1.291612e+02 0
1.294264e+02 0
1.296915e+02 0
1.299567e+02 0
1.302219e+02 0
1.304870e+02 0
1.307522e+02 0
1.310173e+02 0
1.312825e+02 0
1.315477e+02 0
1.318128e+02 0
1.320780e+02 0
1.323432e+02 0
1.326083e+02 0
1.328735e+02 0
1.331387e+02 0
1.334038e+02 0
1.336690e+02 0
1.339342e+02 0
1.341994e+02 0
1.344646e+02 0
1.347297e+02 0
1.349949e+02 0
1.352601e+02 0
1.355253e+02 0
1.357905e+02 0
1.360557e+02 0
1.363209e+02 0
1.365861e+02 0
1.368513e+02 0
1.371165e+02 0
1.373817e+02 0
1.376469e+02 0
1.379121e+02 0
1.381773e+02 0
1.384425e+02 0
1.387077e+02 0
1.389729e+02 0
1.392381e+02 0
1.395033e+02 0
1.397686e+02 0
1.400338e+02 0
1.402990e+02 0
1.405642e+02 0
1.408294e+02 0
1.410947e+02 0
1.413599e+02 0
1.416251e+02 0
1.418903e+02 0
1.421556e+02 0
1.424208e+02 0
1.426860e+02 0
1.429513e+02 0
1.432165e+02 0
1.434818e+02 0
1.437470e+02 0
1.440122e+02 0
1.442775e+02 0
1.445427e+02 0
1.448080e+02 0
1.450732e+02 0
1.453385e+02 0
1.456037e+02 0
1.458690e+02 0
1.461343e+02 0
1.463995e+02 0
1.466648e+02 0
1.469300e+02 0
1.471953e+02 0
1.474606e+02 0
1.477258e+02 0
1.479911e+02 0
1.482564e+02 0
1.485216e+02 0
1.487869e+02 0
1.490522e+02 0
1.493175e+02 0
1.495828e+02 0
1.498480e+02 0
1.501133e+02 0
1.503786e+02 0
1.506439e+02 0
1.509092e+02 0
1.511745e+02 0
1.514398e+02 0
1.517050e+02 0
1.519703e+02 0
1.522356e+02 0
1.525009e+02 0
1.527662e+02 0
1.530315e+02 0
1.532968e+02 0
1.535621e+02 0
1.538275e+02 0
1.540928e+02 0
1.543581e+02 0
1.546234e+02 0
1.548887e+02 0
1.551540e+02 0
1.554193e+02 0
1.556846e+02 0
1.559500e+02 0
1.562153e+02 0
1.564806e+02 0
1.567459e+02 0
1.570113e+02 0
1.572766e+02 0
1.575419e+02 0
1.578073e+02 0
1.580726e+02 0
1.583379e+02 0
1.586033e+02 0
1.588686e+02 0
1.591339e+02 0
1.593993e+02 0
1.596646e+02 0
1.599300e+02 0
1.601953e+02 0
1.604607e+02 0
1.607260e+02 0
1.609914e+02 0
1.612567e+02 0
1.615221e+02 0
1.617874e+02 0
1.620528e+02 0
1.623182e+02 0
1.625835e+02 0
1.628489e+02 0
1.631143e+02 0
1.633796e+02 0
1.636450e+02 0
1.639104e+02 0
1.641757e+02 0
1.644411e+02 0
1.647065e+02 0
1.649719e+02 0
1.652372e+02 0
1.655026e+02 0
1.657680e+02 0
1.660334e+02 0
1.662988e+02 0
1.665642e+02 0
1.668296e+02 0
1.670950e+02 0
1.673603e+02 0
1.676257e+02 0
1.678911e+02 0
1.681565e+02 0
1.684219e+02 0
1.686873e+02 0
1.689527e+02 0
1.692182e+02 0
1.694836e+02 0
1.697490e+02 0
1.700144e+02 0
1.702798e+02 0
1.705452e+02 0
1.708106e+02 0
1.710760e+02 0
1.713415e+02 0
1.716069e+02 0
1.718723e+02 0
1.721377e+02 0
1.724032e+02 0
1.726686e+02 0
1.729340e+02 0
1.731994e+02 0
1.734649e+02 0
1.737303e+02 0
1.739957e+02 0
1.742612e+02 0
1.745266e+02 0
1.747921e+02 0
1.750575e+02 0
1.753229e+02 0
1.755884e+02 0
1.758538e+02 0
1.761193e+02 0
1.763847e+02 0
1.766502e+02 0
1.769157e+02 0
1.771811e+02 0
1.774466e+02 0
1.777120e+02 0
1.779775e+02 0
1.782430e+02 0
1.785084e+02 0
1.787739e+02 0
1.790394e+02 0
1.793048e+02 0
1.795703e+02 0
1.798358e+02 0
1.801012e+02 0
1.803667e+02 0
1.806322e+02 0
1.808977e+02 0
1.811632e+02 0
1.814286e+02 0
1.816941e+02 0
1.819596e+02 0
1.822251e+02 0
1.824906e+02 0
1.827561e+02 0
1.830216e+02 0
1.832871e+02 0
1.835526e+02 0
1.838181e+02 0
1.840836e+02 0
1.843491e+02 0
1.846146e+02 0
1.848801e+02 0
1.851456e+02 0
1.854111e+02 0
1.856766e+02 0
1.859421e+02 0
1.862077e+02 0
1.864732e+02 0
1.867387e+02 0
1.870042e+02 0
1.872697e+02 0
1.875353e+02 0
1.878008e+02 0
1.880663e+02 0
1.883318e+02 0
1.885974e+02 0
1.888629e+02 0
1.891284e+02 0
1.893940e+02 0
1.896595e+02 0
1.899250e+02 0
1.901906e+02 0
1.904561e+02 0
1.907217e+02 0
1.909872e+02 0
1.912528e+02 0
1.915183e+02 0
1.917839e+02 0
1.920494e+02 0
1.923150e+02 0
1.925805e+02 0
1.928461e+02 0
1.931116e+02 0
1.933772e+02 0
1.936428e+02 0
1.939083e+02 0
1.941739e+02 0
1.944395e+02 0
1.947050e+02 0
1.949706e+02 0
1.952362e+02 0
1.955017e+02 0
1.957673e+02 0
1.960329e+02 0
1.962985e+02 0
1.965641e+02 0
1.968296e+02 0
1.970952e+02 0
1.973608e+02 0
1.976264e+02 0
1.978920e+02 0
1.981576e+02 0
1.984232e+02 0
1.986888e+02 0
1.989544e+02 0
1.992200e+02 0
1.994856e+02 0
1.997512e+02 0
2.000168e+02 0
2.002824e+02 0
2.005480e+02 0
2.008136e+02 0
2.010792e+02 0
2.013448e+02 0
2.016104e+02 0
2.018760e+02 0
2.021417e+02 0
2.024073e+02 0
2.026729e+02 0
2.029385e+02 0
2.032041e+02 0
2.034698e+02 0
2.037354e+02 0
2.040010e+02 0
2.042667e+02 0
2.045323e+02 0
2.047979e+02 0
2.050636e+02 0
2.053292e+02 0
2.055948e+02 0
2.058605e+02 0
2.061261e+02 0
2.063918e+02 0
2.066574e+02 0
2.069231e+02 0
2.071887e+02 0
2.074544e+02 0
2.077200e+02 0
2.079857e+02 0
2.082513e+02 0
2.085170e+02 0
2.087826e+02 0
2.090483e+02 0
2.093140e+02 0
2.095796e+02 0
2.098453e+02 0
2.101110e+02 0
2.103766e+02 0
2.106423e+02 0
2.109080e+02 0
2.111736e+02 0
2.114393e+02 0
2.117050e+02 0
2.119707e+02 0
2.122364e+02 0
2.125021e+02 0
2.127677e+02 0
2.130334e+02 0
2.132991e+02 0
2.135648e+02 0
2.138305e+02 0
2.140962e+02 0
2.143619e+02 0
2.146276e+02 0
2.148933e+02 0
2.151590e+02 0
2.154247e+02 0
2.156904e+02 0
2.159561e+02 0
2.162218e+02 0
2.164875e+02 0
2.167532e+02 0
2.170189e+02 0
2.172846e+02 0
2.175504e+02 0
2.178161e+02 0
2.180818e+02 0
2.183475e+02 0
2.186132e+02 0
2.188790e+02 0
2.191447e+02 0
2.194104e+02 0
2.196762e+02 0
2.199419e+02 0
2.202076e+02 0
2.204734e+02 0
2.207391e+02 0
2.210048e+02 0
2.212706e+02 0
2.215363e+02 0
2.218021e+02 0
2.220678e+02 0
2.223335e+02 0
2.225993e+02 0
2.228650e+02 0
2.231308e+02 0
2.233965e+02 0
2.236623e+02 0
2.239281e+02 0
2.241938e+02 0
2.244596e+02 0
2.247253e+02 0
2.249911e+02 0
2.252569e+02 0
2.255226e+02 0
2.257884e+02 0
2.260542e+02 0
2.263199e+02 0
2.265857e+02 0
2.268515e+02 0
2.271173e+02 0
2.273831e+02 0
2.276488e+02 0
2.279146e+02 0
2.281804e+02 0
2.284462e+02 0
2.287120e+02 0
2.289778e+02 0
2.292436e+02 0
2.295093e+02 0
2.297751e+02 0
2.300409e+02 0
2.303067e+02 0
2.305725e+02 0
2.308383e+02 0
2.311041e+02 0
2.313699e+02 0
2.316358e+02 0
2.319016e+02 0
2.321674e+02 0
2.324332e+02 0
2.326990e+02 0
2.329648e+02 0
2.332306e+02 0
2.334964e+02 0
2.337623e+02 0
2.340281e+02 0
2.342939e+02 0
2.345597e+02 0
2.348256e+02 0
2.350914e+02 0
2.353572e+02 0
2.356231e+02 0
2.358889e+02 0
2.361547e+02 0
2.364206e+02 0
2.366864e+02 0
2.369522e+02 0
2.372181e+02 0
2.374839e+02 0
2.377498e+02 0
2.380156e+02 0
2.382815e+02 0
2.385473e+02 0
2.388132e+02 0
2.390790e+02 0
2.393449e+02 0
2.396107e+02 0
2.398766e+02 0
2.401425e+02 0
2.404083e+02 0
2.406742e+02 0
2.409401e+02 0
2.412059e+02 0
2.414718e+02 0
2.417377e+02 0
2.420035e+02 0
2.422694e+02 0
2.425353e+02 0
2.428012e+02 0
2.430670e+02 0
2.433329e+02 0
2.435988e+02 0
2.438647e+02 0
2.441306e+02 0
2.443965e+02 0
2.446624e+02 0
2.449283e+02 0
2.451941e+02 0
2.454600e+02 0
2.457259e+02 0
2.459918e+02 0
2.462577e+02 0
2.465236e+02 0
2.467895e+02 0
2.470554e+02 0
2.473214e+02 0
2.475873e+02 0
2.478532e+02 0
2.481191e+02 0
2.483850e+02 0
2.486509e+02 0
2.489168e+02 0
2.491828e+02 0
2.494487e+02 0
2.497146e+02 0
2.499805e+02 0
2.502464e+02 0
2.505124e+02 0
2.507783e+02 0
2.510442e+02 0
2.513102e+02 0
2.515761e+02 0
2.518420e+02 0
2.521080e+02 0
2.523739e+02 0
2.526399e+02 0
2.529058e+02 0
2.531717e+02 0
2.534377e+02 0
2.537036e+02 0
2.539696e+02 0
2.542355e+02 0
2.545015e+02 0
2.547674e+02 0
2.550334e+02 0
2.552994e+02 0
2.555653e+02 0
2.558313e+02 0
2.560972e+02 0
2.563632e+02 0
2.566292e+02 0
2.568951e+02 0
2.571611e+02 0
2.574271e+02 0
2.576931e+02 0
2.579590e+02 0
2.582250e+02 0
2.584910e+02 0
2.587570e+02 0
2.590230e+02 0
2.592889e+02 0
2.595549e+02 0
2.598209e+02 0
2.600869e+02 0
2.603529e+02 0
2.606189e+02 0
2.608849e+02 0
2.611509e+02 0
2.614169e+02 0
2.616829e+02 0
2.619489e+02 0
2.622149e+02 0
2.624809e+02 0
2.627469e+02 0
2.630129e+02 0
2.632789e+02 0
2.635449e+02 0
2.638109e+02 0
2.640769e+02 0
2.643430e+02 0
2.646090e+02 0
2.648750e+02 0
2.651410e+02 0
2.654070e+02 0
2.656731e+02 0
2.659391e+02 0
2.662051e+02 0
2.664711e+02 0
2.667372e+02 0
2.670032e+02 0
2.672692e+02 0
2.675353e+02 0
2.678013e+02 0
2.680674e+02 0
2.683334e+02 0
2.685994e+02 0
2.688655e+02 0
2.691315e+02 0
2.693976e+02 0
2.696636e+02 0
2.699297e+02 0
2.701957e+02 0
2.704618e+02 0
2.707279e+02 0
2.709939e+02 0
2.712600e+02 0
2.715260e+02 0
2.717921e+02 0
2.720582e+02 0
2.723242e+02 0
2.725903e+02 0
2.728564e+02 0
2.731225e+02 0
2.733885e+02 0
2.736546e+02 0
2.739207e+02 0
2.741868e+02 0
2.744528e+02 0
2.747189e+02 0
2.749850e+02 0
2.752511e+02 0
2.755172e+02 0
2.757833e+02 0
2.760494e+02 0
2.763155e+02 0
2.765816e+02 0
2.768476e+02 0
2.771137e+02 0
2.773798e+02 0
2.776459e+02 0
2.779121e+02 0
2.781782e+02 0
2.784443e+02 0
2.787104e+02 0
2.789765e+02 0
2.792426e+02 0
2.795087e+02 0
2.797748e+02 0
2.800409e+02 0
2.803071e+02 0
2.805732e+02 0
2.808393e+02 0
2.811054e+02 0
2.813715e+02 0
2.816377e+02 0
2.819038e+02 0
2.821699e+02 0
2.824361e+02 0
2.827022e+02 0
2.829683e+02 0
2.832345e+02 0
2.835006e+02 0
2.837668e+02 0
2.840329e+02 0
2.842990e+02 0
2.845652e+02 0
2.848313e+02 0
2.850975e+02 0
2.853636e+02 0
2.856298e+02 0
2.858959e+02 0
2.861621e+02 0
2.864283e+02 0
2.866944e+02 0
2.869606e+02 0
2.872267e+02 0
2.874929e+02 0
2.877591e+02 0
2.880252e+02 0
2.882914e+02 0
2.885576e+02 0
2.888238e+02 0
2.890899e+02 0
2.893561e+02 0
2.896223e+02 0
2.898885e+02 0
2.901546e+02 0
2.904208e+02 0
2.906870e+02 0
2.909532e+02 0
2.912194e+02 0
2.914856e+02 0
2.917518e+02 0
2.920180e+02 0
2.922842e+02 0
2.925504e+02 0
2.928166e+02 0
2.930828e+02 0
2.933490e+02 0
2.936152e+02 0
2.938814e+02 0
2.941476e+02 0
2.944138e+02 0
2.946800e+02 0
2.949462e+02 0
2.952124e+02 0
2.954786e+02 0
2.957449e+02 0
2.960111e+02 0
2.962773e+02 0
2.965435e+02 0
2.968097e+02 0
2.970760e+02 0
2.973422e+02 0
2.976084e+02 0
2.978747e+02 0
2.981409e+02 0
2.984071e+02 0
2.986734e+02 0
2.989396e+02 0
2.992058e+02 0
2.994721e+02 0
2.997383e+02 0
3.000046e+02 0
3.002708e+02 0
3.005371e+02 0
3.008033e+02 0
3.010696e+02 0
3.013358e+02 0
3.016021e+02 0
3.018683e+02 0
3.021346e+02 0
3.024009e+02 0
3.026671e+02 0
3.029334e+02 0
3.031996e+02 0
3.034659e+02 0
3.037322e+02 0
3.039985e+02 0
3.042647e+02 0
3.045310e+02 0
3.047973e+02 0
3.050636e+02 0
3.053298e+02 0
3.055961e+02 0
3.058624e+02 0
3.061287e+02 0
3.063950e+02 0
3.066613e+02 0
3.069275e+02 0
3.071938e+02 0
3.074601e+02 0
3.077264e+02 0
3.079927e+02 0
3.082590e+02 0
3.085253e+02 0
3.087916e+02 0
3.090579e+02 0
3.093242e+02 0
3.095905e+02 0
3.098568e+02 0
3.101231e+02 0
3.103895e+02 0
3.106558e+02 0
3.109221e+02 0
3.111884e+02 0
3.114547e+02 0
3.117210e+02 0
3.119874e+02 0
3.122537e+02 0
3.125200e+02 0
3.127863e+02 0
3.130527e+02 0
3.133190e+02 0
3.135853e+02 0
3.138517e+02 0
3.141180e+02 0
3.143843e+02 0
3.146507e+02 0
3.149170e+02 0
3.151834e+02 0
3.154497e+02 0
3.157160e+02 0
3.159824e+02 0
3.162487e+02 0
3.165151e+02 0
3.167814e+02 0
3.170478e+02 0
3.173142e+02 0
3.175805e+02 0
3.178469e+02 0
3.181132e+02 0
3.183796e+02 0
3.186460e+02 0
3.189123e+02 0
3.191787e+02 0
3.194451e+02 0
3.197114e+02 0
3.199778e+02 0
3.202442e+02 0
3.205106e+02 0
3.207769e+02 0
3.210433e+02 0
3.213097e+02 0
3.215761e+02 0
3.218425e+02 0
3.221089e+02 0
3.223752e+02 0
3.226416e+02 0
3.229080e+02 0
3.231744e+02 0
3.234408e+02 0
3.237072e+02 0
3.239736e+02 0
3.242400e+02 0
3.245064e+02 0
3.247728e+02 0
3.250392e+02 0
3.253056e+02 0
3.255720e+02 0
3.258384e+02 0
3.261049e+02 0
3.263713e+02 0
3.266377e+02 0
3.269041e+02 0
3.271705e+02 0
3.274369e+02 0
3.277034e+02 0
3.279698e+02 0
3.282362e+02 0
3.285026e+02 0
3.287691e+02 0
3.290355e+02 0
3.293019e+02 0
3.295684e+02 0
3.298348e+02 0
3.301012e+02 0
3.303677e+02 0
3.306341e+02 0
3.309006e+02 0
3.311670e+02 0
3.314335e+02 0
3.316999e+02 0
3.319664e+02 0
3.322328e+02 0
3.324993e+02 0
3.327657e+02 0
3.330322e+02 0
3.332986e+02 0
3.335651e+02 0
3.338315e+02 0
3.340980e+02 0
3.343645e+02 0
3.346309e+02 0
3.348974e+02 0
3.351639e+02 0
3.354304e+02 0
3.356968e+02 0
3.359633e+02 0
3.362298e+02 0
3.364963e+02 0
3.367627e+02 0
3.370292e+02 0
3.372957e+02 0
3.375622e+02 0
3.378287e+02 0
3.380952e+02 0
3.383617e+02 0
3.386281e+02 0
3.388946e+02 0
3.391611e+02 0
3.394276e+02 0
3.396941e+02 0
3.399606e+02 0
3.402271e+02 0
3.404936e+02 0
3.407601e+02 0
3.410267e+02 0
3.412932e+02 0
3.415597e+02 0
3.418262e+02 0
3.420927e+02 0
3.423592e+02 0
3.426257e+02 0
3.428923e+02 0
3.431588e+02 0
3.434253e+02 0
3.436918e+02 0
3.439584e+02 0
3.442249e+02 0
3.444914e+02 0
3.447579e+02 0
3.450245e+02 0
3.452910e+02 0
3.455575e+02 0
3.458241e+02 0
3.460906e+02 0
3.463572e+02 0
3.466237e+02 0
3.468903e+02 0
3.471568e+02 0
3.474234e+02 0
3.476899e+02 0
3.479565e+02 0
3.482230e+02 0
3.484896e+02 0
3.487561e+02 0
3.490227e+02 0
3.492892e+02 0
3.495558e+02 0
3.498224e+02 0
3.500889e+02 0
3.503555e+02 0
3.506221e+02 0
3.508886e+02 0
3.511552e+02 0
3.514218e+02 0
3.516884e+02 0
3.519549e+02 0
3.522215e+02 0
3.524881e+02 0
3.527547e+02 0
3.530213e+02 0
3.532879e+02 0
3.535544e+02 0
3.538210e+02 0
3.540876e+02 0
3.543542e+02 0
3.546208e+02 0
3.548874e+02 0
3.551540e+02 0
3.554206e+02 0
3.556872e+02 0
3.559538e+02 0
3.562204e+02 0
3.564870e+02 0
3.567536e+02 0
3.570202e+02 0
3.572869e+02 0
3.575535e+02 0
3.578201e+02 0
3.580867e+02 0
3.583533e+02 0
3.586199e+02 0
3.588866e+02 0
3.591532e+02 0
3.594198e+02 0
3.596864e+02 0
3.599531e+02 0
3.602197e+02 0
3.604863e+02 0
3.607530e+02 0
3.610196e+02 0
3.612862e+02 0
3.615529e+02 0
3.618195e+02 0
3.620862e+02 0
3.623528e+02 0
3.626194e+02 0
3.628861e+02 0
3.631527e+02 0
3.634194e+02 0
3.636860e+02 0
3.639527e+02 0
3.642194e+02 0
3.644860e+02 0
3.647527e+02 0
3.650193e+02 0
3.652860e+02 0
3.655527e+02 0
3.658193e+02 0
3.660860e+02 0
3.663527e+02 0
3.666193e+02 0
3.668860e+02 0
3.671527e+02 0
3.674194e+02 0
3.676860e+02 0
3.679527e+02 0
3.682194e+02 0
3.684861e+02 0
3.687528e+02 0
3.690195e+02 0
3.692861e+02 0
3.695528e+02 0
3.698195e+02 0
3.700862e+02 0
3.703529e+02 0
3.706196e+02 0
3.708863e+02 0
3.711530e+02 0
3.714197e+02 0
3.716864e+02 0
3.719531e+02 0
3.722198e+02 0
3.724865e+02 0
3.727533e+02 0
3.730200e+02 0
3.732867e+02 0
3.735534e+02 0
3.738201e+02 0
3.740868e+02 0
3.743536e+02 0
3.746203e+02 0
3.748870e+02 0
3.751537e+02 0
3.754205e+02 0
3.756872e+02 0
3.759539e+02 0
3.762206e+02 0
3.764874e+02 0
3.767541e+02 0
3.770209e+02 0
3.772876e+02 0
3.775543e+02 0
3.778211e+02 0
3.780878e+02 0
3.783546e+02 0
3.786213e+02 0
3.788881e+02 0
3.791548e+02 0
3.794216e+02 0
3.796883e+02 0
3.799551e+02 0
3.802218e+02 0
3.804886e+02 0
3.807554e+02 0
3.810221e+02 0
3.812889e+02 0
3.815557e+02 0
3.818224e+02 0
3.820892e+02 0
3.823560e+02 0
3.826227e+02 0
3.828895e+02 0
3.831563e+02 0
3.834231e+02 0
3.836899e+02 0
3.839566e+02 0
3.842234e+02 0
3.844902e+02 0
3.847570e+02 0
3.850238e+02 0
3.852906e+02 0
3.855574e+02 0
3.858242e+02 0
3.860910e+02 0
3.863578e+02 0
3.866246e+02 0
3.868914e+02 0
3.871582e+02 0
3.874250e+02 0
3.876918e+02 0
3.879586e+02 0
3.882254e+02 0
3.884922e+02 0
3.887590e+02 0
3.890258e+02 0
3.892926e+02 0
3.895595e+02 0
3.898263e+02 0
3.900931e+02 0
3.903599e+02 0
3.906268e+02 0
3.908936e+02 0
3.911604e+02 0
3.914272e+02 0
3.916941e+02 0
3.919609e+02 0
3.922277e+02 0
3.924946e+02 0
3.927614e+02 0
3.930283e+02 0
3.932951e+02 0
3.935619e+02 0
3.938288e+02 0
3.940956e+02 0
3.943625e+02 0
3.946293e+02 0
3.948962e+02 0
3.951630e+02 0
3.954299e+02 0
3.956968e+02 0
3.959636e+02 0
3.962305e+02 0
3.964973e+02 0
3.967642e+02 0
3.970311e+02 0
3.972979e+02 0
3.975648e+02 0
3.978317e+02 0
3.980986e+02 0
3.983654e+02 0
3.986323e+02 0
3.988992e+02 0
3.991661e+02 0
3.994329e+02 0
3.996998e+02 0
3.999667e+02 0
4.002336e+02 0
4.005005e+02 0
4.007674e+02 0
4.010343e+02 0
4.013012e+02 0
4.015681e+02 0
4.018349e+02 0
4.021018e+02 0
4.023687e+02 0
4.026356e+02 0
4.029026e+02 0
4.031695e+02 0
4.034364e+02 0
4.037033e+02 0
4.039702e+02 0
4.042371e+02 0
4.045040e+02 0
4.047709e+02 0
4.050378e+02 0
4.053048e+02 0
4.055717e+02 0
4.058386e+02 0
4.061055e+02 0
4.063725e+02 0
4.066394e+02 0
4.069063e+02 0
4.071732e+02 0
4.074402e+02 0
4.077071e+02 0
4.079740e+02 0
4.082410e+02 0
4.085079e+02 0
4.087749e+02 0
4.090418e+02 0
4.093087e+02 0
4.095757e+02 0
4.098426e+02 0
4.101096e+02 0
4.103765e+02 0
4.106435e+02 0
4.109105e+02 0
4.111774e+02 0
4.114444e+02 0
4.117113e+02 0
4.119783e+02 0
4.122453e+02 0
4.125122e+02 0
4.127792e+02 0
4.130462e+02 0
4.133131e+02 0
4.135801e+02 0
4.138471e+02 0
4.141140e+02 0
4.143810e+02 0
4.146480e+02 0
4.149150e+02 0
4.151820e+02 0
4.154489e+02 0
4.157159e+02 0
4.159829e+02 0
4.162499e+02 0
4.165169e+02 0
4.167839e+02 0
4.170509e+02 0
4.173179e+02 0
4.175849e+02 0
4.178519e+02 0
4.181189e+02 0
4.183859e+02 0
4.186529e+02 0
4.189199e+02 0
4.191869e+02 0
4.194539e+02 0
4.197209e+02 0
4.199879e+02 0
4.202549e+02 0
4.205220e+02 0
4.207890e+02 0
4.210560e+02 0
4.213230e+02 0
4.215900e+02 0
4.218571e+02 0
4.221241e+02 0
4.223911e+02 0
4.226581e+02 0
4.229252e+02 0
4.231922e+02 0
4.234592e+02 0
4.237263e+02 0
4.239933e+02 0
4.242604e+02 0
4.245274e+02 0
4.247944e+02 0
4.250615e+02 0
4.253285e+02 0
4.255956e+02 0
4.258626e+02 0
4.261297e+02 0
4.263967e+02 0
4.266638e+02 0
4.269309e+02 0
4.271979e+02 0
4.274650e+02 0
4.277320e+02 0
4.279991e+02 0
4.282662e+02 0
4.285332e+02 0
4.288003e+02 0
4.290674e+02 0
4.293344e+02 0
4.296015e+02 0
4.298686e+02 0
4.301357e+02 0
4.304028e+02 0
4.306698e+02 0
4.309369e+02 0
4.312040e+02 0
4.314711e+02 0
4.317382e+02 0
4.320053e+02 0
4.322724e+02 0
4.325394e+02 0
4.328065e+02 0
4.330736e+02 0
4.333407e+02 0
4.336078e+02 0
4.338749e+02 0
4.341420e+02 0
4.344091e+02 0
4.346763e+02 0
4.349434e+02 0
4.352105e+02 0
4.354776e+02 0
4.357447e+02 0
4.360118e+02 0
4.362789e+02 0
4.365460e+02 0
4.368132e+02 0
4.370803e+02 0
4.373474e+02 0
4.376145e+02 0
4.378817e+02 0
4.381488e+02 0
4.384159e+02 0
4.386831e+02 0
4.389502e+02 0
4.392173e+02 0
4.394845e+02 0
4.397516e+02 0
4.400187e+02 0
4.402859e+02 0
4.405530e+02 0
4.408202e+02 0
4.410873e+02 0
4.413545e+02 0
4.416216e+02 0
4.418888e+02 0
4.421559e+02 0
4.424231e+02 0
4.426902e+02 0
4.429574e+02 0
4.432246e+02 0
4.434917e+02 0
4.437589e+02 0
4.440261e+02 0
4.442932e+02 0
4.445604e+02 0
4.448276e+02 0
4.450947e+02 0
4.453619e+02 0
4.456291e+02 0
4.458963e+02 0
4.461634e+02 0
4.464306e+02 0
4.466978e+02 0
4.469650e+02 0
4.472322e+02 0
4.474994e+02 0
4.477666e+02 0
4.480338e+02 0
4.483010e+02 0
4.485681e+02 0
4.488353e+02 0
4.491025e+02 0
4.493697e+02 0
4.496369e+02 0
4.499041e+02 0
4.501714e+02 0
4.504386e+02 0
4.507058e+02 0
4.509730e+02 0
4.512402e+02 0
4.515074e+02 0
4.517746e+02 0
4.520418e+02 0
4.523091e+02 0
4.525763e+02 0
4.528435e+02 0
4.531107e+02 0
4.533780e+02 0
4.536452e+02 0
4.539124e+02 0
4.541796e+02 0
4.544469e+02 0
4.547141e+02 0
4.549813e+02 0
4.552486e+02 0
4.555158e+02 0
4.557831e+02 0
4.560503e+02 0
4.563176e+02 0
4.565848e+02 0
4.568520e+02 0
4.571193e+02 0
4.573865e+02 0
4.576538e+02 0
4.579211e+02 0
4.581883e+02 0
4.584556e+02 0
4.587228e+02 0
4.589901e+02 0
4.592574e+02 0
4.595246e+02 0
4.597919e+02 0
4.600592e+02 0
4.603264e+02 0
4.605937e+02 0
4.608610e+02 0
4.611282e+02 0
4.613955e+02 0
4.616628e+02 0
4.619301e+02 0
4.621974e+02 0
4.624647e+02 0
4.627319e+02 0
4.629992e+02 0
4.632665e+02 0
4.635338e+02 0
4.638011e+02 0
4.640684e+02 0
4.643357e+02 0
4.646030e+02 0
4.648703e+02 0
4.651376e+02 0
4.654049e+02 0
4.656722e+02 0
4.659395e+02 0
4.662068e+02 0
4.664741e+02 0
4.667414e+02 0
4.670087e+02 0
4.672761e+02 0
4.675434e+02 0
4.678107e+02 0
4.680780e+02 0
4.683453e+02 0
4.686127e+02 0
4.688800e+02 0
4.691473e+02 0
4.694146e+02 0
4.696820e+02 0
4.699493e+02 0
4.702166e+02 0
4.704840e+02 0
4.707513e+02 0
4.710186e+02 0
4.712860e+02 0
4.715533e+02 0
4.718207e+02 0
4.720880e+02 0
4.723554e+02 0
4.726227e+02 0
4.728901e+02 0
4.731574e+02 0
4.734248e+02 0
4.736921e+02 0
4.739595e+02 0
4.742268e+02 0
4.744942e+02 0
4.747616e+02 0
4.750289e+02 0
4.752963e+02 0
4.755637e+02 0
4.758310e+02 0
4.760984e+02 0
4.763658e+02 0
4.766331e+02 0
4.769005e+02 0
4.771679e+02 0
4.774353e+02 0
4.777027e+02 0
4.779700e+02 0
4.782374e+02 0
4.785048e+02 0
4.787722e+02 0
4.790396e+02 0
4.793070e+02 0
4.795744e+02 0
4.798418e+02 0
4.801092e+02 0
4.803766e+02 0
4.806440e+02 0
4.809114e+02 0
4.811788e+02 0
4.814462e+02 0
4.817136e+02 0
4.819810e+02 0
4.822484e+02 0
4.825158e+02 0
4.827832e+02 0
4.830506e+02 0
4.833181e+02 0
4.835855e+02 0
4.838529e+02 0
4.841203e+02 0
4.843877e+02 0
4.846552e+02 0
4.849226e+02 0
4.851900e+02 0
4.854575e+02 0
4.857249e+02 0
4.859923e+02 0
4.862598e+02 0
4.865272e+02 0
4.867946e+02 0
4.870621e+02 0
4.873295e+02 0
4.875970e+02 0
4.878644e+02 0
4.881319e+02 0
4.883993e+02 0
4.886668e+02 0
4.889342e+02 0
4.892017e+02 0
4.894691e+02 0
4.897366e+02 0
4.900040e+02 0
4.902715e+02 0
4.905390e+02 0
4.908064e+02 0
4.910739e+02 0
4.913414e+02 0
4.916088e+02 0
4.918763e+02 0
4.921438e+02 0
4.924113e+02 0
4.926787e+02 0
4.929462e+02 0
4.932137e+02 0
4.934812e+02 0
4.937487e+02 0
4.940161e+02 0
4.942836e+02 0
4.945511e+02 0
4.948186e+02 0
4.950861e+02 0
4.953536e+02 0
4.956211e+02 0
4.958886e+02 0
4.961561e+02 0
4.964236e+02 0
4.966911e+02 0
4.969586e+02 0
4.972261e+02 0
4.974936e+02 0
4.977611e+02 0
4.980286e+02 0
4.982961e+02 0
4.985637e+02 0
4.988312e+02 0
4.990987e+02 0
4.993662e+02 0
4.996337e+02 0
4.999012e+02 0
5.001688e+02 0
5.004363e+02 0
5.007038e+02 0
5.009714e+02 0
5.012389e+02 0
5.015064e+02 0
5.017740e+02 0
5.020415e+02 0
5.023090e+02 0
5.025766e+02 0
5.028441e+02 0
5.031117e+02 0
5.033792e+02 0
5.036467e+02 0
5.039143e+02 0
5.041818e+02 0
5.044494e+02 0
5.047170e+02 0
5.049845e+02 0
5.052521e+02 0
5.055196e+02 0
5.057872e+02 0
5.060547e+02 0
5.063223e+02 0
5.065899e+02 0
5.068574e+02 0
5.071250e+02 0
5.073926e+02 0
5.076602e+02 0
5.079277e+02 0
5.081953e+02 0
5.084629e+02 0
5.087305e+02 0
5.089980e+02 0
5.092656e+02 0
5.095332e+02 0
5.098008e+02 0
5.100684e+02 0
5.103360e+02 0
5.106036e+02 0
5.108712e+02 0
5.111388e+02 0
5.114063e+02 0
5.116739e+02 0
5.119415e+02 0
5.122091e+02 0
5.124767e+02 0
5.127444e+02 0
5.130120e+02 0
5.132796e+02 0
5.135472e+02 0
5.138148e+02 0
5.140824e+02 0
5.143500e+02 0
5.146176e+02 0
5.148853e+02 0
5.151529e+02 0
5.154205e+02 0
5.156881e+02 0
5.159557e+02 0
5.162234e+02 0
5.164910e+02 0
5.167586e+02 0
5.170263e+02 0
5.172939e+02 0
5.175615e+02 0
5.178292e+02 0
5.180968e+02 0
5.183644e+02 0
5.186321e+02 0
5.188997e+02 0
5.191674e+02 0
5.194350e+02 0
5.197027e+02 0
5.199703e+02 0
5.202380e+02 0
5.205056e+02 0
5.207733e+02 0
5.210409e+02 0
5.213086e+02 0
5.215763e+02 0
5.218439e+02 0
5.221116e+02 0
5.223793e+02 0
5.226469e+02 0
5.229146e+02 0
5.231823e+02 0
5.234499e+02 0
5.237176e+02 0
5.239853e+02 0
5.242530e+02 0
5.245207e+02 0
5.247883e+02 0
5.250560e+02 0
5.253237e+02 0
5.255914e+02 0
5.258591e+02 0
5.261268e+02 0
5.263945e+02 0
5.266622e+02 0
5.269298e+02 0
5.271975e+02 0
5.274652e+02 0
5.277329e+02 0
5.280006e+02 0
5.282683e+02 0
5.285361e+02 0
5.288038e+02 0
5.290715e+02 0
5.293392e+02 0
5.296069e+02 0
5.298746e+02 0
5.301423e+02 0
5.304100e+02 0
5.306778e+02 0
5.309455e+02 0
5.312132e+02 0
5.314809e+02 0
5.317487e+02 0
5.320164e+02 0
5.322841e+02 0
5.325518e+02 0
5.328196e+02 0
5.330873e+02 0
5.333550e+02 0
5.336228e+02 0
5.338905e+02 0
5.341583e+02 0
5.344260e+02 0
5.346937e+02 0
5.349615e+02 0
5.352292e+02 0
5.354970e+02 0
5.357647e+02 0
5.360325e+02 0
5.363003e+02 0
5.365680e+02 0
5.368358e+02 0
5.371035e+02 0
5.373713e+02 0
5.376391e+02 0
5.379068e+02 0
5.381746e+02 0
5.384424e+02 0
5.387101e+02 0
5.389779e+02 0
5.392457e+02 0
5.395134e+02 0
5.397812e+02 0
5.400490e+02 0
5.403168e+02 0
5.405846e+02 0
5.408523e+02 0
5.411201e+02 0
5.413879e+02 0
5.416557e+02 0
5.419235e+02 0
5.421913e+02 0
5.424591e+02 0
5.427269e+02 0
5.429947e+02 0
5.432625e+02 0
5.435303e+02 0
5.437981e+02 0
5.440659e+02 0
5.443337e+02 0
5.446015e+02 0
5.448693e+02 0
5.451371e+02 0
5.454049e+02 0
5.456727e+02 0
5.459406e+02 0
5.462084e+02 0
5.464762e+02 0
5.467440e+02 0
5.470118e+02 0
5.472797e+02 0
5.475475e+02 0
5.478153e+02 0
5.480832e+02 0
5.483510e+02 0
5.486188e+02 0
5.488867e+02 0
5.491545e+02 0
5.494223e+02 0
5.496902e+02 0
5.499580e+02 0
5.502259e+02 0
5.504937e+02 0
5.507616e+02 0
5.510294e+02 0
5.512973e+02 0
5.515651e+02 0
5.518330e+02 0
5.521008e+02 0
5.523687e+02 0
5.526365e+02 0
5.529044e+02 0
5.531723e+02 0
5.534401e+02 0
5.537080e+02 0
5.539758e+02 0
5.542437e+02 0
5.545116e+02 0
5.547795e+02 0
5.550473e+02 0
5.553152e+02 0
5.555831e+02 0
5.558510e+02 0
5.561189e+02 0
5.563867e+02 0
5.566546e+02 0
5.569225e+02 0
5.571904e+02 0
5.574583e+02 0
5.577262e+02 0
5.579941e+02 0
5.582620e+02 0
5.585299e+02 0
5.587978e+02 0
5.590657e+02 0
5.593336e+02 0
5.596015e+02 0
5.598694e+02 0
5.601373e+02 0
5.604052e+02 0
5.606731e+02 0
5.609410e+02 0
5.612089e+02 0
5.614768e+02 0
5.617447e+02 0
5.620127e+02 0
5.622806e+02 0
5.625485e+02 0
5.628164e+02 0
5.630844e+02 0
5.633523e+02 0
5.636202e+02 0
5.638881e+02 0
5.641561e+02 0
5.644240e+02 0
5.646919e+02 0
5.649599e+02 0
5.652278e+02 0
5.654958e+02 0
5.657637e+02 0
5.660317e+02 0
5.662996e+02 0
5.665675e+02 0
5.668355e+02 0
5.671034e+02 0
5.673714e+02 0
5.676394e+02 0
5.679073e+02 0
5.681753e+02 0
5.684432e+02 0
5.687112e+02 0
5.689792e+02 0
5.692471e+02 0
5.695151e+02 0
5.697831e+02 0
5.700510e+02 0
5.703190e+02 0
5.705870e+02 0
5.708549e+02 0
5.711229e+02 0
5.713909e+02 0
5.716589e+02 0
5.719269e+02 0
5.721948e+02 0
5.724628e+02 0
5.727308e+02 0
5.729988e+02 0
5.732668e+02 0
5.735348e+02 0
5.738028e+02 0
5.740708e+02 0
5.743388e+02 0
5.746068e+02 0
5.748748e+02 0
5.751428e+02 0
5.754108e+02 0
5.756788e+02 0
5.759468e+02 0
5.762148e+02 0
5.764828e+02 0
5.767508e+02 0
5.770188e+02 0
5.772869e+02 0
5.775549e+02 0
5.778229e+02 0
5.780909e+02 0
5.783589e+02 0
5.786270e+02 0
5.788950e+02 0
5.791630e+02 0
5.794310e+02 0
5.796991e+02 0
5.799671e+02 0
5.802351e+02 0
5.805032e+02 0
5.807712e+02 0
5.810393e+02 0
5.813073e+02 0
5.815753e+02 0
5.818434e+02 0
5.821114e+02 0
5.823795e+02 0
5.826475e+02 0
5.829156e+02 0
5.831836e+02 0
5.834517e+02 0
5.837197e+02 0
5.839878e+02 0
5.842559e+02 0
5.845239e+02 0
5.847920e+02 0
5.850601e+02 0
5.853281e+02 0
5.855962e+02 0
5.858643e+02 0
5.861323e+02 0
5.864004e+02 0
5.866685e+02 0
5.869366e+02 0
5.872046e+02 0
5.874727e+02 0
5.877408e+02 0
5.880089e+02 0
5.882770e+02 0
5.885451e+02 0
5.888132e+02 0
5.890812e+02 0
5.893493e+02 0
5.896174e+02 0
5.898855e+02 0
5.901536e+02 0
5.904217e+02 0
5.906898e+02 0
5.909579e+02 0
5.912260e+02 0
5.914941e+02 0
5.917622e+02 0
5.920304e+02 0
5.922985e+02 0
5.925666e+02 0
5.928347e+02 0
5.931028e+02 0
5.933709e+02 0
5.936391e+02 0
5.939072e+02 0
5.941753e+02 0
5.944434e+02 0
5.947116e+02 0
5.949797e+02 0
5.952478e+02 0
5.955159e+02 0
5.957841e+02 0
5.960522e+02 0
5.963203e+02 0
5.965885e+02 0
5.968566e+02 0
5.971248e+02 0
5.973929e+02 0
5.976611e+02 0
5.979292e+02 0
5.981974e+02 0
5.984655e+02 0
5.987337e+02 0
5.990018e+02 0
5.992700e+02 0
5.995381e+02 0
5.998063e+02 0
6.000744e+02 0
6.003426e+02 0
6.006108e+02 0
6.008789e+02 0
6.011471e+02 0
6.014153e+02 0
6.016834e+02 0
6.019516e+02 0
6.022198e+02 0
6.024880e+02 0
6.027561e+02 0
6.030243e+02 0
6.032925e+02 0
6.035607e+02 0
6.038289e+02 0
6.040971e+02 0
6.043653e+02 0
6.046334e+02 0
6.049016e+02 0
6.051698e+02 0
6.054380e+02 0
6.057062e+02 0
6.059744e+02 0
6.062426e+02 0
6.065108e+02 0
6.067790e+02 0
6.070472e+02 0
6.073154e+02 0
6.075836e+02 0
6.078519e+02 0
6.081201e+02 0
6.083883e+02 0
6.086565e+02 0
6.089247e+02 0
6.091929e+02 0
6.094612e+02 0
6.097294e+02 0
6.099976e+02 0
6.102658e+02 0
6.105341e+02 0
6.108023e+02 0
6.110705e+02 0
6.113387e+02 0
6.116070e+02 0
6.118752e+02 0
6.121435e+02 0
6.124117e+02 0
6.126799e+02 0
6.129482e+02 0
6.132164e+02 0
6.134847e+02 0
6.137529e+02 0
6.140212e+02 0
6.142894e+02 0
6.145577e+02 0
6.148259e+02 0
6.150942e+02 0
6.153624e+02 0
6.156307e+02 0
6.158990e+02 0
6.161672e+02 0
6.164355e+02 0
6.167038e+02 0
6.169720e+02 0
6.172403e+02 0
6.175086e+02 0
6.177768e+02 0
6.180451e+02 0
6.183134e+02 0
6.185817e+02 0
6.188500e+02 0
6.191182e+02 0
6.193865e+02 0
6.196548e+02 0
6.199231e+02 0
6.201914e+02 0
6.204597e+02 0
6.207280e+02 0
6.209963e+02 0
6.212646e+02 0
6.215329e+02 0
6.218012e+02 0
6.220695e+02 0
6.223378e+02 0
6.226061e+02 0
6.228744e+02 0
6.231427e+02 0
6.234110e+02 0
6.236793e+02 0
6.239476e+02 0
6.242159e+02 0
6.244842e+02 0
6.247526e+02 0
6.250209e+02 0
6.252892e+02 0
6.255575e+02 0
6.258258e+02 0
6.260942e+02 0
6.263625e+02 0
6.266308e+02 0
6.268992e+02 0
6.271675e+02 0
6.274358e+02 0
6.277042e+02 0
6.279725e+02 0
6.282408e+02 0
6.285092e+02 0
6.287775e+02 0
6.290459e+02 0
6.293142e+02 0
6.295826e+02 0
6.298509e+02 0
6.301193e+02 0
6.303876e+02 0
6.306560e+02 0
6.309243e+02 0
6.311927e+02 0
6.314611e+02 0
6.317294e+02 0
6.319978e+02 0
6.322661e+02 0
6.325345e+02 0
6.328029e+02 0
6.330713e+02 0
6.333396e+02 0
6.336080e+02 0
6.338764e+02 0
6.341448e+02 0
6.344131e+02 0
6.346815e+02 0
6.349499e+02 0
6.352183e+02 0
6.354867e+02 0
6.357551e+02 0
6.360234e+02 0
6.362918e+02 0
6.365602e+02 0
6.368286e+02 0
6.370970e+02 0
6.373654e+02 0
6.376338e+02 0
6.379022e+02 0
6.381706e+02 0
6.384390e+02 0
6.387074e+02 0
6.389758e+02 0
6.392443e+02 0
6.395127e+02 0
6.397811e+02 0
6.400495e+02 0
6.403179e+02 0
6.405863e+02 0
6.408548e+02 0
6.411232e+02 0
6.413916e+02 0
6.416600e+02 0
6.419285e+02 0
6.421969e+02 0
6.424653e+02 0
6.427337e+02 0
6.430022e+02 0
6.432706e+02 0
6.435390e+02 0
6.438075e+02 0
6.440759e+02 0
6.443444e+02 0
6.446128e+02 0
6.448813e+02 0
6.451497e+02 0
6.454182e+02 0
6.456866e+02 0
6.459551e+02 0
6.462235e+02 0
6.464920e+02 0
6.467604e+02 0
6.470289e+02 0
6.472974e+02 0
6.475658e+02 0
6.478343e+02 0
6.481027e+02 0
6.483712e+02 0
6.486397e+02 0
6.489082e+02 0
6.491766e+02 0
6.494451e+02 0
6.497136e+02 0
6.499821e+02 0
6.502505e+02 0
6.505190e+02 0
6.507875e+02 0
6.510560e+02 0
6.513245e+02 0
6.515930e+02 0
6.518615e+02 0
6.521299e+02 0
6.523984e+02 0
6.526669e+02 0
6.529354e+02 0
6.532039e+02 0
6.534724e+02 0
6.537409e+02 0
6.540094e+02 0
6.542779e+02 0
6.545465e+02 0
6.548150e+02 0
6.550835e+02 0
6.553520e+02 0
6.556205e+02 0
6.558890e+02 0
6.561575e+02 0
6.564260e+02 0
6.566946e+02 0
6.569631e+02 0
6.572316e+02 0
6.575001e+02 0
6.577687e+02 0
6.580372e+02 0
6.583057e+02 0
6.585743e+02 0
6.588428e+02 0
6.591113e+02 0
6.593799e+02 0
6.596484e+02 0
6.599170e+02 0
6.601855e+02 0
6.604540e+02 0
6.607226e+02 0
6.609911e+02 0
6.612597e+02 0
6.615282e+02 0
6.617968e+02 0
6.620653e+02 0
6.623339e+02 0
6.626025e+02 0
6.628710e+02 0
6.631396e+02 0
6.634081e+02 0
6.636767e+02 0
6.639453e+02 0
6.642139e+02 0
6.644824e+02 0
6.647510e+02 0
6.650196e+02 0
6.652881e+02 0
6.655567e+02 0
6.658253e+02 0
6.660939e+02 0
6.663625e+02 0
6.666310e+02 0
6.668996e+02 0
6.671682e+02 0
6.674368e+02 0
6.677054e+02 0
6.679740e+02 0
6.682426e+02 0
6.685112e+02 0
6.687798e+02 0
6.690484e+02 0
6.693170e+02 0
6.695856e+02 0
6.698542e+02 0
6.701228e+02 0
6.703914e+02 0
6.706600e+02 0
6.709286e+02 0
6.711972e+02 0
6.714659e+02 0
6.717345e+02 0
6.720031e+02 0
6.722717e+02 0
6.725403e+02 0
6.728090e+02 0
6.730776e+02 0
6.733462e+02 0
6.736148e+02 0
6.738835e+02 0
6.741521e+02 0
6.744207e+02 0
6.746894e+02 0
6.749580e+02 0
6.752266e+02 0
6.754953e+02 0
6.757639e+02 0
6.760326e+02 0
6.763012e+02 0
6.765699e+02 0
6.768385e+02 0
6.771072e+02 0
6.773758e+02 0
6.776445e+02 0
6.779131e+02 0
6.781818e+02 0
6.784504e+02 0
6.787191e+02 0
6.789878e+02 0
6.792564e+02 0
6.795251e+02 0
6.797938e+02 0
6.800624e+02 0
6.803311e+02 0
6.805998e+02 0
6.808684e+02 0
6.811371e+02 0
6.814058e+02 0
6.816745e+02 0
6.819432e+02 0
6.822118e+02 0
6.824805e+02 0
6.827492e+02 0
6.830179e+02 0
6.832866e+02 0
6.835553e+02 0
6.838240e+02 0
6.840927e+02 0
6.843614e+02 0
6.846301e+02 0
6.848988e+02 0
6.851675e+02 0
6.854362e+02 0
6.857049e+02 0
6.859736e+02 0
6.862423e+02 0
6.865110e+02 0
6.867797e+02 0
6.870484e+02 0
6.873171e+02 0
6.875859e+02 0
6.878546e+02 0
6.881233e+02 0
6.883920e+02 0
6.886607e+02 0
6.889295e+02 0
6.891982e+02 0
6.894669e+02 0
6.897357e+02 0
6.900044e+02 0
6.902731e+02 0
6.905419e+02 0
6.908106e+02 0
6.910793e+02 0
6.913481e+02 0
6.916168e+02 0
6.918856e+02 0
6.921543e+02 0
6.924231e+02 0
6.926918e+02 0
6.929606e+02 0
6.932293e+02 0
6.934981e+02 0
6.937668e+02 0
6.940356e+02 0
6.943043e+02 0
6.945731e+02 0
6.948419e+02 0
6.951106e+02 0
6.953794e+02 0
6.956482e+02 0
6.959169e+02 0
6.961857e+02 0
6.964545e+02 0
6.967233e+02 0
6.969920e+02 0
6.972608e+02 0
6.975296e+02 0
6.977984e+02 0
6.980672e+02 0
6.983359e+02 0
6.986047e+02 0
6.988735e+02 0
6.991423e+02 0
6.994111e+02 0
6.996799e+02 0
6.999487e+02 0
7.002175e+02 0
7.004863e+02 0
7.007551e+02 0
7.010239e+02 0
7.012927e+02 0
7.015615e+02 0
7.018303e+02 0
7.020991e+02 0
7.023679e+02 0
7.026367e+02 0
7.029056e+02 0
7.031744e+02 0
7.034432e+02 0
7.037120e+02 0
7.039808e+02 0
7.042497e+02 0
7.045185e+02 0
7.047873e+02 0
7.050561e+02 0
7.053250e+02 0
7.055938e+02 0
7.058626e+02 0
7.061315e+02 0
7.064003e+02 0
7.066691e+02 0
7.069380e+02 0
7.072068e+02 0
7.074757e+02 0
7.077445e+02 0
7.080134e+02 0
7.082822e+02 0
7.085511e+02 0
7.088199e+02 0
7.090888e+02 0
7.093576e+02 0
7.096265e+02 0
7.098953e+02 0
7.101642e+02 0
7.104331e+02 0
7.107019e+02 0
7.109708e+02 0
7.112397e+02 0
7.115085e+02 0
7.117774e+02 0
7.120463e+02 0
7.123151e+02 0
7.125840e+02 0
7.128529e+02 0
7.131218e+02 0
7.133907e+02 0
7.136595e+02 0
7.139284e+02 0
7.141973e+02 0
7.144662e+02 0
7.147351e+02 0
7.150040e+02 0
7.152729e+02 0
7.155418e+02 0
7.158107e+02 0
7.160796e+02 0
7.163485e+02 0
7.166174e+02 0
7.168863e+02 0
7.171552e+02 0
7.174241e+02 0
7.176930e+02 0
7.179619e+02 0
7.182308e+02 0
7.184997e+02 0
7.187686e+02 0
7.190376e+02 0
7.193065e+02 0
7.195754e+02 0
7.198443e+02 0
7.201132e+02 0
7.203822e+02 0
7.206511e+02 0
7.209200e+02 0
7.211889e+02 0
7.214579e+02 0
7.217268e+02 0
7.219957e+02 0
7.222647e+02 0
7.225336e+02 0
7.228026e+02 0
7.230715e+02 0
7.233405e+02 0
7.236094e+02 0
7.238783e+02 0
7.241473e+02 0
7.244162e+02 0
7.246852e+02 0
7.249542e+02 0
7.252231e+02 0
7.254921e+02 0
7.257610e+02 0
7.260300e+02 0
7.262990e+02 0
7.265679e+02 0
7.268369e+02 0
7.271058e+02 0
7.273748e+02 0
7.276438e+02 0
7.279128e+02 0
7.281817e+02 0
7.284507e+02 0
7.287197e+02 0
7.289887e+02 0
7.292577e+02 1
7.295266e+02 0
7.297956e+02 0
7.300646e+02 0
7.303336e+02 0
7.306026e+02 0
7.308716e+02 0
7.311406e+02 0
7.314096e+02 0
7.316786e+02 0
7.319476e+02 0
7.322166e+02 0
7.324856e+02 0
7.327546e+02 0
7.330236e+02 0
7.332926e+02 0
7.335616e+02 0
7.338306e+02 0
7.340996e+02 0
7.343686e+02 0
7.346376e+02 0
7.349067e+02 0
7.351757e+02 0
7.354447e+02 0
7.357137e+02 0
7.359828e+02 0
7.362518e+02 0
7.365208e+02 0
7.367898e+02 0
7.370589e+02 0
7.373279e+02 0
7.375969e+02 0
7.378660e+02 0
7.381350e+02 0
7.384040e+02 0
7.386731e+02 0
7.389421e+02 0
7.392112e+02 0
7.394802e+02 0
7.397493e+02 0
7.400183e+02 0
7.402874e+02 0
7.405564e+02 0
7.408255e+02 0
7.410945e+02 0
7.413636e+02 0
7.416327e+02 0
7.419017e+02 0
7.421708e+02 0
7.424398e+02 0
7.427089e+02 0
7.429780e+02 0
7.432471e+02 0
7.435161e+02 0
7.437852e+02 0
7.440543e+02 0
7.443234e+02 0
7.445924e+02 0
7.448615e+02 0
7.451306e+02 0
7.453997e+02 0
7.456688e+02 0
7.459378e+02 0
7.462069e+02 0
7.464760e+02 0
7.467451e+02 0
7.470142e+02 0
7.472833e+02 0
7.475524e+02 0
7.478215e+02 0
7.480906e+02 0
7.483597e+02 0
7.486288e+02 0
7.488979e+02 0
7.491670e+02 0
7.494361e+02 0
7.497053e+02 0
7.499744e+02 0
7.502435e+02 0
7.505126e+02 0
7.507817e+02 0
7.510508e+02 0
7.513200e+02 0
7.515891e+02 0
7.518582e+02 0
7.521273e+02 0
7.523965e+02 0
7.526656e+02 0
7.529347e+02 0
7.532039e+02 0
7.534730e+02 0
7.537421e+02 0
7.540113e+02 0
7.542804e+02 0
7.545495e+02 0
7.548187e+02 0
7.550878e+02 0
7.553570e+02 0
7.556261e+02 0
7.558953e+02 0
7.561644e+02 0
7.564336e+02 0
7.567027e+02 0
7.569719e+02 0
7.572411e+02 0
7.575102e+02 0
7.577794e+02 0
7.580485e+02 0
7.583177e+02 0
7.585869e+02 0
7.588561e+02 0
7.591252e+02 0
7.593944e+02 0
7.596636e+02 1
7.599327e+02 0
7.602019e+02 0
7.604711e+02 0
7.607403e+02 1
7.610095e+02 0
7.612787e+02 0
7.615478e+02 0
7.618170e+02 0
7.620862e+02 0
7.623554e+02 0
7.626246e+02 0
7.628938e+02 0
7.631630e+02 0
7.634322e+02 0
7.637014e+02 0
7.639706e+02 0
7.642398e+02 0
7.645090e+02 0
7.647782e+02 0
7.650474e+02 0
7.653166e+02 0
7.655858e+02 1
7.658551e+02 0
7.661243e+02 0
7.663935e+02 0
7.666627e+02 0
7.669319e+02 0
7.672011e+02 1
7.674704e+02 0
7.677396e+02 0
7.680088e+02 0
7.682781e+02 0
7.685473e+02 0
7.688165e+02 1
7.690858e+02 0
7.693550e+02 1
7.696242e+02 0
7.698935e+02 0
7.701627e+02 0
7.704319e+02 0
7.707012e+02 0
7.709704e+02 0
7.712397e+02 0
7.715089e+02 0
7.717782e+02 0
7.720474e+02 0
7.723167e+02 0
7.725860e+02 0
7.728552e+02 0
7.731245e+02 0
7.733937e+02 1
7.736630e+02 1
7.739323e+02 0
7.742015e+02 0
7.744708e+02 0
7.747401e+02 0
7.750093e+02 0
7.752786e+02 0
7.755479e+02 0
7.758172e+02 1
7.760864e+02 1
7.763557e+02 0
7.766250e+02 0
7.768943e+02 0
7.771636e+02 1
7.774329e+02 1
7.777021e+02 1
7.779714e+02 0
7.782407e+02 0
7.785100e+02 0
7.787793e+02 1
7.790486e+02 1
7.793179e+02 0
7.795872e+02 1
7.798565e+02 1
7.801258e+02 0
7.803951e+02 0
7.806644e+02 0
7.809337e+02 1
7.812031e+02 0
7.814724e+02 2
7.817417e+02 0
7.820110e+02 0
7.822803e+02 0
7.825496e+02 0
7.828190e+02 0
7.830883e+02 0
7.833576e+02 0
7.836269e+02 0
7.838963e+02 0
7.841656e+02 2
7.844349e+02 0
7.847043e+02 1
7.849736e+02 0
7.852429e+02 0
7.855123e+02 0
7.857816e+02 0
7.860509e+02 0
7.863203e+02 0
7.865896e+02 0
7.868590e+02 1
7.871283e+02 2
7.873977e+02 1
7.876670e+02 0
7.879364e+02 0
7.882057e+02 0
7.884751e+02 2
7.887445e+02 0
7.890138e+02 0
7.892832e+02 0
7.895525e+02 0
7.898219e+02 1
7.900913e+02 0
7.903606e+02 0
7.906300e+02 0
7.908994e+02 1
7.911688e+02 0
7.914381e+02 0
7.917075e+02 0
7.919769e+02 1
7.922463e+02 0
7.925157e+02 0
7.927850e+02 0
7.930544e+02 0
7.933238e+02 1
7.935932e+02 0
7.938626e+02 0
7.941320e+02 0
7.944014e+02 2
7.946708e+02 0
7.949402e+02 0
7.952096e+02 0
7.954790e+02 0
7.957484e+02 0
7.960178e+02 0
7.962872e+02 0
7.965566e+02 0
7.968260e+02 0
7.970954e+02 1
7.973648e+02 0
7.976342e+02 0
7.979037e+02 1
7.981731e+02 0
7.984425e+02 1
7.987119e+02 0
7.989813e+02 0
7.992508e+02 0
7.995202e+02 0
7.997896e+02 0
8.000591e+02 0
8.003285e+02 1
8.005979e+02 0
8.008674e+02 0
8.011368e+02 0
8.014062e+02 0
8.016757e+02 2
8.019451e+02 0
8.022146e+02 0
8.024840e+02 0
8.027535e+02 1
8.030229e+02 0
8.032924e+02 0
8.035618e+02 0
8.038313e+02 0
8.041007e+02 0
8.043702e+02 0
8.046396e+02 0
8.049091e+02 0
8.051786e+02 0
8.054480e+02 1
8.057175e+02 1
8.059870e+02 1
8.062564e+02 0
8.065259e+02 1
8.067954e+02 2
8.070648e+02 0
8.073343e+02 1
8.076038e+02 1
8.078733e+02 0
8.081428e+02 0
8.084122e+02 0
8.086817e+02 0
8.089512e+02 0
8.092207e+02 2
8.094902e+02 1
8.097597e+02 0
8.100292e+02 0
8.102987e+02 0
8.105682e+02 2
8.108377e+02 0
8.111072e+02 1
8.113767e+02 0
8.116462e+02 1
8.119157e+02 1
8.121852e+02 0
8.124547e+02 0
8.127242e+02 1
8.129937e+02 0
8.132632e+02 1
8.135328e+02 0
8.138023e+02 1
8.140718e+02 1
8.143413e+02 0
8.146108e+02 0
8.148804e+02 2
8.151499e+02 0
8.154194e+02 0
8.156889e+02 1
8.159585e+02 0
8.162280e+02 1
8.164975e+02 1
8.167671e+02 1
8.170366e+02 1
8.173062e+02 0
8.175757e+02 1
8.178452e+02 0
8.181148e+02 1
8.183843e+02 2
8.186539e+02 2
8.189234e+02 2
8.191930e+02 1
8.194625e+02 1
8.197321e+02 3
8.200016e+02 1
8.202712e+02 2
8.205408e+02 0
8.208103e+02 3
8.210799e+02 2
8.213495e+02 0
8.216190e+02 1
8.218886e+02 2
8.221582e+02 1
8.224277e+02 0
8.226973e+02 2
8.229669e+02 2
8.232365e+02 1
8.235060e+02 0
8.237756e+02 1
8.240452e+02 0
8.243148e+02 0
8.245844e+02 2
8.248540e+02 1
8.251235e+02 0
8.253931e+02 2
8.256627e+02 2
8.259323e+02 1
8.262019e+02 2
8.264715e+02 1
8.267411e+02 1
8.270107e+02 1
8.272803e+02 0
8.275499e+02 0
8.278195e+02 0
8.280891e+02 0
8.283587e+02 0
8.286284e+02 1
8.288980e+02 1
8.291676e+02 1
8.294372e+02 3
8.297068e+02 0
8.299764e+02 2
8.302461e+02 2
8.305157e+02 0
8.307853e+02 0
8.310549e+02 0
8.313246e+02 1
8.315942e+02 4
8.318638e+02 1
8.321335e+02 3
8.324031e+02 1
8.326727e+02 2
8.329424e+02 0
8.332120e+02 0
8.334816e+02 0
8.337513e+02 0
8.340209e+02 1
8.342906e+02 0
8.345602e+02 1
8.348299e+02 0
8.350995e+02 0
8.353692e+02 2
8.356388e+02 1
8.359085e+02 2
8.361782e+02 1
8.364478e+02 0
8.367175e+02 2
8.369871e+02 0
8.372568e+02 0
8.375265e+02 1
8.377962e+02 0
8.380658e+02 0
8.383355e+02 2
8.386052e+02 1
8.388748e+02 0
8.391445e+02 0
8.394142e+02 1
8.396839e+02 3
8.399536e+02 2
8.402233e+02 2
8.404929e+02 1
8.407626e+02 1
8.410323e+02 1
8.413020e+02 0
8.415717e+02 1
8.418414e+02 0
8.421111e+02 3
8.423808e+02 1
8.426505e+02 1
8.429202e+02 2
8.431899e+02 2
8.434596e+02 0
8.437293e+02 2
8.439990e+02 7
8.442687e+02 2
8.445384e+02 1
8.448082e+02 1
8.450779e+02 3
8.453476e+02 4
8.456173e+02 2
8.458870e+02 1
8.461567e+02 2
8.464265e+02 2
8.466962e+02 2
8.469659e+02 1
8.472356e+02 0
8.475054e+02 3
8.477751e+02 2
8.480448e+02 0
8.483146e+02 1
8.485843e+02 2
8.488541e+02 2
8.491238e+02 3
8.493935e+02 0
8.496633e+02 0
8.499330e+02 1
8.502028e+02 1
8.504725e+02 1
8.507423e+02 0
8.510120e+02 1
8.512818e+02 4
8.515515e+02 0
8.518213e+02 2
8.520911e+02 2
8.523608e+02 1
8.526306e+02 3
8.529004e+02 3
8.531701e+02 0
8.534399e+02 2
8.537097e+02 0
8.539794e+02 0
8.542492e+02 1
8.545190e+02 1
8.547888e+02 1
8.550585e+02 3
8.553283e+02 1
8.555981e+02 0
8.558679e+02 1
8.561377e+02 2
8.564074e+02 1
8.566772e+02 4
8.569470e+02 3
8.572168e+02 2
8.574866e+02 2
8.577564e+02 0
8.580262e+02 1
8.582960e+02 2
8.585658e+02 3
8.588356e+02 3
8.591054e+02 4
8.593752e+02 1
8.596450e+02 2
8.599148e+02 4
8.601846e+02 1
8.604545e+02 4
8.607243e+02 0
8.609941e+02 0
8.612639e+02 1
8.615337e+02 0
8.618035e+02 0
8.620734e+02 1
8.623432e+02 1
8.626130e+02 2
8.628828e+02 0
8.631527e+02 2
8.634225e+02 0
8.636923e+02 1
8.639622e+02 1
8.642320e+02 2
8.645019e+02 0
8.647717e+02 1
8.650415e+02 0
8.653114e+02 1
8.655812e+02 2
8.658511e+02 1
8.661209e+02 2
8.663908e+02 2
8.666606e+02 3
8.669305e+02 2
8.672003e+02 2
8.674702e+02 5
8.677400e+02 1
8.680099e+02 0
8.682798e+02 1
8.685496e+02 3
8.688195e+02 1
8.690894e+02 1
8.693592e+02 3
8.696291e+02 3
8.698990e+02 2
8.701688e+02 3
8.704387e+02 2
8.707086e+02 3
8.709785e+02 1
8.712484e+02 3
8.715182e+02 4
8.717881e+02 0
8.720580e+02 0
8.723279e+02 2
8.725978e+02 2
8.728677e+02 1
8.731376e+02 1
8.734075e+02 5
8.736774e+02 3
8.739473e+02 1
8.742172e+02 4
8.744871e+02 2
8.747570e+02 0
8.750269e+02 0
8.752968e+02 1
8.755667e+02 0
8.758366e+02 2
8.761065e+02 0
8.763764e+02 4
8.766463e+02 0
8.769163e+02 2
8.771862e+02 1
8.774561e+02 0
8.777260e+02 1
8.779959e+02 2
8.782659e+02 2
8.785358e+02 2
8.788057e+02 2
8.790756e+02 0
8.793456e+02 1
8.796155e+02 11
8.798854e+02 3
8.801554e+02 1
8.804253e+02 2
8.806953e+02 4
8.809652e+02 3
8.812351e+02 2
8.815051e+02 0
8.817750e+02 0
8.820450e+02 5
8.823149e+02 2
8.825849e+02 2
8.828548e+02 5
8.831248e+02 0
8.833948e+02 1
8.836647e+02 7
8.839347e+02 2
8.842046e+02 3
8.844746e+02 2
8.847446e+02 1
8.850145e+02 2
8.852845e+02 2
8.855545e+02 0
8.858245e+02 3
8.860944e+02 3
8.863644e+02 1
8.866344e+02 5
8.869044e+02 2
8.871743e+02 1
8.874443e+02 2
8.877143e+02 3
8.879843e+02 2
8.882543e+02 2
8.885243e+02 4
8.887943e+02 3
8.890643e+02 1
8.893343e+02 2
8.896043e+02 4
8.898743e+02 3
8.901443e+02 4
8.904143e+02 5
8.906843e+02 1
8.909543e+02 0
8.912243e+02 2
8.914943e+02 3
8.917643e+02 4
8.920343e+02 1
8.923043e+02 0
8.925743e+02 1
8.928444e+02 3
8.931144e+02 3
8.933844e+02 1
8.936544e+02 1
8.939244e+02 1
8.941945e+02 3
8.944645e+02 2
8.947345e+02 1
8.950046e+02 1
8.952746e+02 2
8.955446e+02 2
8.958147e+02 1
8.960847e+02 4
8.963547e+02 2
8.966248e+02 3
8.968948e+02 2
8.971649e+02 4
8.974349e+02 2
8.977050e+02 1
8.979750e+02 1
8.982451e+02 1
8.985151e+02 1
8.987852e+02 3
8.990552e+02 2
8.993253e+02 4
8.995953e+02 2
8.998654e+02 0
9.001355e+02 1
9.004055e+02 3
9.006756e+02 0
9.009457e+02 1
9.012157e+02 4
9.014858e+02 2
9.017559e+02 0
9.020260e+02 4
9.022960e+02 4
9.025661e+02 2
9.028362e+02 2
9.031063e+02 1
9.033764e+02 7
9.036464e+02 2
9.039165e+02 3
9.041866e+02 1
9.044567e+02 2
9.047268e+02 2
9.049969e+02 7
9.052670e+02 0
9.055371e+02 1
9.058072e+02 0
9.060773e+02 1
9.063474e+02 5
9.066175e+02 6
9.068876e+02 3
9.071577e+02 2
9.074278e+02 1
9.076979e+02 2
9.079680e+02 3
9.082382e+02 5
9.085083e+02 0
9.087784e+02 0
9.090485e+02 2
9.093186e+02 3
9.095888e+02 3
9.098589e+02 1
9.101290e+02 0
9.103991e+02 1
9.106693e+02 2
9.109394e+02 1
9.112095e+02 1
9.114797e+02 0
9.117498e+02 5
9.120199e+02 3
9.122901e+02 3
9.125602e+02 2
9.128304e+02 2
9.131005e+02 2
9.133707e+02 2
9.136408e+02 1
9.139110e+02 5
9.141811e+02 2
9.144513e+02 3
9.147214e+02 4
9.149916e+02 3
9.152617e+02 7
9.155319e+02 2
9.158021e+02 3
9.160722e+02 2
9.163424e+02 2
9.166126e+02 2
9.168827e+02 2
9.171529e+02 2
9.174231e+02 2
9.176932e+02 1
9.179634e+02 1
9.182336e+02 4
9.185038e+02 1
9.187740e+02 1
9.190441e+02 6
9.193143e+02 1
9.195845e+02 3
9.198547e+02 1
9.201249e+02 2
9.203951e+02 1
9.206653e+02 1
9.209355e+02 0
9.212057e+02 4
9.214759e+02 2
9.217461e+02 3
9.220163e+02 1
9.222865e+02 2
9.225567e+02 2
9.228269e+02 1
9.230971e+02 2
9.233673e+02 1
9.236375e+02 3
9.239077e+02 1
9.241779e+02 0
9.244482e+02 1
9.247184e+02 5
9.249886e+02 1
9.252588e+02 2
9.255290e+02 2
9.257993e+02 1
9.260695e+02 2
9.263397e+02 1
9.266100e+02 3
9.268802e+02 0
9.271504e+02 2
9.274207e+02 2
9.276909e+02 0
9.279611e+02 3
9.282314e+02 1
9.285016e+02 4
9.287719e+02 2
9.290421e+02 3
9.293123e+02 3
9.295826e+02 3
9.298529e+02 1
9.301231e+02 0
9.303934e+02 1
9.306636e+02 1
9.309339e+02 2
9.312041e+02 1
9.314744e+02 2
9.317447e+02 5
9.320149e+02 2
9.322852e+02 2
9.325555e+02 1
9.328257e+02 1
9.330960e+02 1
9.333663e+02 2
9.336365e+02 3
9.339068e+02 2
9.341771e+02 4
9.344474e+02 2
9.347177e+02 2
9.349879e+02 2
9.352582e+02 2
9.355285e+02 5
9.357988e+02 1
9.360691e+02 2
9.363394e+02 2
9.366097e+02 3
9.368800e+02 3
9.371503e+02 3
9.374206e+02 1
9.376909e+02 4
9.379612e+02 0
9.382315e+02 1
9.385018e+02 2
9.387721e+02 1
9.390424e+02 2
9.393127e+02 2
9.395830e+02 2
9.398533e+02 2
9.401237e+02 2
9.403940e+02 2
9.406643e+02 0
9.409346e+02 1
9.412049e+02 1
9.414753e+02 2
9.417456e+02 1
9.420159e+02 1
9.422862e+02 1
9.425566e+02 2
9.428269e+02 2
9.430972e+02 4
9.433676e+02 2
9.436379e+02 3
9.439083e+02 0
9.441786e+02 1
9.444489e+02 2
9.447193e+02 4
9.449896e+02 1
9.452600e+02 1
9.455303e+02 2
9.458007e+02 5
9.460710e+02 4
9.463414e+02 2
9.466117e+02 0
9.468821e+02 2
9.471525e+02 1
9.474228e+02 2
9.476932e+02 1
9.479636e+02 2
9.482339e+02 2
9.485043e+02 5
9.487747e+02 1
9.490450e+02 1
9.493154e+02 0
9.495858e+02 0
9.498562e+02 0
9.501265e+02 2
9.503969e+02 1
9.506673e+02 3
9.509377e+02 2
9.512081e+02 0
9.514785e+02 1
9.517489e+02 2
9.520192e+02 0
9.522896e+02 1
9.525600e+02 2
9.528304e+02 1
9.531008e+02 1
9.533712e+02 2
9.536416e+02 1
9.539120e+02 1
9.541824e+02 4
9.544528e+02 0
9.547232e+02 1
9.549937e+02 1
9.552641e+02 2
9.555345e+02 4
9.558049e+02 3
9.560753e+02 4
9.563457e+02 2
9.566161e+02 1
9.568866e+02 1
9.571570e+02 2
9.574274e+02 1
9.576978e+02 3
9.579683e+02 1
9.582387e+02 1
9.585091e+02 4
9.587796e+02 3
9.590500e+02 3
9.593204e+02 2
9.595909e+02 0
9.598613e+02 3
9.601318e+02 1
9.604022e+02 1
9.606727e+02 2
9.609431e+02 2
9.612135e+02 3
9.614840e+02 3
9.617545e+02 2
9.620249e+02 0
9.622954e+02 1
9.625658e+02 2
9.628363e+02 0
9.631067e+02 2
9.633772e+02 2
9.636477e+02 0
9.639181e+02 2
9.641886e+02 3
9.644591e+02 3
9.647295e+02 3
9.650000e+02 2
9.652705e+02 2
9.655410e+02 3
9.658114e+02 2
9.660819e+02 1
9.663524e+02 1
9.666229e+02 2
9.668934e+02 0
9.671639e+02 4
9.674343e+02 0
9.677048e+02 2
9.679753e+02 1
9.682458e+02 1
9.685163e+02 2
9.687868e+02 2
9.690573e+02 0
9.693278e+02 5
9.695983e+02 2
9.698688e+02 4
9.701393e+02 3
9.704098e+02 2
9.706803e+02 0
9.709508e+02 2
9.712214e+02 3
9.714919e+02 0
9.717624e+02 1
9.720329e+02 1
9.723034e+02 2
9.725739e+02 3
9.728445e+02 1
9.731150e+02 2
9.733855e+02 2
9.736560e+02 4
9.739266e+02 0
9.741971e+02 2
9.744676e+02 2
9.747382e+02 3
9.750087e+02 0
9.752792e+02 1
9.755498e+02 4
9.758203e+02 2
9.760909e+02 0
9.763614e+02 1
9.766320e+02 1
9.769025e+02 1
9.771731e+02 3
9.774436e+02 2
9.777142e+02 2
9.779847e+02 1
9.782553e+02 1
9.785258e+02 2
9.787964e+02 1
9.790670e+02 1
9.793375e+02 1
9.796081e+02 1
9.798786e+02 2
9.801492e+02 2
9.804198e+02 3
9.806904e+02 1
9.809609e+02 2
9.812315e+02 2
9.815021e+02 0
9.817727e+02 1
9.820432e+02 1
9.823138e+02 1
9.825844e+02 4
9.828550e+02 4
9.831256e+02 2
9.833962e+02 2
9.836668e+02 0
9.839374e+02 2
9.842079e+02 2
9.844785e+02 0
9.847491e+02 2
9.850197e+02 3
9.852903e+02 2
9.855609e+02 1
9.858315e+02 2
9.861022e+02 2
9.863728e+02 5
9.866434e+02 2
9.869140e+02 0
9.871846e+02 0
9.874552e+02 1
9.877258e+02 1
9.879964e+02 3
9.882671e+02 2
9.885377e+02 2
9.888083e+02 4
9.890789e+02 0
9.893496e+02 4
9.896202e+02 0
9.898908e+02 0
9.901614e+02 0
9.904321e+02 2
9.907027e+02 2
9.909734e+02 4
9.912440e+02 2
9.915146e+02 3
9.917853e+02 1
9.920559e+02 3
9.923266e+02 3
9.925972e+02 1
9.928679e+02 3
9.931385e+02 1
9.934092e+02 3
9.936798e+02 2
9.939505e+02 1
9.942211e+02 3
9.944918e+02 2
9.947624e+02 1
9.950331e+02 1
9.953038e+02 1
9.955744e+02 3
9.958451e+02 1
9.961158e+02 0
9.963864e+02 0
9.966571e+02 7
9.969278e+02 1
9.971985e+02 2
9.974691e+02 2
9.977398e+02 5
9.980105e+02 3
9.982812e+02 3
9.985519e+02 3
9.988226e+02 2
9.990932e+02 1
9.993639e+02 0
9.996346e+02 0
9.999053e+02 2
1.000176e+03 2
1.000447e+03 2
1.000717e+03 2
1.000988e+03 1
1.001259e+03 2
1.001530e+03 2
1.001800e+03 1
1.002071e+03 0
1.002342e+03 2
1.002612e+03 5
1.002883e+03 0
1.003154e+03 1
1.003424e+03 4
1.003695e+03 1
1.003966e+03 1
1.004237e+03 1
1.004507e+03 0
1.004778e+03 3
1.005049e+03 0
1.005320e+03 2
1.005590e+03 1
1.005861e+03 3
1.006132e+03 1
1.006402e+03 1
1.006673e+03 3
1.006944e+03 3
1.007215e+03 1
1.007485e+03 1
1.007756e+03 1
1.008027e+03 2
1.008298e+03 0
1.008568e+03 2
1.008839e+03 0
1.009110e+03 0
1.009381e+03 3
1.009651e+03 1
1.009922e+03 0
1.010193e+03 0
1.010464e+03 3
1.010734e+03 4
1.011005e+03 2
1.011276e+03 0
1.011547e+03 3
1.011817e+03 2
1.012088e+03 4
1.012359e+03 3
1.012630e+03 1
1.012901e+03 3
1.013171e+03 0
1.013442e+03 0
1.013713e+03 3
1.013984e+03 0
1.014254e+03 3
1.014525e+03 0
1.014796e+03 1
1.015067e+03 4
1.015338e+03 3
1.015608e+03 2
1.015879e+03 3
1.016150e+03 1
1.016421e+03 1
1.016692e+03 4
1.016962e+03 4
1.017233e+03 0
1.017504e+03 1
1.017775e+03 1
1.018046e+03 1
1.018316e+03 3
1.018587e+03 2
1.018858e+03 2
1.019129e+03 1
1.019400e+03 2
1.019671e+03 2
1.019941e+03 1
1.020212e+03 0
1.020483e+03 0
1.020754e+03 3
1.021025e+03 5
1.021295e+03 2
1.021566e+03 2
1.021837e+03 6
1.022108e+03 1
1.022379e+03 1
1.022650e+03 4
1.022920e+03 5
1.023191e+03 2
1.023462e+03 1
1.023733e+03 6
1.024004e+03 1
1.024275e+03 1
1.024546e+03 1
1.024816e+03 0
1.025087e+03 1
1.025358e+03 2
1.025629e+03 2
1.025900e+03 2
1.026171e+03 5
1.026442e+03 2
1.026712e+03 4
1.026983e+03 1
1.027254e+03 0
1.027525e+03 1
1.027796e+03 2
1.028067e+03 1
1.028338e+03 0
1.028608e+03 6
1.028879e+03 0
1.029150e+03 1
1.029421e+03 3
1.029692e+03 0
1.029963e+03 4
1.030234e+03 3
1.030505e+03 3
1.030775e+03 2
1.031046e+03 2
1.031317e+03 2
1.031588e+03 4
1.031859e+03 2
1.032130e+03 3
1.032401e+03 1
1.032672e+03 4
1.032943e+03 3
1.033214e+03 0
1.033484e+03 3
1.033755e+03 0
1.034026e+03 1
1.034297e+03 2
1.034568e+03 4
1.034839e+03 0
1.035110e+03 2
1.035381e+03 4
1.035652e+03 2
1.035923e+03 3
1.036194e+03 1
1.036465e+03 3
1.036735e+03 4
1.037006e+03 1
1.037277e+03 2
1.037548e+03 3
1.037819e+03 3
1.038090e+03 2
1.038361e+03 2
1.038632e+03 0
1.038903e+03 3
1.039174e+03 1
1.039445e+03 4
1.039716e+03 1
1.039987e+03 2
1.040258e+03 3
1.040529e+03 0
1.040800e+03 3
1.041070e+03 4
1.041341e+03 2
1.041612e+03 4
1.041883e+03 3
1.042154e+03 2
1.042425e+03 0
1.042696e+03 4
1.042967e+03 3
1.043238e+03 2
1.043509e+03 1
1.043780e+03 4
1.044051e+03 2
1.044322e+03 1
1.044593e+03 3
1.044864e+03 2
1.045135e+03 3
1.045406e+03 3
1.045677e+03 3
1.045948e+03 1
1.046219e+03 3
1.046490e+03 3
1.046761e+03 5
1.047032e+03 1
1.047303e+03 0
1.047574e+03 0
1.047845e+03 1
1.048116e+03 1
1.048387e+03 1
1.048658e+03 2
1.048929e+03 2
1.049200e+03 1
1.049471e+03 1
1.049742e+03 1
1.050013e+03 1
1.050284e+03 2
1.050555e+03 1
1.050826e+03 1
1.051097e+03 1
1.051368e+03 3
1.051639e+03 2
1.051910e+03 1
1.052181e+03 3
1.052452e+03 6
1.052723e+03 4
1.052994e+03 3
1.053265e+03 4
1.053536e+03 2
1.053807e+03 4
1.054078e+03 3
1.054349e+03 2
1.054620e+03 3
1.054891e+03 3
1.055162e+03 1
1.055433e+03 4
1.055704e+03 3
1.055975e+03 2
1.056247e+03 1
1.056518e+03 5
1.056789e+03 7
1.057060e+03 2
1.057331e+03 2
1.057602e+03 1
1.057873e+03 5
1.058144e+03 2
1.058415e+03 3
1.058686e+03 2
1.058957e+03 2
1.059228e+03 3
1.059499e+03 2
1.059770e+03 3
1.060041e+03 4
1.060312e+03 2
1.060584e+03 2
1.060855e+03 2
1.061126e+03 4
1.061397e+03 0
1.061668e+03 3
1.061939e+03 4
1.062210e+03 4
1.062481e+03 2
1.062752e+03 0
1.063023e+03 4
1.063294e+03 3
1.063565e+03 0
1.063837e+03 1
1.064108e+03 2
1.064379e+03 3
1.064650e+03 1
1.064921e+03 5
1.065192e+03 3
1.065463e+03 2
1.065734e+03 3
1.066005e+03 5
1.066277e+03 2
1.066548e+03 4
1.066819e+03 4
1.067090e+03 0
1.067361e+03 3
1.067632e+03 1
1.067903e+03 3
1.068174e+03 1
1.068445e+03 2
1.068717e+03 4
1.068988e+03 2
1.069259e+03 2
1.069530e+03 1
1.069801e+03 2
1.070072e+03 7
1.070343e+03 4
1.070615e+03 3
1.070886e+03 2
1.071157e+03 3
1.071428e+03 4
1.071699e+03 2
1.071970e+03 2
1.072241e+03 3
1.072513e+03 1
1.072784e+03 4
1.073055e+03 1
1.073326e+03 0
1.073597e+03 2
1.073868e+03 2
1.074139e+03 4
1.074411e+03 3
1.074682e+03 0
1.074953e+03 3
1.075224e+03 3
1.075495e+03 4
1.075766e+03 5
1.076038e+03 4
1.076309e+03 7
1.076580e+03 3
1.076851e+03 2
1.077122e+03 3
1.077394e+03 4
1.077665e+03 3
1.077936e+03 4
1.078207e+03 1
1.078478e+03 1
1.078749e+03 3
1.079021e+03 2
1.079292e+03 4
1.079563e+03 0
1.079834e+03 5
1.080105e+03 0
1.080377e+03 2
1.080648e+03 3
1.080919e+03 3
1.081190e+03 1
1.081461e+03 5
1.081733e+03 1
1.082004e+03 3
1.082275e+03 3
1.082546e+03 2
1.082817e+03 1
1.083089e+03 3
1.083360e+03 1
1.083631e+03 3
1.083902e+03 7
1.084174e+03 3
1.084445e+03 4
1.084716e+03 5
1.084987e+03 1
1.085259e+03 3
1.085530e+03 2
1.085801e+03 5
1.086072e+03 3
1.086343e+03 1
1.086615e+03 1
1.086886e+03 1
1.087157e+03 2
1.087428e+03 2
1.087700e+03 5
1.087971e+03 3
1.088242e+03 2
1.088513e+03 2
1.088785e+03 2
1.089056e+03 2
1.089327e+03 2
1.089598e+03 1
1.089870e+03 1
1.090141e+03 3
1.090412e+03 2
1.090683e+03 2
1.090955e+03 1
1.091226e+03 5
1.091497e+03 2
1.091769e+03 1
1.092040e+03 1
1.092311e+03 1
1.092582e+03 3
1.092854e+03 2
1.093125e+03 2
1.093396e+03 2
1.093668e+03 3
1.093939e+03 6
1.094210e+03 1
1.094481e+03 3
1.094753e+03 4
1.095024e+03 1
1.095295e+03 0
1.095567e+03 5
1.095838e+03 2
1.096109e+03 3
1.096380e+03 2
1.096652e+03 2
1.096923e+03 1
1.097194e+03 5
1.097466e+03 4
1.097737e+03 3
1.098008e+03 1
1.098280e+03 1
1.098551e+03 2
1.098822e+03 7
1.099094e+03 1
1.099365e+03 1
1.099636e+03 1
1.099907e+03 4
1.100179e+03 5
1.100450e+03 1
1.100721e+03 1
1.100993e+03 4
1.101264e+03 0
1.101535e+03 3
1.101807e+03 2
1.102078e+03 0
1.102349e+03 5
1.102621e+03 4
1.102892e+03 5
1.103163e+03 0
1.103435e+03 5
1.103706e+03 3
1.103978e+03 0
1.104249e+03 1
1.104520e+03 2
1.104792e+03 3
1.105063e+03 3
1.105334e+03 0
1.105606e+03 3
1.105877e+03 3
1.106148e+03 4
1.106420e+03 2
1.106691e+03 1
1.106962e+03 3
1.107234e+03 3
1.107505e+03 3
1.107777e+03 4
1.108048e+03 3
1.108319e+03 2
1.108591e+03 3
1.108862e+03 3
1.109133e+03 0
1.109405e+03 2
1.109676e+03 0
1.109948e+03 4
1.110219e+03 0
1.110490e+03 2
1.110762e+03 2
1.111033e+03 4
1.111305e+03 2
1.111576e+03 2
1.111847e+03 1
1.112119e+03 5
1.112390e+03 2
1.112662e+03 1
1.112933e+03 2
1.113204e+03 0
1.113476e+03 0
1.113747e+03 1
1.114019e+03 0
1.114290e+03 2
1.114561e+03 3
1.114833e+03 1
1.115104e+03 2
1.115376e+03 2
1.115647e+03 0
1.115919e+03 3
1.116190e+03 2
1.116461e+03 1
1.116733e+03 5
1.117004e+03 4
1.117276e+03 3
1.117547e+03 3
1.117819e+03 1
1.118090e+03 2
1.118361e+03 1
1.118633e+03 1
1.118904e+03 1
1.119176e+03 1
1.119447e+03 1
1.119719e+03 5
1.119990e+03 3
1.120262e+03 4
1.120533e+03 1
1.120804e+03 4
1.121076e+03 1
1.121347e+03 0
1.121619e+03 1
1.121890e+03 2
1.122162e+03 2
1.122433e+03 3
1.122705e+03 3
1.122976e+03 4
1.123248e+03 3
1.123519e+03 2
1.123791e+03 0
1.124062e+03 1
1.124334e+03 2
1.124605e+03 5
1.124876e+03 3
1.125148e+03 1
1.125419e+03 1
1.125691e+03 2
1.125962e+03 3
1.126234e+03 0
1.126505e+03 5
1.126777e+03 1
1.127048e+03 5
1.127320e+03 4
1.127591e+03 1
1.127863e+03 0
1.128134e+03 3
1.128406e+03 2
1.128677e+03 3
1.128949e+03 0
1.129220e+03 1
1.129492e+03 3
1.129763e+03 3
1.130035e+03 2
1.130306e+03 1
1.130578e+03 1
1.130849e+03 1
1.131121e+03 5
1.131392e+03 4
1.131664e+03 4
1.131936e+03 1
1.132207e+03 6
1.132479e+03 3
1.132750e+03 5
1.133022e+03 1
1.133293e+03 1
1.133565e+03 4
1.133836e+03 3
1.134108e+03 3
1.134379e+03 1
1.134651e+03 0
1.134922e+03 3
1.135194e+03 1
1.135465e+03 2
1.135737e+03 1
1.136009e+03 4
1.136280e+03 3
1.136552e+03 3
1.136823e+03 2
1.137095e+03 7
1.137366e+03 2
1.137638e+03 3
1.137909e+03 1
1.138181e+03 3
1.138453e+03 2
1.138724e+03 2
1.138996e+03 2
1.139267e+03 4
1.139539e+03 2
1.139810e+03 5
1.140082e+03 2
1.140354e+03 4
1.140625e+03 4
1.140897e+03 6
1.141168e+03 1
1.141440e+03 4
1.141712e+03 4
1.141983e+03 3
1.142255e+03 4
1.142526e+03 5
1.142798e+03 2
1.143069e+03 3
1.143341e+03 1
1.143613e+03 3
1.143884e+03 1
1.144156e+03 2
1.144427e+03 0
1.144699e+03 5
1.144971e+03 0
1.145242e+03 3
1.145514e+03 2
1.145786e+03 2
1.146057e+03 2
1.146329e+03 5
1.146600e+03 4
1.146872e+03 2
1.147144e+03 2
1.147415e+03 2
1.147687e+03 3
1.147958e+03 2
1.148230e+03 3
1.148502e+03 1
1.148773e+03 2
1.149045e+03 3
1.149317e+03 1
1.149588e+03 1
1.149860e+03 2
1.150132e+03 3
1.150403e+03 2
1.150675e+03 3
1.150946e+03 3
1.151218e+03 2
1.151490e+03 2
1.151761e+03 1
1.152033e+03 3
1.152305e+03 4
1.152576e+03 1
1.152848e+03 4
1.153120e+03 2
1.153391e+03 4
1.153663e+03 2
1.153935e+03 3
1.154206e+03 0
1.154478e+03 2
1.154750e+03 3
1.155021e+03 1
1.155293e+03 1
1.155565e+03 2
1.155836e+03 1
1.156108e+03 2
1.156380e+03 3
1.156651e+03 2
1.156923e+03 1
1.157195e+03 2
1.157466e+03 2
1.157738e+03 3
1.158010e+03 4
1.158281e+03 1
1.158553e+03 4
1.158825e+03 0
1.159097e+03 3
1.159368e+03 2
1.159640e+03 2
1.159912e+03 3
1.160183e+03 1
1.160455e+03 2
1.160727e+03 2
1.160998e+03 4
1.161270e+03 4
1.161542e+03 1
1.161814e+03 3
1.162085e+03 6
1.162357e+03 0
1.162629e+03 3
1.162900e+03 3
1.163172e+03 3
1.163444e+03 4
1.163716e+03 4
1.163987e+03 1
1.164259e+03 1
1.164531e+03 3
1.164803e+03 5
1.165074e+03 4
1.165346e+03 4
1.165618e+03 3
1.165889e+03 5
1.166161e+03 3
1.166433e+03 4
1.166705e+03 3
1.166976e+03 3
1.167248e+03 3
1.167520e+03 3
1.167792e+03 3
1.168063e+03 4
1.168335e+03 3
1.168607e+03 1
1.168879e+03 6
1.169150e+03 6
1.169422e+03 3
1.169694e+03 1
1.169966e+03 1
1.170237e+03 3
1.170509e+03 1
1.170781e+03 3
1.171053e+03 3
1.171325e+03 3
1.171596e+03 1
1.171868e+03 2
1.172140e+03 3
1.172412e+03 1
1.172683e+03 4
1.172955e+03 2
1.173227e+03 2
1.173499e+03 8
1.173771e+03 3
1.174042e+03 1
1.174314e+03 2
1.174586e+03 1
1.174858e+03 1
1.175130e+03 4
1.175401e+03 2
1.175673e+03 4
1.175945e+03 3
1.176217e+03 3
1.176489e+03 4
1.176760e+03 4
1.177032e+03 2
1.177304e+03 4
1.177576e+03 3
1.177848e+03 1
1.178119e+03 4
1.178391e+03 3
1.178663e+03 7
1.178935e+03 2
1.179207e+03 3
1.179478e+03 1
1.179750e+03 4
1.180022e+03 5
1.180294e+03 3
1.180566e+03 3
1.180838e+03 4
1.181109e+03 5
1.181381e+03 4
1.181653e+03 4
1.181925e+03 7
1.182197e+03 2
1.182469e+03 1
1.182740e+03 4
1.183012e+03 4
1.183284e+03 5
1.183556e+03 2
1.183828e+03 4
1.184100e+03 5
1.184372e+03 3
1.184643e+03 2
1.184915e+03 5
1.185187e+03 7
1.185459e+03 5
1.185731e+03 2
1.186003e+03 2
1.186275e+03 1
1.186546e+03 1
1.186818e+03 3
1.187090e+03 5
1.187362e+03 3
1.187634e+03 5
1.187906e+03 4
1.188178e+03 2
1.188450e+03 3
1.188721e+03 5
1.188993e+03 9
1.189265e+03 4
1.189537e+03 3
1.189809e+03 5
1.190081e+03 0
1.190353e+03 3
1.190625e+03 3
1.190897e+03 5
1.191168e+03 1
1.191440e+03 7
1.191712e+03 3
1.191984e+03 6
1.192256e+03 1
1.192528e+03 6
1.192800e+03 3
1.193072e+03 2
1.193344e+03 2
1.193616e+03 3
1.193888e+03 5
1.194159e+03 1
1.194431e+03 5
1.194703e+03 5
1.194975e+03 1
1.195247e+03 3
1.195519e+03 3
1.195791e+03 2
1.196063e+03 2
1.196335e+03 4
1.196607e+03 2
1.196879e+03 3
1.197151e+03 4
1.197423e+03 1
1.197694e+03 5
1.197966e+03 3
1.198238e+03 5
1.198510e+03 4
1.198782e+03 2
1.199054e+03 3
1.199326e+03 6
1.199598e+03 3
1.199870e+03 4
1.200142e+03 3
1.200414e+03 3
1.200686e+03 5
1.200958e+03 6
1.201230e+03 8
1.201502e+03 5
1.201774e+03 5
1.202046e+03 2
1.202318e+03 2
1.202590e+03 3
1.202862e+03 6
1.203134e+03 3
1.203406e+03 3
1.203678e+03 0
1.203949e+03 4
1.204221e+03 2
1.204493e+03 1
1.204765e+03 6
1.205037e+03 7
1.205309e+03 6
1.205581e+03 1
1.205853e+03 6
1.206125e+03 4
1.206397e+03 0
1.206669e+03 4
1.206941e+03 7
1.207213e+03 2
1.207485e+03 4
1.207757e+03 1
1.208029e+03 7
1.208301e+03 3
1.208573e+03 4
1.208845e+03 4
1.209117e+03 0
1.209389e+03 3
1.209661e+03 2
1.209933e+03 2
1.210205e+03 3
1.210477e+03 2
1.210749e+03 3
1.211021e+03 4
1.211293e+03 3
1.211566e+03 5
1.211838e+03 4
1.212110e+03 3
1.212382e+03 1
1.212654e+03 3
1.212926e+03 1
1.213198e+03 1
1.213470e+03 5
1.213742e+03 1
1.214014e+03 3
1.214286e+03 5
1.214558e+03 1
1.214830e+03 1
1.215102e+03 2
1.215374e+03 2
1.215646e+03 2
1.215918e+03 0
1.216190e+03 1
1.216462e+03 0
1.216734e+03 4
1.217006e+03 1
1.217278e+03 2
1.217550e+03 2
1.217823e+03 3
1.218095e+03 3
1.218367e+03 1
1.218639e+03 2
1.218911e+03 2
1.219183e+03 4
1.219455e+03 4
1.219727e+03 3
1.219999e+03 2
1.220271e+03 5
1.220543e+03 1
1.220815e+03 1
1.221087e+03 0
1.221359e+03 2
1.221632e+03 1
1.221904e+03 2
1.222176e+03 2
1.222448e+03 2
1.222720e+03 0
1.222992e+03 5
1.223264e+03 4
1.223536e+03 4
1.223808e+03 1
1.224080e+03 0
1.224353e+03 1
1.224625e+03 3
1.224897e+03 1
1.225169e+03 3
1.225441e+03 2
1.225713e+03 5
1.225985e+03 2
1.226257e+03 1
1.226529e+03 1
1.226802e+03 2
1.227074e+03 5
1.227346e+03 1
1.227618e+03 3
1.227890e+03 3
1.228162e+03 1
1.228434e+03 9
1.228706e+03 4
1.228979e+03 0
1.229251e+03 3
1.229523e+03 2
1.229795e+03 4
1.230067e+03 4
1.230339e+03 0
1.230611e+03 1
1.230884e+03 4
1.231156e+03 1
1.231428e+03 3
1.231700e+03 2
1.231972e+03 3
1.232244e+03 1
1.232516e+03 3
1.232789e+03 1
1.233061e+03 0
1.233333e+03 2
1.233605e+03 7
1.233877e+03 2
1.234149e+03 0
1.234422e+03 2
1.234694e+03 3
1.234966e+03 2
1.235238e+03 0
1.235510e+03 2
1.235782e+03 0
1.236055e+03 2
1.236327e+03 3
1.236599e+03 2
1.236871e+03 2
1.237143e+03 3
1.237416e+03 1
1.237688e+03 0
1.237960e+03 1
1.238232e+03 2
1.238504e+03 0
1.238776e+03 1
1.239049e+03 1
1.239321e+03 2
1.239593e+03 1
1.239865e+03 2
1.240137e+03 0
1.240410e+03 3
1.240682e+03 1
1.240954e+03 3
1.241226e+03 0
1.241499e+03 2
1.241771e+03 1
1.242043e+03 1
1.242315e+03 3
1.242587e+03 2
1.242860e+03 1
1.243132e+03 3
1.243404e+03 0
1.243676e+03 0
1.243949e+03 1
1.244221e+03 1
1.244493e+03 1
1.244765e+03 3
1.245037e+03 3
1.245310e+03 3
1.245582e+03 1
1.245854e+03 3
1.246126e+03 1
1.246399e+03 3
1.246671e+03 1
1.246943e+03 2
1.247215e+03 1
1.247488e+03 0
1.247760e+03 1
1.248032e+03 1
1.248304e+03 2
1.248577e+03 1
1.248849e+03 0
1.249121e+03 1
1.249393e+03 2
1.249666e+03 1
1.249938e+03 1
1.250210e+03 2
1.250482e+03 2
1.250755e+03 5
1.251027e+03 2
1.251299e+03 1
1.251572e+03 2
1.251844e+03 2
1.252116e+03 1
1.252388e+03 0
1.252661e+03 1
1.252933e+03 2
1.253205e+03 0
1.253478e+03 0
1.253750e+03 1
1.254022e+03 2
1.254294e+03 1
1.254567e+03 1
1.254839e+03 0
1.255111e+03 0
1.255384e+03 2
1.255656e+03 2
1.255928e+03 0
1.256200e+03 0
1.256473e+03 2
1.256745e+03 0
1.257017e+03 0
1.257290e+03 2
1.257562e+03 1
1.257834e+03 1
1.258107e+03 2
1.258379e+03 0
1.258651e+03 0
1.258924e+03 1
1.259196e+03 0
1.259468e+03 1
1.259741e+03 0
1.260013e+03 2
1.260285e+03 0
1.260558e+03 1
1.260830e+03 0
1.261102e+03 4
1.261375e+03 1
1.261647e+03 1
1.261919e+03 0
1.262192e+03 0
1.262464e+03 1
1.262736e+03 1
1.263009e+03 0
1.263281e+03 0
1.263553e+03 1
1.263826e+03 2
1.264098e+03 0
1.264370e+03 1
1.264643e+03 1
1.264915e+03 0
1.265187e+03 0
1.265460e+03 1
1.265732e+03 0
1.266005e+03 1
1.266277e+03 0
1.266549e+03 0
1.266822e+03 2
1.267094e+03 0
1.267366e+03 0
1.267639e+03 2
1.267911e+03 0
1.268184e+03 1
1.268456e+03 0
1.268728e+03 0
1.269001e+03 0
1.269273e+03 1
1.269545e+03 2
1.269818e+03 1
1.270090e+03 0
1.270363e+03 1
1.270635e+03 0
1.270907e+03 1
1.271180e+03 0
1.271452e+03 0
1.271725e+03 1
1.271997e+03 2
1.272269e+03 1
1.272542e+03 1
1.272814e+03 0
1.273087e+03 0
1.273359e+03 1
1.273631e+03 1
1.273904e+03 0
1.274176e+03 2
1.274449e+03 0
1.274721e+03 0
1.274994e+03 1
1.275266e+03 1
1.275538e+03 1
1.275811e+03 0
1.276083e+03 0
1.276356e+03 0
1.276628e+03 0
1.276901e+03 0
1.277173e+03 0
1.277445e+03 0
1.277718e+03 0
1.277990e+03 0
1.278263e+03 1
1.278535e+03 0
1.278808e+03 0
1.279080e+03 0
1.279353e+03 1
1.279625e+03 0
1.279897e+03 0
1.280170e+03 0
1.280442e+03 0
1.280715e+03 1
1.280987e+03 0
1.281260e+03 0
1.281532e+03 1
1.281805e+03 0
1.282077e+03 0
1.282350e+03 1
1.282622e+03 1
1.282895e+03 0
1.283167e+03 0
1.283439e+03 0
1.283712e+03 0
1.283984e+03 0
1.284257e+03 0
1.284529e+03 1
1.284802e+03 1
1.285074e+03 1
1.285347e+03 1
1.285619e+03 0
1.285892e+03 0
1.286164e+03 0
1.286437e+03 0
1.286709e+03 0
1.286982e+03 2
1.287254e+03 0
1.287527e+03 0
1.287799e+03 1
1.288072e+03 0
1.288344e+03 0
1.288617e+03 0
1.288889e+03 0
1.289162e+03 0
1.289434e+03 0
1.289707e+03 0
1.289979e+03 0
1.290252e+03 0
1.290524e+03 1
1.290797e+03 1
1.291069e+03 1
1.291342e+03 1
1.291614e+03 1
1.291887e+03 0
1.292160e+03 0
1.292432e+03 0
1.292705e+03 0
1.292977e+03 0
1.293250e+03 0
1.293522e+03 0
1.293795e+03 0
1.294067e+03 0
1.294340e+03 1
1.294612e+03 0
1.294885e+03 0
1.295157e+03 0
1.295430e+03 0
1.295703e+03 0
1.295975e+03 1
1.296248e+03 0
1.296520e+03 0
1.296793e+03 0
1.297065e+03 0
1.297338e+03 0
1.297610e+03 0
1.297883e+03 0
1.298156e+03 0
1.298428e+03 0
1.298701e+03 0
1.298973e+03 0
1.299246e+03 0
1.299518e+03 0
1.299791e+03 1
1.300064e+03 0
1.300336e+03 1
1.300609e+03 0
1.300881e+03 1
1.301154e+03 0
1.301427e+03 0
1.301699e+03 0
1.301972e+03 0
1.302244e+03 0
1.302517e+03 0
1.302789e+03 0
1.303062e+03 0
1.303335e+03 1
1.303607e+03 0
1.303880e+03 0
1.304152e+03 0
1.304425e+03 1
1.304698e+03 0
1.304970e+03 0
1.305243e+03 1
1.305516e+03 0
1.305788e+03 0
1.306061e+03 0
1.306333e+03 0
1.306606e+03 0
1.306879e+03 0
1.307151e+03 0
1.307424e+03 0
1.307696e+03 0
1.307969e+03 0
1.308242e+03 0
1.308514e+03 0
1.308787e+03 0
1.309060e+03 0
1.309332e+03 0
1.309605e+03 0
1.309878e+03 0
1.310150e+03 1
1.310423e+03 0
1.310695e+03 0
1.310968e+03 0
1.311241e+03 0
1.311513e+03 0
1.311786e+03 0
1.312059e+03 0
1.312331e+03 0
1.312604e+03 0
1.312877e+03 0
1.313149e+03 1
1.313422e+03 0
1.313695e+03 0
1.313967e+03 0
1.314240e+03 0
1.314513e+03 0
1.314785e+03 0
1.315058e+03 0
1.315331e+03 0
1.315603e+03 0
1.315876e+03 0
1.316149e+03 0
1.316421e+03 0
1.316694e+03 1
1.316967e+03 0
1.317239e+03 0
1.317512e+03 1
1.317785e+03 0
1.318058e+03 0
1.318330e+03 0
1.318603e+03 0
1.318876e+03 0
1.319148e+03 0
1.319421e+03 0
1.319694e+03 1
1.319966e+03 0
1.320239e+03 0
1.320512e+03 0
1.320785e+03 0
1.321057e+03 0
1.321330e+03 2
1.321603e+03 0
1.321875e+03 0
1.322148e+03 0
1.322421e+03 0
1.322694e+03 1
1.322966e+03 1
1.323239e+03 0
1.323512e+03 0
1.323784e+03 0
1.324057e+03 0
1.324330e+03 0
1.324603e+03 1
1.324875e+03 0
1.325148e+03 0
1.325421e+03 0
1.325694e+03 0
1.325966e+03 0
1.326239e+03 0
1.326512e+03 0
1.326785e+03 1
1.327057e+03 0
1.327330e+03 0
1.327603e+03 0
1.327876e+03 0
1.328148e+03 0
1.328421e+03 1
1.328694e+03 1
1.328967e+03 0
1.329239e+03 0
1.329512e+03 0
1.329785e+03 0
1.330058e+03 0
1.330330e+03 0
1.330603e+03 0
1.330876e+03 0
1.331149e+03 0
1.331421e+03 0
1.331694e+03 1
1.331967e+03 0
1.332240e+03 0
1.332513e+03 0
1.332785e+03 0
1.333058e+03 0
1.333331e+03 0
1.333604e+03 0
1.333877e+03 0
1.334149e+03 0
1.334422e+03 0
1.334695e+03 0
1.334968e+03 0
1.335241e+03 0
1.335513e+03 0
1.335786e+03 0
1.336059e+03 0
1.336332e+03 0
1.336605e+03 1
1.336877e+03 0
1.337150e+03 0
1.337423e+03 0
1.337696e+03 0
1.337969e+03 0
1.338241e+03 0
1.338514e+03 0
1.338787e+03 0
1.339060e+03 0
1.339333e+03 0
1.339606e+03 0
1.339878e+03 0
1.340151e+03 0
1.340424e+03 0
1.340697e+03 0
1.340970e+03 0
1.341243e+03 0
1.341515e+03 0
1.341788e+03 0
1.342061e+03 0
1.342334e+03 0
1.342607e+03 0
1.342880e+03 0
1.343152e+03 0
1.343425e+03 0
1.343698e+03 0
1.343971e+03 0
1.344244e+03 0
1.344517e+03 1
1.344790e+03 0
1.345062e+03 0
1.345335e+03 0
1.345608e+03 0
1.345881e+03 0
1.346154e+03 0
1.346427e+03 0
1.346700e+03 0
1.346972e+03 1
1.347245e+03 0
1.347518e+03 0
1.347791e+03 0
1.348064e+03 0
1.348337e+03 0
1.348610e+03 0
1.348883e+03 0
1.349155e+03 0
1.349428e+03 0
1.349701e+03 0
1.349974e+03 0
1.350247e+03 1
1.350520e+03 0
1.350793e+03 0
1.351066e+03 0
1.351339e+03 0
1.351612e+03 0
1.351884e+03 0
1.352157e+03 0
1.352430e+03 0
1.352703e+03 0
1.352976e+03 0
1.353249e+03 0
1.353522e+03 0
1.353795e+03 0
1.354068e+03 0
1.354341e+03 0
1.354614e+03 0
1.354886e+03 0
1.355159e+03 0
1.355432e+03 0
1.355705e+03 0
1.355978e+03 0
1.356251e+03 0
1.356524e+03 0
1.356797e+03 0
1.357070e+03 0
1.357343e+03 0
1.357616e+03 0
1.357889e+03 0
1.358162e+03 0
1.358435e+03 0
1.358708e+03 0
1.358981e+03 0
1.359253e+03 0
1.359526e+03 0
1.359799e+03 0
1.360072e+03 0
1.360345e+03 0
1.360618e+03 0
1.360891e+03 0
1.361164e+03 0
1.361437e+03 0
1.361710e+03 0
1.361983e+03 0
1.362256e+03 0
1.362529e+03 0
1.362802e+03 0
1.363075e+03 0
1.363348e+03 0
1.363621e+03 0
1.363894e+03 0
1.364167e+03 0
1.364440e+03 0
1.364713e+03 0
1.364986e+03 1
1.365259e+03 0
1.365532e+03 0
1.365805e+03 0
1.366078e+03 0
1.366351e+03 0
1.366624e+03 0
1.366897e+03 0
1.367170e+03 0
1.367443e+03 0
1.367716e+03 0
1.367989e+03 0
1.368262e+03 0
1.368535e+03 0
1.368808e+03 0
1.369081e+03 0
1.369354e+03 0
1.369627e+03 0
1.369900e+03 0
1.370173e+03 0
1.370446e+03 0
1.370719e+03 0
1.370992e+03 0
1.371265e+03 0
1.371538e+03 0
1.371811e+03 0
1.372084e+03 0
1.372357e+03 0
1.372630e+03 0
1.372903e+03 0
1.373176e+03 0
1.373449e+03 0
1.373722e+03 0
1.373995e+03 0
1.374268e+03 0
1.374541e+03 0
1.374814e+03 0
1.375087e+03 0
1.375360e+03 0
1.375633e+03 0
1.375907e+03 0
1.376180e+03 0
1.376453e+03 0
1.376726e+03 0
1.376999e+03 0
1.377272e+03 0
1.377545e+03 0
1.377818e+03 0
1.378091e+03 0
1.378364e+03 0
1.378637e+03 0
1.378910e+03 0
1.379183e+03 0
1.379456e+03 0
1.379729e+03 0
1.380003e+03 0
1.380276e+03 0
1.380549e+03 0
1.380822e+03 0
1.381095e+03 0
1.381368e+03 0
1.381641e+03 0
1.381914e+03 0
1.382187e+03 0
1.382460e+03 0
1.382733e+03 0
1.383007e+03 0
1.383280e+03 0
1.383553e+03 0
1.383826e+03 0
1.384099e+03 0
1.384372e+03 0
1.384645e+03 0
1.384918e+03 0
1.385191e+03 0
1.385464e+03 0
1.385738e+03 0
1.386011e+03 0
1.386284e+03 0
1.386557e+03 0
1.386830e+03 0
1.387103e+03 0
1.387376e+03 0
1.387649e+03 0
1.387923e+03 0
1.388196e+03 0
1.388469e+03 0
1.388742e+03 0
1.389015e+03 0
1.389288e+03 0
1.389561e+03 0
1.389834e+03 0
1.390108e+03 0
1.390381e+03 0
1.390654e+03 0
1.390927e+03 0
1.391200e+03 0
1.391473e+03 1
1.391747e+03 0
1.392020e+03 0
1.392293e+03 0
1.392566e+03 0
1.392839e+03 1
1.393112e+03 0
1.393385e+03 0
1.393659e+03 0
1.393932e+03 0
1.394205e+03 0
1.394478e+03 0
1.394751e+03 0
1.395024e+03 0
1.395298e+03 0
1.395571e+03 0
1.395844e+03 0
1.396117e+03 0
1.396390e+03 0
1.396664e+03 0
1.396937e+03 0
1.397210e+03 0
1.397483e+03 0
1.397756e+03 0
1.398029e+03 0
1.398303e+03 0
1.398576e+03 0
1.398849e+03 0
1.399122e+03 0
1.399395e+03 0
1.399669e+03 0
1.399942e+03 0
1.400215e+03 0
1.400488e+03 0
1.400761e+03 0
1.401035e+03 0
1.401308e+03 0
1.401581e+03 0
1.401854e+03 0
1.402128e+03 0
1.402401e+03 0
1.402674e+03 0
1.402947e+03 0
1.403220e+03 0
1.403494e+03 0
1.403767e+03 0
1.404040e+03 0
1.404313e+03 0
1.404587e+03 0
1.404860e+03 0
1.405133e+03 0
1.405406e+03 0
1.405679e+03 0
1.405953e+03 0
1.406226e+03 0
1.406499e+03 0
1.406772e+03 0
1.407046e+03 0
1.407319e+03 0
1.407592e+03 0
1.407865e+03 0
1.408139e+03 0
1.408412e+03 0
1.408685e+03 0
1.408958e+03 0
1.409232e+03 0
1.409505e+03 0
1.409778e+03 0
1.410052e+03 0
1.410325e+03 0
1.410598e+03 0
1.410871e+03 0
1.411145e+03 0
1.411418e+03 0
1.411691e+03 0
1.411964e+03 0
1.412238e+03 0
1.412511e+03 0
1.412784e+03 0
1.413058e+03 0
1.413331e+03 0
1.413604e+03 0
1.413877e+03 0
1.414151e+03 0
1.414424e+03 0
1.414697e+03 0
1.414971e+03 0
1.415244e+03 0
1.415517e+03 0
1.415791e+03 0
1.416064e+03 0
1.416337e+03 0
1.416610e+03 0
1.416884e+03 0
1.417157e+03 0
1.417430e+03 0
1.417704e+03 0
1.417977e+03 0
1.418250e+03 0
1.418524e+03 0
1.418797e+03 0
1.419070e+03 0
1.419344e+03 0
1.419617e+03 0
1.419890e+03 0
1.420164e+03 1
1.420437e+03 0
1.420710e+03 0
1.420984e+03 0
1.421257e+03 0
1.421530e+03 0
1.421804e+03 0
1.422077e+03 0
1.422350e+03 0
1.422624e+03 0
1.422897e+03 0
1.423170e+03 0
1.423444e+03 0
1.423717e+03 0
1.423990e+03 0
1.424264e+03 0
1.424537e+03 0
1.424810e+03 0
1.425084e+03 0
1.425357e+03 0
1.425631e+03 0
1.425904e+03 0
1.426177e+03 0
1.426451e+03 0
1.426724e+03 0
1.426997e+03 0
1.427271e+03 0
1.427544e+03 0
1.427817e+03 0
1.428091e+03 0
1.428364e+03 0
1.428638e+03 0
1.428911e+03 0
1.429184e+03 0
1.429458e+03 0
1.429731e+03 0
1.430005e+03 0
1.430278e+03 0
1.430551e+03 0
1.430825e+03 0
1.431098e+03 0
1.431372e+03 0
1.431645e+03 0
1.431918e+03 0
1.432192e+03 0
1.432465e+03 0
1.432739e+03 0
1.433012e+03 0
1.433285e+03 0
1.433559e+03 0
1.433832e+03 0
1.434106e+03 0
1.434379e+03 0
1.434652e+03 0
1.434926e+03 0
1.435199e+03 0
1.435473e+03 0
1.435746e+03 0
1.436020e+03 0
1.436293e+03 0
1.436566e+03 0
1.436840e+03 0
1.437113e+03 0
1.437387e+03 0
1.437660e+03 0
1.437934e+03 0
1.438207e+03 0
1.438481e+03 0
1.438754e+03 0
1.439027e+03 0
1.439301e+03 0
1.439574e+03 0
1.439848e+03 0
1.440121e+03 0
1.440395e+03 0
1.440668e+03 0
1.440942e+03 0
1.441215e+03 0
1.441489e+03 0
1.441762e+03 0
1.442035e+03 0
1.442309e+03 0
1.442582e+03 0
1.442856e+03 0
1.443129e+03 0
1.443403e+03 0
1.443676e+03 0
1.443950e+03 0
1.444223e+03 0
1.444497e+03 0
1.444770e+03 0
1.445044e+03 0
1.445317e+03 0
1.445591e+03 0
1.445864e+03 0
1.446138e+03 0
1.446411e+03 0
1.446685e+03 0
1.446958e+03 0
1.447232e+03 0
1.447505e+03 0
1.447779e+03 0
1.448052e+03 0
1.448326e+03 0
1.448599e+03 0
1.448873e+03 0
1.449146e+03 0
1.449420e+03 0
1.449693e+03 0
1.449967e+03 0
1.450240e+03 0
1.450514e+03 0
1.450787e+03 0
1.451061e+03 0
1.451334e+03 0
1.451608e+03 0
1.451881e+03 0
1.452155e+03 0
1.452428e+03 0
1.452702e+03 0
1.452975e+03 0
1.453249e+03 0
1.453523e+03 0
1.453796e+03 0
1.454070e+03 0
1.454343e+03 0
1.454617e+03 0
1.454890e+03 0
1.455164e+03 0
1.455437e+03 0
1.455711e+03 0
1.455984e+03 0
1.456258e+03 0
1.456532e+03 0
1.456805e+03 0
1.457079e+03 0
1.457352e+03 0
1.457626e+03 0
1.457899e+03 0
1.458173e+03 0
1.458446e+03 0
1.458720e+03 0
1.458994e+03 0
1.459267e+03 0
1.459541e+03 0
1.459814e+03 0
1.460088e+03 0
1.460362e+03 0
1.460635e+03 1
1.460909e+03 0
1.461182e+03 0
1.461456e+03 0
1.461729e+03 0
1.462003e+03 0
1.462277e+03 0
1.462550e+03 0
1.462824e+03 0
1.463097e+03 0
1.463371e+03 0
1.463645e+03 0
1.463918e+03 0
1.464192e+03 0
1.464465e+03 0
1.464739e+03 0
1.465013e+03 0
1.465286e+03 0
1.465560e+03 0
1.465833e+03 0
1.466107e+03 0
1.466381e+03 0
1.466654e+03 0
1.466928e+03 0
1.467202e+03 0
1.467475e+03 0
1.467749e+03 0
1.468022e+03 0
1.468296e+03 0
1.468570e+03 0
1.468843e+03 0
1.469117e+03 0
1.469391e+03 0
1.469664e+03 0
1.469938e+03 0
1.470212e+03 0
1.470485e+03 0
1.470759e+03 0
1.471032e+03 0
1.471306e+03 0
1.471580e+03 0
1.471853e+03 0
1.472127e+03 0
1.472401e+03 0
1.472674e+03 0
1.472948e+03 0
1.473222e+03 0
1.473495e+03 0
1.473769e+03 0
1.474043e+03 0
1.474316e+03 0
1.474590e+03 0
1.474864e+03 0
1.475137e+03 0
1.475411e+03 0
1.475685e+03 0
1.475958e+03 0
1.476232e+03 0
1.476506e+03 0
1.476779e+03 0
1.477053e+03 0
1.477327e+03 0
1.477600e+03 0
1.477874e+03 0
1.478148e+03 0
1.478422e+03 0
1.478695e+03 0
1.478969e+03 0
1.479243e+03 0
1.479516e+03 0
1.479790e+03 0
1.480064e+03 0
1.480337e+03 0
1.480611e+03 0
1.480885e+03 0
1.481159e+03 0
1.481432e+03 0
1.481706e+03 0
1.481980e+03 0
1.482253e+03 0
1.482527e+03 0
1.482801e+03 0
1.483075e+03 0
1.483348e+03 0
1.483622e+03 0
1.483896e+03 0
1.484169e+03 0
1.484443e+03 0
1.484717e+03 0
1.484991e+03 0
1.485264e+03 0
1.485538e+03 0
1.485812e+03 0
1.486086e+03 0
1.486359e+03 0
1.486633e+03 0
1.486907e+03 0
1.487181e+03 0
1.487454e+03 0
1.487728e+03 0
1.488002e+03 0
1.488276e+03 0
1.488549e+03 0
1.488823e+03 0
1.489097e+03 0
1.489371e+03 0
1.489644e+03 0
1.489918e+03 0
1.490192e+03 0
1.490466e+03 0
1.490739e+03 0
1.491013e+03 0
1.491287e+03 0
1.491561e+03 0
1.491835e+03 0
1.492108e+03 0
1.492382e+03 0
1.492656e+03 0
1.492930e+03 0
1.493203e+03 0
1.493477e+03 0
1.493751e+03 0
1.494025e+03 0
1.494299e+03 0
1.494572e+03 0
1.494846e+03 0
1.495120e+03 0
1.495394e+03 0
1.495668e+03 0
1.495941e+03 0
1.496215e+03 0
1.496489e+03 0
1.496763e+03 0
1.497037e+03 0
1.497310e+03 0
1.497584e+03 0
1.497858e+03 0
1.498132e+03 0
1.498406e+03 0
1.498680e+03 0
1.498953e+03 0
1.499227e+03 0
1.499501e+03 0
1.499775e+03 0
1.500049e+03 0
1.500322e+03 0
1.500596e+03 0
1.500870e+03 0
1.501144e+03 0
1.501418e+03 0
1.501692e+03 0
1.501965e+03 0
1.502239e+03 0
1.502513e+03 0
1.502787e+03 0
1.503061e+03 0
1.503335e+03 0
1.503609e+03 0
1.503882e+03 0
1.504156e+03 0
1.504430e+03 0
1.504704e+03 0
1.504978e+03 0
1.505252e+03 0
1.505526e+03 0
1.505799e+03 0
1.506073e+03 0
1.506347e+03 0
1.506621e+03 0
1.506895e+03 0
1.507169e+03 0
1.507443e+03 0
1.507716e+03 0
1.507990e+03 0
1.508264e+03 0
1.508538e+03 0
1.508812e+03 0
1.509086e+03 0
1.509360e+03 0
1.509634e+03 0
1.509908e+03 0
1.510181e+03 0
1.510455e+03 0
1.510729e+03 0
1.511003e+03 0
1.511277e+03 0
1.511551e+03 0
1.511825e+03 0
1.512099e+03 0
1.512373e+03 0
1.512647e+03 0
1.512920e+03 0
1.513194e+03 0
1.513468e+03 0
1.513742e+03 0
1.514016e+03 0
1.514290e+03 0
1.514564e+03 0
1.514838e+03 0
1.515112e+03 0
1.515386e+03 1
1.515660e+03 0
1.515934e+03 0
1.516207e+03 0
1.516481e+03 0
1.516755e+03 0
1.517029e+03 0
1.517303e+03 0
1.517577e+03 0
1.517851e+03 0
1.518125e+03 0
1.518399e+03 0
1.518673e+03 0
1.518947e+03 0
1.519221e+03 0
1.519495e+03 0
1.519769e+03 0
1.520043e+03 0
1.520317e+03 0
1.520591e+03 0
1.520864e+03 0
1.521138e+03 0
1.521412e+03 0
1.521686e+03 0
1.521960e+03 0
1.522234e+03 0
1.522508e+03 0
1.522782e+03 0
1.523056e+03 0
1.523330e+03 0
1.523604e+03 0
1.523878e+03 0
1.524152e+03 0
1.524426e+03 0
1.524700e+03 0
1.524974e+03 0
1.525248e+03 0
1.525522e+03 0
1.525796e+03 0
1.526070e+03 0
1.526344e+03 0
1.526618e+03 0
1.526892e+03 0
1.527166e+03 0
1.527440e+03 0
1.527714e+03 0
1.527988e+03 0
1.528262e+03 0
1.528536e+03 0
1.528810e+03 0
1.529084e+03 0
1.529358e+03 0
1.529632e+03 0
1.529906e+03 0
1.530180e+03 0
1.530454e+03 0
1.530728e+03 0
1.531002e+03 0
1.531276e+03 0
1.531550e+03 0
1.531824e+03 0
1.532098e+03 0
1.532372e+03 0
1.532646e+03 0
1.532920e+03 0
1.533194e+03 0
1.533468e+03 0
1.533742e+03 0
1.534016e+03 0
1.534290e+03 0
1.534565e+03 0
1.534839e+03 0
1.535113e+03 0
1.535387e+03 0
1.535661e+03 0
1.535935e+03 0
1.536209e+03 0
1.536483e+03 0
1.536757e+03 0
1.537031e+03 0
1.537305e+03 0
1.537579e+03 0
1.537853e+03 0
1.538127e+03 0
1.538401e+03 0
1.538675e+03 0
1.538949e+03 0
1.539223e+03 0
1.539498e+03 0
1.539772e+03 0
1.540046e+03 0
1.540320e+03 0
1.540594e+03 0
1.540868e+03 0
1.541142e+03 0
1.541416e+03 0
1.541690e+03 1
1.541964e+03 0
1.542238e+03 0
1.542512e+03 0
1.542787e+03 0
1.543061e+03 0
1.543335e+03 0
1.543609e+03 0
1.543883e+03 0
1.544157e+03 0
1.544431e+03 0
1.544705e+03 0
1.544979e+03 0
1.545253e+03 0
1.545528e+03 0
1.545802e+03 0
1.546076e+03 0
1.546350e+03 0
1.546624e+03 0
1.546898e+03 0
1.547172e+03 0
1.547446e+03 0
1.547721e+03 0
1.547995e+03 0
1.548269e+03 0
1.548543e+03 0
1.548817e+03 0
1.549091e+03 0
1.549365e+03 0
1.549639e+03 0
1.549914e+03 0
1.550188e+03 0
1.550462e+03 0
1.550736e+03 0
1.551010e+03 0
1.551284e+03 0
1.551558e+03 0
1.551833e+03 0
1.552107e+03 0
1.552381e+03 0
1.552655e+03 0
1.552929e+03 0
1.553203e+03 0
1.553478e+03 0
1.553752e+03 0
1.554026e+03 0
1.554300e+03 0
1.554574e+03 0
1.554848e+03 0
1.555123e+03 0
1.555397e+03 0
1.555671e+03 0
1.555945e+03 0
1.556219e+03 0
1.556493e+03 0
1.556768e+03 0
1.557042e+03 0
1.557316e+03 0
1.557590e+03 0
1.557864e+03 0
1.558139e+03 0
1.558413e+03 0
1.558687e+03 0
1.558961e+03 0
1.559235e+03 0
1.559509e+03 0
1.559784e+03 0
1.560058e+03 0
1.560332e+03 0
1.560606e+03 0
1.560881e+03 0
1.561155e+03 0
1.561429e+03 0
1.561703e+03 0
1.561977e+03 0
1.562252e+03 0
1.562526e+03 0
1.562800e+03 0
1.563074e+03 0
1.563348e+03 0
1.563623e+03 0
1.563897e+03 0
1.564171e+03 0
1.564445e+03 0
1.564720e+03 0
1.564994e+03 0
1.565268e+03 0
1.565542e+03 0
1.565817e+03 0
1.566091e+03 0
1.566365e+03 0
1.566639e+03 0
1.566913e+03 0
1.567188e+03 0
1.567462e+03 0
1.567736e+03 0
1.568010e+03 0
1.568285e+03 0
1.568559e+03 0
1.568833e+03 0
1.569107e+03 0
1.569382e+03 0
1.569656e+03 0
1.569930e+03 0
1.570205e+03 0
1.570479e+03 0
1.570753e+03 0
1.571027e+03 0
1.571302e+03 0
1.571576e+03 0
1.571850e+03 0
1.572124e+03 0
1.572399e+03 0
1.572673e+03 0
1.572947e+03 0
1.573222e+03 0
1.573496e+03 0
1.573770e+03 0
1.574044e+03 0
1.574319e+03 0
1.574593e+03 0
1.574867e+03 0
1.575142e+03 0
1.575416e+03 0
1.575690e+03 0
1.575964e+03 0
1.576239e+03 0
1.576513e+03 0
1.576787e+03 0
1.577062e+03 0
1.577336e+03 0
1.577610e+03 0
1.577885e+03 0
1.578159e+03 0
1.578433e+03 0
1.578708e+03 0
1.578982e+03 0
1.579256e+03 0
1.579531e+03 0
1.579805e+03 0
1.580079e+03 0
1.580353e+03 0
1.580628e+03 0
1.580902e+03 0
1.581176e+03 0
1.581451e+03 0
1.581725e+03 0
1.581999e+03 0
1.582274e+03 0
1.582548e+03 0
1.582823e+03 0
1.583097e+03 0
1.583371e+03 0
1.583646e+03 0
1.583920e+03 0
1.584194e+03 0
1.584469e+03 0
1.584743e+03 0
1.585017e+03 0
1.585292e+03 0
1.585566e+03 0
1.585840e+03 0
1.586115e+03 0
1.586389e+03 0
1.586663e+03 0
1.586938e+03 0
1.587212e+03 0
1.587487e+03 0
1.587761e+03 0
1.588035e+03 0
1.588310e+03 0
1.588584e+03 0
1.588858e+03 0
1.589133e+03 0
1.589407e+03 1
1.589682e+03 0
1.589956e+03 0
1.590230e+03 0
1.590505e+03 0
1.590779e+03 0
1.591054e+03 0
1.591328e+03 0
1.591602e+03 0
1.591877e+03 0
1.592151e+03 0
1.592426e+03 0
1.592700e+03 0
1.592974e+03 0
1.593249e+03 0
1.593523e+03 0
1.593798e+03 0
1.594072e+03 0
1.594346e+03 0
1.594621e+03 0
1.594895e+03 0
1.595170e+03 0
1.595444e+03 0
1.595719e+03 0
1.595993e+03 0
1.596267e+03 0
1.596542e+03 0
1.596816e+03 0
1.597091e+03 0
1.597365e+03 0
1.597640e+03 0
1.597914e+03 0
1.598188e+03 0
1.598463e+03 0
1.598737e+03 0
1.599012e+03 0
1.599286e+03 0
1.599561e+03 0
1.599835e+03 0
1.600110e+03 0
1.600384e+03 0
1.600658e+03 0
1.600933e+03 0
1.601207e+03 0
1.601482e+03 0
1.601756e+03 0
1.602031e+03 0
1.602305e+03 0
1.602580e+03 0
1.602854e+03 0
1.603129e+03 0
1.603403e+03 0
1.603678e+03 0
1.603952e+03 0
1.604226e+03 0
1.604501e+03 0
1.604775e+03 0
1.605050e+03 0
1.605324e+03 0
1.605599e+03 0
1.605873e+03 0
1.606148e+03 0
1.606422e+03 0
1.606697e+03 0
1.606971e+03 0
1.607246e+03 0
1.607520e+03 0
1.607795e+03 0
1.608069e+03 0
1.608344e+03 0
1.608618e+03 0
1.608893e+03 0
1.609167e+03 0
1.609442e+03 0
1.609716e+03 0
1.609991e+03 0
1.610265e+03 0
1.610540e+03 0
1.610814e+03 0
1.611089e+03 0
1.611363e+03 0
1.611638e+03 0
1.611912e+03 0
1.612187e+03 0
1.612462e+03 0
1.612736e+03 0
1.613011e+03 0
1.613285e+03 0
1.613560e+03 0
1.613834e+03 0
1.614109e+03 0
1.614383e+03 0
1.614658e+03 0
1.614932e+03 0
1.615207e+03 0
1.615481e+03 0
1.615756e+03 0
1.616031e+03 0
1.616305e+03 0
1.616580e+03 0
1.616854e+03 0
1.617129e+03 0
1.617403e+03 0
1.617678e+03 0
1.617952e+03 0
1.618227e+03 0
1.618502e+03 0
1.618776e+03 0
1.619051e+03 0
1.619325e+03 0
1.619600e+03 0
1.619874e+03 0
1.620149e+03 0
1.620424e+03 0
1.620698e+03 0
1.620973e+03 0
1.621247e+03 0
1.621522e+03 0
1.621796e+03 0
1.622071e+03 0
1.622346e+03 1
1.622620e+03 0
1.622895e+03 0
1.623169e+03 0
1.623444e+03 0
1.623719e+03 0
1.623993e+03 0
1.624268e+03 0
1.624542e+03 0
1.624817e+03 0
1.625092e+03 0
1.625366e+03 0
1.625641e+03 0
1.625915e+03 0
1.626190e+03 0
1.626465e+03 0
1.626739e+03 0
1.627014e+03 0
1.627289e+03 0
1.627563e+03 0
1.627838e+03 0
1.628112e+03 0
1.628387e+03 0
1.628662e+03 0
1.628936e+03 0
1.629211e+03 0
1.629486e+03 0
1.629760e+03 0
1.630035e+03 0
1.630309e+03 0
1.630584e+03 0
1.630859e+03 0
1.631133e+03 0
1.631408e+03 0
1.631683e+03 0
1.631957e+03 0
1.632232e+03 0
1.632507e+03 0
1.632781e+03 0
1.633056e+03 0
1.633331e+03 0
1.633605e+03 0
1.633880e+03 0
1.634155e+03 0
1.634429e+03 0
1.634704e+03 0
1.634979e+03 0
1.635253e+03 0
1.635528e+03 0
1.635803e+03 0
1.636077e+03 0
1.636352e+03 0
1.636627e+03 0
1.636901e+03 0
1.637176e+03 0
1.637451e+03 0
1.637725e+03 0
1.638000e+03 0
1.638275e+03 0
1.638549e+03 0
1.638824e+03 0
1.639099e+03 0
1.639373e+03 0
1.639648e+03 0
1.639923e+03 0
1.640198e+03 0
1.640472e+03 0
1.640747e+03 0
1.641022e+03 0
1.641296e+03 0
1.641571e+03 0
1.641846e+03 0
1.642120e+03 0
1.642395e+03 0
1.642670e+03 0
1.642945e+03 0
1.643219e+03 0
1.643494e+03 0
1.643769e+03 0
1.644044e+03 0
1.644318e+03 0
1.644593e+03 0
1.644868e+03 0
1.645142e+03 0
1.645417e+03 0
1.645692e+03 0
1.645967e+03 0
1.646241e+03 0
1.646516e+03 0
1.646791e+03 0
1.647066e+03 0
1.647340e+03 0
1.647615e+03 0
1.647890e+03 0
1.648165e+03 0
1.648439e+03 0
1.648714e+03 0
1.648989e+03 0
1.649264e+03 0
1.649538e+03 0
1.649813e+03 0
1.650088e+03 0
1.650363e+03 0
1.650637e+03 0
1.650912e+03 0
1.651187e+03 0
1.651462e+03 0
1.651736e+03 0
1.652011e+03 0
1.652286e+03 0
1.652561e+03 0
1.652836e+03 0
1.653110e+03 0
1.653385e+03 0
1.653660e+03 0
1.653935e+03 0
1.654209e+03 0
1.654484e+03 0
1.654759e+03 0
1.655034e+03 0
1.655309e+03 0
1.655583e+03 0
1.655858e+03 0
1.656133e+03 0
1.656408e+03 0
1.656683e+03 0
1.656957e+03 0
1.657232e+03 0
1.657507e+03 0
1.657782e+03 0
1.658057e+03 0
1.658331e+03 0
1.658606e+03 0
1.658881e+03 0
1.659156e+03 0
1.659431e+03 0
1.659706e+03 0
1.659980e+03 0
1.660255e+03 0
1.660530e+03 0
1.660805e+03 0
1.661080e+03 0
1.661354e+03 0
1.661629e+03 0
1.661904e+03 0
1.662179e+03 0
1.662454e+03 0
1.662729e+03 0
1.663004e+03 0
1.663278e+03 0
1.663553e+03 0
1.663828e+03 0
1.664103e+03 0
1.664378e+03 0
1.664653e+03 0
1.664927e+03 0
1.665202e+03 0
1.665477e+03 0
1.665752e+03 0
1.666027e+03 0
1.666302e+03 0
1.666577e+03 0
1.666851e+03 0
1.667126e+03 0
1.667401e+03 0
1.667676e+03 0
1.667951e+03 0
1.668226e+03 0
1.668501e+03 0
1.668776e+03 0
1.669050e+03 0
1.669325e+03 0
1.669600e+03 0
1.669875e+03 0
1.670150e+03 0
1.670425e+03 0
1.670700e+03 0
1.670975e+03 0
1.671250e+03 0
1.671524e+03 0
1.671799e+03 0
1.672074e+03 0
1.672349e+03 0
1.672624e+03 0
1.672899e+03 0
1.673174e+03 0
1.673449e+03 0
1.673724e+03 0
1.673999e+03 0
1.674273e+03 0
1.674548e+03 0
1.674823e+03 0
1.675098e+03 0
1.675373e+03 0
1.675648e+03 0
1.675923e+03 0
1.676198e+03 0
1.676473e+03 0
1.676748e+03 0
1.677023e+03 0
1.677298e+03 0
1.677573e+03 0
1.677847e+03 0
1.678122e+03 0
1.678397e+03 0
1.678672e+03 0
1.678947e+03 0
1.679222e+03 0
1.679497e+03 0
1.679772e+03 0
1.680047e+03 0
1.680322e+03 0
1.680597e+03 0
1.680872e+03 0
1.681147e+03 0
1.681422e+03 0
1.681697e+03 0
1.681972e+03 0
1.682247e+03 0
1.682522e+03 0
1.682797e+03 0
1.683071e+03 0
1.683346e+03 0
1.683621e+03 0
1.683896e+03 0
1.684171e+03 0
1.684446e+03 0
1.684721e+03 0
1.684996e+03 0
1.685271e+03 0
1.685546e+03 0
1.685821e+03 0
1.686096e+03 0
1.686371e+03 0
1.686646e+03 0
1.686921e+03 0
1.687196e+03 0
1.687471e+03 0
1.687746e+03 0
1.688021e+03 0
1.688296e+03 0
1.688571e+03 0
1.688846e+03 0
1.689121e+03 0
1.689396e+03 0
1.689671e+03 0
1.689946e+03 0
1.690221e+03 0
1.690496e+03 0
1.690771e+03 0
1.691046e+03 0
1.691321e+03 0
1.691596e+03 0
1.691871e+03 0
1.692146e+03 0
1.692421e+03 0
1.692696e+03 0
1.692971e+03 0
1.693246e+03 0
1.693521e+03 0
1.693796e+03 0
1.694071e+03 0
1.694347e+03 0
1.694622e+03 0
1.694897e+03 0
1.695172e+03 0
1.695447e+03 0
1.695722e+03 0
1.695997e+03 0
1.696272e+03 0
1.696547e+03 0
1.696822e+03 0
1.697097e+03 0
1.697372e+03 0
1.697647e+03 0
1.697922e+03 0
1.698197e+03 0
1.698472e+03 0
1.698747e+03 0
1.699022e+03 0
1.699297e+03 0
1.699573e+03 0
1.699848e+03 0
1.700123e+03 0
1.700398e+03 0
1.700673e+03 0
1.700948e+03 0
1.701223e+03 0
1.701498e+03 0
1.701773e+03 0
1.702048e+03 0
1.702323e+03 0
1.702598e+03 0
1.702873e+03 0
1.703149e+03 0
1.703424e+03 0
1.703699e+03 0
1.703974e+03 0
1.704249e+03 0
1.704524e+03 0
1.704799e+03 0
1.705074e+03 0
1.705349e+03 0
1.705624e+03 0
1.705900e+03 0
1.706175e+03 0
1.706450e+03 0
1.706725e+03 0
1.707000e+03 0
1.707275e+03 0
1.707550e+03 0
1.707825e+03 0
1.708100e+03 0
1.708376e+03 0
1.708651e+03 0
1.708926e+03 0
1.709201e+03 0
1.709476e+03 0
1.709751e+03 0
1.710026e+03 0
1.710301e+03 0
1.710577e+03 0
1.710852e+03 0
1.711127e+03 0
1.711402e+03 0
1.711677e+03 0
1.711952e+03 0
1.712227e+03 0
1.712503e+03 0
1.712778e+03 0
1.713053e+03 0
1.713328e+03 0
1.713603e+03 0
1.713878e+03 0
1.714154e+03 0
1.714429e+03 0
1.714704e+03 0
1.714979e+03 0
1.715254e+03 0
1.715529e+03 0
1.715805e+03 0
1.716080e+03 0
1.716355e+03 0
1.716630e+03 0
1.716905e+03 0
1.717180e+03 0
1.717456e+03 0
1.717731e+03 0
1.718006e+03 0
1.718281e+03 0
1.718556e+03 0
1.718831e+03 0
1.719107e+03 0
1.719382e+03 0
1.719657e+03 1
1.719932e+03 0
1.720207e+03 0
1.720483e+03 0
1.720758e+03 0
1.721033e+03 0
1.721308e+03 0
1.721583e+03 0
1.721859e+03 0
1.722134e+03 0
1.722409e+03 0
1.722684e+03 0
1.722959e+03 0
1.723235e+03 0
1.723510e+03 0
1.723785e+03 0
1.724060e+03 0
1.724336e+03 0
1.724611e+03 0
1.724886e+03 0
1.725161e+03 0
1.725436e+03 0
1.725712e+03 0
1.725987e+03 0
1.726262e+03 0
1.726537e+03 0
1.726813e+03 0
1.727088e+03 0
1.727363e+03 0
1.727638e+03 0
1.727914e+03 0
1.728189e+03 0
1.728464e+03 0
1.728739e+03 0
1.729015e+03 0
1.729290e+03 0
1.729565e+03 0
1.729840e+03 0
1.730116e+03 0
1.730391e+03 0
1.730666e+03 0
1.730941e+03 0
1.731217e+03 0
1.731492e+03 0
1.731767e+03 0
1.732042e+03 0
1.732318e+03 0
1.732593e+03 0
1.732868e+03 0
1.733144e+03 0
1.733419e+03 0
1.733694e+03 0
1.733969e+03 0
1.734245e+03 0
1.734520e+03 0
1.734795e+03 0
1.735071e+03 0
1.735346e+03 0
1.735621e+03 0
1.735896e+03 0
1.736172e+03 0
1.736447e+03 0
1.736722e+03 0
1.736998e+03 0
1.737273e+03 0
1.737548e+03 0
1.737824e+03 0
1.738099e+03 0
1.738374e+03 0
1.738649e+03 0
1.738925e+03 0
1.739200e+03 0
1.739475e+03 0
1.739751e+03 0
1.740026e+03 0
1.740301e+03 0
1.740577e+03 0
1.740852e+03 0
1.741127e+03 0
1.741403e+03 0
1.741678e+03 0
1.741953e+03 0
1.742229e+03 0
1.742504e+03 0
1.742779e+03 0
1.743055e+03 0
1.743330e+03 0
1.743605e+03 0
1.743881e+03 0
1.744156e+03 0
1.744431e+03 0
1.744707e+03 0
1.744982e+03 0
1.745257e+03 0
1.745533e+03 0
1.745808e+03 0
1.746083e+03 0
1.746359e+03 0
1.746634e+03 0
1.746910e+03 0
1.747185e+03 0
1.747460e+03 0
1.747736e+03 0
1.748011e+03 0
1.748286e+03 0
1.748562e+03 0
1.748837e+03 0
1.749112e+03 0
1.749388e+03 1
1.749663e+03 0
1.749939e+03 0
1.750214e+03 0
1.750489e+03 0
1.750765e+03 0
1.751040e+03 0
1.751316e+03 0
1.751591e+03 0
1.751866e+03 0
1.752142e+03 0
1.752417e+03 0
1.752693e+03 0
1.752968e+03 0
1.753243e+03 0
1.753519e+03 0
1.753794e+03 0
1.754070e+03 0
1.754345e+03 0
1.754620e+03 0
1.754896e+03 0
1.755171e+03 0
1.755447e+03 0
1.755722e+03 1
1.755997e+03 0
1.756273e+03 0
1.756548e+03 0
1.756824e+03 0
1.757099e+03 0
1.757375e+03 0
1.757650e+03 0
1.757925e+03 0
1.758201e+03 0
1.758476e+03 0
1.758752e+03 0
1.759027e+03 0
1.759303e+03 0
1.759578e+03 0
1.759853e+03 0
1.760129e+03 0
1.760404e+03 0
1.760680e+03 0
1.760955e+03 0
1.761231e+03 0
1.761506e+03 0
1.761782e+03 0
1.762057e+03 0
1.762332e+03 0
1.762608e+03 0
1.762883e+03 0
1.763159e+03 0
1.763434e+03 0
1.763710e+03 0
1.763985e+03 0
1.764261e+03 0
1.764536e+03 0
1.764812e+03 0
1.765087e+03 0
1.765363e+03 0
1.765638e+03 0
1.765914e+03 0
1.766189e+03 0
1.766465e+03 0
1.766740e+03 0
1.767015e+03 0
1.767291e+03 0
1.767566e+03 0
1.767842e+03 0
1.768117e+03 0
1.768393e+03 0
1.768668e+03 0
1.768944e+03 0
1.769219e+03 0
1.769495e+03 0
1.769770e+03 0
1.770046e+03 0
1.770321e+03 0
1.770597e+03 0
1.770872e+03 0
1.771148e+03 0
1.771423e+03 0
1.771699e+03 0
1.771975e+03 0
1.772250e+03 0
1.772526e+03 0
1.772801e+03 0
1.773077e+03 0
1.773352e+03 0
1.773628e+03 0
1.773903e+03 0
1.774179e+03 0
1.774454e+03 0
1.774730e+03 0
1.775005e+03 0
1.775281e+03 0
1.775556e+03 0
1.775832e+03 0
1.776107e+03 0
1.776383e+03 0
1.776659e+03 0
1.776934e+03 1
1.777210e+03 0
1.777485e+03 0
1.777761e+03 0
1.778036e+03 0
1.778312e+03 0
1.778587e+03 0
1.778863e+03 0
1.779139e+03 0
1.779414e+03 0
1.779690e+03 0
1.779965e+03 0
1.780241e+03 0
1.780516e+03 0
1.780792e+03 0
1.781068e+03 0
1.781343e+03 0
1.781619e+03 0
1.781894e+03 0
1.782170e+03 0
1.782445e+03 0
1.782721e+03 0
1.782997e+03 0
1.783272e+03 0
1.783548e+03 0
1.783823e+03 0
1.784099e+03 0
1.784375e+03 0
1.784650e+03 0
1.784926e+03 0
1.785201e+03 0
1.785477e+03 0
1.785753e+03 0
1.786028e+03 0
1.786304e+03 0
1.786579e+03 0
1.786855e+03 0
1.787131e+03 0
1.787406e+03 0
1.787682e+03 0
1.787957e+03 0
1.788233e+03 0
1.788509e+03 0
1.788784e+03 0
1.789060e+03 0
1.789335e+03 0
1.789611e+03 0
1.789887e+03 0
1.790162e+03 0
1.790438e+03 0
1.790714e+03 0
1.790989e+03 0
1.791265e+03 0
1.791541e+03 0
1.791816e+03 0
1.792092e+03 0
1.792367e+03 0
1.792643e+03 0
1.792919e+03 0
1.793194e+03 0
1.793470e+03 0
1.793746e+03 0
1.794021e+03 0
1.794297e+03 0
1.794573e+03 0
1.794848e+03 0
1.795124e+03 0
1.795400e+03 0
1.795675e+03 0
1.795951e+03 0
1.796227e+03 0
1.796502e+03 0
1.796778e+03 0
1.797054e+03 0
1.797329e+03 0
1.797605e+03 0
1.797881e+03 0
1.798156e+03 0
1.798432e+03 0
1.798708e+03 0
1.798983e+03 0
1.799259e+03 0
1.799535e+03 0
1.799810e+03 1
1.800086e+03 0
1.800362e+03 0
1.800638e+03 0
1.800913e+03 0
1.801189e+03 0
1.801465e+03 0
1.801740e+03 0
1.802016e+03 0
1.802292e+03 0
1.802567e+03 0
1.802843e+03 0
1.803119e+03 0
1.803395e+03 0
1.803670e+03 0
1.803946e+03 0
1.804222e+03 0
1.804497e+03 0
1.804773e+03 0
1.805049e+03 0
1.805325e+03 0
1.805600e+03 0
1.805876e+03 0
1.806152e+03 0
1.806428e+03 0
1.806703e+03 0
1.806979e+03 0
1.807255e+03 0
1.807530e+03 0
1.807806e+03 0
1.808082e+03 0
1.808358e+03 0
1.808633e+03 0
1.808909e+03 0
1.809185e+03 0
1.809461e+03 0
1.809736e+03 0
1.810012e+03 0
1.810288e+03 0
1.810564e+03 0
1.810839e+03 0
1.811115e+03 0
1.811391e+03 0
1.811667e+03 0
1.811942e+03 0
1.812218e+03 0
1.812494e+03 0
1.812770e+03 0
1.813046e+03 0
1.813321e+03 0
1.813597e+03 0
1.813873e+03 0
1.814149e+03 0
1.814424e+03 0
1.814700e+03 0
1.814976e+03 0
1.815252e+03 0
1.815528e+03 0
1.815803e+03 0
1.816079e+03 0
1.816355e+03 0
1.816631e+03 0
1.816906e+03 0
1.817182e+03 0
1.817458e+03 0
1.817734e+03 0
1.818010e+03 0
1.818285e+03 0
1.818561e+03 0
1.818837e+03 0
1.819113e+03 0
1.819389e+03 0
1.819665e+03 0
1.819940e+03 0
1.820216e+03 0
1.820492e+03 0
1.820768e+03 0
1.821044e+03 0
1.821319e+03 0
1.821595e+03 0
1.821871e+03 0
1.822147e+03 0
1.822423e+03 0
1.822699e+03 0
1.822974e+03 0
1.823250e+03 0
1.823526e+03 0
1.823802e+03 0
1.824078e+03 0
1.824354e+03 0
1.824629e+03 0
1.824905e+03 0
1.825181e+03 0
1.825457e+03 0
1.825733e+03 0
1.826009e+03 0
1.826285e+03 0
1.826560e+03 0
1.826836e+03 0
1.827112e+03 0
1.827388e+03 0
1.827664e+03 0
1.827940e+03 0
1.828216e+03 0
1.828491e+03 0
1.828767e+03 0
1.829043e+03 0
1.829319e+03 0
1.829595e+03 0
1.829871e+03 0
1.830147e+03 0
1.830423e+03 0
1.830698e+03 0
1.830974e+03 0
1.831250e+03 0
1.831526e+03 0
1.831802e+03 0
1.832078e+03 0
1.832354e+03 0
1.832630e+03 0
1.832905e+03 0
1.833181e+03 0
1.833457e+03 0
1.833733e+03 0
1.834009e+03 0
1.834285e+03 0
1.834561e+03 0
1.834837e+03 0
1.835113e+03 0
1.835389e+03 0
1.835665e+03 0
1.835940e+03 0
1.836216e+03 0
1.836492e+03 0
1.836768e+03 0
1.837044e+03 0
1.837320e+03 0
1.837596e+03 0
1.837872e+03 0
1.838148e+03 0
1.838424e+03 0
1.838700e+03 0
1.838976e+03 0
1.839252e+03 0
1.839527e+03 0
1.839803e+03 0
1.840079e+03 0
1.840355e+03 0
1.840631e+03 0
1.840907e+03 0
1.841183e+03 0
1.841459e+03 0
1.841735e+03 0
1.842011e+03 0
1.842287e+03 0
1.842563e+03 0
1.842839e+03 0
1.843115e+03 0
1.843391e+03 0
1.843667e+03 0
1.843943e+03 0
1.844219e+03 0
1.844495e+03 0
1.844771e+03 0
1.845046e+03 0
1.845322e+03 0
1.845598e+03 0
1.845874e+03 0
1.846150e+03 0
1.846426e+03 0
1.846702e+03 0
1.846978e+03 0
1.847254e+03 0
1.847530e+03 0
1.847806e+03 0
1.848082e+03 0
1.848358e+03 0
1.848634e+03 0
1.848910e+03 0
1.849186e+03 0
1.849462e+03 0
1.849738e+03 0
1.850014e+03 0
1.850290e+03 0
1.850566e+03 0
1.850842e+03 0
1.851118e+03 0
1.851394e+03 0
1.851670e+03 0
1.851946e+03 0
1.852222e+03 0
1.852498e+03 0
1.852774e+03 0
1.853050e+03 0
1.853326e+03 0
1.853602e+03 0
1.853878e+03 0
1.854154e+03 0
1.854430e+03 0
1.854706e+03 0
1.854982e+03 0
1.855259e+03 0
1.855535e+03 0
1.855811e+03 0
1.856087e+03 0
1.856363e+03 0
1.856639e+03 0
1.856915e+03 0
1.857191e+03 0
1.857467e+03 0
1.857743e+03 0
1.858019e+03 0
1.858295e+03 0
1.858571e+03 0
1.858847e+03 0
1.859123e+03 0
1.859399e+03 1
1.859675e+03 0
1.859951e+03 0
1.860227e+03 0
1.860503e+03 0
1.860780e+03 0
1.861056e+03 0
1.861332e+03 0
1.861608e+03 0
1.861884e+03 0
1.862160e+03 0
1.862436e+03 0
1.862712e+03 0
1.862988e+03 0
1.863264e+03 0
1.863540e+03 0
1.863816e+03 0
1.864092e+03 0
1.864369e+03 0
1.864645e+03 1
1.864921e+03 1
1.865197e+03 1
1.865473e+03 3
1.865749e+03 1
1.866025e+03 1
1.866301e+03 1
1.866577e+03 2
1.866853e+03 0
1.867129e+03 0
1.867406e+03 0
1.867682e+03 0
1.867958e+03 0
1.868234e+03 0
1.868510e+03 0
1.868786e+03 1
1.869062e+03 0
1.869338e+03 2
1.869615e+03 0
1.869891e+03 0
1.870167e+03 0
1.870443e+03 0
1.870719e+03 0
1.870995e+03 1
1.871271e+03 4
1.871547e+03 3
1.871824e+03 3
1.872100e+03 4
1.872376e+03 0
1.872652e+03 1
1.872928e+03 0
1.873204e+03 0
1.873480e+03 0
1.873757e+03 0
1.874033e+03 0
1.874309e+03 0
1.874585e+03 0
1.874861e+03 0
1.875137e+03 0
1.875413e+03 0
1.875690e+03 0
1.875966e+03 0
1.876242e+03 0
1.876518e+03 0
1.876794e+03 0
1.877070e+03 0
1.877347e+03 0
1.877623e+03 0
1.877899e+03 0
1.878175e+03 0
1.878451e+03 0
1.878727e+03 0
1.879004e+03 0
1.879280e+03 0
1.879556e+03 0
1.879832e+03 0
1.880108e+03 0
1.880385e+03 0
1.880661e+03 0
1.880937e+03 0
1.881213e+03 0
1.881489e+03 0
1.881765e+03 0
1.882042e+03 0
1.882318e+03 0
1.882594e+03 0
1.882870e+03 0
1.883146e+03 0
1.883423e+03 0
1.883699e+03 0
1.883975e+03 0
1.884251e+03 0
1.884528e+03 0
1.884804e+03 0
1.885080e+03 0
1.885356e+03 0
1.885632e+03 0
1.885909e+03 0
1.886185e+03 0
1.886461e+03 0
1.886737e+03 0
1.887014e+03 0
1.887290e+03 0
1.887566e+03 0
1.887842e+03 0
1.888118e+03 0
1.888395e+03 0
1.888671e+03 0
1.888947e+03 0
1.889223e+03 0
1.889500e+03 0
1.889776e+03 0
1.890052e+03 0
1.890328e+03 0
1.890605e+03 0
1.890881e+03 0
1.891157e+03 0
1.891433e+03 0
1.891710e+03 0
1.891986e+03 0
1.892262e+03 0
1.892538e+03 0
1.892815e+03 0
1.893091e+03 0
1.893367e+03 0
1.893644e+03 0
1.893920e+03 0
1.894196e+03 0
1.894472e+03 0
1.894749e+03 0
1.895025e+03 0
1.895301e+03 0
1.895577e+03 0
1.895854e+03 0
1.896130e+03 0
1.896406e+03 0
1.896683e+03 0
1.896959e+03 0
1.897235e+03 0
1.897511e+03 0
1.897788e+03 0
1.898064e+03 0
1.898340e+03 0
1.898617e+03 0
1.898893e+03 0
1.899169e+03 0
1.899446e+03 0
1.899722e+03 0
1.899998e+03 0
1.900274e+03 0
1.900551e+03 0
1.900827e+03 0
1.901103e+03 0
1.901380e+03 0
1.901656e+03 0
1.901932e+03 0
1.902209e+03 0
1.902485e+03 0
1.902761e+03 0
1.903038e+03 0
1.903314e+03 0
1.903590e+03 0
1.903867e+03 0
1.904143e+03 0
1.904419e+03 0
1.904696e+03 0
1.904972e+03 0
1.905248e+03 0
1.905525e+03 0
1.905801e+03 0
1.906077e+03 0
1.906354e+03 0
1.906630e+03 0
1.906906e+03 0
1.907183e+03 0
1.907459e+03 0
1.907735e+03 0
1.908012e+03 0
1.908288e+03 0
1.908565e+03 0
1.908841e+03 0
1.909117e+03 0
1.909394e+03 0
1.909670e+03 0
1.909946e+03 0
1.910223e+03 0
1.910499e+03 0
1.910776e+03 0
1.911052e+03 0
1.911328e+03 0
1.911605e+03 0
1.911881e+03 0
1.912157e+03 0
1.912434e+03 0
1.912710e+03 0
1.912987e+03 0
1.913263e+03 0
1.913539e+03 0
1.913816e+03 0
1.914092e+03 0
1.914369e+03 0
1.914645e+03 0
1.914921e+03 0
1.915198e+03 0
1.915474e+03 0
1.915751e+03 0
1.916027e+03 0
1.916303e+03 0
1.916580e+03 0
1.916856e+03 0
1.917133e+03 0
1.917409e+03 0
1.917685e+03 0
1.917962e+03 0
1.918238e+03 0
1.918515e+03 0
1.918791e+03 0
1.919068e+03 0
1.919344e+03 0
1.919620e+03 0
1.919897e+03 0
1.920173e+03 0
1.920450e+03 0
1.920726e+03 0
1.921003e+03 0
1.921279e+03 0
1.921555e+03 0
1.921832e+03 0
1.922108e+03 0
1.922385e+03 0
1.922661e+03 0
1.922938e+03 0
1.923214e+03 0
1.923491e+03 0
1.923767e+03 0
1.924043e+03 0
1.924320e+03 0
1.924596e+03 0
1.924873e+03 0
1.925149e+03 0
1.925426e+03 0
1.925702e+03 0
1.925979e+03 0
1.926255e+03 0
1.926532e+03 0
1.926808e+03 0
1.927085e+03 0
1.927361e+03 0
1.927638e+03 0
1.927914e+03 0
1.928191e+03 0
1.928467e+03 0
1.928744e+03 0
1.929020e+03 0
1.929296e+03 0
1.929573e+03 0
1.929849e+03 0
1.930126e+03 0
1.930402e+03 0
1.930679e+03 0
1.930955e+03 0
1.931232e+03 0
1.931508e+03 0
1.931785e+03 0
1.932061e+03 0
1.932338e+03 0
1.932614e+03 0
1.932891e+03 0
1.933168e+03 0
1.933444e+03 0
1.933721e+03 0
1.933997e+03 0
1.934274e+03 0
1.934550e+03 0
1.934827e+03 0
1.935103e+03 0
1.935380e+03 0
1.935656e+03 0
1.935933e+03 0
1.936209e+03 0
1.936486e+03 0
1.936762e+03 0
1.937039e+03 0
1.937315e+03 0
1.937592e+03 0
1.937868e+03 0
1.938145e+03 0
1.938422e+03 0
1.938698e+03 0
1.938975e+03 0
1.939251e+03 0
1.939528e+03 0
1.939804e+03 0
1.940081e+03 0
1.940357e+03 0
1.940634e+03 0
1.940911e+03 0
1.941187e+03 0
1.941464e+03 0
1.941740e+03 0
1.942017e+03 0
1.942293e+03 0
1.942570e+03 0
1.942847e+03 0
1.943123e+03 0
1.943400e+03 0
1.943676e+03 0
1.943953e+03 0
1.944229e+03 0
1.944506e+03 0
1.944783e+03 0
1.945059e+03 0
1.945336e+03 0
1.945612e+03 0
1.945889e+03 0
1.946166e+03 0
1.946442e+03 0
1.946719e+03 0
1.946995e+03 0
1.947272e+03 0
1.947549e+03 0
1.947825e+03 0
1.948102e+03 0
1.948378e+03 0
1.948655e+03 0
1.948932e+03 0
1.949208e+03 0
1.949485e+03 0
1.949761e+03 0
1.950038e+03 0
1.950315e+03 0
1.950591e+03 0
1.950868e+03 0
1.951144e+03 0
1.951421e+03 0
1.951698e+03 0
1.951974e+03 0
1.952251e+03 0
1.952528e+03 0
1.952804e+03 0
1.953081e+03 0
1.953358e+03 0
1.953634e+03 0
1.953911e+03 0
1.954187e+03 0
1.954464e+03 0
1.954741e+03 0
1.955017e+03 0
1.955294e+03 0
1.955571e+03 0
1.955847e+03 0
1.956124e+03 0
1.956401e+03 0
1.956677e+03 0
1.956954e+03 0
1.957231e+03 0
1.957507e+03 0
1.957784e+03 0
1.958061e+03 0
1.958337e+03 0
1.958614e+03 0
1.958891e+03 0
1.959167e+03 0
1.959444e+03 0
1.959721e+03 0
1.959997e+03 0
1.960274e+03 0
1.960551e+03 0
1.960827e+03 0
1.961104e+03 0
1.961381e+03 0
1.961657e+03 0
1.961934e+03 0
1.962211e+03 0
1.962488e+03 0
1.962764e+03 0
1.963041e+03 0
1.963318e+03 0
1.963594e+03 0
1.963871e+03 0
1.964148e+03 0
1.964424e+03 0
1.964701e+03 0
1.964978e+03 0
1.965255e+03 0
1.965531e+03 0
1.965808e+03 0
1.966085e+03 0
1.966361e+03 0
1.966638e+03 0
1.966915e+03 0
1.967192e+03 0
1.967468e+03 0
1.967745e+03 0
1.968022e+03 0
1.968298e+03 0
1.968575e+03 0
1.968852e+03 0
1.969129e+03 0
1.969405e+03 0
1.969682e+03 0
1.969959e+03 0
1.970236e+03 0
1.970512e+03 0
1.970789e+03 0
1.971066e+03 0
1.971343e+03 0
1.971619e+03 0
1.971896e+03 0
1.972173e+03 0
1.972450e+03 0
1.972726e+03 0
1.973003e+03 0
1.973280e+03 0
1.973557e+03 0
1.973833e+03 0
1.974110e+03 0
1.974387e+03 0
1.974664e+03 0
1.974941e+03 0
1.975217e+03 0
1.975494e+03 0
1.975771e+03 0
1.976048e+03 0
1.976324e+03 0
1.976601e+03 0
1.976878e+03 0
1.977155e+03 0
1.977432e+03 0
1.977708e+03 0
1.977985e+03 0
1.978262e+03 0
1.978539e+03 0
1.978815e+03 0
1.979092e+03 0
1.979369e+03 0
1.979646e+03 0
1.979923e+03 0
1.980199e+03 0
1.980476e+03 0
1.980753e+03 0
1.981030e+03 0
1.981307e+03 0
1.981584e+03 0
1.981860e+03 0
1.982137e+03 0
1.982414e+03 0
1.982691e+03 0
1.982968e+03 0
1.983244e+03 0
1.983521e+03 0
1.983798e+03 0
1.984075e+03 0
1.984352e+03 0
1.984629e+03 0
1.984905e+03 0
1.985182e+03 0
1.985459e+03 0
1.985736e+03 0
1.986013e+03 0
1.986290e+03 0
1.986566e+03 0
1.986843e+03 0
1.987120e+03 0
1.987397e+03 0
1.987674e+03 0
1.987951e+03 0
1.988227e+03 0
1.988504e+03 0
1.988781e+03 0
1.989058e+03 0
1.989335e+03 0
1.989612e+03 0
1.989889e+03 0
1.990166e+03 0
1.990442e+03 0
1.990719e+03 0
1.990996e+03 0
1.991273e+03 0
1.991550e+03 0
1.991827e+03 0
1.992104e+03 0
1.992380e+03 0
1.992657e+03 0
1.992934e+03 0
1.993211e+03 0
1.993488e+03 0
1.993765e+03 0
1.994042e+03 0
1.994319e+03 0
1.994596e+03 0
1.994872e+03 0
1.995149e+03 0
1.995426e+03 0
1.995703e+03 0
1.995980e+03 0
1.996257e+03 0
1.996534e+03 0
1.996811e+03 0
1.997088e+03 0
1.997365e+03 0
1.997641e+03 0
1.997918e+03 0
1.998195e+03 0
1.998472e+03 0
1.998749e+03 0
1.999026e+03 0
1.999303e+03 0
1.999580e+03 0
1.999857e+03 0
2.000134e+03 0
2.000411e+03 0
2.000688e+03 0
2.000965e+03 0
2.001241e+03 0
2.001518e+03 0
2.001795e+03 0
2.002072e+03 0
2.002349e+03 0
2.002626e+03 0
2.002903e+03 0
2.003180e+03 0
2.003457e+03 0
2.003734e+03 0
2.004011e+03 0
2.004288e+03 0
2.004565e+03 0
2.004842e+03 0
2.005119e+03 0
2.005396e+03 0
2.005673e+03 0
2.005950e+03 0
2.006227e+03 0
2.006504e+03 0
2.006780e+03 0
2.007057e+03 0
2.007334e+03 0
2.007611e+03 0
2.007888e+03 0
2.008165e+03 0
2.008442e+03 0
2.008719e+03 0
2.008996e+03 0
2.009273e+03 0
2.009550e+03 0
2.009827e+03 0
2.010104e+03 0
2.010381e+03 0
2.010658e+03 0
2.010935e+03 0
2.011212e+03 0
2.011489e+03 0
2.011766e+03 0
2.012043e+03 0
2.012320e+03 0
2.012597e+03 0
2.012874e+03 0
2.013151e+03 0
2.013428e+03 0
2.013705e+03 0
2.013982e+03 0
2.014259e+03 0
2.014536e+03 0
2.014813e+03 0
2.015090e+03 0
2.015367e+03 0
2.015644e+03 0
2.015921e+03 0
2.016198e+03 0
2.016475e+03 0
2.016752e+03 0
2.017029e+03 0
2.017306e+03 0
2.017584e+03 0
2.017861e+03 0
2.018138e+03 0
2.018415e+03 0
2.018692e+03 0
2.018969e+03 0
2.019246e+03 0
2.019523e+03 0
2.019800e+03 0
2.020077e+03 0
2.020354e+03 0
2.020631e+03 0
2.020908e+03 0
2.021185e+03 0
2.021462e+03 0
2.021739e+03 0
2.022016e+03 0
2.022293e+03 0
2.022570e+03 0
2.022847e+03 0
2.023125e+03 0
2.023402e+03 0
2.023679e+03 0
2.023956e+03 0
2.024233e+03 0
2.024510e+03 0
2.024787e+03 0
2.025064e+03 0
2.025341e+03 0
2.025618e+03 0
2.025895e+03 0
2.026172e+03 0
2.026449e+03 0
2.026727e+03 0
2.027004e+03 0
2.027281e+03 0
2.027558e+03 0
2.027835e+03 0
2.028112e+03 0
2.028389e+03 0
2.028666e+03 0
2.028943e+03 0
2.029220e+03 0
2.029498e+03 0
2.029775e+03 0
2.030052e+03 0
2.030329e+03 0
2.030606e+03 0
2.030883e+03 0
2.031160e+03 0
2.031437e+03 0
2.031714e+03 0
2.031992e+03 0
2.032269e+03 0
2.032546e+03 0
2.032823e+03 0
2.033100e+03 0
2.033377e+03 0
2.033654e+03 0
2.033931e+03 0
2.034209e+03 0
2.034486e+03 0
2.034763e+03 0
2.035040e+03 0
2.035317e+03 0
2.035594e+03 0
2.035871e+03 0
2.036149e+03 0
2.036426e+03 0
2.036703e+03 0
2.036980e+03 0
2.037257e+03 0
2.037534e+03 0
2.037812e+03 0
2.038089e+03 0
2.038366e+03 0
2.038643e+03 0
2.038920e+03 0
2.039197e+03 0
2.039475e+03 0
2.039752e+03 0
2.040029e+03 0
2.040306e+03 0
2.040583e+03 0
2.040860e+03 0
2.041138e+03 0
2.041415e+03 0
2.041692e+03 0
2.041969e+03 0
2.042246e+03 0
2.042523e+03 0
2.042801e+03 0
2.043078e+03 0
2.043355e+03 0
2.043632e+03 0
2.043909e+03 0
2.044187e+03 0
2.044464e+03 0
2.044741e+03 0
2.045018e+03 0
2.045295e+03 0
2.045573e+03 0
2.045850e+03 0
2.046127e+03 0
2.046404e+03 0
2.046681e+03 0
2.046959e+03 0
2.047236e+03 0
2.047513e+03 0
2.047790e+03 0
2.048068e+03 0
2.048345e+03 0
2.048622e+03 0
2.048899e+03 0
2.049176e+03 0
2.049454e+03 0
2.049731e+03 0
2.050008e+03 0
2.050285e+03 0
2.050563e+03 0
2.050840e+03 0
2.051117e+03 0
2.051394e+03 0
2.051672e+03 0
2.051949e+03 0
2.052226e+03 0
2.052503e+03 0
2.052781e+03 0
2.053058e+03 0
2.053335e+03 0
2.053612e+03 0
2.053890e+03 0
2.054167e+03 0
2.054444e+03 0
2.054721e+03 0
2.054999e+03 0
2.055276e+03 0
2.055553e+03 0
2.055830e+03 0
2.056108e+03 0
2.056385e+03 0
2.056662e+03 0
2.056940e+03 0
2.057217e+03 0
2.057494e+03 0
2.057771e+03 0
2.058049e+03 0
2.058326e+03 0
2.058603e+03 0
2.058881e+03 0
2.059158e+03 0
2.059435e+03 0
2.059712e+03 0
2.059990e+03 0
2.060267e+03 0
2.060544e+03 0
2.060822e+03 0
2.061099e+03 0
2.061376e+03 0
2.061653e+03 0
2.061931e+03 0
2.062208e+03 0
2.062485e+03 0
2.062763e+03 0
2.063040e+03 0
2.063317e+03 0
2.063595e+03 0
2.063872e+03 0
2.064149e+03 0
2.064427e+03 0
2.064704e+03 0
2.064981e+03 0
2.065259e+03 0
2.065536e+03 0
2.065813e+03 0
2.066091e+03 0
2.066368e+03 0
2.066645e+03 0
2.066923e+03 0
2.067200e+03 0
2.067477e+03 0
2.067755e+03 0
2.068032e+03 0
2.068309e+03 0
2.068587e+03 0
2.068864e+03 0
2.069141e+03 0
2.069419e+03 0
2.069696e+03 0
2.069973e+03 0
2.070251e+03 0
2.070528e+03 0
2.070805e+03 0
2.071083e+03 0
2.071360e+03 0
2.071638e+03 0
2.071915e+03 0
2.072192e+03 0
2.072470e+03 0
2.072747e+03 0
2.073024e+03 0
2.073302e+03 0
2.073579e+03 0
2.073857e+03 0
2.074134e+03 0
2.074411e+03 0
2.074689e+03 0
2.074966e+03 0
2.075243e+03 0
2.075521e+03 0
2.075798e+03 0
2.076076e+03 0
2.076353e+03 0
2.076630e+03 0
2.076908e+03 0
2.077185e+03 0
2.077463e+03 0
2.077740e+03 0
2.078017e+03 0
2.078295e+03 0
2.078572e+03 0
2.078850e+03 0
2.079127e+03 0
2.079405e+03 0
2.079682e+03 0
2.079959e+03 0
2.080237e+03 0
2.080514e+03 0
2.080792e+03 0
2.081069e+03 0
2.081346e+03 0
2.081624e+03 0
2.081901e+03 0
2.082179e+03 0
2.082456e+03 0
2.082734e+03 0
2.083011e+03 0
2.083288e+03 0
2.083566e+03 0
2.083843e+03 0
2.084121e+03 0
2.084398e+03 0
2.084676e+03 0
2.084953e+03 0
2.085231e+03 0
2.085508e+03 0
2.085785e+03 0
2.086063e+03 0
2.086340e+03 0
2.086618e+03 0
2.086895e+03 0
2.087173e+03 0
2.087450e+03 0
2.087728e+03 0
2.088005e+03 0
2.088283e+03 0
2.088560e+03 0
2.088838e+03 0
2.089115e+03 0
2.089393e+03 0
2.089670e+03 0
2.089947e+03 0
2.090225e+03 0
2.090502e+03 0
2.090780e+03 0
2.091057e+03 0
2.091335e+03 0
2.091612e+03 0
2.091890e+03 0
2.092167e+03 0
2.092445e+03 0
2.092722e+03 0
2.093000e+03 0
2.093277e+03 0
2.093555e+03 0
2.093832e+03 0
2.094110e+03 0
2.094387e+03 0
2.094665e+03 0
2.094942e+03 0
2.095220e+03 0
2.095497e+03 0
2.095775e+03 0
2.096052e+03 0
2.096330e+03 0
2.096607e+03 0
2.096885e+03 0
2.097163e+03 0
2.097440e+03 0
2.097718e+03 0
2.097995e+03 0
2.098273e+03 0
2.098550e+03 0
2.098828e+03 0
2.099105e+03 0
2.099383e+03 0
2.099660e+03 0
2.099938e+03 0
2.100215e+03 0
2.100493e+03 0
2.100770e+03 0
2.101048e+03 0
2.101326e+03 0
2.101603e+03 0
2.101881e+03 0
2.102158e+03 0
2.102436e+03 0
2.102713e+03 0
2.102991e+03 0
2.103268e+03 0
2.103546e+03 0
2.103824e+03 0
2.104101e+03 0
2.104379e+03 0
2.104656e+03 0
2.104934e+03 0
2.105211e+03 0
2.105489e+03 0
2.105767e+03 0
2.106044e+03 0
2.106322e+03 0
2.106599e+03 0
2.106877e+03 0
2.107154e+03 0
2.107432e+03 0
2.107710e+03 0
2.107987e+03 0
2.108265e+03 0
2.108542e+03 0
2.108820e+03 0
2.109098e+03 0
2.109375e+03 0
2.109653e+03 0
2.109930e+03 0
2.110208e+03 0
2.110486e+03 0
2.110763e+03 0
2.111041e+03 0
2.111318e+03 0
2.111596e+03 0
2.111874e+03 0
2.112151e+03 0
2.112429e+03 0
2.112707e+03 0
2.112984e+03 0
2.113262e+03 0
2.113539e+03 0
2.113817e+03 0
2.114095e+03 0
2.114372e+03 0
2.114650e+03 0
2.114928e+03 0
2.115205e+03 0
2.115483e+03 0
2.115760e+03 0
2.116038e+03 0
2.116316e+03 0
2.116593e+03 0
2.116871e+03 0
2.117149e+03 0
2.117426e+03 0
2.117704e+03 0
2.117982e+03 0
2.118259e+03 0
2.118537e+03 0
2.118815e+03 0
2.119092e+03 0
2.119370e+03 0
2.119648e+03 0
2.119925e+03 0
2.120203e+03 0
2.120481e+03 0
2.120758e+03 0
2.121036e+03 0
2.121314e+03 0
2.121591e+03 0
2.121869e+03 0
2.122147e+03 0
2.122424e+03 0
2.122702e+03 0
2.122980e+03 0
2.123257e+03 0
2.123535e+03 0
2.123813e+03 0
2.124090e+03 0
2.124368e+03 0
2.124646e+03 0
2.124923e+03 0
2.125201e+03 0
2.125479e+03 0
2.125757e+03 0
2.126034e+03 0
2.126312e+03 0
2.126590e+03 0
2.126867e+03 0
2.127145e+03 0
2.127423e+03 0
2.127700e+03 0
2.127978e+03 0
2.128256e+03 0
2.128534e+03 0
2.128811e+03 0
2.129089e+03 0
2.129367e+03 0
2.129644e+03 0
2.129922e+03 0
2.130200e+03 0
2.130478e+03 0
2.130755e+03 0
2.131033e+03 0
2.131311e+03 0
2.131589e+03 0
2.131866e+03 0
2.132144e+03 0
2.132422e+03 0
2.132700e+03 0
2.132977e+03 0
2.133255e+03 0
2.133533e+03 0
2.133811e+03 0
2.134088e+03 0
2.134366e+03 0
2.134644e+03 0
2.134922e+03 0
2.135199e+03 0
2.135477e+03 0
2.135755e+03 0
2.136033e+03 0
2.136310e+03 0
2.136588e+03 0
2.136866e+03 0
2.137144e+03 0
2.137421e+03 0
2.137699e+03 0
2.137977e+03 0
2.138255e+03 0
2.138532e+03 0
2.138810e+03 0
2.139088e+03 0
2.139366e+03 0
2.139644e+03 0
2.139921e+03 0
2.140199e+03 0
2.140477e+03 0
2.140755e+03 0
2.141033e+03 0
2.141310e+03 0
2.141588e+03 0
2.141866e+03 0
2.142144e+03 0
2.142422e+03 0
2.142699e+03 0
2.142977e+03 0
2.143255e+03 0
2.143533e+03 0
2.143811e+03 0
2.144088e+03 0
2.144366e+03 0
2.144644e+03 0
2.144922e+03 0
2.145200e+03 0
2.145477e+03 0
2.145755e+03 0
2.146033e+03 0
2.146311e+03 0
2.146589e+03 0
2.146867e+03 0
2.147144e+03 0
2.147422e+03 0
2.147700e+03 0
2.147978e+03 0
2.148256e+03 0
2.148534e+03 0
2.148811e+03 0
2.149089e+03 0
2.149367e+03 0
2.149645e+03 0
2.149923e+03 0
2.150201e+03 0
2.150479e+03 0
2.150756e+03 0
2.151034e+03 0
2.151312e+03 0
2.151590e+03 0
2.151868e+03 0
2.152146e+03 0
2.152424e+03 0
2.152701e+03 0
2.152979e+03 0
2.153257e+03 0
2.153535e+03 0
2.153813e+03 0
2.154091e+03 0
2.154369e+03 0
2.154646e+03 0
2.154924e+03 0
2.155202e+03 0
2.155480e+03 0
2.155758e+03 0
2.156036e+03 0
2.156314e+03 0
2.156592e+03 0
2.156870e+03 0
2.157147e+03 0
2.157425e+03 0
2.157703e+03 0
2.157981e+03 0
2.158259e+03 0
2.158537e+03 0
2.158815e+03 0
2.159093e+03 0
2.159371e+03 0
2.159649e+03 0
2.159926e+03 0
2.160204e+03 0
2.160482e+03 0
2.160760e+03 0
2.161038e+03 0
2.161316e+03 0
2.161594e+03 0
2.161872e+03 0
2.162150e+03 0
2.162428e+03 0
2.162706e+03 0
2.162984e+03 0
2.163261e+03 0
2.163539e+03 0
2.163817e+03 0
2.164095e+03 0
2.164373e+03 0
2.164651e+03 0
2.164929e+03 0
2.165207e+03 0
2.165485e+03 0
2.165763e+03 0
2.166041e+03 0
2.166319e+03 0
2.166597e+03 0
2.166875e+03 0
2.167153e+03 0
2.167431e+03 0
2.167709e+03 0
2.167987e+03 0
2.168264e+03 0
2.168542e+03 0
2.168820e+03 0
2.169098e+03 0
2.169376e+03 0
2.169654e+03 0
2.169932e+03 0
2.170210e+03 0
2.170488e+03 0
2.170766e+03 0
2.171044e+03 0
2.171322e+03 0
2.171600e+03 0
2.171878e+03 0
2.172156e+03 0
2.172434e+03 0
2.172712e+03 0
2.172990e+03 0
2.173268e+03 0
2.173546e+03 0
2.173824e+03 0
2.174102e+03 0
2.174380e+03 0
2.174658e+03 0
2.174936e+03 0
2.175214e+03 0
2.175492e+03 0
2.175770e+03 0
2.176048e+03 0
2.176326e+03 0
2.176604e+03 0
2.176882e+03 0
2.177160e+03 0
2.177438e+03 0
2.177716e+03 0
2.177994e+03 0
2.178272e+03 0
2.178550e+03 0
2.178828e+03 0
2.179106e+03 0
2.179384e+03 0
2.179662e+03 0
2.179940e+03 0
2.180218e+03 0
2.180496e+03 0
2.180774e+03 0
2.181052e+03 0
2.181331e+03 0
2.181609e+03 0
2.181887e+03 0
2.182165e+03 0
2.182443e+03 0
2.182721e+03 0
2.182999e+03 0
2.183277e+03 0
2.183555e+03 0
2.183833e+03 0
2.184111e+03 0
2.184389e+03 0
2.184667e+03 0
2.184945e+03 0
2.185223e+03 0
2.185501e+03 0
2.185779e+03 0
2.186057e+03 0
2.186336e+03 0
2.186614e+03 0
2.186892e+03 0
2.187170e+03 0
2.187448e+03 0
2.187726e+03 0
2.188004e+03 0
2.188282e+03 0
2.188560e+03 0
2.188838e+03 0
2.189116e+03 0
2.189394e+03 0
2.189672e+03 0
2.189951e+03 0
2.190229e+03 0
2.190507e+03 0
2.190785e+03 0
2.191063e+03 0
2.191341e+03 0
2.191619e+03 0
2.191897e+03 0
2.192175e+03 0
2.192454e+03 0
2.192732e+03 0
2.193010e+03 0
2.193288e+03 0
2.193566e+03 0
2.193844e+03 0
2.194122e+03 0
2.194400e+03 0
2.194678e+03 0
2.194957e+03 0
2.195235e+03 0
2.195513e+03 0
2.195791e+03 0
2.196069e+03 0
2.196347e+03 0
2.196625e+03 0
2.196903e+03 0
2.197182e+03 0
2.197460e+03 0
2.197738e+03 0
2.198016e+03 0
2.198294e+03 0
2.198572e+03 0
2.198850e+03 0
2.199129e+03 0
2.199407e+03 0
2.199685e+03 0
2.199963e+03 0
2.200241e+03 0
2.200519e+03 0
2.200798e+03 0
2.201076e+03 0
2.201354e+03 0
2.201632e+03 0
2.201910e+03 0
2.202188e+03 0
2.202467e+03 0
2.202745e+03 0
2.203023e+03 0
2.203301e+03 0
2.203579e+03 0
2.203857e+03 0
2.204136e+03 0
2.204414e+03 0
2.204692e+03 0
2.204970e+03 0
2.205248e+03 0
2.205527e+03 0
2.205805e+03 0
2.206083e+03 0
2.206361e+03 0
2.206639e+03 0
2.206917e+03 0
2.207196e+03 0
2.207474e+03 0
2.207752e+03 0
2.208030e+03 0
2.208308e+03 0
2.208587e+03 0
2.208865e+03 0
2.209143e+03 0
2.209421e+03 0
2.209700e+03 0
2.209978e+03 0
2.210256e+03 0
2.210534e+03 0
2.210812e+03 0
2.211091e+03 0
2.211369e+03 0
2.211647e+03 0
2.211925e+03 0
2.212204e+03 0
2.212482e+03 0
2.212760e+03 0
2.213038e+03 0
2.213316e+03 0
2.213595e+03 0
2.213873e+03 0
2.214151e+03 0
2.214429e+03 0
2.214708e+03 0
2.214986e+03 0
2.215264e+03 0
2.215542e+03 0
2.215821e+03 0
2.216099e+03 0
2.216377e+03 0
2.216655e+03 0
2.216934e+03 0
2.217212e+03 0
2.217490e+03 0
2.217768e+03 0
2.218047e+03 0
2.218325e+03 0
2.218603e+03 0
2.218882e+03 0
2.219160e+03 0
2.219438e+03 0
2.219716e+03 0
2.219995e+03 0
2.220273e+03 0
2.220551e+03 0
2.220829e+03 0
2.221108e+03 0
2.221386e+03 0
2.221664e+03 0
2.221943e+03 0
2.222221e+03 0
2.222499e+03 0
2.222778e+03 0
2.223056e+03 0
2.223334e+03 0
2.223612e+03 0
2.223891e+03 0
2.224169e+03 0
2.224447e+03 0
2.224726e+03 0
2.225004e+03 0
