Energy  Counts
3.385596e+00 0
3.631404e+00 0
3.877215e+00 0
4.123029e+00 0
4.368846e+00 0
4.614666e+00 0
4.860489e+00 0
5.106315e+00 0
5.352144e+00 0
5.597977e+00 0
5.843812e+00 0
6.089651e+00 0
6.335492e+00 0
6.581337e+00 0
6.827184e+00 0
7.073035e+00 0
7.318889e+00 0
7.564745e+00 0
7.810605e+00 0
8.056468e+00 0
8.302334e+00 0
8.548203e+00 0
8.794075e+00 0
9.039950e+00 0
9.285828e+00 0
9.531710e+00 0
9.777594e+00 0
1.002348e+01 0
1.026937e+01 0
1.051527e+01 0
1.076116e+01 0
1.100706e+01 0
1.125296e+01 0
1.149887e+01 0
1.174478e+01 0
1.199069e+01 0
1.223660e+01 0
1.248252e+01 0
1.272844e+01 0
1.297437e+01 0
1.322029e+01 0
1.346623e+01 0
1.371216e+01 0
1.395809e+01 0
1.420403e+01 0
1.444998e+01 0
1.469592e+01 0
1.494187e+01 0
1.518782e+01 0
1.543378e+01 0
1.567973e+01 0
1.592569e+01 0
1.617166e+01 0
1.641763e+01 0
1.666359e+01 0
1.690957e+01 0
1.715554e+01 0
1.740152e+01 0
1.764750e+01 0
1.789349e+01 0
1.813948e+01 0
1.838547e+01 0
1.863146e+01 0
1.887746e+01 0
1.912346e+01 0
1.936947e+01 0
1.961547e+01 0
1.986148e+01 0
2.010749e+01 0
2.035351e+01 0
2.059953e+01 0
2.084555e+01 0
2.109158e+01 0
2.133760e+01 0
2.158363e+01 0
2.182967e+01 0
2.207571e+01 0
2.232175e+01 0
2.256779e+01 0
2.281383e+01 0
2.305988e+01 0
2.330594e+01 0
2.355199e+01 0
2.379805e+01 0
2.404411e+01 0
2.429018e+01 0
2.453624e+01 0
2.478232e+01 0
2.502839e+01 0
2.527447e+01 0
2.552055e+01 0
2.576663e+01 0
2.601271e+01 0
2.625880e+01 0
2.650490e+01 0
2.675099e+01 0
2.699709e+01 0
2.724319e+01 0
2.748929e+01 0
2.773540e+01 0
2.798151e+01 0
2.822763e+01 0
2.847374e+01 0
2.871986e+01 0
2.896599e+01 0
2.921211e+01 0
2.945824e+01 0
2.970437e+01 0
2.995051e+01 0
3.019664e+01 0
3.044279e+01 0
3.068893e+01 0
3.093508e+01 0
3.118123e+01 0
3.142738e+01 0
3.167354e+01 0
3.191970e+01 0
3.216586e+01 0
3.241202e+01 0
3.265819e+01 0
3.290436e+01 0
3.315054e+01 0
3.339672e+01 0
3.364290e+01 0
3.388908e+01 0
3.413527e+01 0
3.438146e+01 0
3.462765e+01 0
3.487385e+01 0
3.512005e+01 0
3.536625e+01 0
3.561245e+01 0
3.585866e+01 0
3.610487e+01 0
3.635109e+01 0
3.659730e+01 0
3.684352e+01 0
3.708975e+01 0
3.733597e+01 0
3.758220e+01 0
3.782844e+01 0
3.807467e+01 0
3.832091e+01 0
3.856715e+01 0
3.881340e+01 0
3.905965e+01 0
3.930590e+01 0
3.955215e+01 0
3.979841e+01 0
4.004467e+01 0
4.029093e+01 0
4.053720e+01 0
4.078347e+01 0
4.102974e+01 0
4.127602e+01 0
4.152229e+01 0
4.176858e+01 0
4.201486e+01 0
4.226115e+01 0
4.250744e+01 0
4.275373e+01 0
4.300003e+01 0
4.324633e+01 0
4.349263e+01 0
4.373894e+01 0
4.398525e+01 0
4.423156e+01 0
4.447788e+01 0
4.472419e+01 0
4.497052e+01 0
4.521684e+01 0
4.546317e+01 0
4.570950e+01 0
4.595583e+01 0
4.620217e+01 0
4.644851e+01 0
4.669485e+01 0
4.694120e+01 0
4.718754e+01 0
4.743390e+01 0
4.768025e+01 0
4.792661e+01 0
4.817297e+01 0
4.841933e+01 0
4.866570e+01 0
4.891207e+01 0
4.915845e+01 0
4.940482e+01 0
4.965120e+01 0
4.989758e+01 0
5.014397e+01 0
5.039036e+01 0
5.063675e+01 0
5.088314e+01 0
5.112954e+01 0
5.137594e+01 0
5.162235e+01 0
5.186875e+01 0
5.211516e+01 0
5.236158e+01 0
5.260799e+01 0
5.285441e+01 0
5.310083e+01 0
5.334726e+01 0
5.359369e+01 0
5.384012e+01 0
5.408655e+01 0
5.433299e+01 0
5.457943e+01 0
5.482588e+01 0
5.507232e+01 0
5.531877e+01 0
5.556522e+01 0
5.581168e+01 0
5.605814e+01 0
5.630460e+01 0
5.655107e+01 0
5.679753e+01 0
5.704401e+01 0
5.729048e+01 0
5.753696e+01 0
5.778344e+01 0
5.802992e+01 0
5.827641e+01 0
5.852290e+01 0
5.876939e+01 0
5.901588e+01 0
5.926238e+01 0
5.950888e+01 0
5.975539e+01 0
6.000190e+01 0
6.024841e+01 0
6.049492e+01 0
6.074144e+01 0
6.098796e+01 0
6.123448e+01 0
6.148101e+01 0
6.172754e+01 0
6.197407e+01 0
6.222060e+01 0
6.246714e+01 0
6.271368e+01 0
6.296023e+01 0
6.320678e+01 0
6.345333e+01 0
6.369988e+01 0
6.394644e+01 0
6.419300e+01 0
6.443956e+01 0
6.468613e+01 0
6.493269e+01 0
6.517927e+01 0
6.542584e+01 0
6.567242e+01 0
6.591900e+01 0
6.616558e+01 0
6.641217e+01 0
6.665876e+01 0
6.690536e+01 0
6.715195e+01 0
6.739855e+01 0
6.764515e+01 0
6.789176e+01 0
6.813837e+01 0
6.838498e+01 0
6.863159e+01 0
6.887821e+01 0
6.912483e+01 0
6.937146e+01 0
6.961808e+01 0
6.986471e+01 0
7.011135e+01 0
7.035798e+01 0
7.060462e+01 0
7.085126e+01 0
7.109791e+01 0
7.134456e+01 0
7.159121e+01 0
7.183786e+01 0
7.208452e+01 0
7.233118e+01 0
7.257785e+01 0
7.282451e+01 0
7.307118e+01 0
7.331786e+01 0
7.356453e+01 0
7.381121e+01 0
7.405789e+01 0
7.430458e+01 0
7.455127e+01 0
7.479796e+01 0
7.504465e+01 0
7.529135e+01 0
7.553805e+01 0
7.578475e+01 0
7.603146e+01 0
7.627817e+01 0
7.652488e+01 0
7.677160e+01 0
7.701831e+01 0
7.726504e+01 0
7.751176e+01 0
7.775849e+01 0
7.800522e+01 0
7.825195e+01 0
7.849869e+01 0
7.874543e+01 0
7.899217e+01 0
7.923892e+01 0
7.948567e+01 0
7.973242e+01 0
7.997918e+01 0
8.022594e+01 0
8.047270e+01 0
8.071946e+01 0
8.096623e+01 0
8.121300e+01 0
8.145977e+01 0
8.170655e+01 0
8.195333e+01 0
8.220011e+01 0
8.244690e+01 0
8.269369e+01 0
8.294048e+01 0
8.318727e+01 0
8.343407e+01 0
8.368087e+01 0
8.392768e+01 0
8.417449e+01 0
8.442130e+01 0
8.466811e+01 0
8.491493e+01 0
8.516175e+01 0
8.540857e+01 0
8.565539e+01 0
8.590222e+01 0
8.614905e+01 0
8.639589e+01 0
8.664273e+01 0
8.688957e+01 0
8.713641e+01 0
8.738326e+01 0
8.763011e+01 0
8.787696e+01 0
8.812382e+01 0
8.837068e+01 0
8.861754e+01 0
8.886441e+01 0
8.911127e+01 0
8.935814e+01 0
8.960502e+01 0
8.985190e+01 0
9.009878e+01 0
9.034566e+01 0
9.059255e+01 0
9.083944e+01 0
9.108633e+01 0
9.133323e+01 0
9.158013e+01 0
9.182703e+01 0
9.207393e+01 0
9.232084e+01 0
9.256775e+01 0
9.281467e+01 0
9.306158e+01 0
9.330850e+01 0
9.355543e+01 0
9.380235e+01 0
9.404928e+01 0
9.429622e+01 0
9.454315e+01 0
9.479009e+01 0
9.503703e+01 0
9.528398e+01 0
9.553093e+01 0
9.577788e+01 0
9.602483e+01 0
9.627179e+01 0
9.651875e+01 0
9.676571e+01 0
9.701268e+01 0
9.725965e+01 0
9.750662e+01 0
9.775359e+01 0
9.800057e+01 0
9.824755e+01 0
9.849454e+01 0
9.874153e+01 0
9.898852e+01 0
9.923551e+01 0
9.948251e+01 0
9.972951e+01 0
9.997651e+01 0
1.002235e+02 0
1.004705e+02 0
1.007175e+02 0
1.009646e+02 0
1.012116e+02 0
1.014586e+02 0
1.017056e+02 0
1.019526e+02 0
1.021997e+02 0
1.024467e+02 0
1.026937e+02 0
1.029408e+02 0
1.031878e+02 0
1.034349e+02 0
1.036819e+02 0
1.039290e+02 0
1.041760e+02 0
1.044231e+02 0
1.046701e+02 0
1.049172e+02 0
1.051643e+02 0
1.054113e+02 0
1.056584e+02 0
1.059055e+02 0
1.061526e+02 0
1.063997e+02 0
1.066467e+02 0
1.068938e+02 0
1.071409e+02 0
1.073880e+02 0
1.076351e+02 0
1.078822e+02 0
1.081293e+02 0
1.083764e+02 0
1.086235e+02 0
1.088707e+02 0
1.091178e+02 0
1.093649e+02 0
1.096120e+02 0
1.098591e+02 0
1.101063e+02 0
1.103534e+02 0
1.106005e+02 0
1.108477e+02 0
1.110948e+02 0
1.113419e+02 0
1.115891e+02 0
1.118362e+02 0
1.120834e+02 0
1.123306e+02 0
1.125777e+02 0
1.128249e+02 0
1.130720e+02 0
1.133192e+02 0
1.135664e+02 0
1.138136e+02 0
1.140607e+02 0
1.143079e+02 0
1.145551e+02 0
1.148023e+02 0
1.150495e+02 0
1.152967e+02 0
1.155439e+02 0
1.157911e+02 0
1.160383e+02 0
1.162855e+02 0
1.165327e+02 0
1.167799e+02 0
1.170271e+02 0
1.172743e+02 0
1.175215e+02 0
1.177688e+02 0
1.180160e+02 0
1.182632e+02 0
1.185104e+02 0
1.187577e+02 0
1.190049e+02 0
1.192522e+02 0
1.194994e+02 0
1.197466e+02 0
1.199939e+02 0
1.202411e+02 0
1.204884e+02 0
1.207357e+02 0
1.209829e+02 0
1.212302e+02 0
1.214775e+02 0
1.217247e+02 0
1.219720e+02 0
1.222193e+02 0
1.224666e+02 0
1.227139e+02 0
1.229611e+02 0
1.232084e+02 0
1.234557e+02 0
1.237030e+02 0
1.239503e+02 0
1.241976e+02 0
1.244449e+02 0
1.246922e+02 0
1.249395e+02 0
1.251869e+02 0
1.254342e+02 0
1.256815e+02 0
1.259288e+02 0
1.261762e+02 0
1.264235e+02 0
1.266708e+02 0
1.269181e+02 0
1.271655e+02 0
1.274128e+02 0
1.276602e+02 0
1.279075e+02 0
1.281549e+02 0
1.284022e+02 0
1.286496e+02 0
1.288969e+02 0
1.291443e+02 0
1.293917e+02 0
1.296390e+02 0
1.298864e+02 0
1.301338e+02 0
1.303812e+02 0
1.306286e+02 0
1.308759e+02 0
1.311233e+02 0
1.313707e+02 0
1.316181e+02 0
1.318655e+02 0
1.321129e+02 0
1.323603e+02 0
1.326077e+02 0
1.328551e+02 0
1.331025e+02 0
1.333500e+02 0
1.335974e+02 0
1.338448e+02 0
1.340922e+02 0
1.343397e+02 0
1.345871e+02 0
1.348345e+02 0
1.350820e+02 0
1.353294e+02 0
1.355768e+02 0
1.358243e+02 0
1.360717e+02 0
1.363192e+02 0
1.365666e+02 0
1.368141e+02 0
1.370616e+02 0
1.373090e+02 0
1.375565e+02 0
1.378040e+02 0
1.380514e+02 0
1.382989e+02 0
1.385464e+02 0
1.387939e+02 0
1.390414e+02 0
1.392888e+02 0
1.395363e+02 0
1.397838e+02 0
1.400313e+02 0
1.402788e+02 0
1.405263e+02 0
1.407738e+02 0
1.410214e+02 0
1.412689e+02 0
1.415164e+02 0
1.417639e+02 0
1.420114e+02 0
1.422590e+02 0
1.425065e+02 0
1.427540e+02 0
1.430015e+02 0
1.432491e+02 0
1.434966e+02 0
1.437442e+02 0
1.439917e+02 0
1.442393e+02 0
1.444868e+02 0
1.447344e+02 0
1.449819e+02 0
1.452295e+02 0
1.454771e+02 0
1.457246e+02 0
1.459722e+02 0
1.462198e+02 0
1.464674e+02 0
1.467149e+02 0
1.469625e+02 0
1.472101e+02 0
1.474577e+02 0
1.477053e+02 0
1.479529e+02 0
1.482005e+02 0
1.484481e+02 0
1.486957e+02 0
1.489433e+02 0
1.491909e+02 0
1.494385e+02 0
1.496861e+02 0
1.499338e+02 0
1.501814e+02 0
1.504290e+02 0
1.506766e+02 0
1.509243e+02 0
1.511719e+02 0
1.514195e+02 0
1.516672e+02 0
1.519148e+02 0
1.521625e+02 0
1.524101e+02 0
1.526578e+02 0
1.529054e+02 0
1.531531e+02 0
1.534008e+02 0
1.536484e+02 0
1.538961e+02 0
1.541438e+02 0
1.543914e+02 0
1.546391e+02 0
1.548868e+02 0
1.551345e+02 0
1.553822e+02 0
1.556299e+02 0
1.558776e+02 0
1.561253e+02 0
1.563730e+02 0
1.566207e+02 0
1.568684e+02 0
1.571161e+02 0
1.573638e+02 0
1.576115e+02 0
1.578592e+02 0
1.581069e+02 0
1.583547e+02 0
1.586024e+02 0
1.588501e+02 0
1.590979e+02 0
1.593456e+02 0
1.595933e+02 0
1.598411e+02 0
1.600888e+02 0
1.603366e+02 0
1.605843e+02 0
1.608321e+02 0
1.610798e+02 0
1.613276e+02 0
1.615754e+02 0
1.618231e+02 0
1.620709e+02 0
1.623187e+02 0
1.625664e+02 0
1.628142e+02 0
1.630620e+02 0
1.633098e+02 0
1.635576e+02 0
1.638054e+02 0
1.640532e+02 0
1.643010e+02 0
1.645488e+02 0
1.647966e+02 0
1.650444e+02 0
1.652922e+02 0
1.655400e+02 0
1.657878e+02 0
1.660356e+02 0
1.662835e+02 0
1.665313e+02 0
1.667791e+02 0
1.670269e+02 0
1.672748e+02 0
1.675226e+02 0
1.677705e+02 0
1.680183e+02 0
1.682661e+02 0
1.685140e+02 0
1.687618e+02 0
1.690097e+02 0
1.692576e+02 0
1.695054e+02 0
1.697533e+02 0
1.700012e+02 0
1.702490e+02 0
1.704969e+02 0
1.707448e+02 0
1.709927e+02 0
1.712405e+02 0
1.714884e+02 0
1.717363e+02 0
1.719842e+02 0
1.722321e+02 0
1.724800e+02 0
1.727279e+02 0
1.729758e+02 0
1.732237e+02 0
1.734716e+02 0
1.737195e+02 0
1.739675e+02 0
1.742154e+02 0
1.744633e+02 0
1.747112e+02 0
1.749592e+02 0
1.752071e+02 0
1.754550e+02 0
1.757030e+02 0
1.759509e+02 0
1.761988e+02 0
1.764468e+02 0
1.766947e+02 0
1.769427e+02 0
1.771907e+02 0
1.774386e+02 0
1.776866e+02 0
1.779345e+02 0
1.781825e+02 0
1.784305e+02 0
1.786785e+02 0
1.789264e+02 0
1.791744e+02 0
1.794224e+02 0
1.796704e+02 0
1.799184e+02 0
1.801664e+02 0
1.804144e+02 0
1.806624e+02 0
1.809104e+02 0
1.811584e+02 0
1.814064e+02 0
1.816544e+02 0
1.819024e+02 0
1.821504e+02 0
1.823984e+02 0
1.826465e+02 0
1.828945e+02 0
1.831425e+02 0
1.833906e+02 0
1.836386e+02 0
1.838866e+02 0
1.841347e+02 0
1.843827e+02 0
1.846308e+02 0
1.848788e+02 0
1.851269e+02 0
1.853749e+02 0
1.856230e+02 0
1.858711e+02 0
1.861191e+02 0
1.863672e+02 0
1.866153e+02 0
1.868633e+02 0
1.871114e+02 0
1.873595e+02 0
1.876076e+02 0
1.878557e+02 0
1.881038e+02 0
1.883519e+02 0
1.886000e+02 0
1.888481e+02 0
1.890962e+02 0
1.893443e+02 0
1.895924e+02 0
1.898405e+02 0
1.900886e+02 0
1.903367e+02 0
1.905848e+02 0
1.908330e+02 0
1.910811e+02 0
1.913292e+02 0
1.915774e+02 0
1.918255e+02 0
1.920736e+02 0
1.923218e+02 0
1.925699e+02 0
1.928181e+02 0
1.930662e+02 0
1.933144e+02 0
1.935625e+02 0
1.938107e+02 0
1.940589e+02 0
1.943070e+02 0
1.945552e+02 0
1.948034e+02 0
1.950516e+02 0
1.952997e+02 0
1.955479e+02 0
1.957961e+02 0
1.960443e+02 0
1.962925e+02 0
1.965407e+02 0
1.967889e+02 0
1.970371e+02 0
1.972853e+02 0
1.975335e+02 0
1.977817e+02 0
1.980299e+02 0
1.982781e+02 0
1.985263e+02 0
1.987746e+02 0
1.990228e+02 0
1.992710e+02 0
1.995193e+02 0
1.997675e+02 0
2.000157e+02 0
2.002640e+02 0
2.005122e+02 0
2.007605e+02 0
2.010087e+02 0
2.012570e+02 0
2.015052e+02 0
2.017535e+02 0
2.020017e+02 0
2.022500e+02 0
2.024983e+02 0
2.027465e+02 0
2.029948e+02 0
2.032431e+02 0
2.034914e+02 0
2.037397e+02 0
2.039879e+02 0
2.042362e+02 0
2.044845e+02 0
2.047328e+02 0
2.049811e+02 0
2.052294e+02 0
2.054777e+02 0
2.057260e+02 0
2.059743e+02 0
2.062227e+02 0
2.064710e+02 0
2.067193e+02 0
2.069676e+02 0
2.072159e+02 0
2.074643e+02 0
2.077126e+02 0
2.079609e+02 0
2.082093e+02 0
2.084576e+02 0
2.087060e+02 0
2.089543e+02 0
2.092027e+02 0
2.094510e+02 0
2.096994e+02 0
2.099477e+02 0
2.101961e+02 0
2.104445e+02 0
2.106928e+02 0
2.109412e+02 0
2.111896e+02 0
2.114380e+02 0
2.116863e+02 0
2.119347e+02 0
2.121831e+02 0
2.124315e+02 0
2.126799e+02 0
2.129283e+02 0
2.131767e+02 0
2.134251e+02 0
2.136735e+02 0
2.139219e+02 0
2.141703e+02 0
2.144187e+02 0
2.146672e+02 0
2.149156e+02 0
2.151640e+02 0
2.154124e+02 0
2.156609e+02 0
2.159093e+02 0
2.161577e+02 0
2.164062e+02 0
2.166546e+02 0
2.169031e+02 0
2.171515e+02 0
2.174000e+02 0
2.176484e+02 0
2.178969e+02 0
2.181453e+02 0
2.183938e+02 0
2.186423e+02 0
2.188907e+02 0
2.191392e+02 0
2.193877e+02 0
2.196362e+02 0
2.198846e+02 0
2.201331e+02 0
2.203816e+02 0
2.206301e+02 0
2.208786e+02 0
2.211271e+02 0
2.213756e+02 0
2.216241e+02 0
2.218726e+02 0
2.221211e+02 0
2.223696e+02 0
2.226181e+02 0
2.228667e+02 0
2.231152e+02 0
2.233637e+02 0
2.236122e+02 0
2.238608e+02 0
2.241093e+02 0
2.243578e+02 0
2.246064e+02 0
2.248549e+02 0
2.251035e+02 0
2.253520e+02 0
2.256006e+02 0
2.258491e+02 0
2.260977e+02 0
2.263462e+02 0
2.265948e+02 0
2.268434e+02 0
2.270920e+02 0
2.273405e+02 0
2.275891e+02 0
2.278377e+02 0
2.280863e+02 0
2.283349e+02 0
2.285834e+02 0
2.288320e+02 0
2.290806e+02 0
2.293292e+02 0
2.295778e+02 0
2.298264e+02 0
2.300750e+02 0
2.303237e+02 0
2.305723e+02 0
2.308209e+02 0
2.310695e+02 0
2.313181e+02 0
2.315667e+02 0
2.318154e+02 0
2.320640e+02 0
2.323126e+02 0
2.325613e+02 0
2.328099e+02 0
2.330586e+02 0
2.333072e+02 0
2.335559e+02 0
2.338045e+02 0
2.340532e+02 0
2.343018e+02 0
2.345505e+02 0
2.347992e+02 0
2.350478e+02 0
2.352965e+02 0
2.355452e+02 0
2.357939e+02 0
2.360425e+02 0
2.362912e+02 0
2.365399e+02 0
2.367886e+02 0
2.370373e+02 0
2.372860e+02 0
2.375347e+02 0
2.377834e+02 0
2.380321e+02 0
2.382808e+02 0
2.385295e+02 0
2.387782e+02 0
2.390269e+02 0
2.392757e+02 0
2.395244e+02 0
2.397731e+02 0
2.400218e+02 0
2.402706e+02 0
2.405193e+02 0
2.407681e+02 0
2.410168e+02 0
2.412655e+02 0
2.415143e+02 0
2.417630e+02 0
2.420118e+02 0
2.422606e+02 0
2.425093e+02 0
2.427581e+02 0
2.430068e+02 0
2.432556e+02 0
2.435044e+02 0
2.437532e+02 0
2.440019e+02 0
2.442507e+02 0
2.444995e+02 0
2.447483e+02 0
2.449971e+02 0
2.452459e+02 0
2.454947e+02 0
2.457435e+02 0
2.459923e+02 0
2.462411e+02 0
2.464899e+02 0
2.467387e+02 0
2.469875e+02 0
2.472363e+02 0
2.474852e+02 0
2.477340e+02 0
2.479828e+02 0
2.482316e+02 0
2.484805e+02 0
2.487293e+02 0
2.489782e+02 0
2.492270e+02 0
2.494758e+02 0
2.497247e+02 0
2.499735e+02 0
2.502224e+02 0
2.504713e+02 0
2.507201e+02 0
2.509690e+02 0
2.512178e+02 0
2.514667e+02 0
2.517156e+02 0
2.519645e+02 0
2.522133e+02 0
2.524622e+02 0
2.527111e+02 0
2.529600e+02 0
2.532089e+02 0
2.534578e+02 0
2.537067e+02 0
2.539556e+02 0
2.542045e+02 0
2.544534e+02 0
2.547023e+02 0
2.549512e+02 0
2.552001e+02 0
2.554491e+02 0
2.556980e+02 0
2.559469e+02 0
2.561958e+02 0
2.564448e+02 0
2.566937e+02 0
2.569426e+02 0
2.571916e+02 0
2.574405e+02 0
2.576895e+02 0
2.579384e+02 0
2.581874e+02 0
2.584363e+02 0
2.586853e+02 0
2.589342e+02 0
2.591832e+02 0
2.594322e+02 0
2.596812e+02 0
2.599301e+02 0
2.601791e+02 0
2.604281e+02 0
2.606771e+02 0
2.609261e+02 0
2.611750e+02 0
2.614240e+02 0
2.616730e+02 0
2.619220e+02 0
2.621710e+02 0
2.624200e+02 0
2.626690e+02 0
2.629181e+02 0
2.631671e+02 0
2.634161e+02 0
2.636651e+02 0
2.639141e+02 0
2.641632e+02 0
2.644122e+02 0
2.646612e+02 0
2.649103e+02 0
2.651593e+02 0
2.654083e+02 0
2.656574e+02 0
2.659064e+02 0
2.661555e+02 0
2.664045e+02 0
2.666536e+02 0
2.669026e+02 0
2.671517e+02 0
2.674008e+02 0
2.676498e+02 0
2.678989e+02 0
2.681480e+02 0
2.683971e+02 0
2.686462e+02 0
2.688952e+02 0
2.691443e+02 0
2.693934e+02 0
2.696425e+02 0
2.698916e+02 0
2.701407e+02 0
2.703898e+02 0
2.706389e+02 0
2.708880e+02 0
2.711371e+02 0
2.713862e+02 0
2.716354e+02 0
2.718845e+02 0
2.721336e+02 0
2.723827e+02 0
2.726319e+02 0
2.728810e+02 0
2.731301e+02 0
2.733793e+02 0
2.736284e+02 0
2.738776e+02 0
2.741267e+02 0
2.743759e+02 0
2.746250e+02 0
2.748742e+02 0
2.751233e+02 0
2.753725e+02 0
2.756217e+02 0
2.758708e+02 0
2.761200e+02 0
2.763692e+02 0
2.766184e+02 0
2.768675e+02 0
2.771167e+02 0
2.773659e+02 0
2.776151e+02 0
2.778643e+02 0
2.781135e+02 0
2.783627e+02 0
2.786119e+02 0
2.788611e+02 0
2.791103e+02 0
2.793595e+02 0
2.796088e+02 0
2.798580e+02 0
2.801072e+02 0
2.803564e+02 0
2.806056e+02 0
2.808549e+02 0
2.811041e+02 0
2.813533e+02 0
2.816026e+02 0
2.818518e+02 0
2.821011e+02 0
2.823503e+02 0
2.825996e+02 0
2.828488e+02 0
2.830981e+02 0
2.833474e+02 0
2.835966e+02 0
2.838459e+02 0
2.840952e+02 0
2.843444e+02 0
2.845937e+02 0
2.848430e+02 0
2.850923e+02 0
2.853416e+02 0
2.855908e+02 0
2.858401e+02 0
2.860894e+02 0
2.863387e+02 0
2.865880e+02 0
2.868373e+02 0
2.870866e+02 0
2.873360e+02 0
2.875853e+02 0
2.878346e+02 0
2.880839e+02 0
2.883332e+02 0
2.885826e+02 0
2.888319e+02 0
2.890812e+02 0
2.893305e+02 0
2.895799e+02 0
2.898292e+02 0
2.900786e+02 0
2.903279e+02 0
2.905773e+02 0
2.908266e+02 0
2.910760e+02 0
2.913253e+02 0
2.915747e+02 0
2.918241e+02 0
2.920734e+02 0
2.923228e+02 0
2.925722e+02 0
2.928216e+02 0
2.930709e+02 0
2.933203e+02 0
2.935697e+02 0
2.938191e+02 0
2.940685e+02 0
2.943179e+02 0
2.945673e+02 0
2.948167e+02 0
2.950661e+02 0
2.953155e+02 0
2.955649e+02 0
2.958143e+02 0
2.960637e+02 0
2.963132e+02 0
2.965626e+02 0
2.968120e+02 0
2.970614e+02 0
2.973109e+02 0
2.975603e+02 0
2.978098e+02 0
2.980592e+02 0
2.983086e+02 0
2.985581e+02 0
2.988075e+02 0
2.990570e+02 0
2.993064e+02 0
2.995559e+02 0
2.998054e+02 0
3.000548e+02 0
3.003043e+02 0
3.005538e+02 0
3.008033e+02 0
3.010527e+02 0
3.013022e+02 0
3.015517e+02 0
3.018012e+02 0
3.020507e+02 0
3.023002e+02 0
3.025497e+02 0
3.027992e+02 0
3.030487e+02 0
3.032982e+02 0
3.035477e+02 0
3.037972e+02 0
3.040467e+02 0
3.042962e+02 0
3.045458e+02 0
3.047953e+02 0
3.050448e+02 0
3.052943e+02 0
3.055439e+02 0
3.057934e+02 0
3.060429e+02 0
3.062925e+02 0
3.065420e+02 0
3.067916e+02 0
3.070411e+02 0
3.072907e+02 0
3.075403e+02 0
3.077898e+02 0
3.080394e+02 0
3.082889e+02 0
3.085385e+02 0
3.087881e+02 0
3.090377e+02 0
3.092872e+02 0
3.095368e+02 0
3.097864e+02 0
3.100360e+02 0
3.102856e+02 0
3.105352e+02 0
3.107848e+02 0
3.110344e+02 0
3.112840e+02 0
3.115336e+02 0
3.117832e+02 0
3.120328e+02 0
3.122824e+02 0
3.125321e+02 0
3.127817e+02 0
3.130313e+02 0
3.132809e+02 0
3.135306e+02 0
3.137802e+02 0
3.140298e+02 0
3.142795e+02 0
3.145291e+02 0
3.147788e+02 0
3.150284e+02 0
3.152781e+02 0
3.155277e+02 0
3.157774e+02 0
3.160270e+02 0
3.162767e+02 0
3.165264e+02 0
3.167760e+02 0
3.170257e+02 0
3.172754e+02 0
3.175251e+02 0
3.177748e+02 0
3.180244e+02 0
3.182741e+02 0
3.185238e+02 0
3.187735e+02 0
3.190232e+02 0
3.192729e+02 0
3.195226e+02 0
3.197723e+02 0
3.200220e+02 0
3.202718e+02 0
3.205215e+02 0
3.207712e+02 0
3.210209e+02 0
3.212706e+02 0
3.215204e+02 0
3.217701e+02 0
3.220198e+02 0
3.222696e+02 0
3.225193e+02 0
3.227691e+02 0
3.230188e+02 0
3.232686e+02 0
3.235183e+02 0
3.237681e+02 0
3.240178e+02 0
3.242676e+02 0
3.245174e+02 0
3.247671e+02 0
3.250169e+02 0
3.252667e+02 0
3.255165e+02 0
3.257662e+02 0
3.260160e+02 0
3.262658e+02 0
3.265156e+02 0
3.267654e+02 0
3.270152e+02 0
3.272650e+02 0
3.275148e+02 0
3.277646e+02 0
3.280144e+02 0
3.282642e+02 0
3.285140e+02 0
3.287639e+02 0
3.290137e+02 0
3.292635e+02 0
3.295133e+02 0
3.297632e+02 0
3.300130e+02 0
3.302628e+02 0
3.305127e+02 0
3.307625e+02 0
3.310123e+02 0
3.312622e+02 0
3.315120e+02 0
3.317619e+02 0
3.320118e+02 0
3.322616e+02 0
3.325115e+02 0
3.327614e+02 0
3.330112e+02 0
3.332611e+02 0
3.335110e+02 0
3.337608e+02 0
3.340107e+02 0
3.342606e+02 0
3.345105e+02 0
3.347604e+02 0
3.350103e+02 0
3.352602e+02 0
3.355101e+02 0
3.357600e+02 0
3.360099e+02 0
3.362598e+02 0
3.365097e+02 0
3.367596e+02 0
3.370096e+02 0
3.372595e+02 0
3.375094e+02 0
3.377593e+02 0
3.380093e+02 0
3.382592e+02 0
3.385091e+02 0
3.387591e+02 0
3.390090e+02 0
3.392590e+02 0
3.395089e+02 0
3.397589e+02 0
3.400088e+02 0
3.402588e+02 0
3.405087e+02 0
3.407587e+02 0
3.410087e+02 0
3.412586e+02 0
3.415086e+02 0
3.417586e+02 0
3.420086e+02 0
3.422586e+02 0
3.425085e+02 0
3.427585e+02 0
3.430085e+02 0
3.432585e+02 0
3.435085e+02 0
3.437585e+02 0
3.440085e+02 0
3.442585e+02 0
3.445085e+02 0
3.447585e+02 0
3.450086e+02 0
3.452586e+02 0
3.455086e+02 0
3.457586e+02 0
3.460087e+02 0
3.462587e+02 0
3.465087e+02 0
3.467588e+02 0
3.470088e+02 0
3.472588e+02 0
3.475089e+02 0
3.477589e+02 0
3.480090e+02 0
3.482591e+02 0
3.485091e+02 0
3.487592e+02 0
3.490092e+02 0
3.492593e+02 0
3.495094e+02 0
3.497595e+02 0
3.500095e+02 0
3.502596e+02 0
3.505097e+02 0
3.507598e+02 0
3.510099e+02 0
3.512600e+02 0
3.515101e+02 0
3.517602e+02 0
3.520103e+02 0
3.522604e+02 0
3.525105e+02 0
3.527606e+02 0
3.530107e+02 0
3.532608e+02 0
3.535109e+02 0
3.537611e+02 0
3.540112e+02 0
3.542613e+02 0
3.545115e+02 0
3.547616e+02 0
3.550117e+02 0
3.552619e+02 0
3.555120e+02 0
3.557622e+02 0
3.560123e+02 0
3.562625e+02 0
3.565126e+02 0
3.567628e+02 0
3.570129e+02 0
3.572631e+02 0
3.575133e+02 0
3.577635e+02 0
3.580136e+02 0
3.582638e+02 0
3.585140e+02 0
3.587642e+02 0
3.590144e+02 0
3.592646e+02 0
3.595147e+02 0
3.597649e+02 0
3.600151e+02 0
3.602653e+02 0
3.605156e+02 0
3.607658e+02 0
3.610160e+02 0
3.612662e+02 0
3.615164e+02 0
3.617666e+02 0
3.620169e+02 0
3.622671e+02 0
3.625173e+02 0
3.627675e+02 0
3.630178e+02 0
3.632680e+02 0
3.635183e+02 0
3.637685e+02 0
3.640188e+02 0
3.642690e+02 0
3.645193e+02 0
3.647695e+02 0
3.650198e+02 0
3.652700e+02 0
3.655203e+02 0
3.657706e+02 0
3.660209e+02 0
3.662711e+02 0
3.665214e+02 0
3.667717e+02 0
3.670220e+02 0
3.672723e+02 0
3.675226e+02 0
3.677729e+02 0
3.680232e+02 0
3.682735e+02 0
3.685238e+02 0
3.687741e+02 0
3.690244e+02 0
3.692747e+02 0
3.695250e+02 0
3.697753e+02 0
3.700256e+02 0
3.702760e+02 0
3.705263e+02 0
3.707766e+02 0
3.710270e+02 0
3.712773e+02 0
3.715276e+02 0
3.717780e+02 0
3.720283e+02 0
3.722787e+02 0
3.725290e+02 0
3.727794e+02 0
3.730297e+02 0
3.732801e+02 0
3.735305e+02 0
3.737808e+02 0
3.740312e+02 0
3.742816e+02 0
3.745320e+02 0
3.747823e+02 0
3.750327e+02 0
3.752831e+02 0
3.755335e+02 0
3.757839e+02 0
3.760343e+02 0
3.762847e+02 0
3.765351e+02 0
3.767855e+02 0
3.770359e+02 0
3.772863e+02 0
3.775367e+02 0
3.777871e+02 0
3.780376e+02 0
3.782880e+02 0
3.785384e+02 0
3.787888e+02 0
3.790393e+02 0
3.792897e+02 0
3.795401e+02 0
3.797906e+02 0
3.800410e+02 0
3.802915e+02 0
3.805419e+02 0
3.807924e+02 0
3.810428e+02 0
3.812933e+02 0
3.815438e+02 0
3.817942e+02 0
3.820447e+02 0
3.822952e+02 0
3.825456e+02 0
3.827961e+02 0
3.830466e+02 0
3.832971e+02 0
3.835476e+02 0
3.837981e+02 0
3.840486e+02 0
3.842991e+02 0
3.845496e+02 0
3.848001e+02 0
3.850506e+02 0
3.853011e+02 0
3.855516e+02 0
3.858021e+02 0
3.860526e+02 0
3.863031e+02 0
3.865537e+02 0
3.868042e+02 0
3.870547e+02 0
3.873053e+02 0
3.875558e+02 0
3.878063e+02 0
3.880569e+02 0
3.883074e+02 0
3.885580e+02 0
3.888085e+02 0
3.890591e+02 0
3.893096e+02 0
3.895602e+02 0
3.898107e+02 0
3.900613e+02 0
3.903119e+02 0
3.905625e+02 0
3.908130e+02 0
3.910636e+02 0
3.913142e+02 0
3.915648e+02 0
3.918154e+02 0
3.920660e+02 0
3.923166e+02 0
3.925671e+02 0
3.928177e+02 0
3.930684e+02 0
3.933190e+02 0
3.935696e+02 0
3.938202e+02 0
3.940708e+02 0
3.943214e+02 0
3.945720e+02 0
3.948227e+02 0
3.950733e+02 0
3.953239e+02 0
3.955746e+02 0
3.958252e+02 0
3.960758e+02 0
3.963265e+02 0
3.965771e+02 0
3.968278e+02 0
3.970784e+02 0
3.973291e+02 0
3.975797e+02 0
3.978304e+02 0
3.980811e+02 0
3.983317e+02 0
3.985824e+02 0
3.988331e+02 0
3.990837e+02 0
3.993344e+02 0
3.995851e+02 0
3.998358e+02 0
4.000865e+02 0
4.003372e+02 0
4.005879e+02 0
4.008386e+02 0
4.010893e+02 0
4.013400e+02 0
4.015907e+02 0
4.018414e+02 0
4.020921e+02 0
4.023428e+02 0
4.025935e+02 0
4.028443e+02 0
4.030950e+02 0
4.033457e+02 0
4.035964e+02 0
4.038472e+02 0
4.040979e+02 0
4.043487e+02 0
4.045994e+02 0
4.048502e+02 0
4.051009e+02 0
4.053517e+02 0
4.056024e+02 0
4.058532e+02 0
4.061039e+02 0
4.063547e+02 0
4.066055e+02 0
4.068562e+02 0
4.071070e+02 0
4.073578e+02 0
4.076086e+02 0
4.078594e+02 0
4.081101e+02 0
4.083609e+02 0
4.086117e+02 0
4.088625e+02 0
4.091133e+02 0
4.093641e+02 0
4.096149e+02 0
4.098657e+02 0
4.101165e+02 0
4.103674e+02 0
4.106182e+02 0
4.108690e+02 0
4.111198e+02 0
4.113706e+02 0
4.116215e+02 0
4.118723e+02 0
4.121231e+02 0
4.123740e+02 0
4.126248e+02 0
4.128757e+02 0
4.131265e+02 0
4.133774e+02 0
4.136282e+02 0
4.138791e+02 0
4.141299e+02 0
4.143808e+02 0
4.146317e+02 0
4.148825e+02 0
4.151334e+02 0
4.153843e+02 0
4.156352e+02 0
4.158860e+02 0
4.161369e+02 0
4.163878e+02 0
4.166387e+02 0
4.168896e+02 0
4.171405e+02 0
4.173914e+02 0
4.176423e+02 0
4.178932e+02 0
4.181441e+02 0
4.183950e+02 0
4.186459e+02 0
4.188969e+02 0
4.191478e+02 0
4.193987e+02 0
4.196496e+02 0
4.199006e+02 0
4.201515e+02 0
4.204024e+02 0
4.206534e+02 0
4.209043e+02 0
4.211553e+02 0
4.214062e+02 0
4.216572e+02 0
4.219081e+02 0
4.221591e+02 0
4.224100e+02 0
4.226610e+02 0
4.229120e+02 0
4.231629e+02 0
4.234139e+02 0
4.236649e+02 0
4.239159e+02 0
4.241668e+02 0
4.244178e+02 0
4.246688e+02 0
4.249198e+02 0
4.251708e+02 0
4.254218e+02 0
4.256728e+02 0
4.259238e+02 0
4.261748e+02 0
4.264258e+02 0
4.266768e+02 0
4.269279e+02 0
4.271789e+02 0
4.274299e+02 0
4.276809e+02 0
4.279319e+02 0
4.281830e+02 0
4.284340e+02 0
4.286850e+02 0
4.289361e+02 0
4.291871e+02 0
4.294382e+02 0
4.296892e+02 0
4.299403e+02 0
4.301913e+02 0
4.304424e+02 0
4.306935e+02 0
4.309445e+02 0
4.311956e+02 0
4.314467e+02 0
4.316977e+02 0
4.319488e+02 0
4.321999e+02 0
4.324510e+02 0
4.327021e+02 0
4.329531e+02 0
4.332042e+02 0
4.334553e+02 0
4.337064e+02 0
4.339575e+02 0
4.342086e+02 0
4.344597e+02 0
4.347109e+02 0
4.349620e+02 0
4.352131e+02 0
4.354642e+02 0
4.357153e+02 0
4.359665e+02 0
4.362176e+02 0
4.364687e+02 0
4.367199e+02 0
4.369710e+02 0
4.372221e+02 0
4.374733e+02 0
4.377244e+02 0
4.379756e+02 0
4.382267e+02 0
4.384779e+02 0
4.387290e+02 0
4.389802e+02 0
4.392314e+02 0
4.394825e+02 0
4.397337e+02 0
4.399849e+02 0
4.402361e+02 0
4.404872e+02 0
4.407384e+02 0
4.409896e+02 0
4.412408e+02 0
4.414920e+02 0
4.417432e+02 0
4.419944e+02 0
4.422456e+02 0
4.424968e+02 0
4.427480e+02 0
4.429992e+02 0
4.432504e+02 0
4.435017e+02 0
4.437529e+02 0
4.440041e+02 0
4.442553e+02 0
4.445066e+02 0
4.447578e+02 0
4.450090e+02 0
4.452603e+02 0
4.455115e+02 0
4.457628e+02 0
4.460140e+02 0
4.462653e+02 0
4.465165e+02 0
4.467678e+02 0
4.470190e+02 0
4.472703e+02 0
4.475216e+02 0
4.477728e+02 0
4.480241e+02 0
4.482754e+02 0
4.485267e+02 0
4.487779e+02 0
4.490292e+02 0
4.492805e+02 0
4.495318e+02 0
4.497831e+02 0
4.500344e+02 0
4.502857e+02 0
4.505370e+02 0
4.507883e+02 0
4.510396e+02 0
4.512909e+02 0
4.515422e+02 0
4.517936e+02 0
4.520449e+02 0
4.522962e+02 0
4.525475e+02 0
4.527989e+02 0
4.530502e+02 0
4.533015e+02 0
4.535529e+02 0
4.538042e+02 0
4.540556e+02 0
4.543069e+02 0
4.545583e+02 0
4.548096e+02 0
4.550610e+02 0
4.553123e+02 0
4.555637e+02 0
4.558151e+02 0
4.560664e+02 0
4.563178e+02 0
4.565692e+02 0
4.568206e+02 0
4.570719e+02 0
4.573233e+02 0
4.575747e+02 0
4.578261e+02 0
4.580775e+02 0
4.583289e+02 0
4.585803e+02 0
4.588317e+02 0
4.590831e+02 0
4.593345e+02 0
4.595859e+02 0
4.598374e+02 0
4.600888e+02 0
4.603402e+02 0
4.605916e+02 0
4.608431e+02 0
4.610945e+02 0
4.613459e+02 0
4.615974e+02 0
4.618488e+02 0
4.621002e+02 0
4.623517e+02 0
4.626031e+02 0
4.628546e+02 0
4.631060e+02 0
4.633575e+02 0
4.636090e+02 0
4.638604e+02 0
4.641119e+02 0
4.643634e+02 0
4.646148e+02 0
4.648663e+02 0
4.651178e+02 0
4.653693e+02 0
4.656208e+02 0
4.658723e+02 0
4.661238e+02 0
4.663753e+02 0
4.666268e+02 0
4.668783e+02 0
4.671298e+02 0
4.673813e+02 0
4.676328e+02 0
4.678843e+02 0
4.681358e+02 0
4.683873e+02 0
4.686389e+02 0
4.688904e+02 0
4.691419e+02 0
4.693934e+02 0
4.696450e+02 0
4.698965e+02 0
4.701481e+02 0
4.703996e+02 0
4.706511e+02 0
4.709027e+02 0
4.711543e+02 0
4.714058e+02 0
4.716574e+02 0
4.719089e+02 0
4.721605e+02 0
4.724121e+02 0
4.726636e+02 0
4.729152e+02 0
4.731668e+02 0
4.734184e+02 0
4.736700e+02 0
4.739215e+02 0
4.741731e+02 0
4.744247e+02 0
4.746763e+02 0
4.749279e+02 0
4.751795e+02 0
4.754311e+02 0
4.756827e+02 0
4.759344e+02 0
4.761860e+02 0
4.764376e+02 0
4.766892e+02 0
4.769408e+02 0
4.771925e+02 0
4.774441e+02 0
4.776957e+02 0
4.779474e+02 0
4.781990e+02 0
4.784506e+02 0
4.787023e+02 0
4.789539e+02 0
4.792056e+02 0
4.794572e+02 0
4.797089e+02 0
4.799606e+02 0
4.802122e+02 0
4.804639e+02 0
4.807156e+02 0
4.809672e+02 0
4.812189e+02 0
4.814706e+02 0
4.817223e+02 0
4.819740e+02 0
4.822256e+02 0
4.824773e+02 0
4.827290e+02 0
4.829807e+02 0
4.832324e+02 0
4.834841e+02 0
4.837358e+02 0
4.839875e+02 0
4.842393e+02 0
4.844910e+02 0
4.847427e+02 0
4.849944e+02 0
4.852461e+02 0
4.854979e+02 0
4.857496e+02 0
4.860013e+02 0
4.862531e+02 0
4.865048e+02 0
4.867566e+02 0
4.870083e+02 0
4.872601e+02 0
4.875118e+02 0
4.877636e+02 0
4.880153e+02 0
4.882671e+02 0
4.885188e+02 0
4.887706e+02 0
4.890224e+02 0
4.892742e+02 0
4.895259e+02 0
4.897777e+02 0
4.900295e+02 0
4.902813e+02 0
4.905331e+02 0
4.907849e+02 0
4.910367e+02 0
4.912885e+02 0
4.915403e+02 0
4.917921e+02 0
4.920439e+02 0
4.922957e+02 0
4.925475e+02 0
4.927993e+02 0
4.930511e+02 0
4.933030e+02 0
4.935548e+02 0
4.938066e+02 0
4.940584e+02 0
4.943103e+02 0
4.945621e+02 0
4.948140e+02 0
4.950658e+02 0
4.953176e+02 0
4.955695e+02 0
4.958214e+02 0
4.960732e+02 0
4.963251e+02 0
4.965769e+02 0
4.968288e+02 0
4.970807e+02 0
4.973325e+02 0
4.975844e+02 0
4.978363e+02 0
4.980882e+02 0
4.983401e+02 0
4.985919e+02 0
4.988438e+02 0
4.990957e+02 0
4.993476e+02 0
4.995995e+02 0
4.998514e+02 0
5.001033e+02 0
5.003552e+02 0
5.006071e+02 0
5.008591e+02 0
5.011110e+02 0
5.013629e+02 0
5.016148e+02 0
5.018667e+02 0
5.021187e+02 0
5.023706e+02 0
5.026225e+02 0
5.028745e+02 0
5.031264e+02 0
5.033784e+02 0
5.036303e+02 0
5.038823e+02 0
5.041342e+02 0
5.043862e+02 0
5.046381e+02 0
5.048901e+02 0
5.051421e+02 0
5.053940e+02 0
5.056460e+02 0
5.058980e+02 0
5.061500e+02 0
5.064019e+02 0
5.066539e+02 0
5.069059e+02 0
5.071579e+02 0
5.074099e+02 0
5.076619e+02 0
5.079139e+02 0
5.081659e+02 0
5.084179e+02 0
5.086699e+02 0
5.089219e+02 0
5.091739e+02 0
5.094260e+02 0
5.096780e+02 0
5.099300e+02 0
5.101820e+02 0
5.104341e+02 0
5.106861e+02 0
5.109381e+02 0
5.111902e+02 0
5.114422e+02 0
5.116943e+02 0
5.119463e+02 0
5.121984e+02 0
5.124504e+02 0
5.127025e+02 0
5.129545e+02 0
5.132066e+02 0
5.134587e+02 0
5.137107e+02 0
5.139628e+02 0
5.142149e+02 0
5.144670e+02 0
5.147191e+02 0
5.149711e+02 0
5.152232e+02 0
5.154753e+02 0
5.157274e+02 0
5.159795e+02 0
5.162316e+02 0
5.164837e+02 0
5.167358e+02 0
5.169879e+02 0
5.172401e+02 0
5.174922e+02 0
5.177443e+02 0
5.179964e+02 0
5.182485e+02 0
5.185007e+02 0
5.187528e+02 0
5.190049e+02 0
5.192571e+02 0
5.195092e+02 0
5.197614e+02 0
5.200135e+02 0
5.202656e+02 0
5.205178e+02 0
5.207700e+02 0
5.210221e+02 0
5.212743e+02 0
5.215264e+02 0
5.217786e+02 0
5.220308e+02 0
5.222830e+02 0
5.225351e+02 0
5.227873e+02 0
5.230395e+02 0
5.232917e+02 0
5.235439e+02 0
5.237961e+02 0
5.240483e+02 0
5.243005e+02 0
5.245527e+02 0
5.248049e+02 0
5.250571e+02 0
5.253093e+02 0
5.255615e+02 0
5.258137e+02 0
5.260659e+02 0
5.263182e+02 0
5.265704e+02 0
5.268226e+02 0
5.270748e+02 0
5.273271e+02 0
5.275793e+02 0
5.278316e+02 0
5.280838e+02 0
5.283361e+02 0
5.285883e+02 0
5.288406e+02 0
5.290928e+02 0
5.293451e+02 0
5.295973e+02 0
5.298496e+02 0
5.301019e+02 0
5.303541e+02 0
5.306064e+02 0
5.308587e+02 0
5.311110e+02 0
5.313633e+02 0
5.316156e+02 0
5.318678e+02 0
5.321201e+02 0
5.323724e+02 0
5.326247e+02 0
5.328770e+02 0
5.331293e+02 0
5.333816e+02 0
5.336340e+02 0
5.338863e+02 0
5.341386e+02 0
5.343909e+02 0
5.346432e+02 0
5.348956e+02 0
5.351479e+02 0
5.354002e+02 0
5.356526e+02 0
5.359049e+02 0
5.361572e+02 0
5.364096e+02 0
5.366619e+02 0
5.369143e+02 0
5.371666e+02 0
5.374190e+02 0
5.376714e+02 0
5.379237e+02 0
5.381761e+02 0
5.384285e+02 0
5.386808e+02 0
5.389332e+02 0
5.391856e+02 0
5.394380e+02 0
5.396904e+02 0
5.399427e+02 0
5.401951e+02 0
5.404475e+02 0
5.406999e+02 0
5.409523e+02 0
5.412047e+02 0
5.414571e+02 0
5.417096e+02 0
5.419620e+02 0
5.422144e+02 0
5.424668e+02 0
5.427192e+02 0
5.429716e+02 0
5.432241e+02 0
5.434765e+02 0
5.437289e+02 0
5.439814e+02 0
5.442338e+02 0
5.444863e+02 0
5.447387e+02 0
5.449912e+02 0
5.452436e+02 0
5.454961e+02 0
5.457485e+02 0
5.460010e+02 0
5.462534e+02 0
5.465059e+02 0
5.467584e+02 0
5.470109e+02 0
5.472633e+02 0
5.475158e+02 0
5.477683e+02 0
5.480208e+02 0
5.482733e+02 0
5.485258e+02 0
5.487783e+02 0
5.490308e+02 0
5.492833e+02 0
5.495358e+02 0
5.497883e+02 0
5.500408e+02 0
5.502933e+02 0
5.505458e+02 0
5.507983e+02 0
5.510509e+02 0
5.513034e+02 0
5.515559e+02 0
5.518084e+02 0
5.520610e+02 0
5.523135e+02 0
5.525661e+02 0
5.528186e+02 0
5.530711e+02 0
5.533237e+02 0
5.535762e+02 0
5.538288e+02 0
5.540814e+02 0
5.543339e+02 0
5.545865e+02 0
5.548391e+02 0
5.550916e+02 0
5.553442e+02 0
5.555968e+02 0
5.558494e+02 0
5.561019e+02 0
5.563545e+02 0
5.566071e+02 0
5.568597e+02 0
5.571123e+02 0
5.573649e+02 0
5.576175e+02 0
5.578701e+02 0
5.581227e+02 0
5.583753e+02 0
5.586280e+02 0
5.588806e+02 0
5.591332e+02 0
5.593858e+02 0
5.596384e+02 0
5.598911e+02 0
5.601437e+02 0
5.603963e+02 0
5.606490e+02 0
5.609016e+02 0
5.611543e+02 0
5.614069e+02 0
5.616596e+02 0
5.619122e+02 0
5.621649e+02 0
5.624175e+02 0
5.626702e+02 0
5.629229e+02 0
5.631755e+02 0
5.634282e+02 0
5.636809e+02 0
5.639336e+02 0
5.641862e+02 0
5.644389e+02 0
5.646916e+02 0
5.649443e+02 0
5.651970e+02 0
5.654497e+02 0
5.657024e+02 0
5.659551e+02 0
5.662078e+02 0
5.664605e+02 0
5.667132e+02 0
5.669659e+02 0
5.672187e+02 0
5.674714e+02 0
5.677241e+02 0
5.679768e+02 0
5.682296e+02 0
5.684823e+02 0
5.687350e+02 0
5.689878e+02 0
5.692405e+02 0
5.694933e+02 0
5.697460e+02 0
5.699988e+02 0
5.702515e+02 0
5.705043e+02 0
5.707570e+02 0
5.710098e+02 0
5.712626e+02 0
5.715153e+02 0
5.717681e+02 0
5.720209e+02 0
5.722737e+02 0
5.725265e+02 0
5.727792e+02 0
5.730320e+02 0
5.732848e+02 0
5.735376e+02 0
5.737904e+02 0
5.740432e+02 0
5.742960e+02 0
5.745488e+02 0
5.748016e+02 0
5.750544e+02 0
5.753073e+02 0
5.755601e+02 0
5.758129e+02 0
5.760657e+02 0
5.763186e+02 0
5.765714e+02 0
5.768242e+02 0
5.770771e+02 0
5.773299e+02 0
5.775827e+02 0
5.778356e+02 0
5.780884e+02 0
5.783413e+02 0
5.785941e+02 0
5.788470e+02 0
5.790999e+02 0
5.793527e+02 0
5.796056e+02 0
5.798585e+02 0
5.801113e+02 0
5.803642e+02 0
5.806171e+02 0
5.808700e+02 0
5.811229e+02 0
5.813758e+02 0
5.816287e+02 0
5.818816e+02 0
5.821344e+02 0
5.823874e+02 0
5.826403e+02 0
5.828932e+02 0
5.831461e+02 0
5.833990e+02 0
5.836519e+02 0
5.839048e+02 0
5.841577e+02 0
5.844107e+02 0
5.846636e+02 0
5.849165e+02 0
5.851695e+02 0
5.854224e+02 0
5.856753e+02 0
5.859283e+02 0
5.861812e+02 0
5.864342e+02 0
5.866871e+02 0
5.869401e+02 0
5.871931e+02 0
5.874460e+02 0
5.876990e+02 0
5.879520e+02 0
5.882049e+02 0
5.884579e+02 0
5.887109e+02 0
5.889639e+02 0
5.892168e+02 0
5.894698e+02 0
5.897228e+02 0
5.899758e+02 0
5.902288e+02 0
5.904818e+02 0
5.907348e+02 0
5.909878e+02 0
5.912408e+02 0
5.914938e+02 0
5.917469e+02 0
5.919999e+02 0
5.922529e+02 0
5.925059e+02 0
5.927589e+02 0
5.930120e+02 0
5.932650e+02 0
5.935180e+02 0
5.937711e+02 0
5.940241e+02 0
5.942772e+02 0
5.945302e+02 0
5.947833e+02 0
5.950363e+02 0
5.952894e+02 0
5.955424e+02 0
5.957955e+02 0
5.960486e+02 0
5.963016e+02 0
5.965547e+02 0
5.968078e+02 0
5.970609e+02 0
5.973140e+02 0
5.975670e+02 0
5.978201e+02 0
5.980732e+02 0
5.983263e+02 0
5.985794e+02 0
5.988325e+02 0
5.990856e+02 0
5.993387e+02 0
5.995918e+02 0
5.998449e+02 0
6.000981e+02 0
6.003512e+02 0
6.006043e+02 0
6.008574e+02 0
6.011106e+02 0
6.013637e+02 0
6.016168e+02 0
6.018700e+02 0
6.021231e+02 0
6.023762e+02 0
6.026294e+02 0
6.028825e+02 0
6.031357e+02 0
6.033888e+02 0
6.036420e+02 0
6.038952e+02 0
6.041483e+02 0
6.044015e+02 0
6.046547e+02 0
6.049078e+02 0
6.051610e+02 0
6.054142e+02 0
6.056674e+02 0
6.059206e+02 0
6.061738e+02 0
6.064269e+02 0
6.066801e+02 0
6.069333e+02 0
6.071865e+02 0
6.074397e+02 0
6.076929e+02 0
6.079462e+02 0
6.081994e+02 0
6.084526e+02 0
6.087058e+02 0
6.089590e+02 0
6.092123e+02 0
6.094655e+02 0
6.097187e+02 0
6.099720e+02 0
6.102252e+02 0
6.104784e+02 0
6.107317e+02 0
6.109849e+02 0
6.112382e+02 0
6.114914e+02 0
6.117447e+02 0
6.119979e+02 0
6.122512e+02 0
6.125045e+02 0
6.127577e+02 0
6.130110e+02 0
6.132643e+02 0
6.135176e+02 0
6.137708e+02 0
6.140241e+02 0
6.142774e+02 0
6.145307e+02 0
6.147840e+02 0
6.150373e+02 0
6.152906e+02 0
6.155439e+02 0
6.157972e+02 0
6.160505e+02 0
6.163038e+02 0
6.165571e+02 0
6.168104e+02 0
6.170638e+02 0
6.173171e+02 0
6.175704e+02 0
6.178237e+02 0
6.180771e+02 0
6.183304e+02 0
6.185838e+02 0
6.188371e+02 0
6.190904e+02 0
6.193438e+02 0
6.195971e+02 0
6.198505e+02 0
6.201038e+02 0
6.203572e+02 0
6.206106e+02 0
6.208639e+02 0
6.211173e+02 0
6.213707e+02 0
6.216241e+02 0
6.218774e+02 0
6.221308e+02 0
6.223842e+02 0
6.226376e+02 0
6.228910e+02 0
6.231444e+02 0
6.233978e+02 0
6.236512e+02 0
6.239046e+02 0
6.241580e+02 0
6.244114e+02 0
6.246648e+02 0
6.249182e+02 0
6.251716e+02 0
6.254251e+02 0
6.256785e+02 0
6.259319e+02 0
6.261853e+02 0
6.264388e+02 0
6.266922e+02 0
6.269456e+02 0
6.271991e+02 0
6.274525e+02 0
6.277060e+02 0
6.279594e+02 0
6.282129e+02 0
6.284663e+02 0
6.287198e+02 0
6.289733e+02 0
6.292267e+02 0
6.294802e+02 0
6.297337e+02 0
6.299872e+02 0
6.302406e+02 0
6.304941e+02 0
6.307476e+02 0
6.310011e+02 0
6.312546e+02 0
6.315081e+02 0
6.317616e+02 0
6.320151e+02 0
6.322686e+02 0
6.325221e+02 0
6.327756e+02 0
6.330291e+02 0
6.332826e+02 0
6.335361e+02 0
6.337897e+02 0
6.340432e+02 0
6.342967e+02 0
6.345503e+02 0
6.348038e+02 0
6.350573e+02 0
6.353109e+02 0
6.355644e+02 0
6.358180e+02 0
6.360715e+02 0
6.363251e+02 0
6.365786e+02 0
6.368322e+02 0
6.370857e+02 0
6.373393e+02 0
6.375929e+02 0
6.378464e+02 0
6.381000e+02 0
6.383536e+02 0
6.386072e+02 0
6.388608e+02 0
6.391143e+02 0
6.393679e+02 0
6.396215e+02 0
6.398751e+02 0
6.401287e+02 0
6.403823e+02 0
6.406359e+02 0
6.408895e+02 0
6.411431e+02 0
6.413968e+02 0
6.416504e+02 0
6.419040e+02 0
6.421576e+02 0
6.424112e+02 0
6.426649e+02 0
6.429185e+02 0
6.431721e+02 0
6.434258e+02 0
6.436794e+02 0
6.439331e+02 0
6.441867e+02 0
6.444404e+02 0
6.446940e+02 0
6.449477e+02 0
6.452013e+02 0
6.454550e+02 0
6.457087e+02 0
6.459623e+02 0
6.462160e+02 0
6.464697e+02 0
6.467233e+02 0
6.469770e+02 0
6.472307e+02 0
6.474844e+02 0
6.477381e+02 0
6.479918e+02 0
6.482455e+02 0
6.484992e+02 0
6.487529e+02 0
6.490066e+02 0
6.492603e+02 0
6.495140e+02 0
6.497677e+02 0
6.500214e+02 0
6.502752e+02 0
6.505289e+02 0
6.507826e+02 0
6.510363e+02 0
6.512901e+02 0
6.515438e+02 0
6.517975e+02 0
6.520513e+02 0
6.523050e+02 0
6.525588e+02 0
6.528125e+02 0
6.530663e+02 0
6.533200e+02 0
6.535738e+02 0
6.538276e+02 0
6.540813e+02 0
6.543351e+02 0
6.545889e+02 0
6.548427e+02 0
6.550964e+02 0
6.553502e+02 0
6.556040e+02 0
6.558578e+02 0
6.561116e+02 0
6.563654e+02 0
6.566192e+02 0
6.568730e+02 0
6.571268e+02 0
6.573806e+02 0
6.576344e+02 0
6.578882e+02 0
6.581420e+02 0
6.583958e+02 0
6.586497e+02 0
6.589035e+02 0
6.591573e+02 0
6.594111e+02 0
6.596650e+02 0
6.599188e+02 0
6.601727e+02 0
6.604265e+02 0
6.606803e+02 0
6.609342e+02 0
6.611880e+02 0
6.614419e+02 0
6.616958e+02 0
6.619496e+02 0
6.622035e+02 0
6.624573e+02 0
6.627112e+02 0
6.629651e+02 0
6.632190e+02 0
6.634728e+02 0
6.637267e+02 0
6.639806e+02 0
6.642345e+02 0
6.644884e+02 0
6.647423e+02 0
6.649962e+02 0
6.652501e+02 0
6.655040e+02 0
6.657579e+02 0
6.660118e+02 0
6.662657e+02 0
6.665196e+02 0
6.667736e+02 0
6.670275e+02 0
6.672814e+02 0
6.675353e+02 0
6.677893e+02 0
6.680432e+02 0
6.682971e+02 0
6.685511e+02 0
6.688050e+02 0
6.690590e+02 0
6.693129e+02 0
6.695669e+02 0
6.698208e+02 0
6.700748e+02 0
6.703288e+02 0
6.705827e+02 0
6.708367e+02 0
6.710907e+02 0
6.713446e+02 0
6.715986e+02 0
6.718526e+02 0
6.721066e+02 0
6.723606e+02 0
6.726146e+02 0
6.728685e+02 0
6.731225e+02 0
6.733765e+02 0
6.736305e+02 0
6.738845e+02 0
6.741386e+02 0
6.743926e+02 0
6.746466e+02 0
6.749006e+02 0
6.751546e+02 0
6.754086e+02 0
6.756627e+02 0
6.759167e+02 0
6.761707e+02 0
6.764248e+02 0
6.766788e+02 0
6.769328e+02 0
6.771869e+02 0
6.774409e+02 0
6.776950e+02 0
6.779490e+02 0
6.782031e+02 0
6.784572e+02 0
6.787112e+02 0
6.789653e+02 0
6.792194e+02 0
6.794734e+02 0
6.797275e+02 0
6.799816e+02 0
6.802357e+02 0
6.804897e+02 0
6.807438e+02 0
6.809979e+02 0
6.812520e+02 0
6.815061e+02 0
6.817602e+02 0
6.820143e+02 0
6.822684e+02 0
6.825225e+02 0
6.827766e+02 0
6.830308e+02 0
6.832849e+02 0
6.835390e+02 0
6.837931e+02 1
6.840473e+02 0
6.843014e+02 0
6.845555e+02 0
6.848097e+02 0
6.850638e+02 0
6.853179e+02 0
6.855721e+02 0
6.858262e+02 0
6.860804e+02 0
6.863345e+02 0
6.865887e+02 0
6.868429e+02 0
6.870970e+02 0
6.873512e+02 0
6.876054e+02 0
6.878595e+02 0
6.881137e+02 0
6.883679e+02 0
6.886221e+02 1
6.888763e+02 0
6.891304e+02 0
6.893846e+02 0
6.896388e+02 0
6.898930e+02 0
6.901472e+02 0
6.904014e+02 0
6.906556e+02 0
6.909098e+02 0
6.911641e+02 0
6.914183e+02 0
6.916725e+02 0
6.919267e+02 0
6.921809e+02 0
6.924352e+02 0
6.926894e+02 1
6.929436e+02 0
6.931979e+02 0
6.934521e+02 0
6.937064e+02 0
6.939606e+02 0
6.942148e+02 0
6.944691e+02 0
6.947234e+02 0
6.949776e+02 0
6.952319e+02 0
6.954861e+02 0
6.957404e+02 0
6.959947e+02 0
6.962490e+02 0
6.965032e+02 0
6.967575e+02 0
6.970118e+02 0
6.972661e+02 0
6.975204e+02 0
6.977747e+02 1
6.980290e+02 0
6.982833e+02 0
6.985376e+02 0
6.987919e+02 0
6.990462e+02 0
6.993005e+02 1
6.995548e+02 0
6.998091e+02 0
7.000634e+02 0
7.003178e+02 0
7.005721e+02 0
7.008264e+02 0
7.010807e+02 1
7.013351e+02 0
7.015894e+02 0
7.018438e+02 0
7.020981e+02 0
7.023524e+02 0
7.026068e+02 0
7.028611e+02 0
7.031155e+02 2
7.033699e+02 1
7.036242e+02 0
7.038786e+02 0
7.041330e+02 0
7.043873e+02 0
7.046417e+02 1
7.048961e+02 0
7.051505e+02 0
7.054049e+02 0
7.056592e+02 0
7.059136e+02 0
7.061680e+02 0
7.064224e+02 2
7.066768e+02 0
7.069312e+02 0
7.071856e+02 0
7.074400e+02 0
7.076944e+02 0
7.079489e+02 1
7.082033e+02 0
7.084577e+02 0
7.087121e+02 1
7.089665e+02 0
7.092210e+02 1
7.094754e+02 0
7.097298e+02 0
7.099843e+02 0
7.102387e+02 0
7.104932e+02 0
7.107476e+02 1
7.110021e+02 0
7.112565e+02 0
7.115110e+02 0
7.117654e+02 1
7.120199e+02 1
7.122744e+02 0
7.125288e+02 0
7.127833e+02 0
7.130378e+02 0
7.132923e+02 0
7.135468e+02 0
7.138012e+02 0
7.140557e+02 0
7.143102e+02 1
7.145647e+02 1
7.148192e+02 1
7.150737e+02 0
7.153282e+02 1
7.155827e+02 0
7.158372e+02 0
7.160917e+02 0
7.163463e+02 1
7.166008e+02 0
7.168553e+02 0
7.171098e+02 0
7.173643e+02 2
7.176189e+02 2
7.178734e+02 0
7.181279e+02 0
7.183825e+02 0
7.186370e+02 0
7.188916e+02 0
7.191461e+02 0
7.194007e+02 0
7.196552e+02 0
7.199098e+02 0
7.201644e+02 0
7.204189e+02 0
7.206735e+02 0
7.209281e+02 0
7.211826e+02 0
7.214372e+02 0
7.216918e+02 0
7.219464e+02 0
7.222010e+02 0
7.224555e+02 0
7.227101e+02 0
7.229647e+02 1
7.232193e+02 0
7.234739e+02 0
7.237285e+02 0
7.239831e+02 1
7.242377e+02 1
7.244924e+02 1
7.247470e+02 1
7.250016e+02 0
7.252562e+02 0
7.255108e+02 1
7.257655e+02 0
7.260201e+02 0
7.262747e+02 0
7.265294e+02 0
7.267840e+02 2
7.270387e+02 0
7.272933e+02 1
7.275480e+02 0
7.278026e+02 0
7.280573e+02 0
7.283119e+02 1
7.285666e+02 0
7.288213e+02 0
7.290759e+02 1
7.293306e+02 0
7.295853e+02 0
7.298399e+02 0
7.300946e+02 0
7.303493e+02 0
7.306040e+02 0
7.308587e+02 0
7.311134e+02 0
7.313681e+02 1
7.316228e+02 2
7.318775e+02 0
7.321322e+02 0
7.323869e+02 0
7.326416e+02 0
7.328963e+02 2
7.331510e+02 1
7.334057e+02 1
7.336605e+02 1
7.339152e+02 0
7.341699e+02 0
7.344247e+02 1
7.346794e+02 2
7.349341e+02 1
7.351889e+02 2
7.354436e+02 1
7.356984e+02 0
7.359531e+02 0
7.362079e+02 1
7.364626e+02 0
7.367174e+02 1
7.369722e+02 1
7.372269e+02 1
7.374817e+02 2
7.377365e+02 2
7.379912e+02 0
7.382460e+02 1
7.385008e+02 1
7.387556e+02 2
7.390104e+02 1
7.392652e+02 1
7.395199e+02 1
7.397747e+02 0
7.400295e+02 1
7.402843e+02 2
7.405392e+02 0
7.407940e+02 2
7.410488e+02 1
7.413036e+02 1
7.415584e+02 1
7.418132e+02 0
7.420681e+02 1
7.423229e+02 0
7.425777e+02 0
7.428325e+02 1
7.430874e+02 1
7.433422e+02 0
7.435971e+02 1
7.438519e+02 2
7.441068e+02 2
7.443616e+02 1
7.446165e+02 1
7.448713e+02 1
7.451262e+02 0
7.453810e+02 0
7.456359e+02 2
7.458908e+02 0
7.461457e+02 2
7.464005e+02 4
7.466554e+02 0
7.469103e+02 0
7.471652e+02 1
7.474201e+02 1
7.476750e+02 1
7.479298e+02 1
7.481847e+02 1
7.484396e+02 0
7.486945e+02 2
7.489495e+02 2
7.492044e+02 1
7.494593e+02 1
7.497142e+02 3
7.499691e+02 2
7.502240e+02 2
7.504790e+02 1
7.507339e+02 1
7.509888e+02 3
7.512438e+02 2
7.514987e+02 3
7.517536e+02 2
7.520086e+02 3
7.522635e+02 1
7.525185e+02 1
7.527734e+02 1
7.530284e+02 1
7.532833e+02 0
7.535383e+02 2
7.537933e+02 0
7.540482e+02 0
7.543032e+02 1
7.545582e+02 2
7.548132e+02 2
7.550681e+02 1
7.553231e+02 1
7.555781e+02 1
7.558331e+02 2
7.560881e+02 0
7.563431e+02 1
7.565981e+02 1
7.568531e+02 1
7.571081e+02 3
7.573631e+02 3
7.576181e+02 1
7.578731e+02 1
7.581281e+02 2
7.583831e+02 1
7.586382e+02 3
7.588932e+02 1
7.591482e+02 1
7.594033e+02 1
7.596583e+02 1
7.599133e+02 1
7.601684e+02 2
7.604234e+02 0
7.606785e+02 1
7.609335e+02 2
7.611886e+02 4
7.614436e+02 0
7.616987e+02 4
7.619537e+02 1
7.622088e+02 2
7.624639e+02 1
7.627190e+02 0
7.629740e+02 2
7.632291e+02 1
7.634842e+02 3
7.637393e+02 3
7.639944e+02 6
7.642494e+02 4
7.645045e+02 1
7.647596e+02 0
7.650147e+02 0
7.652698e+02 3
7.655249e+02 1
7.657800e+02 2
7.660352e+02 4
7.662903e+02 0
7.665454e+02 2
7.668005e+02 1
7.670556e+02 3
7.673108e+02 1
7.675659e+02 1
7.678210e+02 1
7.680762e+02 1
7.683313e+02 3
7.685864e+02 2
7.688416e+02 3
7.690967e+02 3
7.693519e+02 2
7.696070e+02 1
7.698622e+02 3
7.701174e+02 4
7.703725e+02 6
7.706277e+02 1
7.708829e+02 3
7.711380e+02 0
7.713932e+02 4
7.716484e+02 3
7.719036e+02 1
7.721588e+02 5
7.724139e+02 3
7.726691e+02 3
7.729243e+02 0
7.731795e+02 0
7.734347e+02 2
7.736899e+02 2
7.739451e+02 3
7.742003e+02 3
7.744556e+02 1
7.747108e+02 2
7.749660e+02 4
7.752212e+02 2
7.754764e+02 2
7.757317e+02 2
7.759869e+02 0
7.762421e+02 3
7.764974e+02 2
7.767526e+02 0
7.770078e+02 2
7.772631e+02 2
7.775183e+02 2
7.777736e+02 2
7.780288e+02 4
7.782841e+02 4
7.785394e+02 1
7.787946e+02 3
7.790499e+02 6
7.793052e+02 6
7.795604e+02 1
7.798157e+02 1
7.800710e+02 0
7.803263e+02 4
7.805816e+02 2
7.808369e+02 3
7.810921e+02 1
7.813474e+02 0
7.816027e+02 2
7.818580e+02 3
7.821133e+02 3
7.823686e+02 1
7.826240e+02 4
7.828793e+02 4
7.831346e+02 1
7.833899e+02 4
7.836452e+02 0
7.839006e+02 1
7.841559e+02 4
7.844112e+02 3
7.846665e+02 2
7.849219e+02 3
7.851772e+02 2
7.854326e+02 1
7.856879e+02 5
7.859433e+02 2
7.861986e+02 2
7.864540e+02 3
7.867093e+02 1
7.869647e+02 3
7.872201e+02 4
7.874754e+02 4
7.877308e+02 2
7.879862e+02 2
7.882416e+02 3
7.884969e+02 1
7.887523e+02 1
7.890077e+02 3
7.892631e+02 6
7.895185e+02 4
7.897739e+02 3
7.900293e+02 2
7.902847e+02 4
7.905401e+02 0
7.907955e+02 3
7.910509e+02 3
7.913063e+02 5
7.915617e+02 2
7.918172e+02 4
7.920726e+02 4
7.923280e+02 6
7.925834e+02 1
7.928389e+02 2
7.930943e+02 5
7.933497e+02 1
7.936052e+02 2
7.938606e+02 0
7.941161e+02 4
7.943715e+02 2
7.946270e+02 2
7.948824e+02 1
7.951379e+02 3
7.953934e+02 1
7.956488e+02 3
7.959043e+02 1
7.961598e+02 1
7.964152e+02 2
7.966707e+02 3
7.969262e+02 3
7.971817e+02 2
7.974372e+02 6
7.976927e+02 1
7.979482e+02 2
7.982036e+02 2
7.984591e+02 2
7.987147e+02 2
7.989702e+02 4
7.992257e+02 5
7.994812e+02 5
7.997367e+02 5
7.999922e+02 4
8.002477e+02 4
8.005033e+02 3
8.007588e+02 4
8.010143e+02 2
8.012698e+02 7
8.015254e+02 6
8.017809e+02 4
8.020365e+02 4
8.022920e+02 1
8.025476e+02 3
8.028031e+02 4
8.030587e+02 6
8.033142e+02 5
8.035698e+02 4
8.038253e+02 5
8.040809e+02 3
8.043365e+02 2
8.045921e+02 3
8.048476e+02 3
8.051032e+02 7
8.053588e+02 6
8.056144e+02 6
8.058700e+02 4
8.061256e+02 4
8.063811e+02 4
8.066367e+02 7
8.068923e+02 4
8.071480e+02 2
8.074036e+02 7
8.076592e+02 4
8.079148e+02 5
8.081704e+02 3
8.084260e+02 3
8.086816e+02 3
8.089373e+02 4
8.091929e+02 3
8.094485e+02 3
8.097042e+02 7
8.099598e+02 4
8.102154e+02 2
8.104711e+02 3
8.107267e+02 3
8.109824e+02 0
8.112380e+02 5
8.114937e+02 1
8.117493e+02 9
8.120050e+02 2
8.122607e+02 2
8.125163e+02 5
8.127720e+02 4
8.130277e+02 6
8.132833e+02 6
8.135390e+02 3
8.137947e+02 4
8.140504e+02 5
8.143061e+02 7
8.145618e+02 3
8.148175e+02 1
8.150732e+02 9
8.153289e+02 2
8.155846e+02 1
8.158403e+02 8
8.160960e+02 5
8.163517e+02 4
8.166074e+02 2
8.168631e+02 1
8.171189e+02 4
8.173746e+02 1
8.176303e+02 3
8.178861e+02 2
8.181418e+02 1
8.183975e+02 2
8.186533e+02 1
8.189090e+02 5
8.191648e+02 3
8.194205e+02 5
8.196763e+02 4
8.199320e+02 3
8.201878e+02 2
8.204435e+02 3
8.206993e+02 4
8.209551e+02 6
8.212108e+02 3
8.214666e+02 6
8.217224e+02 4
8.219782e+02 4
8.222340e+02 3
8.224898e+02 2
8.227455e+02 4
8.230013e+02 1
8.232571e+02 5
8.235129e+02 3
8.237687e+02 4
8.240245e+02 4
8.242803e+02 3
8.245362e+02 6
8.247920e+02 6
8.250478e+02 4
8.253036e+02 2
8.255594e+02 2
8.258153e+02 3
8.260711e+02 4
8.263269e+02 3
8.265828e+02 5
8.268386e+02 5
8.270944e+02 3
8.273503e+02 3
8.276061e+02 1
8.278620e+02 3
8.281178e+02 4
8.283737e+02 4
8.286296e+02 3
8.288854e+02 6
8.291413e+02 2
8.293971e+02 4
8.296530e+02 2
8.299089e+02 1
8.301648e+02 5
8.304207e+02 3
8.306765e+02 4
8.309324e+02 3
8.311883e+02 4
8.314442e+02 4
8.317001e+02 1
8.319560e+02 3
8.322119e+02 4
8.324678e+02 7
8.327237e+02 3
8.329796e+02 1
8.332356e+02 3
8.334915e+02 3
8.337474e+02 6
8.340033e+02 6
8.342592e+02 3
8.345152e+02 4
8.347711e+02 1
8.350270e+02 8
8.352830e+02 6
8.355389e+02 6
8.357949e+02 4
8.360508e+02 9
8.363068e+02 5
8.365627e+02 5
8.368187e+02 5
8.370747e+02 3
8.373306e+02 6
8.375866e+02 6
8.378426e+02 5
8.380985e+02 4
8.383545e+02 1
8.386105e+02 4
8.388665e+02 7
8.391224e+02 2
8.393784e+02 8
8.396344e+02 1
8.398904e+02 5
8.401464e+02 8
8.404024e+02 1
8.406584e+02 6
8.409144e+02 3
8.411704e+02 3
8.414265e+02 4
8.416825e+02 4
8.419385e+02 4
8.421945e+02 4
8.424505e+02 4
8.427066e+02 3
8.429626e+02 3
8.432186e+02 4
8.434747e+02 2
8.437307e+02 4
8.439868e+02 1
8.442428e+02 4
8.444989e+02 2
8.447549e+02 1
8.450110e+02 2
8.452670e+02 5
8.455231e+02 3
8.457791e+02 2
8.460352e+02 6
8.462913e+02 5
8.465474e+02 0
8.468034e+02 3
8.470595e+02 11
8.473156e+02 4
8.475717e+02 1
8.478278e+02 1
8.480839e+02 6
8.483400e+02 8
8.485961e+02 4
8.488522e+02 4
8.491083e+02 3
8.493644e+02 4
8.496205e+02 2
8.498766e+02 3
8.501327e+02 2
8.503888e+02 6
8.506450e+02 5
8.509011e+02 7
8.511572e+02 2
8.514133e+02 2
8.516695e+02 7
8.519256e+02 7
8.521818e+02 5
8.524379e+02 2
8.526941e+02 3
8.529502e+02 7
8.532064e+02 3
8.534625e+02 2
8.537187e+02 4
8.539748e+02 1
8.542310e+02 5
8.544872e+02 4
8.547433e+02 4
8.549995e+02 4
8.552557e+02 4
8.555119e+02 2
8.557681e+02 4
8.560242e+02 4
8.562804e+02 4
8.565366e+02 2
8.567928e+02 1
8.570490e+02 5
8.573052e+02 1
8.575614e+02 3
8.578176e+02 5
8.580739e+02 2
8.583301e+02 3
8.585863e+02 6
8.588425e+02 2
8.590987e+02 3
8.593550e+02 4
8.596112e+02 5
8.598674e+02 3
8.601237e+02 2
8.603799e+02 2
8.606361e+02 5
8.608924e+02 3
8.611486e+02 3
8.614049e+02 4
8.616611e+02 4
8.619174e+02 7
8.621737e+02 4
8.624299e+02 1
8.626862e+02 4
8.629425e+02 6
8.631987e+02 4
8.634550e+02 1
8.637113e+02 2
8.639676e+02 2
8.642239e+02 2
8.644801e+02 5
8.647364e+02 3
8.649927e+02 5
8.652490e+02 2
8.655053e+02 2
8.657616e+02 1
8.660179e+02 2
8.662742e+02 3
8.665306e+02 5
8.667869e+02 4
8.670432e+02 6
8.672995e+02 5
8.675558e+02 1
8.678122e+02 2
8.680685e+02 3
8.683248e+02 3
8.685812e+02 6
8.688375e+02 4
8.690938e+02 1
8.693502e+02 6
8.696065e+02 3
8.698629e+02 6
8.701193e+02 6
8.703756e+02 5
8.706320e+02 4
8.708883e+02 3
8.711447e+02 4
8.714011e+02 2
8.716574e+02 6
8.719138e+02 7
8.721702e+02 4
8.724266e+02 2
8.726830e+02 2
8.729394e+02 8
8.731958e+02 2
8.734521e+02 2
8.737085e+02 0
8.739649e+02 5
8.742214e+02 4
8.744778e+02 5
8.747342e+02 3
8.749906e+02 3
8.752470e+02 2
8.755034e+02 2
8.757598e+02 2
8.760163e+02 4
8.762727e+02 0
8.765291e+02 3
8.767856e+02 1
8.770420e+02 1
8.772984e+02 7
8.775549e+02 5
8.778113e+02 4
8.780678e+02 7
8.783242e+02 5
8.785807e+02 1
8.788372e+02 4
8.790936e+02 5
8.793501e+02 3
8.796065e+02 3
8.798630e+02 7
8.801195e+02 3
8.803760e+02 4
8.806325e+02 2
8.808889e+02 3
8.811454e+02 5
8.814019e+02 4
8.816584e+02 2
8.819149e+02 2
8.821714e+02 5
8.824279e+02 6
8.826844e+02 2
8.829409e+02 1
8.831974e+02 4
8.834539e+02 3
8.837105e+02 4
8.839670e+02 4
8.842235e+02 3
8.844800e+02 6
8.847366e+02 4
8.849931e+02 0
8.852496e+02 4
8.855062e+02 4
8.857627e+02 5
8.860193e+02 3
8.862758e+02 3
8.865323e+02 4
8.867889e+02 1
8.870455e+02 4
8.873020e+02 4
8.875586e+02 3
8.878151e+02 5
8.880717e+02 2
8.883283e+02 3
8.885849e+02 3
8.888414e+02 4
8.890980e+02 5
8.893546e+02 4
8.896112e+02 5
8.898678e+02 5
8.901244e+02 0
8.903810e+02 5
8.906376e+02 4
8.908942e+02 3
8.911508e+02 5
8.914074e+02 3
8.916640e+02 4
8.919206e+02 4
8.921772e+02 6
8.924339e+02 3
8.926905e+02 1
8.929471e+02 5
8.932037e+02 6
8.934604e+02 8
8.937170e+02 4
8.939737e+02 1
8.942303e+02 5
8.944869e+02 8
8.947436e+02 3
8.950002e+02 1
8.952569e+02 2
8.955136e+02 4
8.957702e+02 4
8.960269e+02 4
8.962835e+02 4
8.965402e+02 3
8.967969e+02 2
8.970536e+02 2
8.973102e+02 2
8.975669e+02 1
8.978236e+02 2
8.980803e+02 2
8.983370e+02 3
8.985937e+02 7
8.988504e+02 6
8.991071e+02 3
8.993638e+02 4
8.996205e+02 2
8.998772e+02 2
9.001339e+02 3
9.003906e+02 6
9.006474e+02 2
9.009041e+02 5
9.011608e+02 7
9.014175e+02 8
9.016743e+02 4
9.019310e+02 6
9.021877e+02 3
9.024445e+02 3
9.027012e+02 6
9.029580e+02 5
9.032147e+02 1
9.034715e+02 0
9.037282e+02 5
9.039850e+02 6
9.042417e+02 3
9.044985e+02 2
9.047553e+02 4
9.050120e+02 1
9.052688e+02 5
9.055256e+02 6
9.057824e+02 9
9.060392e+02 7
9.062959e+02 5
9.065527e+02 1
9.068095e+02 2
9.070663e+02 2
9.073231e+02 5
9.075799e+02 3
9.078367e+02 7
9.080935e+02 4
9.083503e+02 6
9.086072e+02 4
9.088640e+02 1
9.091208e+02 2
9.093776e+02 3
9.096344e+02 5
9.098913e+02 5
9.101481e+02 3
9.104049e+02 2
9.106618e+02 5
9.109186e+02 6
9.111755e+02 10
9.114323e+02 6
9.116892e+02 3
9.119460e+02 5
9.122029e+02 3
9.124597e+02 3
9.127166e+02 3
9.129735e+02 6
9.132303e+02 7
9.134872e+02 2
9.137441e+02 4
9.140010e+02 3
9.142578e+02 1
9.145147e+02 3
9.147716e+02 5
9.150285e+02 5
9.152854e+02 4
9.155423e+02 4
9.157992e+02 6
9.160561e+02 4
9.163130e+02 3
9.165699e+02 3
9.168268e+02 1
9.170837e+02 8
9.173406e+02 3
9.175976e+02 2
9.178545e+02 3
9.181114e+02 4
9.183683e+02 2
9.186253e+02 6
9.188822e+02 6
9.191392e+02 2
9.193961e+02 6
9.196530e+02 2
9.199100e+02 5
9.201669e+02 6
9.204239e+02 4
9.206809e+02 2
9.209378e+02 6
9.211948e+02 6
9.214517e+02 2
9.217087e+02 2
9.219657e+02 6
9.222227e+02 2
9.224796e+02 4
9.227366e+02 1
9.229936e+02 2
9.232506e+02 1
9.235076e+02 0
9.237646e+02 3
9.240216e+02 5
9.242786e+02 6
9.245356e+02 4
9.247926e+02 3
9.250496e+02 1
9.253066e+02 3
9.255636e+02 4
9.258206e+02 5
9.260777e+02 2
9.263347e+02 6
9.265917e+02 3
9.268488e+02 7
9.271058e+02 4
9.273628e+02 9
9.276199e+02 5
9.278769e+02 8
9.281339e+02 1
9.283910e+02 2
9.286481e+02 4
9.289051e+02 6
9.291622e+02 5
9.294192e+02 4
9.296763e+02 6
9.299334e+02 6
9.301904e+02 4
9.304475e+02 3
9.307046e+02 7
9.309617e+02 4
9.312187e+02 3
9.314758e+02 4
9.317329e+02 7
9.319900e+02 14
9.322471e+02 3
9.325042e+02 1
9.327613e+02 1
9.330184e+02 9
9.332755e+02 6
9.335326e+02 5
9.337897e+02 2
9.340469e+02 2
9.343040e+02 9
9.345611e+02 5
9.348182e+02 8
9.350753e+02 4
9.353325e+02 6
9.355896e+02 6
9.358468e+02 6
9.361039e+02 4
9.363610e+02 7
9.366182e+02 4
9.368753e+02 6
9.371325e+02 4
9.373896e+02 3
9.376468e+02 7
9.379040e+02 5
9.381611e+02 4
9.384183e+02 3
9.386755e+02 6
9.389326e+02 11
9.391898e+02 3
9.394470e+02 6
9.397042e+02 5
9.399614e+02 9
9.402186e+02 6
9.404758e+02 6
9.407329e+02 7
9.409901e+02 6
9.412474e+02 3
9.415046e+02 4
9.417618e+02 3
9.420190e+02 5
9.422762e+02 5
9.425334e+02 7
9.427906e+02 5
9.430478e+02 4
9.433051e+02 7
9.435623e+02 2
9.438195e+02 7
9.440768e+02 4
9.443340e+02 4
9.445913e+02 5
9.448485e+02 6
9.451057e+02 5
9.453630e+02 6
9.456203e+02 7
9.458775e+02 5
9.461348e+02 9
9.463920e+02 6
9.466493e+02 4
9.469066e+02 4
9.471638e+02 7
9.474211e+02 3
9.476784e+02 9
9.479357e+02 6
9.481930e+02 5
9.484502e+02 8
9.487075e+02 4
9.489648e+02 6
9.492221e+02 2
9.494794e+02 11
9.497367e+02 5
9.499940e+02 6
9.502513e+02 5
9.505087e+02 1
9.507660e+02 2
9.510233e+02 3
9.512806e+02 3
9.515379e+02 8
9.517953e+02 6
9.520526e+02 6
9.523099e+02 7
9.525673e+02 7
9.528246e+02 5
9.530819e+02 7
9.533393e+02 8
9.535966e+02 7
9.538540e+02 9
9.541113e+02 5
9.543687e+02 4
9.546261e+02 6
9.548834e+02 6
9.551408e+02 6
9.553982e+02 3
9.556555e+02 5
9.559129e+02 2
9.561703e+02 5
9.564277e+02 4
9.566851e+02 5
9.569424e+02 9
9.571998e+02 4
9.574572e+02 13
9.577146e+02 3
9.579720e+02 4
9.582294e+02 4
9.584868e+02 4
9.587443e+02 4
9.590017e+02 8
9.592591e+02 6
9.595165e+02 5
9.597739e+02 4
9.600313e+02 8
9.602888e+02 4
9.605462e+02 6
9.608036e+02 6
9.610611e+02 5
9.613185e+02 6
9.615760e+02 8
9.618334e+02 12
9.620909e+02 7
9.623483e+02 15
9.626058e+02 6
9.628632e+02 3
9.631207e+02 4
9.633781e+02 4
9.636356e+02 7
9.638931e+02 3
9.641506e+02 9
9.644080e+02 7
9.646655e+02 10
9.649230e+02 5
9.651805e+02 4
9.654380e+02 10
9.656955e+02 5
9.659530e+02 3
9.662105e+02 6
9.664680e+02 6
9.667255e+02 9
9.669830e+02 5
9.672405e+02 7
9.674980e+02 7
9.677555e+02 11
9.680130e+02 7
9.682706e+02 4
9.685281e+02 4
9.687856e+02 10
9.690431e+02 7
9.693007e+02 10
9.695582e+02 5
9.698158e+02 10
9.700733e+02 6
9.703309e+02 6
9.705884e+02 6
9.708460e+02 6
9.711035e+02 10
9.713611e+02 6
9.716186e+02 5
9.718762e+02 8
9.721338e+02 4
9.723913e+02 5
9.726489e+02 9
9.729065e+02 6
9.731641e+02 11
9.734217e+02 9
9.736792e+02 8
9.739368e+02 4
9.741944e+02 2
9.744520e+02 9
9.747096e+02 9
9.749672e+02 9
9.752248e+02 5
9.754824e+02 6
9.757401e+02 10
9.759977e+02 6
9.762553e+02 6
9.765129e+02 11
9.767705e+02 5
9.770282e+02 5
9.772858e+02 9
9.775434e+02 7
9.778011e+02 6
9.780587e+02 7
9.783163e+02 3
9.785740e+02 7
9.788316e+02 7
9.790893e+02 4
9.793469e+02 8
9.796046e+02 6
9.798623e+02 3
9.801199e+02 9
9.803776e+02 4
9.806352e+02 11
9.808929e+02 4
9.811506e+02 12
9.814083e+02 9
9.816660e+02 5
9.819236e+02 13
9.821813e+02 5
9.824390e+02 10
9.826967e+02 13
9.829544e+02 10
9.832121e+02 10
9.834698e+02 10
9.837275e+02 6
9.839852e+02 12
9.842429e+02 3
9.845007e+02 8
9.847584e+02 2
9.850161e+02 14
9.852738e+02 8
9.855316e+02 7
9.857893e+02 8
9.860470e+02 5
9.863048e+02 5
9.865625e+02 14
9.868202e+02 6
9.870780e+02 6
9.873357e+02 8
9.875935e+02 5
9.878512e+02 7
9.881090e+02 7
9.883668e+02 5
9.886245e+02 8
9.888823e+02 7
9.891401e+02 8
9.893978e+02 8
9.896556e+02 7
9.899134e+02 7
9.901712e+02 7
9.904290e+02 10
9.906867e+02 8
9.909445e+02 8
9.912023e+02 6
9.914601e+02 8
9.917179e+02 3
9.919757e+02 12
9.922335e+02 8
9.924914e+02 8
9.927492e+02 9
9.930070e+02 7
9.932648e+02 6
9.935226e+02 7
9.937804e+02 6
9.940383e+02 12
9.942961e+02 8
9.945539e+02 8
9.948118e+02 7
9.950696e+02 10
9.953275e+02 13
9.955853e+02 10
9.958432e+02 8
9.961010e+02 9
9.963589e+02 7
9.966167e+02 8
9.968746e+02 4
9.971325e+02 6
9.973903e+02 10
9.976482e+02 6
9.979061e+02 8
9.981639e+02 8
9.984218e+02 9
9.986797e+02 16
9.989376e+02 8
9.991955e+02 13
9.994534e+02 9
9.997113e+02 3
9.999692e+02 6
1.000227e+03 8
1.000485e+03 7
1.000743e+03 9
1.001001e+03 10
1.001259e+03 4
1.001517e+03 13
1.001775e+03 9
1.002032e+03 9
1.002290e+03 10
1.002548e+03 9
1.002806e+03 7
1.003064e+03 4
1.003322e+03 11
1.003580e+03 8
1.003838e+03 9
1.004096e+03 6
1.004354e+03 10
1.004612e+03 11
1.004870e+03 9
1.005128e+03 11
1.005386e+03 10
1.005644e+03 3
1.005902e+03 13
1.006160e+03 9
1.006418e+03 9
1.006676e+03 10
1.006934e+03 7
1.007192e+03 10
1.007450e+03 4
1.007708e+03 8
1.007966e+03 8
1.008224e+03 7
1.008482e+03 4
1.008740e+03 13
1.008998e+03 4
1.009256e+03 4
1.009514e+03 10
1.009772e+03 10
1.010030e+03 8
1.010288e+03 10
1.010546e+03 11
1.010804e+03 6
1.011062e+03 6
1.011320e+03 12
1.011578e+03 9
1.011836e+03 8
1.012094e+03 6
1.012352e+03 5
1.012610e+03 9
1.012868e+03 8
1.013126e+03 6
1.013384e+03 9
1.013642e+03 12
1.013900e+03 9
1.014158e+03 9
1.014416e+03 7
1.014674e+03 6
1.014933e+03 10
1.015191e+03 9
1.015449e+03 12
1.015707e+03 6
1.015965e+03 6
1.016223e+03 10
1.016481e+03 7
1.016739e+03 8
1.016997e+03 10
1.017255e+03 10
1.017513e+03 7
1.017772e+03 8
1.018030e+03 4
1.018288e+03 8
1.018546e+03 12
1.018804e+03 8
1.019062e+03 9
1.019320e+03 10
1.019578e+03 7
1.019837e+03 7
1.020095e+03 4
1.020353e+03 7
1.020611e+03 6
1.020869e+03 10
1.021127e+03 5
1.021385e+03 7
1.021644e+03 7
1.021902e+03 6
1.022160e+03 9
1.022418e+03 14
1.022676e+03 7
1.022934e+03 5
1.023193e+03 10
1.023451e+03 8
1.023709e+03 5
1.023967e+03 5
1.024225e+03 5
1.024483e+03 10
1.024742e+03 7
1.025000e+03 3
1.025258e+03 6
1.025516e+03 6
1.025774e+03 9
1.026033e+03 8
1.026291e+03 9
1.026549e+03 8
1.026807e+03 8
1.027066e+03 7
1.027324e+03 9
1.027582e+03 9
1.027840e+03 9
1.028098e+03 5
1.028357e+03 12
1.028615e+03 5
1.028873e+03 9
1.029131e+03 5
1.029390e+03 5
1.029648e+03 10
1.029906e+03 10
1.030164e+03 9
1.030423e+03 4
1.030681e+03 3
1.030939e+03 12
1.031197e+03 9
1.031456e+03 4
1.031714e+03 9
1.031972e+03 4
1.032231e+03 7
1.032489e+03 8
1.032747e+03 6
1.033005e+03 5
1.033264e+03 1
1.033522e+03 8
1.033780e+03 13
1.034039e+03 8
1.034297e+03 9
1.034555e+03 8
1.034814e+03 6
1.035072e+03 9
1.035330e+03 5
1.035589e+03 11
1.035847e+03 3
1.036105e+03 14
1.036363e+03 6
1.036622e+03 9
1.036880e+03 7
1.037139e+03 9
1.037397e+03 11
1.037655e+03 4
1.037914e+03 10
1.038172e+03 4
1.038430e+03 10
1.038689e+03 11
1.038947e+03 9
1.039205e+03 10
1.039464e+03 7
1.039722e+03 8
1.039980e+03 7
1.040239e+03 5
1.040497e+03 10
1.040756e+03 8
1.041014e+03 5
1.041272e+03 5
1.041531e+03 7
1.041789e+03 7
1.042048e+03 2
1.042306e+03 8
1.042564e+03 6
1.042823e+03 7
1.043081e+03 5
1.043340e+03 4
1.043598e+03 5
1.043856e+03 6
1.044115e+03 6
1.044373e+03 10
1.044632e+03 8
1.044890e+03 7
1.045149e+03 7
1.045407e+03 7
1.045665e+03 8
1.045924e+03 6
1.046182e+03 7
1.046441e+03 3
1.046699e+03 6
1.046958e+03 8
1.047216e+03 8
1.047475e+03 10
1.047733e+03 3
1.047991e+03 8
1.048250e+03 10
1.048508e+03 9
1.048767e+03 5
1.049025e+03 6
1.049284e+03 7
1.049542e+03 6
1.049801e+03 7
1.050059e+03 6
1.050318e+03 5
1.050576e+03 11
1.050835e+03 8
1.051093e+03 2
1.051352e+03 10
1.051610e+03 7
1.051869e+03 8
1.052127e+03 5
1.052386e+03 9
1.052644e+03 5
1.052903e+03 9
1.053161e+03 8
1.053420e+03 7
1.053679e+03 6
1.053937e+03 3
1.054196e+03 5
1.054454e+03 5
1.054713e+03 6
1.054971e+03 4
1.055230e+03 5
1.055488e+03 6
1.055747e+03 3
1.056005e+03 5
1.056264e+03 6
1.056523e+03 9
1.056781e+03 6
1.057040e+03 8
1.057298e+03 7
1.057557e+03 4
1.057816e+03 6
1.058074e+03 7
1.058333e+03 4
1.058591e+03 7
1.058850e+03 7
1.059108e+03 6
1.059367e+03 7
1.059626e+03 9
1.059884e+03 4
1.060143e+03 6
1.060402e+03 6
1.060660e+03 12
1.060919e+03 8
1.061177e+03 7
1.061436e+03 3
1.061695e+03 11
1.061953e+03 8
1.062212e+03 9
1.062471e+03 3
1.062729e+03 6
1.062988e+03 3
1.063246e+03 8
1.063505e+03 8
1.063764e+03 9
1.064022e+03 7
1.064281e+03 6
1.064540e+03 8
1.064798e+03 5
1.065057e+03 9
1.065316e+03 4
1.065574e+03 8
1.065833e+03 5
1.066092e+03 7
1.066350e+03 6
1.066609e+03 2
1.066868e+03 6
1.067127e+03 3
1.067385e+03 7
1.067644e+03 4
1.067903e+03 9
1.068161e+03 2
1.068420e+03 8
1.068679e+03 5
1.068937e+03 10
1.069196e+03 5
1.069455e+03 4
1.069714e+03 4
1.069972e+03 10
1.070231e+03 8
1.070490e+03 4
1.070749e+03 7
1.071007e+03 2
1.071266e+03 8
1.071525e+03 6
1.071784e+03 2
1.072042e+03 5
1.072301e+03 1
1.072560e+03 7
1.072819e+03 9
1.073077e+03 10
1.073336e+03 3
1.073595e+03 7
1.073854e+03 5
1.074112e+03 8
1.074371e+03 5
1.074630e+03 3
1.074889e+03 6
1.075148e+03 5
1.075406e+03 6
1.075665e+03 6
1.075924e+03 9
1.076183e+03 3
1.076442e+03 7
1.076700e+03 11
1.076959e+03 2
1.077218e+03 6
1.077477e+03 9
1.077736e+03 6
1.077994e+03 5
1.078253e+03 5
1.078512e+03 5
1.078771e+03 15
1.079030e+03 5
1.079289e+03 5
1.079547e+03 3
1.079806e+03 5
1.080065e+03 3
1.080324e+03 5
1.080583e+03 14
1.080842e+03 10
1.081101e+03 8
1.081359e+03 9
1.081618e+03 6
1.081877e+03 9
1.082136e+03 9
1.082395e+03 2
1.082654e+03 6
1.082913e+03 0
1.083172e+03 7
1.083430e+03 5
1.083689e+03 8
1.083948e+03 11
1.084207e+03 7
1.084466e+03 5
1.084725e+03 5
1.084984e+03 8
1.085243e+03 5
1.085502e+03 9
1.085761e+03 9
1.086019e+03 12
1.086278e+03 10
1.086537e+03 8
1.086796e+03 9
1.087055e+03 5
1.087314e+03 4
1.087573e+03 7
1.087832e+03 2
1.088091e+03 7
1.088350e+03 9
1.088609e+03 6
1.088868e+03 8
1.089127e+03 10
1.089386e+03 4
1.089645e+03 2
1.089904e+03 3
1.090163e+03 8
1.090421e+03 2
1.090680e+03 4
1.090939e+03 5
1.091198e+03 7
1.091457e+03 3
1.091716e+03 5
1.091975e+03 4
1.092234e+03 7
1.092493e+03 10
1.092752e+03 6
1.093011e+03 7
1.093270e+03 4
1.093529e+03 5
1.093788e+03 4
1.094047e+03 10
1.094306e+03 2
1.094565e+03 12
1.094824e+03 3
1.095083e+03 12
1.095342e+03 7
1.095601e+03 4
1.095861e+03 6
1.096120e+03 2
1.096379e+03 4
1.096638e+03 9
1.096897e+03 5
1.097156e+03 4
1.097415e+03 9
1.097674e+03 13
1.097933e+03 10
1.098192e+03 8
1.098451e+03 9
1.098710e+03 5
1.098969e+03 6
1.099228e+03 5
1.099487e+03 7
1.099746e+03 10
1.100005e+03 8
1.100265e+03 8
1.100524e+03 10
1.100783e+03 9
1.101042e+03 5
1.101301e+03 2
1.101560e+03 4
1.101819e+03 2
1.102078e+03 1
1.102337e+03 12
1.102596e+03 7
1.102856e+03 7
1.103115e+03 9
1.103374e+03 7
1.103633e+03 6
1.103892e+03 4
1.104151e+03 2
1.104410e+03 5
1.104669e+03 1
1.104929e+03 6
1.105188e+03 5
1.105447e+03 3
1.105706e+03 8
1.105965e+03 7
1.106224e+03 7
1.106483e+03 7
1.106743e+03 5
1.107002e+03 3
1.107261e+03 8
1.107520e+03 6
1.107779e+03 10
1.108039e+03 6
1.108298e+03 6
1.108557e+03 11
1.108816e+03 8
1.109075e+03 8
1.109334e+03 6
1.109594e+03 6
1.109853e+03 11
1.110112e+03 8
1.110371e+03 10
1.110630e+03 4
1.110890e+03 6
1.111149e+03 4
1.111408e+03 8
1.111667e+03 16
1.111927e+03 10
1.112186e+03 4
1.112445e+03 6
1.112704e+03 5
1.112963e+03 6
1.113223e+03 5
1.113482e+03 4
1.113741e+03 6
1.114000e+03 11
1.114260e+03 4
1.114519e+03 1
1.114778e+03 5
1.115037e+03 6
1.115297e+03 5
1.115556e+03 6
1.115815e+03 5
1.116074e+03 7
1.116334e+03 8
1.116593e+03 7
1.116852e+03 2
1.117112e+03 12
1.117371e+03 2
1.117630e+03 9
1.117889e+03 5
1.118149e+03 9
1.118408e+03 2
1.118667e+03 11
1.118927e+03 5
1.119186e+03 8
1.119445e+03 12
1.119705e+03 9
1.119964e+03 4
1.120223e+03 10
1.120483e+03 6
1.120742e+03 4
1.121001e+03 8
1.121261e+03 8
1.121520e+03 7
1.121779e+03 3
1.122039e+03 6
1.122298e+03 4
1.122557e+03 2
1.122817e+03 8
1.123076e+03 8
1.123335e+03 10
1.123595e+03 8
1.123854e+03 5
1.124113e+03 4
1.124373e+03 4
1.124632e+03 3
1.124892e+03 6
1.125151e+03 5
1.125410e+03 8
1.125670e+03 13
1.125929e+03 6
1.126188e+03 15
1.126448e+03 6
1.126707e+03 9
1.126967e+03 9
1.127226e+03 7
1.127485e+03 8
1.127745e+03 8
1.128004e+03 2
1.128264e+03 4
1.128523e+03 7
1.128783e+03 7
1.129042e+03 5
1.129301e+03 5
1.129561e+03 4
1.129820e+03 7
1.130080e+03 2
1.130339e+03 3
1.130599e+03 7
1.130858e+03 6
1.131117e+03 1
1.131377e+03 5
1.131636e+03 9
1.131896e+03 9
1.132155e+03 3
1.132415e+03 6
1.132674e+03 2
1.132934e+03 3
1.133193e+03 5
1.133453e+03 2
1.133712e+03 5
1.133972e+03 4
1.134231e+03 3
1.134491e+03 9
1.134750e+03 4
1.135010e+03 3
1.135269e+03 8
1.135529e+03 6
1.135788e+03 2
1.136048e+03 8
1.136307e+03 10
1.136567e+03 1
1.136826e+03 5
1.137086e+03 4
1.137345e+03 3
1.137605e+03 5
1.137864e+03 5
1.138124e+03 7
1.138383e+03 6
1.138643e+03 8
1.138902e+03 2
1.139162e+03 9
1.139421e+03 10
1.139681e+03 5
1.139940e+03 3
1.140200e+03 1
1.140460e+03 5
1.140719e+03 5
1.140979e+03 5
1.141238e+03 7
1.141498e+03 7
1.141757e+03 5
1.142017e+03 8
1.142277e+03 8
1.142536e+03 6
1.142796e+03 7
1.143055e+03 13
1.143315e+03 3
1.143575e+03 4
1.143834e+03 4
1.144094e+03 3
1.144353e+03 5
1.144613e+03 9
1.144873e+03 6
1.145132e+03 5
1.145392e+03 9
1.145651e+03 4
1.145911e+03 7
1.146171e+03 4
1.146430e+03 9
1.146690e+03 2
1.146950e+03 10
1.147209e+03 5
1.147469e+03 4
1.147728e+03 3
1.147988e+03 5
1.148248e+03 4
1.148507e+03 8
1.148767e+03 7
1.149027e+03 2
1.149286e+03 5
1.149546e+03 5
1.149806e+03 3
1.150065e+03 6
1.150325e+03 3
1.150585e+03 6
1.150844e+03 8
1.151104e+03 8
1.151364e+03 2
1.151624e+03 10
1.151883e+03 3
1.152143e+03 4
1.152403e+03 6
1.152662e+03 4
1.152922e+03 1
1.153182e+03 2
1.153441e+03 1
1.153701e+03 2
1.153961e+03 4
1.154221e+03 3
1.154480e+03 2
1.154740e+03 6
1.155000e+03 6
1.155259e+03 5
1.155519e+03 9
1.155779e+03 4
1.156039e+03 3
1.156298e+03 6
1.156558e+03 8
1.156818e+03 5
1.157078e+03 5
1.157337e+03 6
1.157597e+03 6
1.157857e+03 5
1.158117e+03 3
1.158377e+03 5
1.158636e+03 4
1.158896e+03 4
1.159156e+03 8
1.159416e+03 5
1.159675e+03 2
1.159935e+03 4
1.160195e+03 1
1.160455e+03 7
1.160715e+03 4
1.160974e+03 5
1.161234e+03 4
1.161494e+03 5
1.161754e+03 1
1.162014e+03 5
1.162273e+03 5
1.162533e+03 2
1.162793e+03 2
1.163053e+03 2
1.163313e+03 5
1.163573e+03 5
1.163832e+03 3
1.164092e+03 6
1.164352e+03 3
1.164612e+03 5
1.164872e+03 4
1.165132e+03 2
1.165391e+03 6
1.165651e+03 2
1.165911e+03 2
1.166171e+03 3
1.166431e+03 1
1.166691e+03 4
1.166951e+03 3
1.167210e+03 8
1.167470e+03 3
1.167730e+03 6
1.167990e+03 2
1.168250e+03 7
1.168510e+03 3
1.168770e+03 4
1.169030e+03 3
1.169290e+03 1
1.169549e+03 4
1.169809e+03 3
1.170069e+03 0
1.170329e+03 2
1.170589e+03 2
1.170849e+03 4
1.171109e+03 4
1.171369e+03 1
1.171629e+03 1
1.171889e+03 3
1.172149e+03 6
1.172409e+03 8
1.172669e+03 3
1.172928e+03 4
1.173188e+03 5
1.173448e+03 3
1.173708e+03 1
1.173968e+03 0
1.174228e+03 2
1.174488e+03 3
1.174748e+03 4
1.175008e+03 5
1.175268e+03 3
1.175528e+03 5
1.175788e+03 1
1.176048e+03 1
1.176308e+03 2
1.176568e+03 2
1.176828e+03 6
1.177088e+03 3
1.177348e+03 7
1.177608e+03 1
1.177868e+03 1
1.178128e+03 7
1.178388e+03 5
1.178648e+03 4
1.178908e+03 2
1.179168e+03 5
1.179428e+03 3
1.179688e+03 3
1.179948e+03 0
1.180208e+03 4
1.180468e+03 4
1.180728e+03 2
1.180988e+03 2
1.181248e+03 4
1.181508e+03 0
1.181768e+03 2
1.182028e+03 4
1.182288e+03 2
1.182548e+03 4
1.182808e+03 1
1.183069e+03 6
1.183329e+03 4
1.183589e+03 3
1.183849e+03 2
1.184109e+03 2
1.184369e+03 5
1.184629e+03 0
1.184889e+03 4
1.185149e+03 3
1.185409e+03 3
1.185669e+03 2
1.185929e+03 1
1.186189e+03 1
1.186450e+03 0
1.186710e+03 1
1.186970e+03 0
1.187230e+03 1
1.187490e+03 0
1.187750e+03 0
1.188010e+03 0
1.188270e+03 2
1.188530e+03 0
1.188791e+03 5
1.189051e+03 0
1.189311e+03 0
1.189571e+03 4
1.189831e+03 1
1.190091e+03 2
1.190351e+03 2
1.190612e+03 4
1.190872e+03 2
1.191132e+03 3
1.191392e+03 1
1.191652e+03 1
1.191912e+03 2
1.192173e+03 7
1.192433e+03 0
1.192693e+03 3
1.192953e+03 2
1.193213e+03 2
1.193473e+03 3
1.193734e+03 2
1.193994e+03 2
1.194254e+03 2
1.194514e+03 1
1.194774e+03 0
1.195035e+03 2
1.195295e+03 1
1.195555e+03 4
1.195815e+03 3
1.196075e+03 0
1.196336e+03 1
1.196596e+03 2
1.196856e+03 2
1.197116e+03 2
1.197377e+03 2
1.197637e+03 2
1.197897e+03 0
1.198157e+03 2
1.198417e+03 0
1.198678e+03 2
1.198938e+03 2
1.199198e+03 3
1.199458e+03 3
1.199719e+03 2
1.199979e+03 0
1.200239e+03 3
1.200499e+03 2
1.200760e+03 3
1.201020e+03 2
1.201280e+03 2
1.201541e+03 1
1.201801e+03 2
1.202061e+03 1
1.202321e+03 3
1.202582e+03 2
1.202842e+03 3
1.203102e+03 3
1.203363e+03 2
1.203623e+03 1
1.203883e+03 1
1.204144e+03 1
1.204404e+03 1
1.204664e+03 3
1.204924e+03 2
1.205185e+03 2
1.205445e+03 1
1.205705e+03 2
1.205966e+03 0
1.206226e+03 1
1.206486e+03 2
1.206747e+03 1
1.207007e+03 0
1.207267e+03 3
1.207528e+03 0
1.207788e+03 3
1.208048e+03 1
1.208309e+03 0
1.208569e+03 3
1.208830e+03 0
1.209090e+03 3
1.209350e+03 0
1.209611e+03 1
1.209871e+03 2
1.210131e+03 0
1.210392e+03 1
1.210652e+03 3
1.210913e+03 2
1.211173e+03 0
1.211433e+03 0
1.211694e+03 1
1.211954e+03 2
1.212215e+03 2
1.212475e+03 1
1.212735e+03 1
1.212996e+03 0
1.213256e+03 2
1.213517e+03 3
1.213777e+03 1
1.214037e+03 2
1.214298e+03 0
1.214558e+03 0
1.214819e+03 1
1.215079e+03 1
1.215340e+03 1
1.215600e+03 1
1.215860e+03 4
1.216121e+03 0
1.216381e+03 0
1.216642e+03 1
1.216902e+03 1
1.217163e+03 1
1.217423e+03 0
1.217684e+03 0
1.217944e+03 0
1.218205e+03 0
1.218465e+03 0
1.218726e+03 1
1.218986e+03 0
1.219247e+03 0
1.219507e+03 1
1.219768e+03 1
1.220028e+03 0
1.220289e+03 0
1.220549e+03 2
1.220810e+03 1
1.221070e+03 0
1.221331e+03 4
1.221591e+03 0
1.221852e+03 0
1.222112e+03 0
1.222373e+03 1
1.222633e+03 1
1.222894e+03 0
1.223154e+03 0
1.223415e+03 0
1.223675e+03 0
1.223936e+03 1
1.224196e+03 2
1.224457e+03 0
1.224717e+03 1
1.224978e+03 1
1.225239e+03 1
1.225499e+03 0
1.225760e+03 0
1.226020e+03 1
1.226281e+03 1
1.226541e+03 0
1.226802e+03 1
1.227063e+03 0
1.227323e+03 0
1.227584e+03 0
1.227844e+03 0
1.228105e+03 0
1.228365e+03 0
1.228626e+03 0
1.228887e+03 1
1.229147e+03 0
1.229408e+03 0
1.229668e+03 0
1.229929e+03 0
1.230190e+03 0
1.230450e+03 0
1.230711e+03 0
1.230972e+03 1
1.231232e+03 1
1.231493e+03 0
1.231753e+03 0
1.232014e+03 0
1.232275e+03 0
1.232535e+03 0
1.232796e+03 0
1.233057e+03 0
1.233317e+03 0
1.233578e+03 0
1.233839e+03 0
1.234099e+03 0
1.234360e+03 0
1.234621e+03 2
1.234881e+03 0
1.235142e+03 1
1.235403e+03 0
1.235663e+03 0
1.235924e+03 0
1.236185e+03 0
1.236445e+03 0
1.236706e+03 0
1.236967e+03 0
1.237227e+03 0
1.237488e+03 0
1.237749e+03 0
1.238009e+03 0
1.238270e+03 0
1.238531e+03 0
1.238792e+03 0
1.239052e+03 0
1.239313e+03 0
1.239574e+03 0
1.239834e+03 0
1.240095e+03 0
1.240356e+03 0
1.240617e+03 0
1.240877e+03 0
1.241138e+03 0
1.241399e+03 0
1.241660e+03 0
1.241920e+03 0
1.242181e+03 0
1.242442e+03 0
1.242703e+03 0
1.242963e+03 0
1.243224e+03 0
1.243485e+03 0
1.243746e+03 0
1.244007e+03 0
1.244267e+03 0
1.244528e+03 0
1.244789e+03 0
1.245050e+03 0
1.245310e+03 1
1.245571e+03 0
1.245832e+03 0
1.246093e+03 0
1.246354e+03 1
1.246614e+03 0
1.246875e+03 0
1.247136e+03 0
1.247397e+03 1
1.247658e+03 0
1.247918e+03 0
1.248179e+03 0
1.248440e+03 0
1.248701e+03 1
1.248962e+03 0
1.249223e+03 0
1.249483e+03 0
1.249744e+03 0
1.250005e+03 1
1.250266e+03 0
1.250527e+03 1
1.250788e+03 0
1.251049e+03 0
1.251309e+03 0
1.251570e+03 0
1.251831e+03 0
1.252092e+03 0
1.252353e+03 0
1.252614e+03 0
1.252875e+03 0
1.253136e+03 0
1.253396e+03 0
1.253657e+03 0
1.253918e+03 0
1.254179e+03 0
1.254440e+03 0
1.254701e+03 0
1.254962e+03 0
1.255223e+03 1
1.255484e+03 0
1.255745e+03 0
1.256005e+03 0
1.256266e+03 0
1.256527e+03 0
1.256788e+03 0
1.257049e+03 0
1.257310e+03 0
1.257571e+03 0
1.257832e+03 0
1.258093e+03 1
1.258354e+03 1
1.258615e+03 0
1.258876e+03 0
1.259137e+03 0
1.259398e+03 1
1.259659e+03 0
1.259920e+03 1
1.260181e+03 0
1.260441e+03 1
1.260702e+03 0
1.260963e+03 0
1.261224e+03 0
1.261485e+03 0
1.261746e+03 0
1.262007e+03 0
1.262268e+03 0
1.262529e+03 0
1.262790e+03 0
1.263051e+03 0
1.263312e+03 0
1.263573e+03 0
1.263834e+03 1
1.264095e+03 0
1.264356e+03 0
1.264617e+03 0
1.264878e+03 0
1.265139e+03 0
1.265400e+03 0
1.265661e+03 0
1.265923e+03 1
1.266184e+03 0
1.266445e+03 0
1.266706e+03 1
1.266967e+03 0
1.267228e+03 1
1.267489e+03 0
1.267750e+03 0
1.268011e+03 0
1.268272e+03 0
1.268533e+03 0
1.268794e+03 0
1.269055e+03 0
1.269316e+03 0
1.269577e+03 0
1.269838e+03 1
1.270099e+03 0
1.270361e+03 0
1.270622e+03 0
1.270883e+03 1
1.271144e+03 0
1.271405e+03 0
1.271666e+03 0
1.271927e+03 0
1.272188e+03 0
1.272449e+03 0
1.272710e+03 0
1.272972e+03 0
1.273233e+03 0
1.273494e+03 0
1.273755e+03 0
1.274016e+03 0
1.274277e+03 1
1.274538e+03 0
1.274799e+03 0
1.275061e+03 0
1.275322e+03 0
1.275583e+03 0
1.275844e+03 0
1.276105e+03 0
1.276366e+03 0
1.276627e+03 0
1.276889e+03 0
1.277150e+03 0
1.277411e+03 0
1.277672e+03 0
1.277933e+03 0
1.278194e+03 0
1.278456e+03 0
1.278717e+03 0
1.278978e+03 0
1.279239e+03 0
1.279500e+03 0
1.279762e+03 0
1.280023e+03 0
1.280284e+03 0
1.280545e+03 0
1.280806e+03 0
1.281068e+03 0
1.281329e+03 0
1.281590e+03 0
1.281851e+03 0
1.282112e+03 0
1.282374e+03 0
1.282635e+03 0
1.282896e+03 0
1.283157e+03 0
1.283419e+03 0
1.283680e+03 0
1.283941e+03 1
1.284202e+03 0
1.284464e+03 0
1.284725e+03 0
1.284986e+03 0
1.285247e+03 0
1.285509e+03 0
1.285770e+03 0
1.286031e+03 0
1.286292e+03 0
1.286554e+03 0
1.286815e+03 1
1.287076e+03 0
1.287337e+03 0
1.287599e+03 0
1.287860e+03 0
1.288121e+03 0
1.288383e+03 0
1.288644e+03 0
1.288905e+03 0
1.289167e+03 0
1.289428e+03 0
1.289689e+03 0
1.289950e+03 0
1.290212e+03 0
1.290473e+03 0
1.290734e+03 0
1.290996e+03 0
1.291257e+03 0
1.291518e+03 0
1.291780e+03 0
1.292041e+03 0
1.292302e+03 0
1.292564e+03 0
1.292825e+03 0
1.293086e+03 0
1.293348e+03 0
1.293609e+03 0
1.293871e+03 0
1.294132e+03 0
1.294393e+03 0
1.294655e+03 0
1.294916e+03 0
1.295177e+03 0
1.295439e+03 0
1.295700e+03 0
1.295962e+03 0
1.296223e+03 0
1.296484e+03 0
1.296746e+03 1
1.297007e+03 0
1.297268e+03 0
1.297530e+03 0
1.297791e+03 0
1.298053e+03 0
1.298314e+03 0
1.298576e+03 0
1.298837e+03 0
1.299098e+03 0
1.299360e+03 0
1.299621e+03 0
1.299883e+03 0
1.300144e+03 0
1.300405e+03 0
1.300667e+03 0
1.300928e+03 0
1.301190e+03 0
1.301451e+03 0
1.301713e+03 0
1.301974e+03 0
1.302236e+03 1
1.302497e+03 0
1.302759e+03 0
1.303020e+03 0
1.303281e+03 0
1.303543e+03 0
1.303804e+03 0
1.304066e+03 0
1.304327e+03 0
1.304589e+03 0
1.304850e+03 0
1.305112e+03 0
1.305373e+03 0
1.305635e+03 0
1.305896e+03 0
1.306158e+03 0
1.306419e+03 0
1.306681e+03 0
1.306942e+03 0
1.307204e+03 0
1.307465e+03 0
1.307727e+03 0
1.307988e+03 0
1.308250e+03 0
1.308511e+03 0
1.308773e+03 0
1.309035e+03 0
1.309296e+03 0
1.309558e+03 0
1.309819e+03 0
1.310081e+03 0
1.310342e+03 0
1.310604e+03 0
1.310865e+03 0
1.311127e+03 0
1.311389e+03 0
1.311650e+03 0
1.311912e+03 0
1.312173e+03 0
1.312435e+03 0
1.312696e+03 0
1.312958e+03 1
1.313220e+03 0
1.313481e+03 0
1.313743e+03 0
1.314004e+03 0
1.314266e+03 0
1.314528e+03 0
1.314789e+03 0
1.315051e+03 0
1.315312e+03 0
1.315574e+03 0
1.315836e+03 0
1.316097e+03 0
1.316359e+03 0
1.316620e+03 0
1.316882e+03 0
1.317144e+03 0
1.317405e+03 0
1.317667e+03 0
1.317929e+03 0
1.318190e+03 0
1.318452e+03 0
1.318714e+03 0
1.318975e+03 0
1.319237e+03 0
1.319498e+03 0
1.319760e+03 0
1.320022e+03 0
1.320283e+03 0
1.320545e+03 0
1.320807e+03 0
1.321069e+03 0
1.321330e+03 0
1.321592e+03 0
1.321854e+03 0
1.322115e+03 0
1.322377e+03 0
1.322639e+03 0
1.322900e+03 0
1.323162e+03 0
1.323424e+03 0
1.323685e+03 0
1.323947e+03 0
1.324209e+03 0
1.324471e+03 0
1.324732e+03 0
1.324994e+03 0
1.325256e+03 0
1.325517e+03 0
1.325779e+03 0
1.326041e+03 0
1.326303e+03 0
1.326564e+03 0
1.326826e+03 0
1.327088e+03 0
1.327350e+03 0
1.327611e+03 0
1.327873e+03 0
1.328135e+03 0
1.328397e+03 1
1.328658e+03 0
1.328920e+03 0
1.329182e+03 0
1.329444e+03 0
1.329706e+03 0
1.329967e+03 0
1.330229e+03 0
1.330491e+03 0
1.330753e+03 0
1.331014e+03 0
1.331276e+03 0
1.331538e+03 0
1.331800e+03 0
1.332062e+03 0
1.332323e+03 0
1.332585e+03 0
1.332847e+03 0
1.333109e+03 0
1.333371e+03 0
1.333633e+03 0
1.333894e+03 0
1.334156e+03 0
1.334418e+03 0
1.334680e+03 0
1.334942e+03 0
1.335204e+03 0
1.335465e+03 0
1.335727e+03 0
1.335989e+03 0
1.336251e+03 0
1.336513e+03 0
1.336775e+03 0
1.337037e+03 0
1.337298e+03 0
1.337560e+03 0
1.337822e+03 0
1.338084e+03 0
1.338346e+03 0
1.338608e+03 0
1.338870e+03 0
1.339132e+03 0
1.339393e+03 0
1.339655e+03 0
1.339917e+03 0
1.340179e+03 0
1.340441e+03 0
1.340703e+03 0
1.340965e+03 0
1.341227e+03 0
1.341489e+03 0
1.341751e+03 0
1.342013e+03 0
1.342274e+03 0
1.342536e+03 0
1.342798e+03 0
1.343060e+03 0
1.343322e+03 0
1.343584e+03 0
1.343846e+03 0
1.344108e+03 0
1.344370e+03 0
1.344632e+03 0
1.344894e+03 0
1.345156e+03 0
1.345418e+03 0
1.345680e+03 0
1.345942e+03 0
1.346204e+03 0
1.346466e+03 0
1.346728e+03 0
1.346990e+03 0
1.347252e+03 0
1.347514e+03 0
1.347776e+03 0
1.348038e+03 0
1.348300e+03 0
1.348562e+03 0
1.348824e+03 0
1.349086e+03 1
1.349348e+03 0
1.349610e+03 0
1.349872e+03 0
1.350134e+03 0
1.350396e+03 0
1.350658e+03 0
1.350920e+03 0
1.351182e+03 0
1.351444e+03 0
1.351706e+03 0
1.351968e+03 0
1.352230e+03 0
1.352492e+03 0
1.352754e+03 0
1.353016e+03 0
1.353278e+03 0
1.353540e+03 0
1.353802e+03 0
1.354064e+03 0
1.354326e+03 0
1.354588e+03 0
1.354850e+03 0
1.355112e+03 0
1.355375e+03 0
1.355637e+03 0
1.355899e+03 0
1.356161e+03 0
1.356423e+03 0
1.356685e+03 0
1.356947e+03 0
1.357209e+03 0
1.357471e+03 0
1.357733e+03 0
1.357995e+03 0
1.358258e+03 0
1.358520e+03 1
1.358782e+03 0
1.359044e+03 0
1.359306e+03 0
1.359568e+03 0
1.359830e+03 0
1.360092e+03 0
1.360355e+03 0
1.360617e+03 0
1.360879e+03 0
1.361141e+03 0
1.361403e+03 0
1.361665e+03 0
1.361927e+03 0
1.362190e+03 0
1.362452e+03 0
1.362714e+03 1
1.362976e+03 0
1.363238e+03 0
1.363500e+03 0
1.363763e+03 0
1.364025e+03 0
1.364287e+03 0
1.364549e+03 0
1.364811e+03 0
1.365074e+03 0
1.365336e+03 0
1.365598e+03 0
1.365860e+03 0
1.366122e+03 0
1.366385e+03 0
1.366647e+03 0
1.366909e+03 0
1.367171e+03 0
1.367433e+03 0
1.367696e+03 0
1.367958e+03 0
1.368220e+03 0
1.368482e+03 0
1.368745e+03 0
1.369007e+03 0
1.369269e+03 0
1.369531e+03 0
1.369793e+03 0
1.370056e+03 0
1.370318e+03 0
1.370580e+03 0
1.370842e+03 0
1.371105e+03 0
1.371367e+03 0
1.371629e+03 0
1.371892e+03 0
1.372154e+03 0
1.372416e+03 0
1.372678e+03 0
1.372941e+03 0
1.373203e+03 0
1.373465e+03 0
1.373728e+03 0
1.373990e+03 0
1.374252e+03 0
1.374514e+03 0
1.374777e+03 0
1.375039e+03 0
1.375301e+03 0
1.375564e+03 0
1.375826e+03 0
1.376088e+03 0
1.376351e+03 0
1.376613e+03 0
1.376875e+03 0
1.377138e+03 0
1.377400e+03 0
1.377662e+03 0
1.377925e+03 0
1.378187e+03 0
1.378449e+03 0
1.378712e+03 0
1.378974e+03 0
1.379236e+03 0
1.379499e+03 0
1.379761e+03 0
1.380023e+03 0
1.380286e+03 0
1.380548e+03 0
1.380811e+03 0
1.381073e+03 0
1.381335e+03 0
1.381598e+03 0
1.381860e+03 0
1.382122e+03 0
1.382385e+03 0
1.382647e+03 0
1.382910e+03 0
1.383172e+03 0
1.383434e+03 0
1.383697e+03 0
1.383959e+03 0
1.384222e+03 0
1.384484e+03 0
1.384746e+03 0
1.385009e+03 0
1.385271e+03 0
1.385534e+03 0
1.385796e+03 0
1.386059e+03 0
1.386321e+03 0
1.386583e+03 0
1.386846e+03 0
1.387108e+03 0
1.387371e+03 0
1.387633e+03 0
1.387896e+03 0
1.388158e+03 0
1.388421e+03 0
1.388683e+03 0
1.388946e+03 0
1.389208e+03 0
1.389471e+03 0
1.389733e+03 0
1.389996e+03 0
1.390258e+03 0
1.390520e+03 0
1.390783e+03 0
1.391045e+03 0
1.391308e+03 0
1.391570e+03 0
1.391833e+03 0
1.392095e+03 0
1.392358e+03 0
1.392620e+03 0
1.392883e+03 0
1.393146e+03 0
1.393408e+03 0
1.393671e+03 0
1.393933e+03 1
1.394196e+03 0
1.394458e+03 0
1.394721e+03 0
1.394983e+03 0
1.395246e+03 0
1.395508e+03 0
1.395771e+03 0
1.396033e+03 0
1.396296e+03 0
1.396558e+03 0
1.396821e+03 0
1.397084e+03 0
1.397346e+03 0
1.397609e+03 1
1.397871e+03 0
1.398134e+03 0
1.398396e+03 0
1.398659e+03 0
1.398922e+03 0
1.399184e+03 0
1.399447e+03 0
1.399709e+03 0
1.399972e+03 0
1.400235e+03 0
1.400497e+03 0
1.400760e+03 0
1.401022e+03 0
1.401285e+03 0
1.401548e+03 0
1.401810e+03 0
1.402073e+03 0
1.402336e+03 0
1.402598e+03 0
1.402861e+03 0
1.403123e+03 0
1.403386e+03 0
1.403649e+03 0
1.403911e+03 0
1.404174e+03 0
1.404437e+03 0
1.404699e+03 0
1.404962e+03 0
1.405225e+03 0
1.405487e+03 1
1.405750e+03 0
1.406013e+03 0
1.406275e+03 0
1.406538e+03 0
1.406801e+03 0
1.407063e+03 0
1.407326e+03 0
1.407589e+03 0
1.407851e+03 0
1.408114e+03 0
1.408377e+03 0
1.408639e+03 0
1.408902e+03 0
1.409165e+03 0
1.409428e+03 0
1.409690e+03 0
1.409953e+03 0
1.410216e+03 0
1.410478e+03 0
1.410741e+03 0
1.411004e+03 0
1.411267e+03 0
1.411529e+03 0
1.411792e+03 0
1.412055e+03 0
1.412317e+03 0
1.412580e+03 0
1.412843e+03 0
1.413106e+03 0
1.413368e+03 0
1.413631e+03 0
1.413894e+03 0
1.414157e+03 0
1.414420e+03 0
1.414682e+03 0
1.414945e+03 0
1.415208e+03 0
1.415471e+03 0
1.415733e+03 0
1.415996e+03 0
1.416259e+03 0
1.416522e+03 0
1.416785e+03 0
1.417047e+03 0
1.417310e+03 0
1.417573e+03 0
1.417836e+03 0
1.418099e+03 0
1.418361e+03 0
1.418624e+03 0
1.418887e+03 0
1.419150e+03 0
1.419413e+03 0
1.419675e+03 0
1.419938e+03 0
1.420201e+03 0
1.420464e+03 0
1.420727e+03 0
1.420990e+03 1
1.421252e+03 0
1.421515e+03 0
1.421778e+03 0
1.422041e+03 0
1.422304e+03 0
1.422567e+03 0
1.422830e+03 0
1.423092e+03 0
1.423355e+03 0
1.423618e+03 0
1.423881e+03 0
1.424144e+03 0
1.424407e+03 0
1.424670e+03 0
1.424933e+03 0
1.425195e+03 0
1.425458e+03 0
1.425721e+03 0
1.425984e+03 0
1.426247e+03 0
1.426510e+03 0
1.426773e+03 0
1.427036e+03 0
1.427299e+03 0
1.427562e+03 0
1.427825e+03 0
1.428087e+03 0
1.428350e+03 0
1.428613e+03 0
1.428876e+03 0
1.429139e+03 0
1.429402e+03 0
1.429665e+03 0
1.429928e+03 0
1.430191e+03 0
1.430454e+03 0
1.430717e+03 0
1.430980e+03 0
1.431243e+03 0
1.431506e+03 0
1.431769e+03 0
1.432032e+03 0
1.432295e+03 0
1.432558e+03 0
1.432821e+03 0
1.433084e+03 0
1.433347e+03 0
1.433610e+03 0
1.433873e+03 0
1.434136e+03 0
1.434399e+03 0
1.434662e+03 0
1.434925e+03 0
1.435188e+03 0
1.435451e+03 0
1.435714e+03 0
1.435977e+03 0
1.436240e+03 0
1.436503e+03 0
1.436766e+03 0
1.437029e+03 0
1.437292e+03 0
1.437555e+03 0
1.437818e+03 0
1.438081e+03 0
1.438344e+03 0
1.438607e+03 0
1.438870e+03 0
1.439133e+03 0
1.439396e+03 0
1.439659e+03 0
1.439922e+03 0
1.440185e+03 0
1.440448e+03 0
1.440711e+03 0
1.440974e+03 0
1.441238e+03 0
1.441501e+03 0
1.441764e+03 0
1.442027e+03 0
1.442290e+03 0
1.442553e+03 0
1.442816e+03 0
1.443079e+03 0
1.443342e+03 0
1.443605e+03 0
1.443868e+03 0
1.444132e+03 0
1.444395e+03 0
1.444658e+03 0
1.444921e+03 0
1.445184e+03 0
1.445447e+03 0
1.445710e+03 0
1.445973e+03 0
1.446237e+03 0
1.446500e+03 0
1.446763e+03 0
1.447026e+03 0
1.447289e+03 0
1.447552e+03 0
1.447815e+03 0
1.448079e+03 0
1.448342e+03 0
1.448605e+03 0
1.448868e+03 0
1.449131e+03 0
1.449394e+03 0
1.449658e+03 0
1.449921e+03 0
1.450184e+03 0
1.450447e+03 0
1.450710e+03 0
1.450974e+03 0
1.451237e+03 0
1.451500e+03 0
1.451763e+03 0
1.452026e+03 0
1.452290e+03 0
1.452553e+03 0
1.452816e+03 0
1.453079e+03 0
1.453342e+03 1
1.453606e+03 0
1.453869e+03 0
1.454132e+03 0
1.454395e+03 0
1.454658e+03 0
1.454922e+03 0
1.455185e+03 0
1.455448e+03 0
1.455711e+03 0
1.455975e+03 0
1.456238e+03 0
1.456501e+03 0
1.456764e+03 0
1.457028e+03 0
1.457291e+03 0
1.457554e+03 0
1.457818e+03 0
1.458081e+03 0
1.458344e+03 0
1.458607e+03 0
1.458871e+03 0
1.459134e+03 0
1.459397e+03 0
1.459660e+03 0
1.459924e+03 0
1.460187e+03 0
1.460450e+03 0
1.460714e+03 0
1.460977e+03 0
1.461240e+03 0
1.461504e+03 0
1.461767e+03 0
1.462030e+03 0
1.462294e+03 0
1.462557e+03 0
1.462820e+03 0
1.463084e+03 0
1.463347e+03 0
1.463610e+03 0
1.463874e+03 0
1.464137e+03 0
1.464400e+03 0
1.464664e+03 0
1.464927e+03 0
1.465190e+03 0
1.465454e+03 0
1.465717e+03 0
1.465980e+03 0
1.466244e+03 0
1.466507e+03 0
1.466770e+03 0
1.467034e+03 0
1.467297e+03 0
1.467561e+03 0
1.467824e+03 0
1.468087e+03 0
1.468351e+03 0
1.468614e+03 0
1.468878e+03 0
1.469141e+03 0
1.469404e+03 0
1.469668e+03 0
1.469931e+03 0
1.470195e+03 0
1.470458e+03 0
1.470721e+03 0
1.470985e+03 0
1.471248e+03 0
1.471512e+03 0
1.471775e+03 0
1.472039e+03 0
1.472302e+03 0
1.472565e+03 1
1.472829e+03 0
1.473092e+03 0
1.473356e+03 0
1.473619e+03 0
1.473883e+03 0
1.474146e+03 0
1.474410e+03 0
1.474673e+03 0
1.474937e+03 0
1.475200e+03 0
1.475463e+03 0
1.475727e+03 0
1.475990e+03 0
1.476254e+03 0
1.476517e+03 0
1.476781e+03 0
1.477044e+03 0
1.477308e+03 0
1.477571e+03 0
1.477835e+03 0
1.478098e+03 0
1.478362e+03 0
1.478625e+03 0
1.478889e+03 0
1.479152e+03 0
1.479416e+03 0
1.479679e+03 0
1.479943e+03 0
1.480207e+03 0
1.480470e+03 0
1.480734e+03 0
1.480997e+03 0
1.481261e+03 0
1.481524e+03 0
1.481788e+03 0
1.482051e+03 0
1.482315e+03 0
1.482578e+03 0
1.482842e+03 0
1.483106e+03 0
1.483369e+03 0
1.483633e+03 0
1.483896e+03 0
1.484160e+03 0
1.484423e+03 0
1.484687e+03 0
1.484951e+03 0
1.485214e+03 0
1.485478e+03 0
1.485741e+03 0
1.486005e+03 0
1.486269e+03 0
1.486532e+03 0
1.486796e+03 0
1.487059e+03 0
1.487323e+03 0
1.487587e+03 0
1.487850e+03 0
1.488114e+03 0
1.488377e+03 0
1.488641e+03 0
1.488905e+03 0
1.489168e+03 0
1.489432e+03 0
1.489696e+03 0
1.489959e+03 0
1.490223e+03 0
1.490487e+03 0
1.490750e+03 0
1.491014e+03 0
1.491277e+03 0
1.491541e+03 0
1.491805e+03 0
1.492068e+03 0
1.492332e+03 0
1.492596e+03 0
1.492859e+03 0
1.493123e+03 0
1.493387e+03 0
1.493651e+03 0
1.493914e+03 0
1.494178e+03 0
1.494442e+03 0
1.494705e+03 0
1.494969e+03 0
1.495233e+03 0
1.495496e+03 0
1.495760e+03 0
1.496024e+03 0
1.496288e+03 0
1.496551e+03 0
1.496815e+03 0
1.497079e+03 0
1.497342e+03 0
1.497606e+03 0
1.497870e+03 0
1.498134e+03 0
1.498397e+03 0
1.498661e+03 0
1.498925e+03 0
1.499189e+03 0
1.499452e+03 0
1.499716e+03 0
1.499980e+03 0
1.500244e+03 0
1.500507e+03 0
1.500771e+03 0
1.501035e+03 0
1.501299e+03 0
1.501562e+03 0
1.501826e+03 0
1.502090e+03 0
1.502354e+03 0
1.502618e+03 0
1.502881e+03 0
1.503145e+03 0
1.503409e+03 0
1.503673e+03 0
1.503937e+03 0
1.504200e+03 0
1.504464e+03 0
1.504728e+03 0
1.504992e+03 0
1.505256e+03 0
1.505519e+03 0
1.505783e+03 0
1.506047e+03 0
1.506311e+03 0
1.506575e+03 0
1.506839e+03 0
1.507102e+03 0
1.507366e+03 0
1.507630e+03 0
1.507894e+03 0
1.508158e+03 0
1.508422e+03 0
1.508686e+03 0
1.508949e+03 0
1.509213e+03 0
1.509477e+03 0
1.509741e+03 0
1.510005e+03 0
1.510269e+03 0
1.510533e+03 0
1.510797e+03 0
1.511060e+03 0
1.511324e+03 0
1.511588e+03 0
1.511852e+03 0
1.512116e+03 0
1.512380e+03 0
1.512644e+03 0
1.512908e+03 0
1.513172e+03 0
1.513436e+03 0
1.513699e+03 0
1.513963e+03 0
1.514227e+03 0
1.514491e+03 0
1.514755e+03 0
1.515019e+03 0
1.515283e+03 0
1.515547e+03 0
1.515811e+03 0
1.516075e+03 0
1.516339e+03 0
1.516603e+03 0
1.516867e+03 0
1.517131e+03 0
1.517395e+03 0
1.517659e+03 0
1.517923e+03 0
1.518187e+03 0
1.518451e+03 0
1.518714e+03 0
1.518978e+03 0
1.519242e+03 0
1.519506e+03 0
1.519770e+03 0
1.520034e+03 0
1.520298e+03 0
1.520562e+03 0
1.520826e+03 0
1.521090e+03 0
1.521354e+03 0
1.521618e+03 0
1.521882e+03 0
1.522146e+03 0
1.522410e+03 0
1.522674e+03 0
1.522938e+03 0
1.523203e+03 0
1.523467e+03 0
1.523731e+03 0
1.523995e+03 0
1.524259e+03 0
1.524523e+03 0
1.524787e+03 0
1.525051e+03 0
1.525315e+03 0
1.525579e+03 0
1.525843e+03 0
1.526107e+03 0
1.526371e+03 0
1.526635e+03 0
1.526899e+03 0
1.527163e+03 0
1.527427e+03 0
1.527691e+03 0
1.527956e+03 0
1.528220e+03 0
1.528484e+03 0
1.528748e+03 0
1.529012e+03 0
1.529276e+03 0
1.529540e+03 0
1.529804e+03 0
1.530068e+03 0
1.530332e+03 0
1.530597e+03 0
1.530861e+03 0
1.531125e+03 0
1.531389e+03 0
1.531653e+03 0
1.531917e+03 0
1.532181e+03 0
1.532445e+03 0
1.532710e+03 0
1.532974e+03 0
1.533238e+03 0
1.533502e+03 0
1.533766e+03 0
1.534030e+03 0
1.534294e+03 0
1.534559e+03 0
1.534823e+03 0
1.535087e+03 0
1.535351e+03 0
1.535615e+03 0
1.535879e+03 0
1.536144e+03 0
1.536408e+03 0
1.536672e+03 0
1.536936e+03 0
1.537200e+03 0
1.537465e+03 0
1.537729e+03 0
1.537993e+03 0
1.538257e+03 0
1.538521e+03 0
1.538786e+03 0
1.539050e+03 0
1.539314e+03 0
1.539578e+03 0
1.539842e+03 0
1.540107e+03 0
1.540371e+03 0
1.540635e+03 0
1.540899e+03 0
1.541164e+03 0
1.541428e+03 0
1.541692e+03 0
1.541956e+03 0
1.542220e+03 0
1.542485e+03 0
1.542749e+03 0
1.543013e+03 0
1.543277e+03 0
1.543542e+03 0
1.543806e+03 0
1.544070e+03 0
1.544335e+03 0
1.544599e+03 0
1.544863e+03 0
1.545127e+03 0
1.545392e+03 0
1.545656e+03 0
1.545920e+03 0
1.546185e+03 0
1.546449e+03 0
1.546713e+03 0
1.546977e+03 0
1.547242e+03 0
1.547506e+03 0
1.547770e+03 0
1.548035e+03 0
1.548299e+03 0
1.548563e+03 0
1.548828e+03 0
1.549092e+03 0
1.549356e+03 0
1.549621e+03 0
1.549885e+03 0
1.550149e+03 0
1.550414e+03 0
1.550678e+03 0
1.550942e+03 0
1.551207e+03 0
1.551471e+03 0
1.551735e+03 0
1.552000e+03 0
1.552264e+03 0
1.552528e+03 0
1.552793e+03 0
1.553057e+03 0
1.553322e+03 0
1.553586e+03 0
1.553850e+03 0
1.554115e+03 0
1.554379e+03 0
1.554644e+03 0
1.554908e+03 0
1.555172e+03 0
1.555437e+03 0
1.555701e+03 0
1.555966e+03 0
1.556230e+03 0
1.556494e+03 0
1.556759e+03 0
1.557023e+03 0
1.557288e+03 0
1.557552e+03 0
1.557816e+03 0
1.558081e+03 0
1.558345e+03 0
1.558610e+03 1
1.558874e+03 0
1.559139e+03 0
1.559403e+03 0
1.559668e+03 0
1.559932e+03 0
1.560196e+03 0
1.560461e+03 0
1.560725e+03 0
1.560990e+03 0
1.561254e+03 0
1.561519e+03 0
1.561783e+03 0
1.562048e+03 0
1.562312e+03 0
1.562577e+03 0
1.562841e+03 0
1.563106e+03 0
1.563370e+03 0
1.563635e+03 0
1.563899e+03 0
1.564164e+03 1
1.564428e+03 0
1.564693e+03 0
1.564957e+03 0
1.565222e+03 0
1.565486e+03 0
1.565751e+03 0
1.566015e+03 0
1.566280e+03 0
1.566544e+03 0
1.566809e+03 0
1.567073e+03 0
1.567338e+03 0
1.567602e+03 0
1.567867e+03 0
1.568131e+03 0
1.568396e+03 0
1.568661e+03 0
1.568925e+03 0
1.569190e+03 0
1.569454e+03 0
1.569719e+03 0
1.569983e+03 0
1.570248e+03 0
1.570513e+03 0
1.570777e+03 0
1.571042e+03 0
1.571306e+03 0
1.571571e+03 0
1.571835e+03 0
1.572100e+03 0
1.572365e+03 0
1.572629e+03 0
1.572894e+03 0
1.573158e+03 0
1.573423e+03 0
1.573688e+03 0
1.573952e+03 0
1.574217e+03 0
1.574482e+03 0
1.574746e+03 0
1.575011e+03 0
1.575275e+03 0
1.575540e+03 0
1.575805e+03 0
1.576069e+03 0
1.576334e+03 0
1.576599e+03 0
1.576863e+03 0
1.577128e+03 0
1.577393e+03 0
1.577657e+03 0
1.577922e+03 0
1.578187e+03 0
1.578451e+03 0
1.578716e+03 0
1.578981e+03 0
1.579245e+03 0
1.579510e+03 0
1.579775e+03 0
1.580039e+03 0
1.580304e+03 0
1.580569e+03 0
1.580833e+03 0
1.581098e+03 0
1.581363e+03 0
1.581627e+03 0
1.581892e+03 0
1.582157e+03 0
1.582422e+03 0
1.582686e+03 0
1.582951e+03 0
1.583216e+03 0
1.583480e+03 0
1.583745e+03 0
1.584010e+03 0
1.584275e+03 0
1.584539e+03 0
1.584804e+03 0
1.585069e+03 0
1.585334e+03 0
1.585598e+03 0
1.585863e+03 0
1.586128e+03 0
1.586393e+03 0
1.586657e+03 0
1.586922e+03 0
1.587187e+03 0
1.587452e+03 0
1.587716e+03 0
1.587981e+03 0
1.588246e+03 0
1.588511e+03 0
1.588776e+03 0
1.589040e+03 0
1.589305e+03 0
1.589570e+03 0
1.589835e+03 0
1.590099e+03 0
1.590364e+03 0
1.590629e+03 0
1.590894e+03 0
1.591159e+03 0
1.591424e+03 0
1.591688e+03 0
1.591953e+03 0
1.592218e+03 0
1.592483e+03 0
1.592748e+03 0
1.593012e+03 0
1.593277e+03 0
1.593542e+03 0
1.593807e+03 0
1.594072e+03 0
1.594337e+03 0
1.594602e+03 0
1.594866e+03 0
1.595131e+03 0
1.595396e+03 0
1.595661e+03 0
1.595926e+03 0
1.596191e+03 0
1.596456e+03 0
1.596720e+03 0
1.596985e+03 0
1.597250e+03 0
1.597515e+03 0
1.597780e+03 0
1.598045e+03 0
1.598310e+03 0
1.598575e+03 0
1.598840e+03 0
1.599105e+03 0
1.599369e+03 0
1.599634e+03 0
1.599899e+03 0
1.600164e+03 0
1.600429e+03 0
1.600694e+03 0
1.600959e+03 0
1.601224e+03 0
1.601489e+03 0
1.601754e+03 0
1.602019e+03 0
1.602284e+03 0
1.602549e+03 0
1.602813e+03 0
1.603078e+03 0
1.603343e+03 0
1.603608e+03 0
1.603873e+03 0
1.604138e+03 0
1.604403e+03 0
1.604668e+03 0
1.604933e+03 0
1.605198e+03 0
1.605463e+03 0
1.605728e+03 0
1.605993e+03 0
1.606258e+03 0
1.606523e+03 0
1.606788e+03 0
1.607053e+03 0
1.607318e+03 0
1.607583e+03 0
1.607848e+03 0
1.608113e+03 0
1.608378e+03 0
1.608643e+03 0
1.608908e+03 0
1.609173e+03 0
1.609438e+03 0
1.609703e+03 0
1.609968e+03 0
1.610233e+03 0
1.610498e+03 0
1.610763e+03 0
1.611028e+03 0
1.611293e+03 0
1.611558e+03 0
1.611823e+03 0
1.612089e+03 0
1.612354e+03 0
1.612619e+03 0
1.612884e+03 0
1.613149e+03 0
1.613414e+03 0
1.613679e+03 0
1.613944e+03 0
1.614209e+03 0
1.614474e+03 0
1.614739e+03 0
1.615004e+03 0
1.615269e+03 0
1.615535e+03 0
1.615800e+03 0
1.616065e+03 0
1.616330e+03 0
1.616595e+03 0
1.616860e+03 0
1.617125e+03 0
1.617390e+03 0
1.617655e+03 0
1.617920e+03 0
1.618186e+03 0
1.618451e+03 0
1.618716e+03 0
1.618981e+03 0
1.619246e+03 0
1.619511e+03 0
1.619776e+03 0
1.620042e+03 0
1.620307e+03 0
1.620572e+03 0
1.620837e+03 0
1.621102e+03 0
1.621367e+03 0
1.621633e+03 0
1.621898e+03 0
1.622163e+03 0
1.622428e+03 0
1.622693e+03 0
1.622958e+03 0
1.623224e+03 0
1.623489e+03 0
1.623754e+03 0
1.624019e+03 0
1.624284e+03 0
1.624550e+03 0
1.624815e+03 0
1.625080e+03 0
1.625345e+03 0
1.625610e+03 0
1.625876e+03 0
1.626141e+03 0
1.626406e+03 0
1.626671e+03 0
1.626936e+03 0
1.627202e+03 0
1.627467e+03 0
1.627732e+03 0
1.627997e+03 0
1.628263e+03 0
1.628528e+03 0
1.628793e+03 0
1.629058e+03 0
1.629324e+03 0
1.629589e+03 0
1.629854e+03 0
1.630119e+03 0
1.630385e+03 0
1.630650e+03 0
1.630915e+03 0
1.631180e+03 0
1.631446e+03 0
1.631711e+03 0
1.631976e+03 0
1.632242e+03 0
1.632507e+03 0
1.632772e+03 0
1.633037e+03 0
1.633303e+03 0
1.633568e+03 0
1.633833e+03 0
1.634099e+03 0
1.634364e+03 0
1.634629e+03 0
1.634895e+03 0
1.635160e+03 0
1.635425e+03 0
1.635691e+03 0
1.635956e+03 0
1.636221e+03 0
1.636487e+03 0
1.636752e+03 0
1.637017e+03 0
1.637283e+03 0
1.637548e+03 0
1.637813e+03 0
1.638079e+03 0
1.638344e+03 0
1.638609e+03 0
1.638875e+03 0
1.639140e+03 0
1.639405e+03 0
1.639671e+03 0
1.639936e+03 0
1.640202e+03 0
1.640467e+03 0
1.640732e+03 0
1.640998e+03 0
1.641263e+03 0
1.641528e+03 0
1.641794e+03 0
1.642059e+03 0
1.642325e+03 0
1.642590e+03 0
1.642856e+03 0
1.643121e+03 0
1.643386e+03 0
1.643652e+03 0
1.643917e+03 0
1.644183e+03 0
1.644448e+03 0
1.644713e+03 0
1.644979e+03 0
1.645244e+03 0
1.645510e+03 0
1.645775e+03 0
1.646041e+03 0
1.646306e+03 0
1.646572e+03 0
1.646837e+03 0
1.647102e+03 0
1.647368e+03 0
1.647633e+03 0
1.647899e+03 0
1.648164e+03 0
1.648430e+03 0
1.648695e+03 0
1.648961e+03 0
1.649226e+03 0
1.649492e+03 0
1.649757e+03 0
1.650023e+03 0
1.650288e+03 0
1.650554e+03 0
1.650819e+03 0
1.651085e+03 0
1.651350e+03 0
1.651616e+03 0
1.651881e+03 0
1.652147e+03 0
1.652412e+03 0
1.652678e+03 0
1.652943e+03 0
1.653209e+03 0
1.653474e+03 0
1.653740e+03 0
1.654005e+03 0
1.654271e+03 0
1.654536e+03 0
1.654802e+03 0
1.655068e+03 0
1.655333e+03 0
1.655599e+03 0
1.655864e+03 0
1.656130e+03 0
1.656395e+03 0
1.656661e+03 0
1.656927e+03 0
1.657192e+03 0
1.657458e+03 0
1.657723e+03 0
1.657989e+03 0
1.658254e+03 0
1.658520e+03 0
1.658786e+03 0
1.659051e+03 0
1.659317e+03 0
1.659582e+03 0
1.659848e+03 0
1.660114e+03 0
1.660379e+03 0
1.660645e+03 0
1.660910e+03 0
1.661176e+03 0
1.661442e+03 0
1.661707e+03 0
1.661973e+03 0
1.662239e+03 0
1.662504e+03 0
1.662770e+03 0
1.663035e+03 0
1.663301e+03 0
1.663567e+03 0
1.663832e+03 0
1.664098e+03 0
1.664364e+03 0
1.664629e+03 0
1.664895e+03 0
1.665161e+03 0
1.665426e+03 1
1.665692e+03 0
1.665958e+03 0
1.666223e+03 0
1.666489e+03 0
1.666755e+03 0
1.667020e+03 0
1.667286e+03 0
1.667552e+03 0
1.667818e+03 0
1.668083e+03 0
1.668349e+03 0
1.668615e+03 0
1.668880e+03 0
1.669146e+03 0
1.669412e+03 0
1.669677e+03 0
1.669943e+03 0
1.670209e+03 0
1.670475e+03 0
1.670740e+03 1
1.671006e+03 0
1.671272e+03 0
1.671538e+03 0
1.671803e+03 0
1.672069e+03 0
1.672335e+03 0
1.672601e+03 0
1.672866e+03 0
1.673132e+03 0
1.673398e+03 0
1.673664e+03 0
1.673929e+03 0
1.674195e+03 0
1.674461e+03 0
1.674727e+03 0
1.674992e+03 0
1.675258e+03 0
1.675524e+03 0
1.675790e+03 0
1.676056e+03 0
1.676321e+03 0
1.676587e+03 0
1.676853e+03 0
1.677119e+03 0
1.677385e+03 0
1.677650e+03 0
1.677916e+03 0
1.678182e+03 0
1.678448e+03 0
1.678714e+03 0
1.678979e+03 0
1.679245e+03 0
1.679511e+03 0
1.679777e+03 0
1.680043e+03 0
1.680309e+03 0
1.680574e+03 0
1.680840e+03 0
1.681106e+03 0
1.681372e+03 0
1.681638e+03 0
1.681904e+03 0
1.682170e+03 0
1.682435e+03 0
1.682701e+03 0
1.682967e+03 0
1.683233e+03 0
1.683499e+03 0
1.683765e+03 0
1.684031e+03 0
1.684297e+03 0
1.684562e+03 0
1.684828e+03 0
1.685094e+03 0
1.685360e+03 0
1.685626e+03 0
1.685892e+03 1
1.686158e+03 0
1.686424e+03 0
1.686690e+03 0
1.686956e+03 0
1.687222e+03 1
1.687487e+03 0
1.687753e+03 0
1.688019e+03 0
1.688285e+03 0
1.688551e+03 0
1.688817e+03 0
1.689083e+03 0
1.689349e+03 0
1.689615e+03 0
1.689881e+03 0
1.690147e+03 0
1.690413e+03 0
1.690679e+03 0
1.690945e+03 0
1.691211e+03 0
1.691477e+03 0
1.691743e+03 0
1.692009e+03 0
1.692275e+03 0
1.692541e+03 0
1.692807e+03 0
1.693073e+03 0
1.693339e+03 0
1.693605e+03 0
1.693871e+03 0
1.694137e+03 0
1.694403e+03 0
1.694669e+03 0
1.694935e+03 0
1.695201e+03 0
1.695467e+03 0
1.695733e+03 0
1.695999e+03 0
1.696265e+03 0
1.696531e+03 0
1.696797e+03 0
1.697063e+03 0
1.697329e+03 0
1.697595e+03 0
1.697861e+03 0
1.698127e+03 0
1.698393e+03 0
1.698659e+03 0
1.698925e+03 0
1.699191e+03 0
1.699457e+03 0
1.699723e+03 0
1.699989e+03 0
1.700255e+03 0
1.700521e+03 0
1.700787e+03 0
1.701054e+03 0
1.701320e+03 0
1.701586e+03 0
1.701852e+03 0
1.702118e+03 0
1.702384e+03 0
1.702650e+03 0
1.702916e+03 0
1.703182e+03 0
1.703448e+03 0
1.703714e+03 0
1.703981e+03 0
1.704247e+03 0
1.704513e+03 0
1.704779e+03 0
1.705045e+03 0
1.705311e+03 0
1.705577e+03 0
1.705843e+03 0
1.706110e+03 0
1.706376e+03 0
1.706642e+03 0
1.706908e+03 0
1.707174e+03 0
1.707440e+03 0
1.707706e+03 0
1.707973e+03 0
1.708239e+03 0
1.708505e+03 0
1.708771e+03 0
1.709037e+03 0
1.709303e+03 0
1.709570e+03 0
1.709836e+03 0
1.710102e+03 0
1.710368e+03 0
1.710634e+03 0
1.710901e+03 0
1.711167e+03 0
1.711433e+03 0
1.711699e+03 0
1.711965e+03 0
1.712232e+03 0
1.712498e+03 0
1.712764e+03 0
1.713030e+03 0
1.713296e+03 0
1.713563e+03 0
1.713829e+03 0
1.714095e+03 0
1.714361e+03 0
1.714628e+03 0
1.714894e+03 0
1.715160e+03 0
1.715426e+03 0
1.715692e+03 0
1.715959e+03 0
1.716225e+03 0
1.716491e+03 0
1.716758e+03 0
1.717024e+03 0
1.717290e+03 0
1.717556e+03 0
1.717823e+03 0
1.718089e+03 0
1.718355e+03 0
1.718621e+03 0
1.718888e+03 0
1.719154e+03 0
1.719420e+03 0
1.719687e+03 0
1.719953e+03 0
1.720219e+03 0
1.720485e+03 0
1.720752e+03 0
1.721018e+03 0
1.721284e+03 0
1.721551e+03 0
1.721817e+03 0
1.722083e+03 0
1.722350e+03 0
1.722616e+03 0
1.722882e+03 0
1.723149e+03 0
1.723415e+03 0
1.723681e+03 0
1.723948e+03 0
1.724214e+03 0
1.724480e+03 0
1.724747e+03 0
1.725013e+03 0
1.725279e+03 0
1.725546e+03 0
1.725812e+03 0
1.726078e+03 0
1.726345e+03 0
1.726611e+03 0
1.726878e+03 0
1.727144e+03 0
1.727410e+03 0
1.727677e+03 0
1.727943e+03 0
1.728209e+03 0
1.728476e+03 0
1.728742e+03 0
1.729009e+03 0
1.729275e+03 0
1.729541e+03 0
1.729808e+03 0
1.730074e+03 0
1.730341e+03 0
1.730607e+03 0
1.730874e+03 0
1.731140e+03 0
1.731406e+03 0
1.731673e+03 0
1.731939e+03 0
1.732206e+03 0
1.732472e+03 0
1.732739e+03 0
1.733005e+03 0
1.733271e+03 0
1.733538e+03 0
1.733804e+03 0
1.734071e+03 0
1.734337e+03 0
1.734604e+03 0
1.734870e+03 0
1.735137e+03 0
1.735403e+03 0
1.735670e+03 0
1.735936e+03 0
1.736203e+03 0
1.736469e+03 0
1.736736e+03 0
1.737002e+03 1
1.737269e+03 0
1.737535e+03 0
1.737802e+03 0
1.738068e+03 0
1.738335e+03 0
1.738601e+03 0
1.738868e+03 0
1.739134e+03 0
1.739401e+03 0
1.739667e+03 0
1.739934e+03 0
1.740200e+03 0
1.740467e+03 0
1.740733e+03 0
1.741000e+03 0
1.741266e+03 0
1.741533e+03 0
1.741799e+03 0
1.742066e+03 0
1.742332e+03 0
1.742599e+03 0
1.742866e+03 0
1.743132e+03 0
1.743399e+03 0
1.743665e+03 0
1.743932e+03 0
1.744198e+03 0
1.744465e+03 0
1.744732e+03 0
1.744998e+03 0
1.745265e+03 0
1.745531e+03 0
1.745798e+03 0
1.746065e+03 0
1.746331e+03 0
1.746598e+03 0
1.746864e+03 0
1.747131e+03 0
1.747398e+03 0
1.747664e+03 0
1.747931e+03 0
1.748197e+03 0
1.748464e+03 0
1.748731e+03 0
1.748997e+03 0
1.749264e+03 0
1.749531e+03 0
1.749797e+03 0
1.750064e+03 0
1.750330e+03 0
1.750597e+03 0
1.750864e+03 0
1.751130e+03 0
1.751397e+03 0
1.751664e+03 0
1.751930e+03 0
1.752197e+03 0
1.752464e+03 0
1.752730e+03 0
1.752997e+03 0
1.753264e+03 0
1.753530e+03 0
1.753797e+03 0
1.754064e+03 0
1.754330e+03 0
1.754597e+03 0
1.754864e+03 0
1.755131e+03 0
1.755397e+03 0
1.755664e+03 0
1.755931e+03 0
1.756197e+03 0
1.756464e+03 0
1.756731e+03 0
1.756998e+03 0
1.757264e+03 0
1.757531e+03 0
1.757798e+03 0
1.758064e+03 1
1.758331e+03 0
1.758598e+03 0
1.758865e+03 0
1.759131e+03 0
1.759398e+03 0
1.759665e+03 0
1.759932e+03 0
1.760198e+03 0
1.760465e+03 0
1.760732e+03 0
1.760999e+03 1
1.761265e+03 1
1.761532e+03 0
1.761799e+03 0
1.762066e+03 1
1.762333e+03 0
1.762599e+03 2
1.762866e+03 1
1.763133e+03 2
1.763400e+03 0
1.763666e+03 0
1.763933e+03 2
1.764200e+03 1
1.764467e+03 2
1.764734e+03 1
1.765001e+03 0
1.765267e+03 0
1.765534e+03 1
1.765801e+03 2
1.766068e+03 0
1.766335e+03 0
1.766601e+03 1
1.766868e+03 1
1.767135e+03 0
1.767402e+03 0
1.767669e+03 1
1.767936e+03 0
1.768202e+03 0
1.768469e+03 0
1.768736e+03 0
1.769003e+03 1
1.769270e+03 3
1.769537e+03 2
1.769804e+03 6
1.770071e+03 2
1.770337e+03 1
1.770604e+03 1
1.770871e+03 0
1.771138e+03 0
1.771405e+03 0
1.771672e+03 0
1.771939e+03 0
1.772206e+03 0
1.772472e+03 0
1.772739e+03 0
1.773006e+03 0
1.773273e+03 0
1.773540e+03 0
1.773807e+03 0
1.774074e+03 0
1.774341e+03 0
1.774608e+03 0
1.774875e+03 0
1.775142e+03 0
1.775409e+03 0
1.775675e+03 0
1.775942e+03 0
1.776209e+03 0
1.776476e+03 0
1.776743e+03 0
1.777010e+03 0
1.777277e+03 0
1.777544e+03 0
1.777811e+03 0
1.778078e+03 0
1.778345e+03 0
1.778612e+03 0
1.778879e+03 0
1.779146e+03 0
1.779413e+03 0
1.779680e+03 0
1.779947e+03 0
1.780214e+03 0
1.780481e+03 0
1.780748e+03 0
1.781015e+03 0
1.781282e+03 0
1.781549e+03 0
1.781816e+03 0
1.782083e+03 0
1.782350e+03 0
1.782617e+03 0
1.782884e+03 0
1.783151e+03 0
1.783418e+03 0
1.783685e+03 0
1.783952e+03 0
1.784219e+03 0
1.784486e+03 0
1.784753e+03 0
1.785020e+03 0
1.785287e+03 0
1.785554e+03 0
1.785821e+03 0
1.786088e+03 0
1.786355e+03 0
1.786622e+03 0
1.786889e+03 0
1.787156e+03 0
1.787424e+03 0
1.787691e+03 0
1.787958e+03 0
1.788225e+03 0
1.788492e+03 0
1.788759e+03 0
1.789026e+03 0
1.789293e+03 0
1.789560e+03 0
1.789827e+03 0
1.790094e+03 0
1.790362e+03 0
1.790629e+03 0
1.790896e+03 0
1.791163e+03 0
1.791430e+03 0
1.791697e+03 0
1.791964e+03 0
1.792231e+03 0
1.792498e+03 0
1.792766e+03 0
1.793033e+03 0
1.793300e+03 0
1.793567e+03 0
1.793834e+03 0
1.794101e+03 0
1.794368e+03 0
1.794636e+03 0
1.794903e+03 0
1.795170e+03 0
1.795437e+03 0
1.795704e+03 0
1.795971e+03 0
1.796239e+03 0
1.796506e+03 0
1.796773e+03 0
1.797040e+03 0
1.797307e+03 0
1.797574e+03 0
1.797842e+03 0
1.798109e+03 0
1.798376e+03 0
1.798643e+03 0
1.798910e+03 0
1.799178e+03 0
1.799445e+03 0
1.799712e+03 0
1.799979e+03 0
1.800246e+03 0
1.800514e+03 0
1.800781e+03 0
1.801048e+03 0
1.801315e+03 0
1.801583e+03 0
1.801850e+03 0
1.802117e+03 0
1.802384e+03 0
1.802651e+03 0
1.802919e+03 0
1.803186e+03 0
1.803453e+03 0
1.803720e+03 0
1.803988e+03 0
1.804255e+03 0
1.804522e+03 0
1.804790e+03 0
1.805057e+03 0
1.805324e+03 0
1.805591e+03 0
1.805859e+03 0
1.806126e+03 0
1.806393e+03 0
1.806660e+03 0
1.806928e+03 0
1.807195e+03 0
1.807462e+03 0
1.807730e+03 0
1.807997e+03 0
1.808264e+03 0
1.808532e+03 0
1.808799e+03 0
1.809066e+03 0
1.809334e+03 0
1.809601e+03 0
1.809868e+03 0
1.810135e+03 0
1.810403e+03 0
1.810670e+03 0
1.810937e+03 0
1.811205e+03 0
1.811472e+03 0
1.811740e+03 0
1.812007e+03 0
1.812274e+03 0
1.812542e+03 0
1.812809e+03 0
1.813076e+03 0
1.813344e+03 0
1.813611e+03 0
1.813878e+03 0
1.814146e+03 0
1.814413e+03 0
1.814681e+03 0
1.814948e+03 0
1.815215e+03 0
1.815483e+03 0
1.815750e+03 0
1.816017e+03 0
1.816285e+03 0
1.816552e+03 0
1.816820e+03 0
1.817087e+03 0
1.817354e+03 0
1.817622e+03 0
1.817889e+03 0
1.818157e+03 0
1.818424e+03 0
1.818692e+03 0
1.818959e+03 0
1.819226e+03 0
1.819494e+03 0
1.819761e+03 0
1.820029e+03 0
1.820296e+03 0
1.820564e+03 0
1.820831e+03 0
1.821099e+03 0
1.821366e+03 0
1.821633e+03 0
1.821901e+03 0
1.822168e+03 0
1.822436e+03 0
1.822703e+03 0
1.822971e+03 0
1.823238e+03 0
1.823506e+03 0
1.823773e+03 0
1.824041e+03 0
1.824308e+03 0
1.824576e+03 0
1.824843e+03 0
1.825111e+03 0
1.825378e+03 0
1.825646e+03 0
1.825913e+03 0
1.826181e+03 0
1.826448e+03 0
1.826716e+03 0
1.826983e+03 0
1.827251e+03 0
1.827518e+03 0
1.827786e+03 0
1.828053e+03 0
1.828321e+03 0
1.828588e+03 0
1.828856e+03 0
1.829124e+03 0
1.829391e+03 0
1.829659e+03 0
1.829926e+03 0
1.830194e+03 0
1.830461e+03 0
1.830729e+03 0
1.830996e+03 0
1.831264e+03 0
1.831532e+03 0
1.831799e+03 0
1.832067e+03 0
1.832334e+03 0
1.832602e+03 0
1.832870e+03 0
1.833137e+03 0
1.833405e+03 0
1.833672e+03 0
1.833940e+03 0
1.834207e+03 0
1.834475e+03 0
1.834743e+03 0
1.835010e+03 0
1.835278e+03 0
1.835546e+03 0
1.835813e+03 0
1.836081e+03 0
1.836348e+03 0
1.836616e+03 0
1.836884e+03 0
1.837151e+03 0
1.837419e+03 0
1.837687e+03 0
1.837954e+03 0
1.838222e+03 0
1.838490e+03 0
1.838757e+03 0
1.839025e+03 0
1.839293e+03 0
1.839560e+03 0
1.839828e+03 0
1.840096e+03 0
1.840363e+03 0
1.840631e+03 0
1.840899e+03 0
1.841166e+03 0
1.841434e+03 0
1.841702e+03 0
1.841969e+03 0
1.842237e+03 0
1.842505e+03 0
1.842772e+03 0
1.843040e+03 0
1.843308e+03 0
1.843576e+03 0
1.843843e+03 0
1.844111e+03 0
1.844379e+03 0
1.844646e+03 0
1.844914e+03 0
1.845182e+03 0
1.845450e+03 0
1.845717e+03 0
1.845985e+03 0
1.846253e+03 0
1.846521e+03 0
1.846788e+03 0
1.847056e+03 0
1.847324e+03 0
1.847592e+03 0
1.847859e+03 0
1.848127e+03 0
1.848395e+03 0
1.848663e+03 0
1.848930e+03 0
1.849198e+03 0
1.849466e+03 0
1.849734e+03 0
1.850001e+03 0
1.850269e+03 0
1.850537e+03 0
1.850805e+03 0
1.851073e+03 0
1.851340e+03 0
1.851608e+03 0
1.851876e+03 0
1.852144e+03 0
1.852412e+03 0
1.852679e+03 0
1.852947e+03 0
1.853215e+03 0
1.853483e+03 0
1.853751e+03 0
1.854019e+03 0
1.854286e+03 0
1.854554e+03 0
1.854822e+03 0
1.855090e+03 0
1.855358e+03 0
1.855626e+03 0
1.855893e+03 0
1.856161e+03 0
1.856429e+03 0
1.856697e+03 0
1.856965e+03 0
1.857233e+03 0
1.857501e+03 0
1.857768e+03 0
1.858036e+03 0
1.858304e+03 0
1.858572e+03 0
1.858840e+03 0
1.859108e+03 0
1.859376e+03 0
1.859644e+03 0
1.859912e+03 0
1.860179e+03 0
1.860447e+03 0
1.860715e+03 0
1.860983e+03 0
1.861251e+03 0
1.861519e+03 0
1.861787e+03 0
1.862055e+03 0
1.862323e+03 0
1.862591e+03 0
1.862859e+03 0
1.863127e+03 0
1.863394e+03 0
1.863662e+03 0
1.863930e+03 0
1.864198e+03 0
1.864466e+03 0
1.864734e+03 0
1.865002e+03 0
1.865270e+03 0
1.865538e+03 0
1.865806e+03 0
1.866074e+03 0
1.866342e+03 0
1.866610e+03 0
1.866878e+03 0
1.867146e+03 0
1.867414e+03 0
1.867682e+03 0
1.867950e+03 0
1.868218e+03 0
1.868486e+03 0
1.868754e+03 0
1.869022e+03 0
1.869290e+03 0
1.869558e+03 0
1.869826e+03 0
1.870094e+03 0
1.870362e+03 0
1.870630e+03 0
1.870898e+03 0
1.871166e+03 0
1.871434e+03 0
1.871702e+03 0
1.871970e+03 0
1.872238e+03 0
1.872506e+03 0
1.872774e+03 0
1.873042e+03 0
1.873310e+03 0
1.873578e+03 0
1.873846e+03 0
1.874114e+03 0
1.874382e+03 0
1.874651e+03 0
1.874919e+03 0
1.875187e+03 0
1.875455e+03 0
1.875723e+03 0
1.875991e+03 0
1.876259e+03 0
1.876527e+03 0
1.876795e+03 0
1.877063e+03 0
1.877331e+03 0
1.877599e+03 0
1.877868e+03 0
1.878136e+03 0
1.878404e+03 0
1.878672e+03 0
1.878940e+03 0
1.879208e+03 0
1.879476e+03 0
1.879744e+03 0
1.880012e+03 0
1.880281e+03 0
1.880549e+03 0
1.880817e+03 0
1.881085e+03 0
1.881353e+03 0
1.881621e+03 0
1.881889e+03 0
1.882158e+03 0
1.882426e+03 0
1.882694e+03 0
1.882962e+03 0
1.883230e+03 0
1.883498e+03 0
1.883767e+03 0
1.884035e+03 0
1.884303e+03 0
1.884571e+03 0
1.884839e+03 0
1.885107e+03 0
1.885376e+03 0
1.885644e+03 0
1.885912e+03 0
1.886180e+03 0
1.886448e+03 0
1.886717e+03 0
1.886985e+03 0
1.887253e+03 0
1.887521e+03 0
1.887789e+03 0
1.888058e+03 0
1.888326e+03 0
1.888594e+03 0
1.888862e+03 0
1.889131e+03 0
1.889399e+03 0
1.889667e+03 0
1.889935e+03 0
1.890204e+03 0
1.890472e+03 0
1.890740e+03 0
1.891008e+03 0
1.891277e+03 0
1.891545e+03 0
1.891813e+03 0
1.892081e+03 0
1.892350e+03 0
1.892618e+03 0
1.892886e+03 0
1.893154e+03 0
1.893423e+03 0
1.893691e+03 0
1.893959e+03 0
1.894227e+03 0
1.894496e+03 0
1.894764e+03 0
1.895032e+03 0
1.895301e+03 0
1.895569e+03 0
1.895837e+03 0
1.896106e+03 0
1.896374e+03 0
1.896642e+03 0
1.896911e+03 0
1.897179e+03 0
1.897447e+03 0
1.897716e+03 0
1.897984e+03 0
1.898252e+03 0
1.898521e+03 0
1.898789e+03 0
1.899057e+03 0
1.899326e+03 0
1.899594e+03 0
1.899862e+03 0
1.900131e+03 0
1.900399e+03 0
1.900667e+03 0
1.900936e+03 0
1.901204e+03 0
1.901472e+03 0
1.901741e+03 0
1.902009e+03 0
1.902278e+03 0
1.902546e+03 0
1.902814e+03 0
1.903083e+03 0
1.903351e+03 0
1.903619e+03 0
1.903888e+03 0
1.904156e+03 0
1.904425e+03 0
1.904693e+03 0
1.904961e+03 0
1.905230e+03 0
1.905498e+03 0
1.905767e+03 0
1.906035e+03 0
1.906304e+03 0
1.906572e+03 0
1.906840e+03 0
1.907109e+03 0
1.907377e+03 0
1.907646e+03 0
1.907914e+03 0
1.908183e+03 0
1.908451e+03 0
1.908720e+03 0
1.908988e+03 0
1.909256e+03 0
1.909525e+03 0
1.909793e+03 0
1.910062e+03 0
1.910330e+03 0
1.910599e+03 0
1.910867e+03 0
1.911136e+03 0
1.911404e+03 0
1.911673e+03 0
1.911941e+03 0
1.912210e+03 0
1.912478e+03 0
1.912747e+03 0
1.913015e+03 0
1.913284e+03 0
1.913552e+03 0
1.913821e+03 0
1.914089e+03 0
1.914358e+03 0
1.914626e+03 0
1.914895e+03 0
1.915163e+03 0
1.915432e+03 0
1.915700e+03 0
1.915969e+03 0
1.916237e+03 0
1.916506e+03 0
1.916775e+03 0
1.917043e+03 0
1.917312e+03 0
1.917580e+03 0
1.917849e+03 0
1.918117e+03 0
1.918386e+03 0
1.918654e+03 0
1.918923e+03 0
1.919192e+03 0
1.919460e+03 0
1.919729e+03 0
1.919997e+03 0
1.920266e+03 0
1.920534e+03 0
1.920803e+03 0
1.921072e+03 0
1.921340e+03 0
1.921609e+03 0
1.921877e+03 0
1.922146e+03 0
1.922415e+03 0
1.922683e+03 0
1.922952e+03 0
1.923221e+03 0
1.923489e+03 0
1.923758e+03 0
1.924026e+03 0
1.924295e+03 0
1.924564e+03 0
1.924832e+03 0
1.925101e+03 0
1.925370e+03 0
1.925638e+03 0
1.925907e+03 0
1.926175e+03 0
1.926444e+03 0
1.926713e+03 0
1.926981e+03 0
1.927250e+03 0
1.927519e+03 0
1.927787e+03 0
1.928056e+03 0
1.928325e+03 0
1.928593e+03 0
1.928862e+03 0
1.929131e+03 0
1.929400e+03 0
1.929668e+03 0
1.929937e+03 0
1.930206e+03 0
1.930474e+03 0
1.930743e+03 0
1.931012e+03 0
1.931280e+03 0
1.931549e+03 0
1.931818e+03 0
1.932087e+03 0
1.932355e+03 0
1.932624e+03 0
1.932893e+03 0
1.933161e+03 0
1.933430e+03 0
1.933699e+03 0
1.933968e+03 0
1.934236e+03 0
1.934505e+03 0
1.934774e+03 0
1.935043e+03 0
1.935311e+03 0
1.935580e+03 0
1.935849e+03 0
1.936118e+03 0
1.936387e+03 0
1.936655e+03 0
1.936924e+03 0
1.937193e+03 0
1.937462e+03 0
1.937730e+03 0
1.937999e+03 0
1.938268e+03 0
1.938537e+03 0
1.938806e+03 0
1.939074e+03 0
1.939343e+03 0
1.939612e+03 0
1.939881e+03 0
1.940150e+03 0
1.940418e+03 0
1.940687e+03 0
1.940956e+03 0
1.941225e+03 0
1.941494e+03 0
1.941762e+03 0
1.942031e+03 0
1.942300e+03 0
1.942569e+03 0
1.942838e+03 0
1.943107e+03 0
1.943376e+03 0
1.943644e+03 0
1.943913e+03 0
1.944182e+03 0
1.944451e+03 0
1.944720e+03 0
1.944989e+03 0
1.945258e+03 0
1.945526e+03 0
1.945795e+03 0
1.946064e+03 0
1.946333e+03 0
1.946602e+03 0
1.946871e+03 0
1.947140e+03 0
1.947409e+03 0
1.947677e+03 0
1.947946e+03 0
1.948215e+03 0
1.948484e+03 0
1.948753e+03 0
1.949022e+03 0
1.949291e+03 0
1.949560e+03 0
1.949829e+03 0
1.950098e+03 0
1.950367e+03 0
1.950636e+03 0
1.950904e+03 0
1.951173e+03 0
1.951442e+03 0
1.951711e+03 0
1.951980e+03 0
1.952249e+03 0
1.952518e+03 0
1.952787e+03 0
1.953056e+03 0
1.953325e+03 0
1.953594e+03 0
1.953863e+03 0
1.954132e+03 0
1.954401e+03 0
1.954670e+03 0
1.954939e+03 0
1.955208e+03 0
1.955477e+03 0
1.955746e+03 0
1.956015e+03 0
1.956284e+03 0
1.956553e+03 0
1.956822e+03 0
1.957091e+03 0
1.957360e+03 0
1.957629e+03 0
1.957898e+03 0
1.958167e+03 0
1.958436e+03 0
1.958705e+03 0
1.958974e+03 0
1.959243e+03 0
1.959512e+03 0
1.959781e+03 0
1.960050e+03 0
1.960319e+03 0
1.960588e+03 0
1.960857e+03 0
1.961126e+03 0
1.961395e+03 0
1.961664e+03 0
1.961933e+03 0
1.962202e+03 0
1.962471e+03 0
1.962741e+03 0
1.963010e+03 0
1.963279e+03 0
1.963548e+03 0
1.963817e+03 0
1.964086e+03 0
1.964355e+03 0
1.964624e+03 0
1.964893e+03 0
1.965162e+03 0
1.965431e+03 0
1.965700e+03 0
1.965970e+03 0
1.966239e+03 0
1.966508e+03 0
1.966777e+03 0
1.967046e+03 0
1.967315e+03 0
1.967584e+03 0
1.967853e+03 0
1.968122e+03 0
1.968392e+03 0
1.968661e+03 0
1.968930e+03 0
1.969199e+03 0
1.969468e+03 0
1.969737e+03 0
1.970006e+03 0
1.970276e+03 0
1.970545e+03 0
1.970814e+03 0
1.971083e+03 0
1.971352e+03 0
1.971621e+03 0
1.971891e+03 0
1.972160e+03 0
1.972429e+03 0
1.972698e+03 0
1.972967e+03 0
1.973236e+03 0
1.973506e+03 0
1.973775e+03 0
1.974044e+03 0
1.974313e+03 0
1.974582e+03 0
1.974852e+03 0
1.975121e+03 0
1.975390e+03 0
1.975659e+03 0
1.975929e+03 0
1.976198e+03 0
1.976467e+03 0
1.976736e+03 0
1.977005e+03 0
1.977275e+03 0
1.977544e+03 0
1.977813e+03 0
1.978082e+03 0
1.978352e+03 0
1.978621e+03 0
1.978890e+03 0
1.979159e+03 0
1.979429e+03 0
1.979698e+03 0
1.979967e+03 0
1.980236e+03 0
1.980506e+03 0
1.980775e+03 0
1.981044e+03 0
1.981313e+03 0
1.981583e+03 0
1.981852e+03 0
1.982121e+03 0
1.982391e+03 0
1.982660e+03 0
1.982929e+03 0
1.983199e+03 0
1.983468e+03 0
1.983737e+03 0
1.984006e+03 0
1.984276e+03 0
1.984545e+03 0
1.984814e+03 0
1.985084e+03 0
1.985353e+03 0
1.985622e+03 0
1.985892e+03 0
1.986161e+03 0
1.986430e+03 0
1.986700e+03 0
1.986969e+03 0
1.987238e+03 0
1.987508e+03 0
1.987777e+03 0
1.988046e+03 0
1.988316e+03 0
1.988585e+03 0
1.988854e+03 0
1.989124e+03 0
1.989393e+03 0
1.989663e+03 0
1.989932e+03 0
1.990201e+03 0
1.990471e+03 0
1.990740e+03 0
1.991010e+03 0
1.991279e+03 0
1.991548e+03 0
1.991818e+03 0
1.992087e+03 0
1.992356e+03 0
1.992626e+03 0
1.992895e+03 0
1.993165e+03 0
1.993434e+03 0
1.993704e+03 0
1.993973e+03 0
1.994242e+03 0
1.994512e+03 0
1.994781e+03 0
1.995051e+03 0
1.995320e+03 0
1.995590e+03 0
1.995859e+03 0
1.996128e+03 0
1.996398e+03 0
1.996667e+03 0
1.996937e+03 0
1.997206e+03 0
1.997476e+03 0
1.997745e+03 0
1.998015e+03 0
1.998284e+03 0
1.998554e+03 0
1.998823e+03 0
1.999093e+03 0
1.999362e+03 0
1.999632e+03 0
1.999901e+03 0
2.000171e+03 0
2.000440e+03 0
2.000709e+03 0
2.000979e+03 0
2.001248e+03 0
2.001518e+03 0
2.001788e+03 0
2.002057e+03 0
2.002327e+03 0
2.002596e+03 0
2.002866e+03 0
2.003135e+03 0
2.003405e+03 0
2.003674e+03 0
2.003944e+03 0
2.004213e+03 0
2.004483e+03 0
2.004752e+03 0
2.005022e+03 0
2.005291e+03 0
2.005561e+03 0
2.005831e+03 0
2.006100e+03 0
2.006370e+03 0
2.006639e+03 0
2.006909e+03 0
2.007178e+03 0
2.007448e+03 0
2.007718e+03 0
2.007987e+03 0
2.008257e+03 0
2.008526e+03 0
2.008796e+03 0
2.009065e+03 0
2.009335e+03 0
2.009605e+03 0
2.009874e+03 0
2.010144e+03 0
2.010413e+03 0
2.010683e+03 0
2.010953e+03 0
2.011222e+03 0
2.011492e+03 0
2.011762e+03 0
2.012031e+03 0
2.012301e+03 0
2.012570e+03 0
2.012840e+03 0
2.013110e+03 0
2.013379e+03 0
2.013649e+03 0
2.013919e+03 0
2.014188e+03 0
2.014458e+03 0
2.014728e+03 0
2.014997e+03 0
2.015267e+03 0
2.015537e+03 0
2.015806e+03 0
2.016076e+03 0
2.016346e+03 0
2.016615e+03 0
2.016885e+03 0
2.017155e+03 0
2.017424e+03 0
2.017694e+03 0
2.017964e+03 0
2.018233e+03 0
2.018503e+03 0
2.018773e+03 0
2.019042e+03 0
2.019312e+03 0
2.019582e+03 0
2.019852e+03 0
2.020121e+03 0
2.020391e+03 0
2.020661e+03 0
2.020931e+03 0
2.021200e+03 0
2.021470e+03 0
2.021740e+03 0
2.022009e+03 0
2.022279e+03 0
2.022549e+03 0
2.022819e+03 0
2.023088e+03 0
2.023358e+03 0
2.023628e+03 0
2.023898e+03 0
2.024167e+03 0
2.024437e+03 0
2.024707e+03 0
2.024977e+03 0
2.025247e+03 0
2.025516e+03 0
2.025786e+03 0
2.026056e+03 0
2.026326e+03 0
2.026595e+03 0
2.026865e+03 0
2.027135e+03 0
2.027405e+03 0
2.027675e+03 0
2.027944e+03 0
2.028214e+03 0
2.028484e+03 0
2.028754e+03 0
2.029024e+03 0
2.029294e+03 0
2.029563e+03 0
2.029833e+03 0
2.030103e+03 0
2.030373e+03 0
2.030643e+03 0
2.030913e+03 0
2.031182e+03 0
2.031452e+03 0
2.031722e+03 0
2.031992e+03 0
2.032262e+03 0
2.032532e+03 0
2.032802e+03 0
2.033071e+03 0
2.033341e+03 0
2.033611e+03 0
2.033881e+03 0
2.034151e+03 0
2.034421e+03 0
2.034691e+03 0
2.034961e+03 0
2.035230e+03 0
2.035500e+03 0
2.035770e+03 0
2.036040e+03 0
2.036310e+03 0
2.036580e+03 0
2.036850e+03 0
2.037120e+03 0
2.037390e+03 0
2.037660e+03 0
2.037929e+03 0
2.038199e+03 0
2.038469e+03 0
2.038739e+03 0
2.039009e+03 0
2.039279e+03 0
2.039549e+03 0
2.039819e+03 0
2.040089e+03 0
2.040359e+03 0
2.040629e+03 0
2.040899e+03 0
2.041169e+03 0
2.041439e+03 0
2.041709e+03 0
2.041979e+03 0
2.042249e+03 0
2.042519e+03 0
2.042789e+03 0
2.043059e+03 0
2.043328e+03 0
2.043598e+03 0
2.043868e+03 0
2.044138e+03 0
2.044408e+03 0
2.044678e+03 0
2.044948e+03 0
2.045218e+03 0
2.045488e+03 0
2.045758e+03 0
2.046028e+03 0
2.046298e+03 0
2.046569e+03 0
2.046839e+03 0
2.047109e+03 0
2.047379e+03 0
2.047649e+03 0
2.047919e+03 0
2.048189e+03 0
2.048459e+03 0
2.048729e+03 0
2.048999e+03 0
2.049269e+03 0
2.049539e+03 0
2.049809e+03 0
2.050079e+03 0
2.050349e+03 0
2.050619e+03 0
2.050889e+03 0
2.051159e+03 0
2.051429e+03 0
2.051699e+03 0
2.051969e+03 0
2.052240e+03 0
2.052510e+03 0
2.052780e+03 0
2.053050e+03 0
2.053320e+03 0
2.053590e+03 0
2.053860e+03 0
2.054130e+03 0
2.054400e+03 0
2.054670e+03 0
2.054941e+03 0
2.055211e+03 0
2.055481e+03 0
2.055751e+03 0
2.056021e+03 0
2.056291e+03 0
2.056561e+03 0
2.056831e+03 0
2.057102e+03 0
2.057372e+03 0
2.057642e+03 0
2.057912e+03 0
2.058182e+03 0
2.058452e+03 0
2.058722e+03 0
2.058993e+03 0
2.059263e+03 0
2.059533e+03 0
2.059803e+03 0
2.060073e+03 0
2.060343e+03 0
2.060614e+03 0
2.060884e+03 0
2.061154e+03 0
2.061424e+03 0
2.061694e+03 0
2.061965e+03 0
2.062235e+03 0
2.062505e+03 0
2.062775e+03 0
2.063045e+03 0
2.063316e+03 0
2.063586e+03 0
2.063856e+03 0
2.064126e+03 0
2.064396e+03 0
2.064667e+03 0
2.064937e+03 0
2.065207e+03 0
2.065477e+03 0
2.065748e+03 0
2.066018e+03 0
2.066288e+03 0
2.066558e+03 0
2.066828e+03 0
2.067099e+03 0
2.067369e+03 0
2.067639e+03 0
2.067910e+03 0
2.068180e+03 0
2.068450e+03 0
2.068720e+03 0
2.068991e+03 0
2.069261e+03 0
2.069531e+03 0
2.069801e+03 0
2.070072e+03 0
2.070342e+03 0
2.070612e+03 0
2.070883e+03 0
2.071153e+03 0
2.071423e+03 0
2.071693e+03 0
2.071964e+03 0
2.072234e+03 0
2.072504e+03 0
2.072775e+03 0
2.073045e+03 0
2.073315e+03 0
2.073586e+03 0
2.073856e+03 0
2.074126e+03 0
2.074397e+03 0
2.074667e+03 0
2.074937e+03 0
2.075208e+03 0
2.075478e+03 0
2.075748e+03 0
2.076019e+03 0
2.076289e+03 0
2.076559e+03 0
2.076830e+03 0
2.077100e+03 0
2.077370e+03 0
2.077641e+03 0
2.077911e+03 0
2.078182e+03 0
2.078452e+03 0
2.078722e+03 0
2.078993e+03 0
2.079263e+03 0
2.079534e+03 0
2.079804e+03 0
2.080074e+03 0
2.080345e+03 0
2.080615e+03 0
2.080886e+03 0
2.081156e+03 0
2.081426e+03 0
2.081697e+03 0
2.081967e+03 0
2.082238e+03 0
2.082508e+03 0
2.082778e+03 0
2.083049e+03 0
2.083319e+03 0
2.083590e+03 0
2.083860e+03 0
2.084131e+03 0
2.084401e+03 0
2.084672e+03 0
2.084942e+03 0
2.085212e+03 0
2.085483e+03 0
2.085753e+03 0
2.086024e+03 0
2.086294e+03 0
2.086565e+03 0
2.086835e+03 0
2.087106e+03 0
2.087376e+03 0
2.087647e+03 0
2.087917e+03 0
2.088188e+03 0
2.088458e+03 0
2.088729e+03 0
2.088999e+03 0
2.089270e+03 0
2.089540e+03 0
2.089811e+03 0
2.090081e+03 0
2.090352e+03 0
2.090622e+03 0
2.090893e+03 0
2.091163e+03 0
2.091434e+03 0
2.091704e+03 0
2.091975e+03 0
2.092245e+03 0
2.092516e+03 0
2.092786e+03 0
2.093057e+03 0
2.093327e+03 0
2.093598e+03 0
2.093869e+03 0
2.094139e+03 0
2.094410e+03 0
2.094680e+03 0
2.094951e+03 0
2.095221e+03 0
2.095492e+03 0
2.095763e+03 0
2.096033e+03 0
2.096304e+03 0
2.096574e+03 0
2.096845e+03 0
2.097115e+03 0
2.097386e+03 0
2.097657e+03 0
2.097927e+03 0
2.098198e+03 0
2.098468e+03 0
2.098739e+03 0
2.099010e+03 0
2.099280e+03 0
2.099551e+03 0
2.099821e+03 0
2.100092e+03 0
2.100363e+03 0
2.100633e+03 0
2.100904e+03 0
2.101175e+03 0
2.101445e+03 0
2.101716e+03 0
2.101987e+03 0
2.102257e+03 0
2.102528e+03 0
2.102799e+03 0
2.103069e+03 0
2.103340e+03 0
2.103610e+03 0
2.103881e+03 0
2.104152e+03 0
2.104422e+03 0
2.104693e+03 0
2.104964e+03 0
2.105235e+03 0
2.105505e+03 0
2.105776e+03 0
2.106047e+03 0
2.106317e+03 0
2.106588e+03 0
2.106859e+03 0
2.107129e+03 0
2.107400e+03 0
2.107671e+03 0
2.107941e+03 0
2.108212e+03 0
2.108483e+03 0
2.108754e+03 0
2.109024e+03 0
2.109295e+03 0
2.109566e+03 0
2.109837e+03 0
2.110107e+03 0
2.110378e+03 0
2.110649e+03 0
2.110920e+03 0
2.111190e+03 0
2.111461e+03 0
2.111732e+03 0
2.112003e+03 0
2.112273e+03 0
2.112544e+03 0
2.112815e+03 0
2.113086e+03 0
2.113356e+03 0
2.113627e+03 0
2.113898e+03 0
2.114169e+03 0
2.114439e+03 0
2.114710e+03 0
2.114981e+03 0
2.115252e+03 0
2.115523e+03 0
2.115793e+03 0
2.116064e+03 0
2.116335e+03 0
2.116606e+03 0
2.116877e+03 0
2.117147e+03 0
2.117418e+03 0
2.117689e+03 0
2.117960e+03 0
2.118231e+03 0
2.118502e+03 0
2.118772e+03 0
2.119043e+03 0
2.119314e+03 0
