Energy  Counts
1.859889e+00 0
2.107247e+00 0
2.354607e+00 0
2.601970e+00 0
2.849335e+00 0
3.096703e+00 0
3.344073e+00 0
3.591446e+00 0
3.838821e+00 0
4.086199e+00 0
4.333579e+00 0
4.580962e+00 0
4.828347e+00 0
5.075735e+00 0
5.323125e+00 0
5.570518e+00 0
5.817913e+00 0
6.065311e+00 0
6.312711e+00 0
6.560114e+00 0
6.807519e+00 0
7.054927e+00 0
7.302337e+00 1
7.549749e+00 0
7.797165e+00 0
8.044582e+00 0
8.292002e+00 0
8.539425e+00 0
8.786850e+00 0
9.034278e+00 0
9.281708e+00 0
9.529140e+00 0
9.776576e+00 0
1.002401e+01 0
1.027145e+01 0
1.051890e+01 0
1.076634e+01 0
1.101379e+01 0
1.126124e+01 0
1.150869e+01 0
1.175615e+01 0
1.200360e+01 0
1.225106e+01 0
1.249853e+01 0
1.274599e+01 0
1.299346e+01 0
1.324093e+01 0
1.348840e+01 0
1.373588e+01 0
1.398335e+01 0
1.423083e+01 0
1.447832e+01 0
1.472580e+01 0
1.497329e+01 0
1.522078e+01 0
1.546827e+01 0
1.571577e+01 0
1.596326e+01 0
1.621076e+01 0
1.645827e+01 0
1.670577e+01 0
1.695328e+01 0
1.720079e+01 0
1.744830e+01 0
1.769581e+01 0
1.794333e+01 0
1.819085e+01 0
1.843837e+01 0
1.868590e+01 0
1.893343e+01 0
1.918096e+01 0
1.942849e+01 0
1.967602e+01 0
1.992356e+01 0
2.017110e+01 0
2.041864e+01 0
2.066619e+01 0
2.091374e+01 0
2.116128e+01 0
2.140884e+01 0
2.165639e+01 0
2.190395e+01 0
2.215151e+01 0
2.239907e+01 0
2.264664e+01 0
2.289420e+01 0
2.314177e+01 0
2.338934e+01 0
2.363692e+01 0
2.388450e+01 0
2.413208e+01 0
2.437966e+01 0
2.462724e+01 0
2.487483e+01 0
2.512242e+01 0
2.537001e+01 0
2.561761e+01 0
2.586520e+01 0
2.611280e+01 0
2.636041e+01 0
2.660801e+01 0
2.685562e+01 0
2.710323e+01 0
2.735084e+01 0
2.759845e+01 0
2.784607e+01 0
2.809369e+01 0
2.834131e+01 0
2.858894e+01 0
2.883656e+01 0
2.908419e+01 0
2.933183e+01 0
2.957946e+01 0
2.982710e+01 0
3.007474e+01 0
3.032238e+01 0
3.057002e+01 0
3.081767e+01 0
3.106532e+01 0
3.131297e+01 0
3.156063e+01 0
3.180828e+01 0
3.205594e+01 0
3.230360e+01 0
3.255127e+01 0
3.279894e+01 0
3.304660e+01 0
3.329428e+01 0
3.354195e+01 0
3.378963e+01 0
3.403731e+01 0
3.428499e+01 0
3.453267e+01 0
3.478036e+01 0
3.502805e+01 0
3.527574e+01 0
3.552344e+01 0
3.577113e+01 0
3.601883e+01 0
3.626653e+01 0
3.651424e+01 0
3.676195e+01 0
3.700965e+01 0
3.725737e+01 0
3.750508e+01 0
3.775280e+01 0
3.800052e+01 0
3.824824e+01 0
3.849596e+01 0
3.874369e+01 0
3.899142e+01 0
3.923915e+01 0
3.948688e+01 0
3.973462e+01 0
3.998236e+01 0
4.023010e+01 0
4.047785e+01 0
4.072559e+01 0
4.097334e+01 0
4.122109e+01 0
4.146885e+01 0
4.171660e+01 0
4.196436e+01 0
4.221213e+01 0
4.245989e+01 0
4.270766e+01 0
4.295543e+01 0
4.320320e+01 0
4.345097e+01 0
4.369875e+01 0
4.394653e+01 0
4.419431e+01 0
4.444209e+01 0
4.468988e+01 0
4.493767e+01 0
4.518546e+01 0
4.543325e+01 0
4.568105e+01 0
4.592885e+01 0
4.617665e+01 0
4.642445e+01 0
4.667226e+01 0
4.692007e+01 0
4.716788e+01 0
4.741570e+01 0
4.766351e+01 0
4.791133e+01 0
4.815915e+01 0
4.840698e+01 0
4.865480e+01 0
4.890263e+01 0
4.915046e+01 0
4.939830e+01 0
4.964613e+01 0
4.989397e+01 0
5.014181e+01 0
5.038966e+01 0
5.063750e+01 0
5.088535e+01 0
5.113320e+01 0
5.138106e+01 0
5.162891e+01 0
5.187677e+01 0
5.212463e+01 0
5.237250e+01 0
5.262037e+01 0
5.286823e+01 0
5.311611e+01 0
5.336398e+01 0
5.361186e+01 0
5.385973e+01 0
5.410762e+01 0
5.435550e+01 0
5.460339e+01 0
5.485127e+01 0
5.509917e+01 0
5.534706e+01 0
5.559496e+01 0
5.584285e+01 0
5.609076e+01 0
5.633866e+01 0
5.658657e+01 0
5.683447e+01 0
5.708239e+01 0
5.733030e+01 0
5.757822e+01 0
5.782613e+01 0
5.807405e+01 0
5.832198e+01 0
5.856990e+01 0
5.881783e+01 0
5.906576e+01 0
5.931370e+01 0
5.956163e+01 0
5.980957e+01 0
6.005751e+01 0
6.030546e+01 0
6.055340e+01 0
6.080135e+01 0
6.104930e+01 0
6.129726e+01 0
6.154521e+01 0
6.179317e+01 0
6.204113e+01 0
6.228910e+01 0
6.253706e+01 0
6.278503e+01 0
6.303300e+01 0
6.328098e+01 0
6.352895e+01 0
6.377693e+01 0
6.402491e+01 0
6.427289e+01 0
6.452088e+01 0
6.476887e+01 0
6.501686e+01 0
6.526485e+01 0
6.551285e+01 0
6.576085e+01 0
6.600885e+01 0
6.625685e+01 0
6.650486e+01 0
6.675287e+01 0
6.700088e+01 0
6.724889e+01 0
6.749691e+01 0
6.774492e+01 0
6.799295e+01 0
6.824097e+01 0
6.848899e+01 0
6.873702e+01 0
6.898505e+01 0
6.923309e+01 0
6.948112e+01 0
6.972916e+01 0
6.997720e+01 0
7.022525e+01 0
7.047329e+01 0
7.072134e+01 0
7.096939e+01 0
7.121744e+01 0
7.146550e+01 0
7.171356e+01 0
7.196162e+01 0
7.220968e+01 0
7.245775e+01 0
7.270582e+01 0
7.295389e+01 0
7.320196e+01 0
7.345004e+01 0
7.369811e+01 0
7.394619e+01 0
7.419428e+01 0
7.444236e+01 0
7.469045e+01 0
7.493854e+01 0
7.518664e+01 0
7.543473e+01 0
7.568283e+01 0
7.593093e+01 0
7.617903e+01 0
7.642714e+01 0
7.667525e+01 0
7.692336e+01 0
7.717147e+01 0
7.741959e+01 0
7.766770e+01 0
7.791582e+01 0
7.816395e+01 0
7.841207e+01 0
7.866020e+01 0
7.890833e+01 0
7.915646e+01 0
7.940460e+01 0
7.965274e+01 0
7.990088e+01 0
8.014902e+01 0
8.039717e+01 0
8.064532e+01 0
8.089347e+01 0
8.114162e+01 0
8.138977e+01 0
8.163793e+01 0
8.188609e+01 0
8.213426e+01 0
8.238242e+01 0
8.263059e+01 0
8.287876e+01 0
8.312693e+01 0
8.337511e+01 0
8.362329e+01 0
8.387147e+01 0
8.411965e+01 0
8.436783e+01 0
8.461602e+01 0
8.486421e+01 0
8.511241e+01 0
8.536060e+01 0
8.560880e+01 0
8.585700e+01 0
8.610520e+01 0
8.635341e+01 0
8.660162e+01 0
8.684983e+01 0
8.709804e+01 0
8.734625e+01 0
8.759447e+01 0
8.784269e+01 0
8.809091e+01 0
8.833914e+01 0
8.858737e+01 0
8.883560e+01 0
8.908383e+01 0
8.933207e+01 0
8.958030e+01 0
8.982854e+01 0
9.007679e+01 0
9.032503e+01 0
9.057328e+01 0
9.082153e+01 0
9.106978e+01 0
9.131804e+01 0
9.156630e+01 0
9.181456e+01 0
9.206282e+01 0
9.231108e+01 0
9.255935e+01 0
9.280762e+01 0
9.305589e+01 0
9.330417e+01 0
9.355245e+01 0
9.380073e+01 0
9.404901e+01 0
9.429729e+01 0
9.454558e+01 0
9.479387e+01 0
9.504216e+01 0
9.529046e+01 0
9.553876e+01 0
9.578706e+01 0
9.603536e+01 0
9.628366e+01 0
9.653197e+01 0
9.678028e+01 0
9.702859e+01 0
9.727691e+01 0
9.752523e+01 0
9.777355e+01 0
9.802187e+01 0
9.827019e+01 0
9.851852e+01 0
9.876685e+01 0
9.901518e+01 0
9.926352e+01 0
9.951186e+01 0
9.976020e+01 0
1.000085e+02 0
1.002569e+02 0
1.005052e+02 0
1.007536e+02 0
1.010019e+02 0
1.012503e+02 0
1.014986e+02 0
1.017470e+02 0
1.019954e+02 0
1.022437e+02 0
1.024921e+02 0
1.027405e+02 0
1.029888e+02 0
1.032372e+02 0
1.034856e+02 0
1.037340e+02 0
1.039824e+02 0
1.042307e+02 0
1.044791e+02 0
1.047275e+02 0
1.049759e+02 0
1.052243e+02 0
1.054727e+02 0
1.057211e+02 0
1.059695e+02 0
1.062179e+02 0
1.064663e+02 0
1.067147e+02 0
1.069631e+02 0
1.072116e+02 0
1.074600e+02 0
1.077084e+02 0
1.079568e+02 0
1.082052e+02 0
1.084537e+02 0
1.087021e+02 0
1.089505e+02 0
1.091990e+02 0
1.094474e+02 0
1.096958e+02 0
1.099443e+02 0
1.101927e+02 0
1.104412e+02 0
1.106896e+02 0
1.109381e+02 0
1.111865e+02 0
1.114350e+02 0
1.116834e+02 0
1.119319e+02 0
1.121804e+02 0
1.124288e+02 0
1.126773e+02 0
1.129258e+02 0
1.131743e+02 0
1.134227e+02 0
1.136712e+02 0
1.139197e+02 0
1.141682e+02 0
1.144167e+02 0
1.146652e+02 0
1.149136e+02 0
1.151621e+02 0
1.154106e+02 0
1.156591e+02 0
1.159076e+02 0
1.161561e+02 0
1.164047e+02 0
1.166532e+02 0
1.169017e+02 0
1.171502e+02 0
1.173987e+02 0
1.176472e+02 0
1.178957e+02 0
1.181443e+02 0
1.183928e+02 0
1.186413e+02 0
1.188899e+02 0
1.191384e+02 0
1.193869e+02 0
1.196355e+02 0
1.198840e+02 0
1.201326e+02 0
1.203811e+02 0
1.206296e+02 0
1.208782e+02 0
1.211268e+02 0
1.213753e+02 0
1.216239e+02 0
1.218724e+02 0
1.221210e+02 0
1.223696e+02 0
1.226181e+02 0
1.228667e+02 0
1.231153e+02 0
1.233639e+02 0
1.236124e+02 0
1.238610e+02 0
1.241096e+02 0
1.243582e+02 0
1.246068e+02 0
1.248554e+02 0
1.251040e+02 0
1.253526e+02 0
1.256012e+02 0
1.258498e+02 0
1.260984e+02 0
1.263470e+02 0
1.265956e+02 0
1.268442e+02 0
1.270928e+02 0
1.273414e+02 0
1.275900e+02 0
1.278387e+02 0
1.280873e+02 0
1.283359e+02 0
1.285845e+02 0
1.288332e+02 0
1.290818e+02 0
1.293304e+02 0
1.295791e+02 0
1.298277e+02 0
1.300764e+02 0
1.303250e+02 0
1.305737e+02 0
1.308223e+02 0
1.310710e+02 0
1.313196e+02 0
1.315683e+02 0
1.318169e+02 0
1.320656e+02 0
1.323143e+02 0
1.325629e+02 0
1.328116e+02 0
1.330603e+02 0
1.333090e+02 0
1.335576e+02 0
1.338063e+02 0
1.340550e+02 0
1.343037e+02 0
1.345524e+02 0
1.348011e+02 0
1.350498e+02 0
1.352985e+02 0
1.355472e+02 0
1.357959e+02 0
1.360446e+02 0
1.362933e+02 0
1.365420e+02 0
1.367907e+02 0
1.370394e+02 0
1.372881e+02 0
1.375369e+02 0
1.377856e+02 0
1.380343e+02 0
1.382830e+02 0
1.385318e+02 0
1.387805e+02 0
1.390292e+02 0
1.392780e+02 0
1.395267e+02 0
1.397754e+02 0
1.400242e+02 0
1.402729e+02 0
1.405217e+02 0
1.407704e+02 0
1.410192e+02 0
1.412679e+02 0
1.415167e+02 0
1.417655e+02 0
1.420142e+02 0
1.422630e+02 0
1.425118e+02 0
1.427605e+02 0
1.430093e+02 0
1.432581e+02 0
1.435069e+02 0
1.437556e+02 0
1.440044e+02 0
1.442532e+02 0
1.445020e+02 0
1.447508e+02 0
1.449996e+02 0
1.452484e+02 0
1.454972e+02 0
1.457460e+02 0
1.459948e+02 0
1.462436e+02 0
1.464924e+02 0
1.467412e+02 0
1.469900e+02 0
1.472388e+02 0
1.474876e+02 0
1.477365e+02 0
1.479853e+02 0
1.482341e+02 0
1.484829e+02 0
1.487318e+02 0
1.489806e+02 0
1.492294e+02 0
1.494783e+02 0
1.497271e+02 0
1.499760e+02 0
1.502248e+02 0
1.504737e+02 0
1.507225e+02 0
1.509714e+02 0
1.512202e+02 0
1.514691e+02 0
1.517179e+02 0
1.519668e+02 0
1.522157e+02 0
1.524645e+02 0
1.527134e+02 0
1.529623e+02 0
1.532112e+02 0
1.534600e+02 0
1.537089e+02 0
1.539578e+02 0
1.542067e+02 0
1.544556e+02 0
1.547045e+02 0
1.549534e+02 0
1.552023e+02 0
1.554512e+02 0
1.557001e+02 0
1.559490e+02 0
1.561979e+02 0
1.564468e+02 0
1.566957e+02 0
1.569446e+02 0
1.571935e+02 0
1.574424e+02 0
1.576914e+02 0
1.579403e+02 0
1.581892e+02 0
1.584381e+02 0
1.586871e+02 0
1.589360e+02 0
1.591849e+02 0
1.594339e+02 0
1.596828e+02 0
1.599318e+02 0
1.601807e+02 0
1.604296e+02 0
1.606786e+02 0
1.609275e+02 0
1.611765e+02 0
1.614255e+02 0
1.616744e+02 0
1.619234e+02 0
1.621724e+02 0
1.624213e+02 0
1.626703e+02 0
1.629193e+02 0
1.631682e+02 0
1.634172e+02 0
1.636662e+02 0
1.639152e+02 0
1.641642e+02 0
1.644132e+02 0
1.646621e+02 0
1.649111e+02 0
1.651601e+02 0
1.654091e+02 0
1.656581e+02 0
1.659071e+02 0
1.661561e+02 0
1.664051e+02 0
1.666542e+02 0
1.669032e+02 0
1.671522e+02 0
1.674012e+02 0
1.676502e+02 0
1.678992e+02 0
1.681483e+02 0
1.683973e+02 0
1.686463e+02 0
1.688954e+02 0
1.691444e+02 0
1.693934e+02 0
1.696425e+02 0
1.698915e+02 0
1.701406e+02 0
1.703896e+02 0
1.706387e+02 0
1.708877e+02 0
1.711368e+02 0
1.713858e+02 0
1.716349e+02 0
1.718840e+02 0
1.721330e+02 0
1.723821e+02 0
1.726312e+02 0
1.728802e+02 0
1.731293e+02 0
1.733784e+02 0
1.736275e+02 0
1.738765e+02 0
1.741256e+02 0
1.743747e+02 0
1.746238e+02 0
1.748729e+02 0
1.751220e+02 0
1.753711e+02 0
1.756202e+02 0
1.758693e+02 0
1.761184e+02 0
1.763675e+02 0
1.766166e+02 0
1.768657e+02 0
1.771148e+02 0
1.773640e+02 0
1.776131e+02 0
1.778622e+02 0
1.781113e+02 0
1.783605e+02 0
1.786096e+02 0
1.788587e+02 0
1.791079e+02 0
1.793570e+02 0
1.796061e+02 0
1.798553e+02 0
1.801044e+02 0
1.803536e+02 0
1.806027e+02 0
1.808519e+02 0
1.811010e+02 0
1.813502e+02 0
1.815993e+02 0
1.818485e+02 0
1.820977e+02 0
1.823468e+02 0
1.825960e+02 0
1.828452e+02 0
1.830944e+02 0
1.833435e+02 0
1.835927e+02 0
1.838419e+02 0
1.840911e+02 0
1.843403e+02 0
1.845895e+02 0
1.848387e+02 0
1.850878e+02 0
1.853370e+02 0
1.855862e+02 0
1.858354e+02 0
1.860847e+02 0
1.863339e+02 0
1.865831e+02 0
1.868323e+02 0
1.870815e+02 0
1.873307e+02 0
1.875799e+02 0
1.878292e+02 0
1.880784e+02 0
1.883276e+02 0
1.885768e+02 0
1.888261e+02 0
1.890753e+02 0
1.893245e+02 0
1.895738e+02 0
1.898230e+02 0
1.900723e+02 0
1.903215e+02 0
1.905708e+02 0
1.908200e+02 0
1.910693e+02 0
1.913185e+02 0
1.915678e+02 0
1.918171e+02 0
1.920663e+02 0
1.923156e+02 0
1.925649e+02 0
1.928141e+02 0
1.930634e+02 0
1.933127e+02 0
1.935620e+02 0
1.938112e+02 0
1.940605e+02 0
1.943098e+02 0
1.945591e+02 0
1.948084e+02 0
1.950577e+02 0
1.953070e+02 0
1.955563e+02 0
1.958056e+02 0
1.960549e+02 0
1.963042e+02 0
1.965535e+02 0
1.968028e+02 0
1.970521e+02 0
1.973015e+02 0
1.975508e+02 0
1.978001e+02 0
1.980494e+02 0
1.982987e+02 0
1.985481e+02 0
1.987974e+02 0
1.990467e+02 0
1.992961e+02 0
1.995454e+02 0
1.997948e+02 0
2.000441e+02 0
2.002935e+02 0
2.005428e+02 0
2.007922e+02 0
2.010415e+02 0
2.012909e+02 0
2.015402e+02 0
2.017896e+02 0
2.020390e+02 0
2.022883e+02 0
2.025377e+02 0
2.027871e+02 0
2.030364e+02 0
2.032858e+02 0
2.035352e+02 0
2.037846e+02 0
2.040340e+02 0
2.042833e+02 0
2.045327e+02 0
2.047821e+02 0
2.050315e+02 0
2.052809e+02 0
2.055303e+02 0
2.057797e+02 0
2.060291e+02 0
2.062785e+02 0
2.065279e+02 0
2.067773e+02 0
2.070268e+02 0
2.072762e+02 0
2.075256e+02 0
2.077750e+02 0
2.080244e+02 0
2.082739e+02 0
2.085233e+02 0
2.087727e+02 0
2.090222e+02 0
2.092716e+02 0
2.095210e+02 0
2.097705e+02 0
2.100199e+02 0
2.102694e+02 0
2.105188e+02 0
2.107683e+02 0
2.110177e+02 0
2.112672e+02 0
2.115166e+02 0
2.117661e+02 0
2.120156e+02 0
2.122650e+02 0
2.125145e+02 0
2.127640e+02 0
2.130135e+02 0
2.132629e+02 0
2.135124e+02 0
2.137619e+02 0
2.140114e+02 0
2.142609e+02 0
2.145104e+02 0
2.147598e+02 0
2.150093e+02 0
2.152588e+02 0
2.155083e+02 0
2.157578e+02 0
2.160073e+02 0
2.162568e+02 0
2.165064e+02 0
2.167559e+02 0
2.170054e+02 0
2.172549e+02 0
2.175044e+02 0
2.177539e+02 0
2.180035e+02 0
2.182530e+02 0
2.185025e+02 0
2.187520e+02 0
2.190016e+02 0
2.192511e+02 0
2.195007e+02 0
2.197502e+02 0
2.199997e+02 0
2.202493e+02 0
2.204988e+02 0
2.207484e+02 0
2.209979e+02 0
2.212475e+02 0
2.214971e+02 0
2.217466e+02 0
2.219962e+02 0
2.222457e+02 0
2.224953e+02 0
2.227449e+02 0
2.229945e+02 0
2.232440e+02 0
2.234936e+02 0
2.237432e+02 0
2.239928e+02 0
2.242424e+02 0
2.244920e+02 0
2.247415e+02 0
2.249911e+02 0
2.252407e+02 0
2.254903e+02 0
2.257399e+02 0
2.259895e+02 0
2.262391e+02 0
2.264888e+02 0
2.267384e+02 0
2.269880e+02 0
2.272376e+02 0
2.274872e+02 0
2.277368e+02 0
2.279865e+02 0
2.282361e+02 0
2.284857e+02 0
2.287353e+02 0
2.289850e+02 0
2.292346e+02 0
2.294843e+02 0
2.297339e+02 0
2.299835e+02 0
2.302332e+02 0
2.304828e+02 0
2.307325e+02 0
2.309821e+02 0
2.312318e+02 0
2.314815e+02 0
2.317311e+02 0
2.319808e+02 0
2.322304e+02 0
2.324801e+02 0
2.327298e+02 0
2.329795e+02 0
2.332291e+02 0
2.334788e+02 0
2.337285e+02 0
2.339782e+02 0
2.342279e+02 0
2.344775e+02 0
2.347272e+02 0
2.349769e+02 0
2.352266e+02 0
2.354763e+02 0
2.357260e+02 0
2.359757e+02 0
2.362254e+02 0
2.364751e+02 0
2.367249e+02 0
2.369746e+02 0
2.372243e+02 0
2.374740e+02 0
2.377237e+02 0
2.379734e+02 0
2.382232e+02 0
2.384729e+02 0
2.387226e+02 0
2.389724e+02 0
2.392221e+02 0
2.394718e+02 0
2.397216e+02 0
2.399713e+02 0
2.402211e+02 0
2.404708e+02 0
2.407206e+02 0
2.409703e+02 0
2.412201e+02 0
2.414698e+02 0
2.417196e+02 0
2.419694e+02 0
2.422191e+02 0
2.424689e+02 0
2.427187e+02 0
2.429684e+02 0
2.432182e+02 0
2.434680e+02 0
2.437178e+02 0
2.439676e+02 0
2.442173e+02 0
2.444671e+02 0
2.447169e+02 0
2.449667e+02 0
2.452165e+02 0
2.454663e+02 0
2.457161e+02 0
2.459659e+02 0
2.462157e+02 0
2.464655e+02 0
2.467153e+02 0
2.469652e+02 0
2.472150e+02 0
2.474648e+02 0
2.477146e+02 0
2.479644e+02 0
2.482143e+02 0
2.484641e+02 0
2.487139e+02 0
2.489637e+02 0
2.492136e+02 0
2.494634e+02 0
2.497133e+02 0
2.499631e+02 0
2.502129e+02 0
2.504628e+02 0
2.507126e+02 0
2.509625e+02 0
2.512124e+02 0
2.514622e+02 0
2.517121e+02 0
2.519619e+02 0
2.522118e+02 0
2.524617e+02 0
2.527115e+02 0
2.529614e+02 0
2.532113e+02 0
2.534612e+02 0
2.537110e+02 0
2.539609e+02 0
2.542108e+02 0
2.544607e+02 0
2.547106e+02 0
2.549605e+02 0
2.552104e+02 0
2.554603e+02 0
2.557102e+02 0
2.559601e+02 0
2.562100e+02 0
2.564599e+02 0
2.567098e+02 0
2.569597e+02 0
2.572096e+02 0
2.574596e+02 0
2.577095e+02 0
2.579594e+02 0
2.582093e+02 0
2.584592e+02 0
2.587092e+02 0
2.589591e+02 0
2.592090e+02 0
2.594590e+02 0
2.597089e+02 0
2.599589e+02 0
2.602088e+02 0
2.604588e+02 0
2.607087e+02 0
2.609587e+02 0
2.612086e+02 0
2.614586e+02 0
2.617085e+02 0
2.619585e+02 0
2.622085e+02 0
2.624584e+02 0
2.627084e+02 0
2.629584e+02 0
2.632083e+02 0
2.634583e+02 0
2.637083e+02 0
2.639583e+02 0
2.642083e+02 0
2.644583e+02 0
2.647083e+02 0
2.649582e+02 0
2.652082e+02 0
2.654582e+02 0
2.657082e+02 0
2.659582e+02 0
2.662082e+02 0
2.664583e+02 0
2.667083e+02 0
2.669583e+02 0
2.672083e+02 0
2.674583e+02 0
2.677083e+02 0
2.679583e+02 0
2.682084e+02 0
2.684584e+02 0
2.687084e+02 0
2.689585e+02 0
2.692085e+02 0
2.694585e+02 0
2.697086e+02 0
2.699586e+02 0
2.702087e+02 0
2.704587e+02 0
2.707088e+02 0
2.709588e+02 0
2.712089e+02 0
2.714589e+02 0
2.717090e+02 0
2.719590e+02 0
2.722091e+02 0
2.724592e+02 0
2.727092e+02 0
2.729593e+02 0
2.732094e+02 0
2.734595e+02 0
2.737096e+02 0
2.739596e+02 0
2.742097e+02 0
2.744598e+02 0
2.747099e+02 0
2.749600e+02 0
2.752101e+02 0
2.754602e+02 0
2.757103e+02 0
2.759604e+02 0
2.762105e+02 0
2.764606e+02 0
2.767107e+02 0
2.769608e+02 0
2.772109e+02 0
2.774610e+02 0
2.777112e+02 0
2.779613e+02 0
2.782114e+02 0
2.784615e+02 0
2.787117e+02 0
2.789618e+02 0
2.792119e+02 0
2.794621e+02 0
2.797122e+02 0
2.799624e+02 0
2.802125e+02 0
2.804627e+02 0
2.807128e+02 0
2.809630e+02 0
2.812131e+02 0
2.814633e+02 0
2.817134e+02 0
2.819636e+02 0
2.822137e+02 0
2.824639e+02 0
2.827141e+02 0
2.829643e+02 0
2.832144e+02 0
2.834646e+02 0
2.837148e+02 0
2.839650e+02 0
2.842152e+02 0
2.844653e+02 0
2.847155e+02 0
2.849657e+02 0
2.852159e+02 0
2.854661e+02 0
2.857163e+02 0
2.859665e+02 0
2.862167e+02 0
2.864669e+02 0
2.867171e+02 0
2.869673e+02 0
2.872176e+02 0
2.874678e+02 0
2.877180e+02 0
2.879682e+02 0
2.882184e+02 0
2.884687e+02 0
2.887189e+02 0
2.889691e+02 0
2.892194e+02 0
2.894696e+02 0
2.897198e+02 0
2.899701e+02 0
2.902203e+02 0
2.904706e+02 0
2.907208e+02 0
2.909711e+02 0
2.912213e+02 0
2.914716e+02 0
2.917218e+02 0
2.919721e+02 0
2.922224e+02 0
2.924726e+02 0
2.927229e+02 0
2.929732e+02 0
2.932235e+02 0
2.934737e+02 0
2.937240e+02 0
2.939743e+02 0
2.942246e+02 0
2.944749e+02 0
2.947252e+02 0
2.949754e+02 0
2.952257e+02 0
2.954760e+02 0
2.957263e+02 0
2.959766e+02 0
2.962269e+02 0
2.964772e+02 0
2.967276e+02 0
2.969779e+02 0
2.972282e+02 0
2.974785e+02 0
2.977288e+02 0
2.979791e+02 0
2.982295e+02 0
2.984798e+02 0
2.987301e+02 0
2.989805e+02 0
2.992308e+02 0
2.994811e+02 0
2.997315e+02 0
2.999818e+02 0
3.002321e+02 0
3.004825e+02 0
3.007328e+02 0
3.009832e+02 0
3.012335e+02 0
3.014839e+02 0
3.017343e+02 0
3.019846e+02 0
3.022350e+02 0
3.024854e+02 0
3.027357e+02 0
3.029861e+02 0
3.032365e+02 0
3.034868e+02 0
3.037372e+02 0
3.039876e+02 0
3.042380e+02 0
3.044884e+02 0
3.047388e+02 0
3.049892e+02 0
3.052396e+02 0
3.054899e+02 0
3.057403e+02 0
3.059907e+02 0
3.062412e+02 0
3.064916e+02 0
3.067420e+02 0
3.069924e+02 0
3.072428e+02 0
3.074932e+02 0
3.077436e+02 0
3.079940e+02 0
3.082445e+02 0
3.084949e+02 0
3.087453e+02 0
3.089958e+02 0
3.092462e+02 0
3.094966e+02 0
3.097471e+02 0
3.099975e+02 0
3.102480e+02 0
3.104984e+02 0
3.107488e+02 0
3.109993e+02 0
3.112498e+02 0
3.115002e+02 0
3.117507e+02 0
3.120011e+02 0
3.122516e+02 0
3.125021e+02 0
3.127525e+02 0
3.130030e+02 0
3.132535e+02 0
3.135039e+02 0
3.137544e+02 0
3.140049e+02 0
3.142554e+02 0
3.145059e+02 0
3.147564e+02 0
3.150069e+02 0
3.152574e+02 0
3.155078e+02 0
3.157583e+02 0
3.160088e+02 0
3.162594e+02 0
3.165099e+02 0
3.167604e+02 0
3.170109e+02 0
3.172614e+02 0
3.175119e+02 0
3.177624e+02 0
3.180129e+02 0
3.182635e+02 0
3.185140e+02 0
3.187645e+02 0
3.190151e+02 0
3.192656e+02 0
3.195161e+02 0
3.197667e+02 0
3.200172e+02 0
3.202677e+02 0
3.205183e+02 0
3.207688e+02 0
3.210194e+02 0
3.212699e+02 0
3.215205e+02 0
3.217711e+02 0
3.220216e+02 0
3.222722e+02 0
3.225227e+02 0
3.227733e+02 0
3.230239e+02 0
3.232745e+02 0
3.235250e+02 0
3.237756e+02 0
3.240262e+02 0
3.242768e+02 0
3.245274e+02 0
3.247780e+02 0
3.250285e+02 0
3.252791e+02 0
3.255297e+02 0
3.257803e+02 0
3.260309e+02 0
3.262815e+02 0
3.265321e+02 0
3.267828e+02 0
3.270334e+02 0
3.272840e+02 0
3.275346e+02 0
3.277852e+02 0
3.280358e+02 0
3.282865e+02 0
3.285371e+02 0
3.287877e+02 0
3.290383e+02 0
3.292890e+02 0
3.295396e+02 0
3.297902e+02 0
3.300409e+02 0
3.302915e+02 0
3.305422e+02 0
3.307928e+02 0
3.310435e+02 0
3.312941e+02 0
3.315448e+02 0
3.317954e+02 0
3.320461e+02 0
3.322968e+02 0
3.325474e+02 0
3.327981e+02 0
3.330488e+02 0
3.332994e+02 0
3.335501e+02 0
3.338008e+02 0
3.340515e+02 0
3.343022e+02 0
3.345528e+02 0
3.348035e+02 0
3.350542e+02 0
3.353049e+02 0
3.355556e+02 0
3.358063e+02 0
3.360570e+02 0
3.363077e+02 0
3.365584e+02 0
3.368091e+02 0
3.370598e+02 0
3.373105e+02 0
3.375613e+02 0
3.378120e+02 0
3.380627e+02 0
3.383134e+02 0
3.385641e+02 0
3.388149e+02 0
3.390656e+02 0
3.393163e+02 0
3.395671e+02 0
3.398178e+02 0
3.400686e+02 0
3.403193e+02 0
3.405700e+02 0
3.408208e+02 0
3.410715e+02 0
3.413223e+02 0
3.415730e+02 0
3.418238e+02 0
3.420746e+02 0
3.423253e+02 0
3.425761e+02 0
3.428269e+02 0
3.430776e+02 0
3.433284e+02 0
3.435792e+02 0
3.438300e+02 0
3.440807e+02 0
3.443315e+02 0
3.445823e+02 0
3.448331e+02 0
3.450839e+02 0
3.453347e+02 0
3.455855e+02 0
3.458363e+02 0
3.460871e+02 0
3.463379e+02 0
3.465887e+02 0
3.468395e+02 0
3.470903e+02 0
3.473411e+02 0
3.475919e+02 0
3.478427e+02 0
3.480936e+02 0
3.483444e+02 0
3.485952e+02 0
3.488460e+02 0
3.490969e+02 0
3.493477e+02 0
3.495985e+02 0
3.498494e+02 0
3.501002e+02 0
3.503511e+02 0
3.506019e+02 0
3.508527e+02 0
3.511036e+02 0
3.513544e+02 0
3.516053e+02 0
3.518562e+02 0
3.521070e+02 0
3.523579e+02 0
3.526087e+02 0
3.528596e+02 0
3.531105e+02 0
3.533614e+02 0
3.536122e+02 0
3.538631e+02 0
3.541140e+02 0
3.543649e+02 0
3.546158e+02 0
3.548666e+02 0
3.551175e+02 0
3.553684e+02 0
3.556193e+02 0
3.558702e+02 0
3.561211e+02 0
3.563720e+02 0
3.566229e+02 0
3.568738e+02 0
3.571247e+02 0
3.573757e+02 0
3.576266e+02 0
3.578775e+02 0
3.581284e+02 0
3.583793e+02 0
3.586303e+02 0
3.588812e+02 0
3.591321e+02 0
3.593830e+02 0
3.596340e+02 0
3.598849e+02 0
3.601359e+02 0
3.603868e+02 0
3.606377e+02 0
3.608887e+02 0
3.611396e+02 0
3.613906e+02 0
3.616415e+02 0
3.618925e+02 0
3.621435e+02 0
3.623944e+02 0
3.626454e+02 0
3.628964e+02 0
3.631473e+02 0
3.633983e+02 0
3.636493e+02 0
3.639003e+02 0
3.641512e+02 0
3.644022e+02 0
3.646532e+02 0
3.649042e+02 0
3.651552e+02 0
3.654062e+02 0
3.656572e+02 0
3.659082e+02 0
3.661592e+02 0
3.664102e+02 0
3.666612e+02 0
3.669122e+02 0
3.671632e+02 0
3.674142e+02 0
3.676652e+02 0
3.679162e+02 0
3.681672e+02 0
3.684183e+02 0
3.686693e+02 0
3.689203e+02 0
3.691713e+02 0
3.694224e+02 0
3.696734e+02 0
3.699245e+02 0
3.701755e+02 0
3.704265e+02 0
3.706776e+02 0
3.709286e+02 0
3.711797e+02 0
3.714307e+02 0
3.716818e+02 0
3.719328e+02 0
3.721839e+02 0
3.724350e+02 0
3.726860e+02 0
3.729371e+02 0
3.731882e+02 0
3.734392e+02 0
3.736903e+02 0
3.739414e+02 0
3.741925e+02 0
3.744435e+02 0
3.746946e+02 0
3.749457e+02 0
3.751968e+02 0
3.754479e+02 0
3.756990e+02 0
3.759501e+02 0
3.762012e+02 0
3.764523e+02 0
3.767034e+02 0
3.769545e+02 0
3.772056e+02 0
3.774567e+02 0
3.777078e+02 0
3.779590e+02 0
3.782101e+02 0
3.784612e+02 0
3.787123e+02 0
3.789634e+02 0
3.792146e+02 0
3.794657e+02 0
3.797168e+02 0
3.799680e+02 0
3.802191e+02 0
3.804703e+02 0
3.807214e+02 0
3.809725e+02 0
3.812237e+02 0
3.814748e+02 0
3.817260e+02 0
3.819772e+02 0
3.822283e+02 0
3.824795e+02 0
3.827306e+02 0
3.829818e+02 0
3.832330e+02 0
3.834842e+02 0
3.837353e+02 0
3.839865e+02 0
3.842377e+02 0
3.844889e+02 0
3.847400e+02 0
3.849912e+02 0
3.852424e+02 0
3.854936e+02 0
3.857448e+02 0
3.859960e+02 0
3.862472e+02 0
3.864984e+02 0
3.867496e+02 0
3.870008e+02 0
3.872520e+02 0
3.875032e+02 0
3.877544e+02 0
3.880057e+02 0
3.882569e+02 0
3.885081e+02 0
3.887593e+02 0
3.890106e+02 0
3.892618e+02 0
3.895130e+02 0
3.897643e+02 0
3.900155e+02 0
3.902667e+02 0
3.905180e+02 0
3.907692e+02 0
3.910205e+02 0
3.912717e+02 0
3.915230e+02 0
3.917742e+02 0
3.920255e+02 0
3.922767e+02 0
3.925280e+02 0
3.927793e+02 0
3.930305e+02 0
3.932818e+02 0
3.935331e+02 0
3.937843e+02 0
3.940356e+02 0
3.942869e+02 0
3.945382e+02 0
3.947895e+02 0
3.950407e+02 0
3.952920e+02 0
3.955433e+02 0
3.957946e+02 0
3.960459e+02 0
3.962972e+02 0
3.965485e+02 0
3.967998e+02 0
3.970511e+02 0
3.973024e+02 0
3.975537e+02 0
3.978051e+02 0
3.980564e+02 0
3.983077e+02 0
3.985590e+02 0
3.988103e+02 0
3.990617e+02 0
3.993130e+02 0
3.995643e+02 0
3.998157e+02 0
4.000670e+02 0
4.003183e+02 0
4.005697e+02 0
4.008210e+02 0
4.010724e+02 0
4.013237e+02 0
4.015751e+02 0
4.018264e+02 0
4.020778e+02 0
4.023291e+02 0
4.025805e+02 0
4.028318e+02 0
4.030832e+02 0
4.033346e+02 0
4.035860e+02 0
4.038373e+02 0
4.040887e+02 0
4.043401e+02 0
4.045915e+02 0
4.048428e+02 0
4.050942e+02 0
4.053456e+02 0
4.055970e+02 0
4.058484e+02 0
4.060998e+02 0
4.063512e+02 0
4.066026e+02 0
4.068540e+02 0
4.071054e+02 0
4.073568e+02 0
4.076082e+02 0
4.078596e+02 0
4.081111e+02 0
4.083625e+02 0
4.086139e+02 0
4.088653e+02 0
4.091167e+02 0
4.093682e+02 0
4.096196e+02 0
4.098710e+02 0
4.101225e+02 0
4.103739e+02 0
4.106254e+02 0
4.108768e+02 0
4.111282e+02 0
4.113797e+02 0
4.116311e+02 0
4.118826e+02 0
4.121341e+02 0
4.123855e+02 0
4.126370e+02 0
4.128884e+02 0
4.131399e+02 0
4.133914e+02 0
4.136428e+02 0
4.138943e+02 0
4.141458e+02 0
4.143973e+02 0
4.146487e+02 0
4.149002e+02 0
4.151517e+02 0
4.154032e+02 0
4.156547e+02 0
4.159062e+02 0
4.161577e+02 0
4.164092e+02 0
4.166607e+02 0
4.169122e+02 0
4.171637e+02 0
4.174152e+02 0
4.176667e+02 0
4.179182e+02 0
4.181697e+02 0
4.184213e+02 0
4.186728e+02 0
4.189243e+02 0
4.191758e+02 0
4.194274e+02 0
4.196789e+02 0
4.199304e+02 0
4.201820e+02 0
4.204335e+02 0
4.206850e+02 0
4.209366e+02 0
4.211881e+02 0
4.214397e+02 0
4.216912e+02 0
4.219428e+02 0
4.221943e+02 0
4.224459e+02 0
4.226974e+02 0
4.229490e+02 0
4.232006e+02 0
4.234521e+02 0
4.237037e+02 0
4.239553e+02 0
4.242069e+02 0
4.244584e+02 0
4.247100e+02 0
4.249616e+02 0
4.252132e+02 0
4.254648e+02 0
4.257164e+02 0
4.259680e+02 0
4.262196e+02 0
4.264711e+02 0
4.267227e+02 0
4.269744e+02 0
4.272260e+02 0
4.274776e+02 0
4.277292e+02 0
4.279808e+02 0
4.282324e+02 0
4.284840e+02 0
4.287356e+02 0
4.289873e+02 0
4.292389e+02 0
4.294905e+02 0
4.297421e+02 0
4.299938e+02 0
4.302454e+02 0
4.304971e+02 0
4.307487e+02 0
4.310003e+02 0
4.312520e+02 0
4.315036e+02 0
4.317553e+02 0
4.320069e+02 0
4.322586e+02 0
4.325102e+02 0
4.327619e+02 0
4.330136e+02 0
4.332652e+02 0
4.335169e+02 0
4.337686e+02 0
4.340202e+02 0
4.342719e+02 0
4.345236e+02 0
4.347753e+02 0
4.350270e+02 0
4.352786e+02 0
4.355303e+02 0
4.357820e+02 0
4.360337e+02 0
4.362854e+02 0
4.365371e+02 0
4.367888e+02 0
4.370405e+02 0
4.372922e+02 0
4.375439e+02 0
4.377956e+02 0
4.380473e+02 0
4.382991e+02 0
4.385508e+02 0
4.388025e+02 0
4.390542e+02 0
4.393059e+02 0
4.395577e+02 0
4.398094e+02 0
4.400611e+02 0
4.403129e+02 0
4.405646e+02 0
4.408163e+02 0
4.410681e+02 0
4.413198e+02 0
4.415716e+02 0
4.418233e+02 0
4.420751e+02 0
4.423268e+02 0
4.425786e+02 0
4.428304e+02 0
4.430821e+02 0
4.433339e+02 0
4.435856e+02 0
4.438374e+02 0
4.440892e+02 0
4.443410e+02 0
4.445927e+02 0
4.448445e+02 0
4.450963e+02 0
4.453481e+02 0
4.455999e+02 0
4.458517e+02 0
4.461035e+02 0
4.463553e+02 0
4.466071e+02 0
4.468589e+02 0
4.471107e+02 0
4.473625e+02 0
4.476143e+02 0
4.478661e+02 0
4.481179e+02 0
4.483697e+02 0
4.486215e+02 0
4.488733e+02 0
4.491252e+02 0
4.493770e+02 0
4.496288e+02 0
4.498806e+02 0
4.501325e+02 0
4.503843e+02 0
4.506361e+02 0
4.508880e+02 0
4.511398e+02 0
4.513917e+02 0
4.516435e+02 0
4.518954e+02 0
4.521472e+02 0
4.523991e+02 0
4.526509e+02 0
4.529028e+02 0
4.531547e+02 0
4.534065e+02 0
4.536584e+02 0
4.539103e+02 0
4.541621e+02 0
4.544140e+02 0
4.546659e+02 0
4.549178e+02 0
4.551696e+02 0
4.554215e+02 0
4.556734e+02 0
4.559253e+02 0
4.561772e+02 0
4.564291e+02 0
4.566810e+02 0
4.569329e+02 0
4.571848e+02 0
4.574367e+02 0
4.576886e+02 0
4.579405e+02 0
4.581924e+02 0
4.584443e+02 0
4.586962e+02 0
4.589482e+02 0
4.592001e+02 0
4.594520e+02 0
4.597039e+02 0
4.599559e+02 0
4.602078e+02 0
4.604597e+02 0
4.607117e+02 0
4.609636e+02 0
4.612156e+02 0
4.614675e+02 0
4.617194e+02 0
4.619714e+02 0
4.622233e+02 0
4.624753e+02 0
4.627273e+02 0
4.629792e+02 0
4.632312e+02 0
4.634831e+02 0
4.637351e+02 0
4.639871e+02 0
4.642391e+02 0
4.644910e+02 0
4.647430e+02 0
4.649950e+02 0
4.652470e+02 0
4.654989e+02 0
4.657509e+02 0
4.660029e+02 0
4.662549e+02 0
4.665069e+02 0
4.667589e+02 0
4.670109e+02 0
4.672629e+02 0
4.675149e+02 0
4.677669e+02 0
4.680189e+02 0
4.682709e+02 0
4.685230e+02 0
4.687750e+02 0
4.690270e+02 0
4.692790e+02 0
4.695310e+02 0
4.697831e+02 0
4.700351e+02 0
4.702871e+02 0
4.705392e+02 0
4.707912e+02 0
4.710432e+02 0
4.712953e+02 0
4.715473e+02 0
4.717994e+02 0
4.720514e+02 0
4.723035e+02 0
4.725555e+02 0
4.728076e+02 0
4.730596e+02 0
4.733117e+02 0
4.735638e+02 0
4.738158e+02 0
4.740679e+02 0
4.743200e+02 0
4.745720e+02 0
4.748241e+02 0
4.750762e+02 0
4.753283e+02 0
4.755804e+02 0
4.758324e+02 0
4.760845e+02 0
4.763366e+02 0
4.765887e+02 0
4.768408e+02 0
4.770929e+02 0
4.773450e+02 0
4.775971e+02 0
4.778492e+02 0
4.781013e+02 0
4.783534e+02 0
4.786056e+02 0
4.788577e+02 0
4.791098e+02 0
4.793619e+02 0
4.796140e+02 0
4.798662e+02 0
4.801183e+02 0
4.803704e+02 0
4.806226e+02 0
4.808747e+02 0
4.811268e+02 0
4.813790e+02 0
4.816311e+02 0
4.818833e+02 0
4.821354e+02 0
4.823876e+02 0
4.826397e+02 0
4.828919e+02 0
4.831440e+02 0
4.833962e+02 0
4.836484e+02 0
4.839005e+02 0
4.841527e+02 0
4.844049e+02 0
4.846570e+02 0
4.849092e+02 0
4.851614e+02 0
4.854136e+02 0
4.856658e+02 0
4.859179e+02 0
4.861701e+02 0
4.864223e+02 0
4.866745e+02 0
4.869267e+02 0
4.871789e+02 0
4.874311e+02 0
4.876833e+02 0
4.879355e+02 0
4.881877e+02 0
4.884399e+02 0
4.886922e+02 0
4.889444e+02 0
4.891966e+02 0
4.894488e+02 0
4.897010e+02 0
4.899533e+02 0
4.902055e+02 0
4.904577e+02 0
4.907100e+02 0
4.909622e+02 0
4.912144e+02 0
4.914667e+02 0
4.917189e+02 0
4.919712e+02 0
4.922234e+02 0
4.924757e+02 0
4.927279e+02 0
4.929802e+02 0
4.932324e+02 0
4.934847e+02 0
4.937369e+02 0
4.939892e+02 0
4.942415e+02 0
4.944938e+02 0
4.947460e+02 0
4.949983e+02 0
4.952506e+02 0
4.955029e+02 0
4.957551e+02 0
4.960074e+02 0
4.962597e+02 0
4.965120e+02 0
4.967643e+02 0
4.970166e+02 0
4.972689e+02 0
4.975212e+02 0
4.977735e+02 0
4.980258e+02 0
4.982781e+02 0
4.985304e+02 0
4.987827e+02 0
4.990351e+02 0
4.992874e+02 0
4.995397e+02 0
4.997920e+02 0
5.000443e+02 0
5.002967e+02 0
5.005490e+02 0
5.008013e+02 0
5.010537e+02 0
5.013060e+02 0
5.015583e+02 0
5.018107e+02 0
5.020630e+02 0
5.023154e+02 0
5.025677e+02 0
5.028201e+02 0
5.030724e+02 0
5.033248e+02 0
5.035772e+02 0
5.038295e+02 0
5.040819e+02 0
5.043343e+02 0
5.045866e+02 0
5.048390e+02 0
5.050914e+02 0
5.053438e+02 0
5.055961e+02 0
5.058485e+02 0
5.061009e+02 0
5.063533e+02 0
5.066057e+02 0
5.068581e+02 0
5.071105e+02 0
5.073629e+02 0
5.076153e+02 0
5.078677e+02 0
5.081201e+02 0
5.083725e+02 0
5.086249e+02 0
5.088773e+02 0
5.091297e+02 0
5.093821e+02 0
5.096346e+02 0
5.098870e+02 0
5.101394e+02 0
5.103918e+02 0
5.106443e+02 0
5.108967e+02 0
5.111491e+02 0
5.114016e+02 0
5.116540e+02 0
5.119065e+02 0
5.121589e+02 0
5.124114e+02 0
5.126638e+02 0
5.129163e+02 0
5.131687e+02 0
5.134212e+02 0
5.136736e+02 0
5.139261e+02 0
5.141786e+02 0
5.144310e+02 0
5.146835e+02 0
5.149360e+02 0
5.151884e+02 0
5.154409e+02 0
5.156934e+02 0
5.159459e+02 0
5.161984e+02 0
5.164509e+02 0
5.167033e+02 0
5.169558e+02 0
5.172083e+02 0
5.174608e+02 0
5.177133e+02 0
5.179658e+02 0
5.182183e+02 0
5.184708e+02 0
5.187234e+02 0
5.189759e+02 0
5.192284e+02 0
5.194809e+02 0
5.197334e+02 0
5.199859e+02 0
5.202385e+02 0
5.204910e+02 0
5.207435e+02 0
5.209961e+02 0
5.212486e+02 0
5.215011e+02 0
5.217537e+02 0
5.220062e+02 0
5.222588e+02 0
5.225113e+02 0
5.227639e+02 0
5.230164e+02 0
5.232690e+02 0
5.235215e+02 0
5.237741e+02 0
5.240266e+02 0
5.242792e+02 0
5.245318e+02 0
5.247844e+02 0
5.250369e+02 0
5.252895e+02 0
5.255421e+02 0
5.257947e+02 0
5.260472e+02 0
5.262998e+02 0
5.265524e+02 0
5.268050e+02 0
5.270576e+02 0
5.273102e+02 0
5.275628e+02 0
5.278154e+02 0
5.280680e+02 0
5.283206e+02 0
5.285732e+02 0
5.288258e+02 0
5.290784e+02 0
5.293310e+02 0
5.295837e+02 0
5.298363e+02 0
5.300889e+02 0
5.303415e+02 0
5.305941e+02 0
5.308468e+02 0
5.310994e+02 0
5.313520e+02 0
5.316047e+02 0
5.318573e+02 0
5.321100e+02 0
5.323626e+02 0
5.326153e+02 0
5.328679e+02 0
5.331206e+02 0
5.333732e+02 0
5.336259e+02 0
5.338785e+02 0
5.341312e+02 0
5.343839e+02 0
5.346365e+02 0
5.348892e+02 0
5.351419e+02 0
5.353945e+02 0
5.356472e+02 0
5.358999e+02 0
5.361526e+02 0
5.364053e+02 0
5.366580e+02 0
5.369106e+02 0
5.371633e+02 0
5.374160e+02 0
5.376687e+02 0
5.379214e+02 0
5.381741e+02 0
5.384268e+02 0
5.386795e+02 0
5.389322e+02 0
5.391850e+02 0
5.394377e+02 0
5.396904e+02 0
5.399431e+02 0
5.401958e+02 0
5.404486e+02 0
5.407013e+02 0
5.409540e+02 0
5.412067e+02 0
5.414595e+02 0
5.417122e+02 0
5.419650e+02 0
5.422177e+02 0
5.424704e+02 0
5.427232e+02 0
5.429759e+02 0
5.432287e+02 0
5.434814e+02 0
5.437342e+02 0
5.439870e+02 0
5.442397e+02 0
5.444925e+02 0
5.447453e+02 0
5.449980e+02 0
5.452508e+02 0
5.455036e+02 0
5.457563e+02 0
5.460091e+02 0
5.462619e+02 0
5.465147e+02 0
5.467675e+02 0
5.470203e+02 0
5.472731e+02 0
5.475259e+02 0
5.477787e+02 0
5.480315e+02 0
5.482843e+02 0
5.485371e+02 0
5.487899e+02 0
5.490427e+02 0
5.492955e+02 0
5.495483e+02 0
5.498011e+02 0
5.500539e+02 0
5.503068e+02 0
5.505596e+02 0
5.508124e+02 0
5.510652e+02 0
5.513181e+02 0
5.515709e+02 0
5.518237e+02 0
5.520766e+02 0
5.523294e+02 0
5.525823e+02 0
5.528351e+02 0
5.530880e+02 0
5.533408e+02 0
5.535937e+02 0
5.538465e+02 0
5.540994e+02 0
5.543522e+02 0
5.546051e+02 0
5.548580e+02 0
5.551108e+02 0
5.553637e+02 0
5.556166e+02 0
5.558695e+02 0
5.561223e+02 0
5.563752e+02 0
5.566281e+02 0
5.568810e+02 0
5.571339e+02 0
5.573868e+02 0
5.576397e+02 0
5.578926e+02 0
5.581455e+02 0
5.583984e+02 0
5.586513e+02 0
5.589042e+02 0
5.591571e+02 0
5.594100e+02 0
5.596629e+02 0
5.599158e+02 0
5.601687e+02 0
5.604217e+02 0
5.606746e+02 0
5.609275e+02 0
5.611804e+02 0
5.614334e+02 0
5.616863e+02 0
5.619392e+02 0
5.621922e+02 0
5.624451e+02 0
5.626981e+02 0
5.629510e+02 0
5.632040e+02 0
5.634569e+02 0
5.637099e+02 0
5.639628e+02 0
5.642158e+02 0
5.644688e+02 0
5.647217e+02 0
5.649747e+02 0
5.652276e+02 0
5.654806e+02 0
5.657336e+02 0
5.659866e+02 0
5.662395e+02 0
5.664925e+02 0
5.667455e+02 0
5.669985e+02 0
5.672515e+02 0
5.675045e+02 0
5.677575e+02 0
5.680105e+02 0
5.682635e+02 0
5.685165e+02 0
5.687695e+02 0
5.690225e+02 0
5.692755e+02 0
5.695285e+02 0
5.697815e+02 0
5.700345e+02 0
5.702875e+02 0
5.705406e+02 0
5.707936e+02 0
5.710466e+02 0
5.712996e+02 0
5.715527e+02 0
5.718057e+02 0
5.720587e+02 0
5.723118e+02 0
5.725648e+02 0
5.728179e+02 0
5.730709e+02 0
5.733240e+02 0
5.735770e+02 0
5.738301e+02 0
5.740831e+02 0
5.743362e+02 0
5.745892e+02 0
5.748423e+02 0
5.750954e+02 0
5.753484e+02 0
5.756015e+02 0
5.758546e+02 0
5.761077e+02 0
5.763607e+02 0
5.766138e+02 0
5.768669e+02 0
5.771200e+02 0
5.773731e+02 0
5.776262e+02 0
5.778793e+02 0
5.781324e+02 0
5.783855e+02 0
5.786386e+02 0
5.788917e+02 0
5.791448e+02 0
5.793979e+02 0
5.796510e+02 0
5.799041e+02 0
5.801572e+02 0
5.804103e+02 0
5.806635e+02 0
5.809166e+02 0
5.811697e+02 0
5.814228e+02 0
5.816760e+02 0
5.819291e+02 0
5.821822e+02 0
5.824354e+02 0
5.826885e+02 0
5.829417e+02 0
5.831948e+02 0
5.834480e+02 0
5.837011e+02 0
5.839543e+02 0
5.842074e+02 0
5.844606e+02 0
5.847137e+02 0
5.849669e+02 0
5.852201e+02 0
5.854732e+02 0
5.857264e+02 0
5.859796e+02 0
5.862327e+02 0
5.864859e+02 0
5.867391e+02 0
5.869923e+02 0
5.872455e+02 0
5.874987e+02 0
5.877519e+02 0
5.880050e+02 0
5.882582e+02 0
5.885114e+02 0
5.887646e+02 0
5.890178e+02 0
5.892710e+02 0
5.895243e+02 0
5.897775e+02 0
5.900307e+02 0
5.902839e+02 0
5.905371e+02 0
5.907903e+02 0
5.910436e+02 0
5.912968e+02 0
5.915500e+02 0
5.918032e+02 0
5.920565e+02 0
5.923097e+02 0
5.925629e+02 0
5.928162e+02 0
5.930694e+02 0
5.933227e+02 0
5.935759e+02 0
5.938292e+02 0
5.940824e+02 0
5.943357e+02 0
5.945889e+02 0
5.948422e+02 0
5.950955e+02 0
5.953487e+02 0
5.956020e+02 0
5.958553e+02 0
5.961085e+02 0
5.963618e+02 0
5.966151e+02 0
5.968684e+02 0
5.971217e+02 0
5.973749e+02 0
5.976282e+02 0
5.978815e+02 0
5.981348e+02 0
5.983881e+02 0
5.986414e+02 0
5.988947e+02 0
5.991480e+02 0
5.994013e+02 0
5.996546e+02 0
5.999079e+02 0
6.001612e+02 0
6.004146e+02 0
6.006679e+02 0
6.009212e+02 0
6.011745e+02 0
6.014278e+02 0
6.016812e+02 0
6.019345e+02 0
6.021878e+02 0
6.024412e+02 0
6.026945e+02 0
6.029479e+02 0
6.032012e+02 0
6.034545e+02 0
6.037079e+02 0
6.039612e+02 0
6.042146e+02 0
6.044679e+02 0
6.047213e+02 0
6.049747e+02 0
6.052280e+02 0
6.054814e+02 0
6.057348e+02 0
6.059881e+02 0
6.062415e+02 0
6.064949e+02 0
6.067483e+02 0
6.070016e+02 0
6.072550e+02 0
6.075084e+02 0
6.077618e+02 0
6.080152e+02 0
6.082686e+02 0
6.085220e+02 0
6.087754e+02 0
6.090288e+02 0
6.092822e+02 0
6.095356e+02 0
6.097890e+02 0
6.100424e+02 0
6.102958e+02 0
6.105492e+02 0
6.108026e+02 0
6.110561e+02 0
6.113095e+02 0
6.115629e+02 0
6.118163e+02 0
6.120698e+02 0
6.123232e+02 0
6.125766e+02 0
6.128301e+02 0
6.130835e+02 0
6.133369e+02 0
6.135904e+02 0
6.138438e+02 0
6.140973e+02 0
6.143507e+02 0
6.146042e+02 0
6.148577e+02 0
6.151111e+02 0
6.153646e+02 0
6.156180e+02 0
6.158715e+02 0
6.161250e+02 0
6.163784e+02 0
6.166319e+02 0
6.168854e+02 0
6.171389e+02 0
6.173924e+02 0
6.176458e+02 0
6.178993e+02 0
6.181528e+02 0
6.184063e+02 0
6.186598e+02 0
6.189133e+02 0
6.191668e+02 0
6.194203e+02 0
6.196738e+02 0
6.199273e+02 0
6.201808e+02 0
6.204343e+02 0
6.206879e+02 0
6.209414e+02 0
6.211949e+02 0
6.214484e+02 0
6.217019e+02 0
6.219555e+02 0
6.222090e+02 0
6.224625e+02 0
6.227161e+02 0
6.229696e+02 0
6.232231e+02 0
6.234767e+02 0
6.237302e+02 0
6.239838e+02 0
6.242373e+02 0
6.244909e+02 0
6.247444e+02 0
6.249980e+02 0
6.252515e+02 0
6.255051e+02 0
6.257587e+02 0
6.260122e+02 0
6.262658e+02 0
6.265194e+02 0
6.267730e+02 0
6.270265e+02 0
6.272801e+02 0
6.275337e+02 0
6.277873e+02 0
6.280409e+02 0
6.282945e+02 0
6.285481e+02 0
6.288016e+02 0
6.290552e+02 0
6.293088e+02 0
6.295624e+02 0
6.298160e+02 0
6.300697e+02 0
6.303233e+02 0
6.305769e+02 0
6.308305e+02 0
6.310841e+02 0
6.313377e+02 0
6.315913e+02 0
6.318450e+02 0
6.320986e+02 0
6.323522e+02 0
6.326059e+02 0
6.328595e+02 0
6.331131e+02 0
6.333668e+02 0
6.336204e+02 0
6.338741e+02 0
6.341277e+02 0
6.343814e+02 0
6.346350e+02 0
6.348887e+02 0
6.351423e+02 0
6.353960e+02 0
6.356496e+02 0
6.359033e+02 0
6.361570e+02 0
6.364106e+02 0
6.366643e+02 0
6.369180e+02 0
6.371717e+02 0
6.374253e+02 0
6.376790e+02 0
6.379327e+02 0
6.381864e+02 0
6.384401e+02 0
6.386938e+02 0
6.389475e+02 0
6.392012e+02 0
6.394549e+02 0
6.397086e+02 0
6.399623e+02 0
6.402160e+02 0
6.404697e+02 0
6.407234e+02 0
6.409771e+02 0
6.412308e+02 0
6.414845e+02 0
6.417383e+02 0
6.419920e+02 0
6.422457e+02 0
6.424994e+02 0
6.427532e+02 0
6.430069e+02 0
6.432606e+02 0
6.435144e+02 0
6.437681e+02 0
6.440219e+02 0
6.442756e+02 0
6.445294e+02 0
6.447831e+02 0
6.450369e+02 0
6.452906e+02 0
6.455444e+02 0
6.457981e+02 0
6.460519e+02 0
6.463057e+02 0
6.465594e+02 0
6.468132e+02 0
6.470670e+02 0
6.473208e+02 0
6.475745e+02 0
6.478283e+02 0
6.480821e+02 0
6.483359e+02 0
6.485897e+02 0
6.488435e+02 0
6.490973e+02 0
6.493511e+02 0
6.496049e+02 0
6.498587e+02 0
6.501125e+02 0
6.503663e+02 0
6.506201e+02 0
6.508739e+02 0
6.511277e+02 0
6.513815e+02 0
6.516354e+02 0
6.518892e+02 0
6.521430e+02 0
6.523968e+02 0
6.526507e+02 0
6.529045e+02 0
6.531583e+02 0
6.534122e+02 0
6.536660e+02 0
6.539198e+02 0
6.541737e+02 0
6.544275e+02 0
6.546814e+02 0
6.549352e+02 0
6.551891e+02 0
6.554429e+02 0
6.556968e+02 0
6.559507e+02 0
6.562045e+02 0
6.564584e+02 0
6.567122e+02 0
6.569661e+02 0
6.572200e+02 0
6.574739e+02 0
6.577277e+02 0
6.579816e+02 0
6.582355e+02 0
6.584894e+02 0
6.587433e+02 0
6.589972e+02 0
6.592511e+02 0
6.595050e+02 0
6.597589e+02 0
6.600128e+02 0
6.602667e+02 0
6.605206e+02 0
6.607745e+02 0
6.610284e+02 0
6.612823e+02 0
6.615362e+02 0
6.617901e+02 0
6.620441e+02 0
6.622980e+02 0
6.625519e+02 0
6.628058e+02 0
6.630598e+02 0
6.633137e+02 0
6.635676e+02 0
6.638216e+02 0
6.640755e+02 0
6.643295e+02 0
6.645834e+02 0
6.648374e+02 0
6.650913e+02 0
6.653453e+02 0
6.655992e+02 0
6.658532e+02 0
6.661071e+02 0
6.663611e+02 0
6.666151e+02 0
6.668690e+02 0
6.671230e+02 0
6.673770e+02 0
6.676310e+02 0
6.678849e+02 0
6.681389e+02 0
6.683929e+02 0
6.686469e+02 0
6.689009e+02 0
6.691549e+02 0
6.694089e+02 0
6.696629e+02 0
6.699169e+02 0
6.701709e+02 0
6.704249e+02 0
6.706789e+02 0
6.709329e+02 0
6.711869e+02 0
6.714409e+02 0
6.716949e+02 0
6.719489e+02 0
6.722029e+02 0
6.724570e+02 0
6.727110e+02 0
6.729650e+02 0
6.732191e+02 0
6.734731e+02 0
6.737271e+02 0
6.739812e+02 0
6.742352e+02 0
6.744892e+02 0
6.747433e+02 0
6.749973e+02 0
6.752514e+02 0
6.755054e+02 0
6.757595e+02 0
6.760136e+02 0
6.762676e+02 0
6.765217e+02 0
6.767757e+02 0
6.770298e+02 0
6.772839e+02 0
6.775380e+02 0
6.777920e+02 0
6.780461e+02 0
6.783002e+02 0
6.785543e+02 0
6.788084e+02 0
6.790624e+02 0
6.793165e+02 1
6.795706e+02 0
6.798247e+02 0
6.800788e+02 0
6.803329e+02 0
6.805870e+02 0
6.808411e+02 1
6.810952e+02 0
6.813494e+02 0
6.816035e+02 0
6.818576e+02 0
6.821117e+02 0
6.823658e+02 0
6.826199e+02 0
6.828741e+02 0
6.831282e+02 0
6.833823e+02 0
6.836365e+02 0
6.838906e+02 0
6.841447e+02 0
6.843989e+02 0
6.846530e+02 0
6.849072e+02 0
6.851613e+02 0
6.854155e+02 0
6.856696e+02 0
6.859238e+02 0
6.861779e+02 0
6.864321e+02 0
6.866862e+02 0
6.869404e+02 0
6.871946e+02 0
6.874488e+02 0
6.877029e+02 0
6.879571e+02 0
6.882113e+02 0
6.884655e+02 0
6.887196e+02 0
6.889738e+02 0
6.892280e+02 0
6.894822e+02 0
6.897364e+02 0
6.899906e+02 0
6.902448e+02 0
6.904990e+02 0
6.907532e+02 0
6.910074e+02 0
6.912616e+02 0
6.915158e+02 0
6.917700e+02 0
6.920242e+02 0
6.922785e+02 0
6.925327e+02 0
6.927869e+02 0
6.930411e+02 0
6.932954e+02 0
6.935496e+02 0
6.938038e+02 0
6.940581e+02 0
6.943123e+02 0
6.945665e+02 0
6.948208e+02 0
6.950750e+02 0
6.953293e+02 0
6.955835e+02 0
6.958378e+02 0
6.960920e+02 0
6.963463e+02 0
6.966005e+02 0
6.968548e+02 0
6.971091e+02 0
6.973633e+02 0
6.976176e+02 0
6.978719e+02 0
6.981262e+02 0
6.983804e+02 0
6.986347e+02 0
6.988890e+02 0
6.991433e+02 0
6.993976e+02 0
6.996519e+02 0
6.999061e+02 0
7.001604e+02 0
7.004147e+02 0
7.006690e+02 1
7.009233e+02 0
7.011776e+02 0
7.014320e+02 0
7.016863e+02 0
7.019406e+02 0
7.021949e+02 0
7.024492e+02 0
7.027035e+02 0
7.029578e+02 0
7.032122e+02 0
7.034665e+02 0
7.037208e+02 0
7.039752e+02 0
7.042295e+02 0
7.044838e+02 0
7.047382e+02 0
7.049925e+02 0
7.052469e+02 0
7.055012e+02 0
7.057556e+02 0
7.060099e+02 0
7.062643e+02 0
7.065186e+02 0
7.067730e+02 0
7.070273e+02 0
7.072817e+02 0
7.075361e+02 0
7.077904e+02 0
7.080448e+02 0
7.082992e+02 0
7.085536e+02 0
7.088079e+02 0
7.090623e+02 0
7.093167e+02 0
7.095711e+02 0
7.098255e+02 0
7.100799e+02 0
7.103343e+02 0
7.105887e+02 0
7.108431e+02 0
7.110975e+02 0
7.113519e+02 0
7.116063e+02 0
7.118607e+02 0
7.121151e+02 1
7.123695e+02 0
7.126239e+02 0
7.128784e+02 0
7.131328e+02 0
7.133872e+02 0
7.136416e+02 0
7.138961e+02 0
7.141505e+02 0
7.144049e+02 0
7.146594e+02 0
7.149138e+02 0
7.151683e+02 0
7.154227e+02 1
7.156771e+02 0
7.159316e+02 0
7.161860e+02 0
7.164405e+02 0
7.166950e+02 0
7.169494e+02 0
7.172039e+02 0
7.174583e+02 0
7.177128e+02 0
7.179673e+02 0
7.182217e+02 0
7.184762e+02 0
7.187307e+02 0
7.189852e+02 0
7.192397e+02 0
7.194941e+02 0
7.197486e+02 0
7.200031e+02 0
7.202576e+02 0
7.205121e+02 0
7.207666e+02 2
7.210211e+02 0
7.212756e+02 1
7.215301e+02 0
7.217846e+02 1
7.220391e+02 1
7.222936e+02 1
7.225482e+02 0
7.228027e+02 0
7.230572e+02 0
7.233117e+02 1
7.235662e+02 0
7.238208e+02 0
7.240753e+02 0
7.243298e+02 0
7.245844e+02 0
7.248389e+02 0
7.250934e+02 0
7.253480e+02 1
7.256025e+02 1
7.258571e+02 0
7.261116e+02 0
7.263662e+02 0
7.266207e+02 0
7.268753e+02 0
7.271298e+02 0
7.273844e+02 0
7.276390e+02 0
7.278935e+02 0
7.281481e+02 0
7.284027e+02 0
7.286572e+02 1
7.289118e+02 0
7.291664e+02 1
7.294210e+02 0
7.296756e+02 0
7.299301e+02 1
7.301847e+02 0
7.304393e+02 0
7.306939e+02 0
7.309485e+02 0
7.312031e+02 0
7.314577e+02 0
7.317123e+02 0
7.319669e+02 0
7.322215e+02 0
7.324761e+02 0
7.327308e+02 1
7.329854e+02 0
7.332400e+02 2
7.334946e+02 0
7.337492e+02 0
7.340039e+02 1
7.342585e+02 1
7.345131e+02 0
7.347678e+02 0
7.350224e+02 1
7.352770e+02 0
7.355317e+02 0
7.357863e+02 0
7.360410e+02 0
7.362956e+02 0
7.365503e+02 0
7.368049e+02 0
7.370596e+02 0
7.373142e+02 1
7.375689e+02 0
7.378236e+02 0
7.380782e+02 0
7.383329e+02 0
7.385876e+02 0
7.388422e+02 0
7.390969e+02 0
7.393516e+02 0
7.396063e+02 0
7.398610e+02 0
7.401157e+02 0
7.403703e+02 0
7.406250e+02 1
7.408797e+02 1
7.411344e+02 1
7.413891e+02 0
7.416438e+02 0
7.418985e+02 1
7.421532e+02 1
7.424079e+02 1
7.426627e+02 0
7.429174e+02 1
7.431721e+02 2
7.434268e+02 0
7.436815e+02 0
7.439362e+02 0
7.441910e+02 0
7.444457e+02 0
7.447004e+02 1
7.449552e+02 1
7.452099e+02 0
7.454646e+02 0
7.457194e+02 2
7.459741e+02 0
7.462289e+02 1
7.464836e+02 0
7.467384e+02 1
7.469931e+02 0
7.472479e+02 1
7.475026e+02 0
7.477574e+02 1
7.480122e+02 0
7.482669e+02 1
7.485217e+02 0
7.487765e+02 1
7.490312e+02 0
7.492860e+02 1
7.495408e+02 0
7.497956e+02 1
7.500504e+02 2
7.503051e+02 0
7.505599e+02 0
7.508147e+02 0
7.510695e+02 0
7.513243e+02 1
7.515791e+02 0
7.518339e+02 1
7.520887e+02 2
7.523435e+02 1
7.525983e+02 1
7.528531e+02 0
7.531080e+02 2
7.533628e+02 0
7.536176e+02 1
7.538724e+02 1
7.541272e+02 3
7.543821e+02 2
7.546369e+02 1
7.548917e+02 0
7.551466e+02 2
7.554014e+02 0
7.556562e+02 2
7.559111e+02 0
7.561659e+02 0
7.564208e+02 0
7.566756e+02 0
7.569305e+02 0
7.571853e+02 0
7.574402e+02 1
7.576950e+02 1
7.579499e+02 2
7.582047e+02 3
7.584596e+02 0
7.587145e+02 1
7.589693e+02 0
7.592242e+02 1
7.594791e+02 0
7.597340e+02 1
7.599889e+02 3
7.602437e+02 0
7.604986e+02 0
7.607535e+02 0
7.610084e+02 1
7.612633e+02 1
7.615182e+02 1
7.617731e+02 3
7.620280e+02 1
7.622829e+02 0
7.625378e+02 1
7.627927e+02 0
7.630476e+02 1
7.633025e+02 0
7.635574e+02 0
7.638124e+02 1
7.640673e+02 0
7.643222e+02 1
7.645771e+02 0
7.648321e+02 2
7.650870e+02 2
7.653419e+02 0
7.655969e+02 1
7.658518e+02 2
7.661067e+02 1
7.663617e+02 3
7.666166e+02 1
7.668716e+02 1
7.671265e+02 1
7.673815e+02 1
7.676364e+02 0
7.678914e+02 2
7.681464e+02 1
7.684013e+02 2
7.686563e+02 2
7.689112e+02 2
7.691662e+02 3
7.694212e+02 2
7.696762e+02 3
7.699311e+02 0
7.701861e+02 1
7.704411e+02 1
7.706961e+02 1
7.709511e+02 2
7.712061e+02 2
7.714611e+02 1
7.717161e+02 1
7.719711e+02 1
7.722261e+02 0
7.724811e+02 1
7.727361e+02 1
7.729911e+02 1
7.732461e+02 1
7.735011e+02 4
7.737561e+02 2
7.740111e+02 0
7.742661e+02 2
7.745212e+02 3
7.747762e+02 1
7.750312e+02 0
7.752863e+02 0
7.755413e+02 2
7.757963e+02 0
7.760514e+02 0
7.763064e+02 2
7.765614e+02 1
7.768165e+02 2
7.770715e+02 5
7.773266e+02 0
7.775816e+02 1
7.778367e+02 0
7.780918e+02 1
7.783468e+02 3
7.786019e+02 2
7.788569e+02 4
7.791120e+02 0
7.793671e+02 3
7.796222e+02 1
7.798772e+02 2
7.801323e+02 5
7.803874e+02 1
7.806425e+02 1
7.808976e+02 1
7.811526e+02 3
7.814077e+02 0
7.816628e+02 2
7.819179e+02 1
7.821730e+02 1
7.824281e+02 0
7.826832e+02 0
7.829383e+02 0
7.831934e+02 1
7.834485e+02 0
7.837037e+02 0
7.839588e+02 2
7.842139e+02 5
7.844690e+02 4
7.847241e+02 6
7.849793e+02 0
7.852344e+02 2
7.854895e+02 2
7.857446e+02 2
7.859998e+02 1
7.862549e+02 3
7.865101e+02 1
7.867652e+02 2
7.870203e+02 1
7.872755e+02 0
7.875306e+02 1
7.877858e+02 3
7.880409e+02 2
7.882961e+02 3
7.885513e+02 1
7.888064e+02 4
7.890616e+02 1
7.893168e+02 0
7.895719e+02 3
7.898271e+02 0
7.900823e+02 4
7.903374e+02 2
7.905926e+02 2
7.908478e+02 3
7.911030e+02 4
7.913582e+02 2
7.916134e+02 2
7.918686e+02 1
7.921238e+02 1
7.923790e+02 2
7.926342e+02 0
7.928894e+02 5
7.931446e+02 4
7.933998e+02 1
7.936550e+02 2
7.939102e+02 2
7.941654e+02 0
7.944206e+02 3
7.946758e+02 4
7.949311e+02 5
7.951863e+02 2
7.954415e+02 2
7.956967e+02 2
7.959520e+02 2
7.962072e+02 1
7.964625e+02 2
7.967177e+02 3
7.969729e+02 2
7.972282e+02 0
7.974834e+02 5
7.977387e+02 4
7.979939e+02 2
7.982492e+02 4
7.985044e+02 0
7.987597e+02 3
7.990150e+02 3
7.992702e+02 4
7.995255e+02 3
7.997808e+02 1
8.000360e+02 3
8.002913e+02 3
8.005466e+02 2
8.008019e+02 2
8.010571e+02 2
8.013124e+02 2
8.015677e+02 2
8.018230e+02 4
8.020783e+02 4
8.023336e+02 4
8.025889e+02 6
8.028442e+02 2
8.030995e+02 2
8.033548e+02 7
8.036101e+02 1
8.038654e+02 0
8.041207e+02 0
8.043760e+02 5
8.046314e+02 3
8.048867e+02 1
8.051420e+02 4
8.053973e+02 1
8.056526e+02 2
8.059080e+02 3
8.061633e+02 5
8.064186e+02 6
8.066740e+02 1
8.069293e+02 2
8.071847e+02 5
8.074400e+02 8
8.076954e+02 3
8.079507e+02 4
8.082061e+02 4
8.084614e+02 2
8.087168e+02 2
8.089721e+02 1
8.092275e+02 4
8.094828e+02 4
8.097382e+02 5
8.099936e+02 2
8.102490e+02 1
8.105043e+02 4
8.107597e+02 5
8.110151e+02 5
8.112705e+02 4
8.115259e+02 3
8.117812e+02 2
8.120366e+02 4
8.122920e+02 4
8.125474e+02 2
8.128028e+02 6
8.130582e+02 2
8.133136e+02 3
8.135690e+02 3
8.138244e+02 1
8.140798e+02 3
8.143352e+02 1
8.145907e+02 8
8.148461e+02 6
8.151015e+02 2
8.153569e+02 4
8.156123e+02 5
8.158678e+02 6
8.161232e+02 4
8.163786e+02 2
8.166341e+02 5
8.168895e+02 7
8.171449e+02 4
8.174004e+02 6
8.176558e+02 4
8.179113e+02 5
8.181667e+02 6
8.184222e+02 8
8.186776e+02 6
8.189331e+02 5
8.191885e+02 4
8.194440e+02 4
8.196995e+02 5
8.199549e+02 5
8.202104e+02 1
8.204659e+02 3
8.207213e+02 3
8.209768e+02 11
8.212323e+02 3
8.214878e+02 6
8.217433e+02 3
8.219987e+02 3
8.222542e+02 5
8.225097e+02 3
8.227652e+02 5
8.230207e+02 4
8.232762e+02 3
8.235317e+02 3
8.237872e+02 2
8.240427e+02 4
8.242982e+02 6
8.245537e+02 3
8.248093e+02 2
8.250648e+02 5
8.253203e+02 3
8.255758e+02 3
8.258313e+02 7
8.260869e+02 4
8.263424e+02 3
8.265979e+02 2
8.268535e+02 9
8.271090e+02 8
8.273645e+02 5
8.276201e+02 5
8.278756e+02 13
8.281312e+02 5
8.283867e+02 3
8.286423e+02 8
8.288978e+02 7
8.291534e+02 6
8.294089e+02 4
8.296645e+02 2
8.299201e+02 5
8.301756e+02 4
8.304312e+02 5
8.306868e+02 5
8.309423e+02 7
8.311979e+02 6
8.314535e+02 4
8.317091e+02 2
8.319647e+02 6
8.322202e+02 3
8.324758e+02 7
8.327314e+02 2
8.329870e+02 5
8.332426e+02 2
8.334982e+02 4
8.337538e+02 7
8.340094e+02 5
8.342650e+02 6
8.345206e+02 3
8.347762e+02 4
8.350319e+02 4
8.352875e+02 2
8.355431e+02 4
8.357987e+02 2
8.360543e+02 4
8.363100e+02 5
8.365656e+02 4
8.368212e+02 8
8.370769e+02 5
8.373325e+02 3
8.375881e+02 8
8.378438e+02 8
8.380994e+02 8
8.383551e+02 4
8.386107e+02 4
8.388664e+02 8
8.391220e+02 7
8.393777e+02 11
8.396333e+02 2
8.398890e+02 2
8.401447e+02 7
8.404003e+02 2
8.406560e+02 3
8.409117e+02 6
8.411673e+02 6
8.414230e+02 10
8.416787e+02 10
8.419344e+02 9
8.421900e+02 9
8.424457e+02 6
8.427014e+02 4
8.429571e+02 6
8.432128e+02 4
8.434685e+02 5
8.437242e+02 6
8.439799e+02 7
8.442356e+02 8
8.444913e+02 6
8.447470e+02 10
8.450027e+02 5
8.452584e+02 4
8.455142e+02 9
8.457699e+02 6
8.460256e+02 9
8.462813e+02 11
8.465370e+02 4
8.467928e+02 12
8.470485e+02 4
8.473042e+02 4
8.475600e+02 9
8.478157e+02 7
8.480714e+02 9
8.483272e+02 10
8.485829e+02 10
8.488387e+02 5
8.490944e+02 4
8.493502e+02 8
8.496059e+02 1
8.498617e+02 6
8.501175e+02 12
8.503732e+02 8
8.506290e+02 1
8.508848e+02 13
8.511405e+02 10
8.513963e+02 7
8.516521e+02 11
8.519079e+02 1
8.521636e+02 4
8.524194e+02 4
8.526752e+02 12
8.529310e+02 14
8.531868e+02 7
8.534426e+02 3
8.536984e+02 10
8.539542e+02 7
8.542100e+02 4
8.544658e+02 7
8.547216e+02 5
8.549774e+02 4
8.552332e+02 7
8.554890e+02 8
8.557448e+02 10
8.560006e+02 7
8.562565e+02 11
8.565123e+02 9
8.567681e+02 9
8.570239e+02 7
8.572798e+02 10
8.575356e+02 5
8.577914e+02 7
8.580473e+02 8
8.583031e+02 12
8.585590e+02 7
8.588148e+02 8
8.590707e+02 10
8.593265e+02 5
8.595824e+02 10
8.598382e+02 8
8.600941e+02 6
8.603499e+02 7
8.606058e+02 5
8.608617e+02 14
8.611175e+02 7
8.613734e+02 9
8.616293e+02 11
8.618851e+02 9
8.621410e+02 3
8.623969e+02 4
8.626528e+02 4
8.629087e+02 10
8.631646e+02 7
8.634204e+02 7
8.636763e+02 7
8.639322e+02 4
8.641881e+02 8
8.644440e+02 8
8.646999e+02 8
8.649558e+02 12
8.652117e+02 8
8.654677e+02 5
8.657236e+02 4
8.659795e+02 8
8.662354e+02 10
8.664913e+02 7
8.667472e+02 10
8.670032e+02 13
8.672591e+02 6
8.675150e+02 9
8.677710e+02 9
8.680269e+02 13
8.682828e+02 6
8.685388e+02 7
8.687947e+02 5
8.690507e+02 7
8.693066e+02 8
8.695626e+02 5
8.698185e+02 9
8.700745e+02 8
8.703304e+02 8
8.705864e+02 9
8.708423e+02 12
8.710983e+02 4
8.713543e+02 17
8.716102e+02 3
8.718662e+02 10
8.721222e+02 5
8.723782e+02 8
8.726342e+02 9
8.728901e+02 11
8.731461e+02 10
8.734021e+02 10
8.736581e+02 11
8.739141e+02 10
8.741701e+02 8
8.744261e+02 8
8.746821e+02 8
8.749381e+02 5
8.751941e+02 12
8.754501e+02 4
8.757061e+02 3
8.759621e+02 5
8.762181e+02 9
8.764742e+02 7
8.767302e+02 12
8.769862e+02 10
8.772422e+02 13
8.774982e+02 7
8.777543e+02 3
8.780103e+02 11
8.782663e+02 15
8.785224e+02 10
8.787784e+02 10
8.790345e+02 7
8.792905e+02 11
8.795466e+02 12
8.798026e+02 10
8.800587e+02 14
8.803147e+02 9
8.805708e+02 13
8.808268e+02 17
8.810829e+02 8
8.813390e+02 13
8.815950e+02 6
8.818511e+02 13
8.821072e+02 7
8.823632e+02 8
8.826193e+02 8
8.828754e+02 12
8.831315e+02 8
8.833876e+02 12
8.836436e+02 6
8.838997e+02 8
8.841558e+02 7
8.844119e+02 10
8.846680e+02 9
8.849241e+02 20
8.851802e+02 5
8.854363e+02 7
8.856924e+02 14
8.859485e+02 12
8.862047e+02 10
8.864608e+02 7
8.867169e+02 10
8.869730e+02 12
8.872291e+02 7
8.874853e+02 7
8.877414e+02 10
8.879975e+02 11
8.882536e+02 13
8.885098e+02 11
8.887659e+02 9
8.890221e+02 11
8.892782e+02 10
8.895343e+02 10
8.897905e+02 9
8.900466e+02 6
8.903028e+02 9
8.905589e+02 3
8.908151e+02 7
8.910713e+02 17
8.913274e+02 7
8.915836e+02 12
8.918397e+02 11
8.920959e+02 4
8.923521e+02 8
8.926083e+02 10
8.928644e+02 10
8.931206e+02 7
8.933768e+02 7
8.936330e+02 9
8.938892e+02 13
8.941454e+02 8
8.944016e+02 4
8.946577e+02 9
8.949139e+02 12
8.951701e+02 14
8.954263e+02 8
8.956826e+02 12
8.959388e+02 6
8.961950e+02 11
8.964512e+02 8
8.967074e+02 10
8.969636e+02 10
8.972198e+02 5
8.974761e+02 9
8.977323e+02 12
8.979885e+02 7
8.982447e+02 11
8.985010e+02 9
8.987572e+02 14
8.990134e+02 10
8.992697e+02 5
8.995259e+02 13
8.997822e+02 9
9.000384e+02 12
9.002947e+02 9
9.005509e+02 9
9.008072e+02 11
9.010634e+02 12
9.013197e+02 8
9.015759e+02 9
9.018322e+02 13
9.020885e+02 4
9.023447e+02 7
9.026010e+02 12
9.028573e+02 12
9.031136e+02 11
9.033698e+02 1
9.036261e+02 6
9.038824e+02 11
9.041387e+02 16
9.043950e+02 11
9.046513e+02 7
9.049076e+02 9
9.051639e+02 12
9.054202e+02 10
9.056765e+02 7
9.059328e+02 10
9.061891e+02 9
9.064454e+02 9
9.067017e+02 10
9.069580e+02 8
9.072143e+02 11
9.074706e+02 13
9.077270e+02 11
9.079833e+02 10
9.082396e+02 5
9.084959e+02 6
9.087523e+02 10
9.090086e+02 9
9.092649e+02 14
9.095213e+02 13
9.097776e+02 5
9.100340e+02 9
9.102903e+02 13
9.105467e+02 13
9.108030e+02 9
9.110594e+02 7
9.113157e+02 14
9.115721e+02 19
9.118284e+02 7
9.120848e+02 11
9.123412e+02 9
9.125975e+02 8
9.128539e+02 8
9.131103e+02 11
9.133667e+02 13
9.136230e+02 6
9.138794e+02 11
9.141358e+02 10
9.143922e+02 9
9.146486e+02 8
9.149050e+02 8
9.151614e+02 8
9.154178e+02 4
9.156742e+02 9
9.159306e+02 4
9.161870e+02 10
9.164434e+02 9
9.166998e+02 12
9.169562e+02 10
9.172126e+02 10
9.174690e+02 16
9.177254e+02 10
9.179819e+02 4
9.182383e+02 9
9.184947e+02 6
9.187511e+02 14
9.190076e+02 10
9.192640e+02 8
9.195204e+02 7
9.197769e+02 9
9.200333e+02 15
9.202898e+02 4
9.205462e+02 12
9.208027e+02 12
9.210591e+02 19
9.213156e+02 9
9.215720e+02 8
9.218285e+02 9
9.220849e+02 7
9.223414e+02 6
9.225979e+02 12
9.228543e+02 7
9.231108e+02 9
9.233673e+02 7
9.236238e+02 13
9.238802e+02 7
9.241367e+02 9
9.243932e+02 5
9.246497e+02 14
9.249062e+02 13
9.251627e+02 6
9.254192e+02 8
9.256757e+02 7
9.259322e+02 3
9.261887e+02 9
9.264452e+02 7
9.267017e+02 11
9.269582e+02 7
9.272147e+02 3
9.274712e+02 7
9.277277e+02 7
9.279842e+02 12
9.282407e+02 5
9.284973e+02 7
9.287538e+02 10
9.290103e+02 7
9.292669e+02 14
9.295234e+02 17
9.297799e+02 13
9.300365e+02 11
9.302930e+02 10
9.305495e+02 13
9.308061e+02 12
9.310626e+02 6
9.313192e+02 6
9.315757e+02 2
9.318323e+02 8
9.320889e+02 10
9.323454e+02 7
9.326020e+02 8
9.328585e+02 5
9.331151e+02 9
9.333717e+02 9
9.336283e+02 10
9.338848e+02 11
9.341414e+02 6
9.343980e+02 7
9.346546e+02 8
9.349112e+02 9
9.351678e+02 7
9.354243e+02 4
9.356809e+02 7
9.359375e+02 6
9.361941e+02 9
9.364507e+02 11
9.367073e+02 8
9.369639e+02 5
9.372205e+02 7
9.374772e+02 7
9.377338e+02 9
9.379904e+02 6
9.382470e+02 8
9.385036e+02 4
9.387602e+02 7
9.390169e+02 4
9.392735e+02 13
9.395301e+02 12
9.397868e+02 8
9.400434e+02 11
9.403000e+02 8
9.405567e+02 5
9.408133e+02 8
9.410700e+02 11
9.413266e+02 7
9.415833e+02 9
9.418399e+02 7
9.420966e+02 11
9.423532e+02 7
9.426099e+02 14
9.428666e+02 7
9.431232e+02 5
9.433799e+02 12
9.436366e+02 6
9.438932e+02 6
9.441499e+02 5
9.444066e+02 9
9.446633e+02 8
9.449199e+02 5
9.451766e+02 7
9.454333e+02 14
9.456900e+02 6
9.459467e+02 7
9.462034e+02 4
9.464601e+02 5
9.467168e+02 8
9.469735e+02 10
9.472302e+02 11
9.474869e+02 4
9.477436e+02 4
9.480003e+02 8
9.482571e+02 8
9.485138e+02 13
9.487705e+02 8
9.490272e+02 5
9.492839e+02 9
9.495407e+02 5
9.497974e+02 8
9.500541e+02 14
9.503109e+02 4
9.505676e+02 11
9.508243e+02 5
9.510811e+02 13
9.513378e+02 4
9.515946e+02 4
9.518513e+02 6
9.521081e+02 9
9.523648e+02 7
9.526216e+02 3
9.528784e+02 13
9.531351e+02 9
9.533919e+02 13
9.536486e+02 9
9.539054e+02 4
9.541622e+02 11
9.544190e+02 6
9.546757e+02 11
9.549325e+02 5
9.551893e+02 6
9.554461e+02 8
9.557029e+02 12
9.559597e+02 6
9.562165e+02 7
9.564733e+02 6
9.567301e+02 6
9.569869e+02 6
9.572437e+02 6
9.575005e+02 3
9.577573e+02 6
9.580141e+02 3
9.582709e+02 8
9.585277e+02 8
9.587845e+02 6
9.590413e+02 6
9.592982e+02 5
9.595550e+02 7
9.598118e+02 10
9.600686e+02 5
9.603255e+02 7
9.605823e+02 5
9.608392e+02 6
9.610960e+02 7
9.613528e+02 7
9.616097e+02 6
9.618665e+02 6
9.621234e+02 4
9.623802e+02 5
9.626371e+02 7
9.628939e+02 4
9.631508e+02 6
9.634077e+02 4
9.636645e+02 4
9.639214e+02 6
9.641783e+02 2
9.644351e+02 8
9.646920e+02 5
9.649489e+02 8
9.652058e+02 3
9.654626e+02 5
9.657195e+02 6
9.659764e+02 5
9.662333e+02 8
9.664902e+02 9
9.667471e+02 7
9.670040e+02 7
9.672609e+02 7
9.675178e+02 4
9.677747e+02 3
9.680316e+02 10
9.682885e+02 6
9.685454e+02 8
9.688023e+02 5
9.690593e+02 10
9.693162e+02 10
9.695731e+02 9
9.698300e+02 7
9.700870e+02 3
9.703439e+02 8
9.706008e+02 9
9.708578e+02 9
9.711147e+02 4
9.713716e+02 12
9.716286e+02 8
9.718855e+02 7
9.721425e+02 7
9.723994e+02 7
9.726564e+02 11
9.729133e+02 2
9.731703e+02 5
9.734272e+02 9
9.736842e+02 5
9.739412e+02 10
9.741981e+02 6
9.744551e+02 5
9.747121e+02 4
9.749690e+02 4
9.752260e+02 4
9.754830e+02 5
9.757400e+02 4
9.759970e+02 4
9.762540e+02 7
9.765109e+02 12
9.767679e+02 8
9.770249e+02 2
9.772819e+02 5
9.775389e+02 5
9.777959e+02 3
9.780529e+02 7
9.783099e+02 3
9.785669e+02 4
9.788240e+02 3
9.790810e+02 5
9.793380e+02 9
9.795950e+02 8
9.798520e+02 10
9.801091e+02 4
9.803661e+02 10
9.806231e+02 6
9.808801e+02 6
9.811372e+02 7
9.813942e+02 7
9.816513e+02 6
9.819083e+02 6
9.821653e+02 4
9.824224e+02 7
9.826794e+02 3
9.829365e+02 5
9.831935e+02 8
9.834506e+02 8
9.837077e+02 7
9.839647e+02 3
9.842218e+02 3
9.844789e+02 7
9.847359e+02 8
9.849930e+02 5
9.852501e+02 4
9.855071e+02 5
9.857642e+02 4
9.860213e+02 3
9.862784e+02 2
9.865355e+02 4
9.867926e+02 6
9.870497e+02 4
9.873068e+02 6
9.875638e+02 9
9.878209e+02 4
9.880780e+02 4
9.883352e+02 4
9.885923e+02 8
9.888494e+02 6
9.891065e+02 4
9.893636e+02 4
9.896207e+02 1
9.898778e+02 5
9.901349e+02 5
9.903921e+02 6
9.906492e+02 6
9.909063e+02 6
9.911635e+02 7
9.914206e+02 3
9.916777e+02 3
9.919349e+02 6
9.921920e+02 9
9.924492e+02 4
9.927063e+02 7
9.929635e+02 0
9.932206e+02 8
9.934778e+02 4
9.937349e+02 2
9.939921e+02 3
9.942492e+02 6
9.945064e+02 1
9.947636e+02 10
9.950207e+02 4
9.952779e+02 6
9.955351e+02 2
9.957923e+02 3
9.960494e+02 4
9.963066e+02 6
9.965638e+02 6
9.968210e+02 8
9.970782e+02 6
9.973354e+02 6
9.975926e+02 7
9.978498e+02 2
9.981070e+02 5
9.983642e+02 5
9.986214e+02 8
9.988786e+02 4
9.991358e+02 3
9.993930e+02 7
9.996502e+02 3
9.999074e+02 4
1.000165e+03 4
1.000422e+03 5
1.000679e+03 5
1.000936e+03 7
1.001194e+03 3
1.001451e+03 3
1.001708e+03 3
1.001965e+03 6
1.002222e+03 5
1.002480e+03 6
1.002737e+03 4
1.002994e+03 4
1.003251e+03 7
1.003509e+03 6
1.003766e+03 5
1.004023e+03 7
1.004280e+03 5
1.004538e+03 9
1.004795e+03 5
1.005052e+03 3
1.005310e+03 2
1.005567e+03 6
1.005824e+03 3
1.006081e+03 2
1.006339e+03 2
1.006596e+03 7
1.006853e+03 5
1.007110e+03 5
1.007368e+03 8
1.007625e+03 1
1.007882e+03 5
1.008140e+03 3
1.008397e+03 6
1.008654e+03 5
1.008912e+03 3
1.009169e+03 4
1.009426e+03 8
1.009683e+03 5
1.009941e+03 1
1.010198e+03 5
1.010455e+03 4
1.010713e+03 4
1.010970e+03 3
1.011227e+03 6
1.011485e+03 5
1.011742e+03 2
1.011999e+03 6
1.012257e+03 9
1.012514e+03 4
1.012771e+03 3
1.013029e+03 3
1.013286e+03 5
1.013543e+03 2
1.013801e+03 1
1.014058e+03 7
1.014316e+03 9
1.014573e+03 2
1.014830e+03 4
1.015088e+03 9
1.015345e+03 1
1.015602e+03 6
1.015860e+03 6
1.016117e+03 4
1.016374e+03 3
1.016632e+03 4
1.016889e+03 9
1.017147e+03 2
1.017404e+03 9
1.017661e+03 1
1.017919e+03 2
1.018176e+03 6
1.018434e+03 6
1.018691e+03 3
1.018948e+03 4
1.019206e+03 7
1.019463e+03 1
1.019721e+03 3
1.019978e+03 5
1.020235e+03 3
1.020493e+03 1
1.020750e+03 4
1.021008e+03 3
1.021265e+03 3
1.021522e+03 4
1.021780e+03 4
1.022037e+03 4
1.022295e+03 5
1.022552e+03 5
1.022810e+03 6
1.023067e+03 5
1.023325e+03 4
1.023582e+03 4
1.023839e+03 4
1.024097e+03 5
1.024354e+03 3
1.024612e+03 2
1.024869e+03 5
1.025127e+03 6
1.025384e+03 4
1.025642e+03 4
1.025899e+03 1
1.026157e+03 3
1.026414e+03 2
1.026672e+03 2
1.026929e+03 1
1.027186e+03 5
1.027444e+03 1
1.027701e+03 3
1.027959e+03 2
1.028216e+03 2
1.028474e+03 3
1.028731e+03 2
1.028989e+03 5
1.029246e+03 6
1.029504e+03 3
1.029761e+03 0
1.030019e+03 2
1.030276e+03 1
1.030534e+03 7
1.030791e+03 3
1.031049e+03 1
1.031306e+03 7
1.031564e+03 4
1.031822e+03 5
1.032079e+03 2
1.032337e+03 0
1.032594e+03 6
1.032852e+03 0
1.033109e+03 3
1.033367e+03 5
1.033624e+03 2
1.033882e+03 1
1.034139e+03 1
1.034397e+03 3
1.034654e+03 1
1.034912e+03 3
1.035170e+03 1
1.035427e+03 3
1.035685e+03 4
1.035942e+03 2
1.036200e+03 3
1.036457e+03 2
1.036715e+03 4
1.036973e+03 4
1.037230e+03 5
1.037488e+03 1
1.037745e+03 2
1.038003e+03 4
1.038260e+03 3
1.038518e+03 2
1.038776e+03 3
1.039033e+03 0
1.039291e+03 1
1.039548e+03 3
1.039806e+03 2
1.040064e+03 3
1.040321e+03 1
1.040579e+03 0
1.040837e+03 3
1.041094e+03 4
1.041352e+03 1
1.041609e+03 0
1.041867e+03 5
1.042125e+03 2
1.042382e+03 0
1.042640e+03 3
1.042897e+03 4
1.043155e+03 6
1.043413e+03 5
1.043670e+03 1
1.043928e+03 2
1.044186e+03 3
1.044443e+03 2
1.044701e+03 4
1.044959e+03 4
1.045216e+03 2
1.045474e+03 2
1.045732e+03 1
1.045989e+03 3
1.046247e+03 1
1.046505e+03 4
1.046762e+03 0
1.047020e+03 1
1.047278e+03 2
1.047535e+03 3
1.047793e+03 4
1.048051e+03 1
1.048308e+03 0
1.048566e+03 0
1.048824e+03 0
1.049081e+03 2
1.049339e+03 4
1.049597e+03 2
1.049855e+03 1
1.050112e+03 1
1.050370e+03 3
1.050628e+03 1
1.050885e+03 1
1.051143e+03 2
1.051401e+03 1
1.051658e+03 0
1.051916e+03 0
1.052174e+03 3
1.052432e+03 0
1.052689e+03 2
1.052947e+03 1
1.053205e+03 2
1.053463e+03 1
1.053720e+03 2
1.053978e+03 2
1.054236e+03 1
1.054494e+03 1
1.054751e+03 4
1.055009e+03 0
1.055267e+03 2
1.055525e+03 0
1.055782e+03 1
1.056040e+03 1
1.056298e+03 2
1.056556e+03 2
1.056813e+03 4
1.057071e+03 1
1.057329e+03 1
1.057587e+03 0
1.057844e+03 0
1.058102e+03 1
1.058360e+03 2
1.058618e+03 3
1.058876e+03 1
1.059133e+03 0
1.059391e+03 1
1.059649e+03 0
1.059907e+03 0
1.060165e+03 1
1.060422e+03 1
1.060680e+03 2
1.060938e+03 1
1.061196e+03 3
1.061454e+03 2
1.061711e+03 4
1.061969e+03 0
1.062227e+03 1
1.062485e+03 0
1.062743e+03 1
1.063001e+03 0
1.063258e+03 0
1.063516e+03 2
1.063774e+03 5
1.064032e+03 2
1.064290e+03 1
1.064548e+03 1
1.064805e+03 2
1.065063e+03 0
1.065321e+03 2
1.065579e+03 3
1.065837e+03 1
1.066095e+03 4
1.066352e+03 0
1.066610e+03 1
1.066868e+03 2
1.067126e+03 2
1.067384e+03 3
1.067642e+03 0
1.067900e+03 1
1.068158e+03 3
1.068415e+03 1
1.068673e+03 0
1.068931e+03 0
1.069189e+03 1
1.069447e+03 1
1.069705e+03 3
1.069963e+03 2
1.070221e+03 1
1.070479e+03 1
1.070736e+03 1
1.070994e+03 1
1.071252e+03 3
1.071510e+03 1
1.071768e+03 2
1.072026e+03 0
1.072284e+03 3
1.072542e+03 1
1.072800e+03 1
1.073058e+03 1
1.073316e+03 0
1.073574e+03 2
1.073831e+03 1
1.074089e+03 2
1.074347e+03 1
1.074605e+03 3
1.074863e+03 2
1.075121e+03 2
1.075379e+03 2
1.075637e+03 0
1.075895e+03 2
1.076153e+03 1
1.076411e+03 2
1.076669e+03 2
1.076927e+03 0
1.077185e+03 0
1.077443e+03 0
1.077701e+03 1
1.077959e+03 1
1.078217e+03 0
1.078475e+03 2
1.078733e+03 1
1.078991e+03 2
1.079249e+03 0
1.079507e+03 1
1.079765e+03 0
1.080023e+03 1
1.080281e+03 1
1.080539e+03 1
1.080797e+03 0
1.081055e+03 0
1.081313e+03 1
1.081571e+03 0
1.081829e+03 0
1.082087e+03 1
1.082345e+03 1
1.082603e+03 1
1.082861e+03 1
1.083119e+03 0
1.083377e+03 0
1.083635e+03 0
1.083893e+03 2
1.084151e+03 1
1.084409e+03 1
1.084667e+03 1
1.084925e+03 1
1.085183e+03 1
1.085441e+03 0
1.085699e+03 1
1.085957e+03 0
1.086215e+03 1
1.086473e+03 0
1.086731e+03 3
1.086989e+03 0
1.087247e+03 1
1.087505e+03 1
1.087764e+03 0
1.088022e+03 1
1.088280e+03 0
1.088538e+03 1
1.088796e+03 0
1.089054e+03 2
1.089312e+03 1
1.089570e+03 1
1.089828e+03 1
1.090086e+03 2
1.090344e+03 1
1.090602e+03 1
1.090860e+03 1
1.091119e+03 0
1.091377e+03 0
1.091635e+03 0
1.091893e+03 1
1.092151e+03 2
1.092409e+03 0
1.092667e+03 0
1.092925e+03 0
1.093183e+03 1
1.093442e+03 0
1.093700e+03 0
1.093958e+03 0
1.094216e+03 2
1.094474e+03 1
1.094732e+03 0
1.094990e+03 0
1.095249e+03 2
1.095507e+03 1
1.095765e+03 0
1.096023e+03 0
1.096281e+03 1
1.096539e+03 0
1.096797e+03 1
1.097056e+03 3
1.097314e+03 1
1.097572e+03 0
1.097830e+03 1
1.098088e+03 0
1.098346e+03 1
1.098605e+03 0
1.098863e+03 2
1.099121e+03 1
1.099379e+03 1
1.099637e+03 0
1.099895e+03 1
1.100154e+03 0
1.100412e+03 0
1.100670e+03 1
1.100928e+03 2
1.101186e+03 0
1.101445e+03 0
1.101703e+03 1
1.101961e+03 0
1.102219e+03 0
1.102477e+03 1
1.102736e+03 1
1.102994e+03 0
1.103252e+03 0
1.103510e+03 1
1.103768e+03 0
1.104027e+03 0
1.104285e+03 0
1.104543e+03 0
1.104801e+03 1
1.105060e+03 1
1.105318e+03 0
1.105576e+03 1
1.105834e+03 0
1.106093e+03 0
1.106351e+03 0
1.106609e+03 0
1.106867e+03 0
1.107126e+03 0
1.107384e+03 1
1.107642e+03 1
1.107900e+03 1
1.108159e+03 0
1.108417e+03 0
1.108675e+03 1
1.108933e+03 0
1.109192e+03 0
1.109450e+03 0
1.109708e+03 2
1.109967e+03 1
1.110225e+03 1
1.110483e+03 0
1.110741e+03 0
1.111000e+03 0
1.111258e+03 0
1.111516e+03 1
1.111775e+03 0
1.112033e+03 0
1.112291e+03 0
1.112549e+03 2
1.112808e+03 0
1.113066e+03 0
1.113324e+03 0
1.113583e+03 1
1.113841e+03 0
1.114099e+03 1
1.114358e+03 0
1.114616e+03 1
1.114874e+03 1
1.115133e+03 0
1.115391e+03 0
1.115649e+03 0
1.115908e+03 0
1.116166e+03 0
1.116424e+03 0
1.116683e+03 0
1.116941e+03 1
1.117199e+03 0
1.117458e+03 0
1.117716e+03 0
1.117974e+03 1
1.118233e+03 0
1.118491e+03 0
1.118750e+03 0
1.119008e+03 0
1.119266e+03 1
1.119525e+03 0
1.119783e+03 0
1.120041e+03 0
1.120300e+03 1
1.120558e+03 1
1.120817e+03 0
1.121075e+03 1
1.121333e+03 0
1.121592e+03 0
1.121850e+03 0
1.122109e+03 1
1.122367e+03 1
1.122625e+03 0
1.122884e+03 0
1.123142e+03 0
1.123401e+03 0
1.123659e+03 0
1.123917e+03 0
1.124176e+03 0
1.124434e+03 0
1.124693e+03 0
1.124951e+03 0
1.125209e+03 0
1.125468e+03 0
1.125726e+03 1
1.125985e+03 0
1.126243e+03 0
1.126502e+03 1
1.126760e+03 1
1.127019e+03 0
1.127277e+03 0
1.127535e+03 0
1.127794e+03 0
1.128052e+03 0
1.128311e+03 0
1.128569e+03 0
1.128828e+03 1
1.129086e+03 0
1.129345e+03 0
1.129603e+03 0
1.129862e+03 1
1.130120e+03 0
1.130379e+03 1
1.130637e+03 0
1.130896e+03 1
1.131154e+03 0
1.131413e+03 0
1.131671e+03 0
1.131929e+03 0
1.132188e+03 0
1.132446e+03 1
1.132705e+03 0
1.132963e+03 0
1.133222e+03 0
1.133480e+03 1
1.133739e+03 0
1.133998e+03 0
1.134256e+03 0
1.134515e+03 1
1.134773e+03 0
1.135032e+03 1
1.135290e+03 0
1.135549e+03 0
1.135807e+03 0
1.136066e+03 0
1.136324e+03 0
1.136583e+03 0
1.136841e+03 0
1.137100e+03 0
1.137358e+03 0
1.137617e+03 2
1.137876e+03 1
1.138134e+03 0
1.138393e+03 0
1.138651e+03 0
1.138910e+03 0
1.139168e+03 1
1.139427e+03 0
1.139685e+03 0
1.139944e+03 0
1.140203e+03 0
1.140461e+03 0
1.140720e+03 0
1.140978e+03 0
1.141237e+03 0
1.141495e+03 0
1.141754e+03 0
1.142013e+03 1
1.142271e+03 0
1.142530e+03 0
1.142788e+03 0
1.143047e+03 0
1.143306e+03 0
1.143564e+03 0
1.143823e+03 1
1.144081e+03 0
1.144340e+03 0
1.144599e+03 0
1.144857e+03 0
1.145116e+03 0
1.145375e+03 0
1.145633e+03 0
1.145892e+03 0
1.146150e+03 0
1.146409e+03 0
1.146668e+03 1
1.146926e+03 0
1.147185e+03 0
1.147444e+03 0
1.147702e+03 0
1.147961e+03 0
1.148220e+03 0
1.148478e+03 1
1.148737e+03 0
1.148996e+03 0
1.149254e+03 0
1.149513e+03 0
1.149771e+03 0
1.150030e+03 0
1.150289e+03 0
1.150547e+03 0
1.150806e+03 0
1.151065e+03 0
1.151324e+03 1
1.151582e+03 0
1.151841e+03 0
1.152100e+03 0
1.152358e+03 0
1.152617e+03 0
1.152876e+03 1
1.153134e+03 0
1.153393e+03 1
1.153652e+03 0
1.153910e+03 0
1.154169e+03 1
1.154428e+03 0
1.154687e+03 0
1.154945e+03 0
1.155204e+03 0
1.155463e+03 0
1.155721e+03 0
1.155980e+03 0
1.156239e+03 0
1.156498e+03 0
1.156756e+03 0
1.157015e+03 0
1.157274e+03 0
1.157533e+03 1
1.157791e+03 0
1.158050e+03 0
1.158309e+03 0
1.158568e+03 0
1.158826e+03 0
1.159085e+03 0
1.159344e+03 0
1.159603e+03 0
1.159861e+03 0
1.160120e+03 0
1.160379e+03 1
1.160638e+03 0
1.160896e+03 0
1.161155e+03 0
1.161414e+03 1
1.161673e+03 0
1.161932e+03 0
1.162190e+03 0
1.162449e+03 1
1.162708e+03 0
1.162967e+03 0
1.163225e+03 0
1.163484e+03 0
1.163743e+03 0
1.164002e+03 0
1.164261e+03 0
1.164519e+03 0
1.164778e+03 1
1.165037e+03 0
1.165296e+03 1
1.165555e+03 1
1.165814e+03 0
1.166072e+03 0
1.166331e+03 0
1.166590e+03 0
1.166849e+03 0
1.167108e+03 0
1.167367e+03 0
1.167625e+03 0
1.167884e+03 0
1.168143e+03 0
1.168402e+03 0
1.168661e+03 1
1.168920e+03 0
1.169178e+03 1
1.169437e+03 0
1.169696e+03 0
1.169955e+03 1
1.170214e+03 0
1.170473e+03 0
1.170732e+03 0
1.170990e+03 0
1.171249e+03 0
1.171508e+03 0
1.171767e+03 0
1.172026e+03 1
1.172285e+03 1
1.172544e+03 0
1.172803e+03 0
1.173061e+03 0
1.173320e+03 0
1.173579e+03 0
1.173838e+03 0
1.174097e+03 0
1.174356e+03 0
1.174615e+03 0
1.174874e+03 0
1.175133e+03 0
1.175392e+03 0
1.175651e+03 0
1.175909e+03 0
1.176168e+03 0
1.176427e+03 0
1.176686e+03 0
1.176945e+03 0
1.177204e+03 0
1.177463e+03 0
1.177722e+03 0
1.177981e+03 0
1.178240e+03 0
1.178499e+03 0
1.178758e+03 1
1.179017e+03 0
1.179276e+03 0
1.179535e+03 0
1.179793e+03 0
1.180052e+03 0
1.180311e+03 0
1.180570e+03 0
1.180829e+03 0
1.181088e+03 0
1.181347e+03 0
1.181606e+03 0
1.181865e+03 0
1.182124e+03 0
1.182383e+03 0
1.182642e+03 0
1.182901e+03 0
1.183160e+03 0
1.183419e+03 0
1.183678e+03 0
1.183937e+03 0
1.184196e+03 0
1.184455e+03 0
1.184714e+03 1
1.184973e+03 0
1.185232e+03 0
1.185491e+03 0
1.185750e+03 0
1.186009e+03 0
1.186268e+03 0
1.186527e+03 0
1.186786e+03 0
1.187045e+03 0
1.187304e+03 0
1.187563e+03 0
1.187822e+03 0
1.188081e+03 0
1.188340e+03 0
1.188599e+03 0
1.188858e+03 1
1.189117e+03 0
1.189377e+03 0
1.189636e+03 0
1.189895e+03 0
1.190154e+03 0
1.190413e+03 0
1.190672e+03 0
1.190931e+03 0
1.191190e+03 0
1.191449e+03 0
1.191708e+03 0
1.191967e+03 0
1.192226e+03 0
1.192485e+03 0
1.192744e+03 2
1.193003e+03 0
1.193263e+03 0
1.193522e+03 1
1.193781e+03 0
1.194040e+03 0
1.194299e+03 0
1.194558e+03 0
1.194817e+03 0
1.195076e+03 0
1.195335e+03 0
1.195594e+03 0
1.195853e+03 1
1.196113e+03 0
1.196372e+03 0
1.196631e+03 0
1.196890e+03 0
1.197149e+03 0
1.197408e+03 0
1.197667e+03 0
1.197926e+03 0
1.198186e+03 0
1.198445e+03 0
1.198704e+03 0
1.198963e+03 0
1.199222e+03 0
1.199481e+03 0
1.199740e+03 0
1.200000e+03 0
1.200259e+03 0
1.200518e+03 0
1.200777e+03 0
1.201036e+03 0
1.201295e+03 0
1.201554e+03 0
1.201814e+03 0
1.202073e+03 0
1.202332e+03 0
1.202591e+03 0
1.202850e+03 0
1.203110e+03 0
1.203369e+03 0
1.203628e+03 0
1.203887e+03 0
1.204146e+03 0
1.204405e+03 0
1.204665e+03 0
1.204924e+03 0
1.205183e+03 0
1.205442e+03 0
1.205701e+03 0
1.205961e+03 0
1.206220e+03 0
1.206479e+03 0
1.206738e+03 0
1.206997e+03 0
1.207257e+03 0
1.207516e+03 0
1.207775e+03 0
1.208034e+03 0
1.208294e+03 0
1.208553e+03 0
1.208812e+03 0
1.209071e+03 0
1.209331e+03 0
1.209590e+03 0
1.209849e+03 0
1.210108e+03 0
1.210368e+03 0
1.210627e+03 0
1.210886e+03 0
1.211145e+03 0
1.211405e+03 0
1.211664e+03 0
1.211923e+03 0
1.212182e+03 0
1.212442e+03 0
1.212701e+03 0
1.212960e+03 0
1.213219e+03 0
1.213479e+03 0
1.213738e+03 0
1.213997e+03 0
1.214257e+03 0
1.214516e+03 0
1.214775e+03 0
1.215034e+03 0
1.215294e+03 0
1.215553e+03 0
1.215812e+03 0
1.216072e+03 0
1.216331e+03 0
1.216590e+03 0
1.216850e+03 0
1.217109e+03 0
1.217368e+03 0
1.217627e+03 0
1.217887e+03 0
1.218146e+03 0
1.218405e+03 0
1.218665e+03 0
1.218924e+03 0
1.219183e+03 0
1.219443e+03 0
1.219702e+03 1
1.219961e+03 0
1.220221e+03 0
1.220480e+03 0
1.220739e+03 0
1.220999e+03 0
1.221258e+03 0
1.221518e+03 0
1.221777e+03 0
1.222036e+03 0
1.222296e+03 0
1.222555e+03 0
1.222814e+03 0
1.223074e+03 0
1.223333e+03 0
1.223592e+03 0
1.223852e+03 0
1.224111e+03 0
1.224371e+03 0
1.224630e+03 0
1.224889e+03 0
1.225149e+03 0
1.225408e+03 0
1.225668e+03 0
1.225927e+03 0
1.226186e+03 0
1.226446e+03 0
1.226705e+03 0
1.226965e+03 0
1.227224e+03 0
1.227483e+03 0
1.227743e+03 0
1.228002e+03 0
1.228262e+03 0
1.228521e+03 0
1.228780e+03 0
1.229040e+03 0
1.229299e+03 1
1.229559e+03 0
1.229818e+03 0
1.230078e+03 0
1.230337e+03 0
1.230597e+03 0
1.230856e+03 0
1.231115e+03 0
1.231375e+03 0
1.231634e+03 0
1.231894e+03 0
1.232153e+03 0
1.232413e+03 0
1.232672e+03 0
1.232932e+03 0
1.233191e+03 0
1.233451e+03 0
1.233710e+03 0
1.233969e+03 0
1.234229e+03 0
1.234488e+03 0
1.234748e+03 0
1.235007e+03 0
1.235267e+03 0
1.235526e+03 0
1.235786e+03 0
1.236045e+03 0
1.236305e+03 0
1.236564e+03 0
1.236824e+03 0
1.237083e+03 0
1.237343e+03 0
1.237602e+03 0
1.237862e+03 0
1.238121e+03 0
1.238381e+03 0
1.238640e+03 1
1.238900e+03 0
1.239160e+03 0
1.239419e+03 0
1.239679e+03 0
1.239938e+03 0
1.240198e+03 0
1.240457e+03 0
1.240717e+03 0
1.240976e+03 0
1.241236e+03 0
1.241495e+03 0
1.241755e+03 0
1.242014e+03 0
1.242274e+03 0
1.242534e+03 0
1.242793e+03 0
1.243053e+03 0
1.243312e+03 0
1.243572e+03 1
1.243831e+03 0
1.244091e+03 0
1.244351e+03 0
1.244610e+03 0
1.244870e+03 0
1.245129e+03 0
1.245389e+03 0
1.245648e+03 0
1.245908e+03 0
1.246168e+03 0
1.246427e+03 0
1.246687e+03 0
1.246946e+03 0
1.247206e+03 0
1.247466e+03 0
1.247725e+03 0
1.247985e+03 0
1.248244e+03 0
1.248504e+03 0
1.248764e+03 0
1.249023e+03 0
1.249283e+03 0
1.249543e+03 0
1.249802e+03 0
1.250062e+03 0
1.250321e+03 0
1.250581e+03 0
1.250841e+03 0
1.251100e+03 0
1.251360e+03 0
1.251620e+03 0
1.251879e+03 0
1.252139e+03 0
1.252399e+03 0
1.252658e+03 0
1.252918e+03 0
1.253178e+03 0
1.253437e+03 0
1.253697e+03 0
1.253957e+03 0
1.254216e+03 0
1.254476e+03 0
1.254736e+03 0
1.254995e+03 0
1.255255e+03 0
1.255515e+03 0
1.255774e+03 0
1.256034e+03 0
1.256294e+03 0
1.256553e+03 1
1.256813e+03 0
1.257073e+03 0
1.257332e+03 0
1.257592e+03 0
1.257852e+03 0
1.258112e+03 0
1.258371e+03 0
1.258631e+03 0
1.258891e+03 0
1.259150e+03 0
1.259410e+03 0
1.259670e+03 0
1.259930e+03 0
1.260189e+03 0
1.260449e+03 0
1.260709e+03 0
1.260968e+03 0
1.261228e+03 0
1.261488e+03 0
1.261748e+03 0
1.262007e+03 0
1.262267e+03 0
1.262527e+03 0
1.262787e+03 0
1.263046e+03 0
1.263306e+03 0
1.263566e+03 0
1.263826e+03 0
1.264085e+03 0
1.264345e+03 0
1.264605e+03 0
1.264865e+03 0
1.265125e+03 0
1.265384e+03 0
1.265644e+03 0
1.265904e+03 0
1.266164e+03 0
1.266423e+03 0
1.266683e+03 0
1.266943e+03 0
1.267203e+03 0
1.267463e+03 0
1.267722e+03 0
1.267982e+03 0
1.268242e+03 0
1.268502e+03 0
1.268762e+03 0
1.269021e+03 0
1.269281e+03 0
1.269541e+03 0
1.269801e+03 0
1.270061e+03 0
1.270321e+03 0
1.270580e+03 0
1.270840e+03 0
1.271100e+03 0
1.271360e+03 0
1.271620e+03 0
1.271880e+03 0
1.272139e+03 0
1.272399e+03 0
1.272659e+03 0
1.272919e+03 0
1.273179e+03 0
1.273439e+03 0
1.273698e+03 0
1.273958e+03 0
1.274218e+03 0
1.274478e+03 0
1.274738e+03 0
1.274998e+03 0
1.275258e+03 0
1.275518e+03 0
1.275777e+03 0
1.276037e+03 0
1.276297e+03 0
1.276557e+03 0
1.276817e+03 0
1.277077e+03 0
1.277337e+03 0
1.277597e+03 0
1.277857e+03 0
1.278116e+03 0
1.278376e+03 0
1.278636e+03 0
1.278896e+03 0
1.279156e+03 0
1.279416e+03 0
1.279676e+03 0
1.279936e+03 0
1.280196e+03 0
1.280456e+03 0
1.280716e+03 0
1.280975e+03 0
1.281235e+03 0
1.281495e+03 0
1.281755e+03 0
1.282015e+03 0
1.282275e+03 0
1.282535e+03 0
1.282795e+03 0
1.283055e+03 0
1.283315e+03 0
1.283575e+03 0
1.283835e+03 0
1.284095e+03 0
1.284355e+03 0
1.284615e+03 0
1.284875e+03 0
1.285135e+03 0
1.285395e+03 0
1.285655e+03 0
1.285915e+03 0
1.286174e+03 0
1.286434e+03 0
1.286694e+03 0
1.286954e+03 0
1.287214e+03 0
1.287474e+03 0
1.287734e+03 0
1.287994e+03 0
1.288254e+03 0
1.288514e+03 0
1.288774e+03 0
1.289034e+03 0
1.289294e+03 0
1.289554e+03 1
1.289814e+03 0
1.290074e+03 0
1.290334e+03 1
1.290594e+03 0
1.290854e+03 0
1.291114e+03 0
1.291375e+03 0
1.291635e+03 0
1.291895e+03 0
1.292155e+03 0
1.292415e+03 0
1.292675e+03 0
1.292935e+03 0
1.293195e+03 0
1.293455e+03 0
1.293715e+03 0
1.293975e+03 0
1.294235e+03 0
1.294495e+03 0
1.294755e+03 0
1.295015e+03 1
1.295275e+03 0
1.295535e+03 0
1.295795e+03 0
1.296055e+03 0
1.296315e+03 0
1.296576e+03 0
1.296836e+03 0
1.297096e+03 0
1.297356e+03 0
1.297616e+03 0
1.297876e+03 0
1.298136e+03 0
1.298396e+03 0
1.298656e+03 0
1.298916e+03 0
1.299176e+03 0
1.299437e+03 0
1.299697e+03 0
1.299957e+03 0
1.300217e+03 0
1.300477e+03 0
1.300737e+03 0
1.300997e+03 0
1.301257e+03 0
1.301517e+03 0
1.301778e+03 0
1.302038e+03 0
1.302298e+03 0
1.302558e+03 0
1.302818e+03 0
1.303078e+03 0
1.303338e+03 0
1.303599e+03 0
1.303859e+03 0
1.304119e+03 0
1.304379e+03 1
1.304639e+03 0
1.304899e+03 0
1.305159e+03 0
1.305420e+03 0
1.305680e+03 0
1.305940e+03 0
1.306200e+03 0
1.306460e+03 0
1.306720e+03 0
1.306981e+03 0
1.307241e+03 0
1.307501e+03 1
1.307761e+03 0
1.308021e+03 0
1.308282e+03 0
1.308542e+03 0
1.308802e+03 0
1.309062e+03 0
1.309322e+03 0
1.309582e+03 0
1.309843e+03 0
1.310103e+03 0
1.310363e+03 0
1.310623e+03 0
1.310884e+03 0
1.311144e+03 0
1.311404e+03 0
1.311664e+03 0
1.311924e+03 0
1.312185e+03 0
1.312445e+03 0
1.312705e+03 0
1.312965e+03 0
1.313226e+03 0
1.313486e+03 0
1.313746e+03 0
1.314006e+03 0
1.314267e+03 0
1.314527e+03 0
1.314787e+03 0
1.315047e+03 0
1.315308e+03 0
1.315568e+03 0
1.315828e+03 0
1.316088e+03 0
1.316349e+03 0
1.316609e+03 0
1.316869e+03 0
1.317129e+03 0
1.317390e+03 0
1.317650e+03 0
1.317910e+03 0
1.318170e+03 0
1.318431e+03 0
1.318691e+03 0
1.318951e+03 0
1.319212e+03 0
1.319472e+03 0
1.319732e+03 0
1.319993e+03 0
1.320253e+03 0
1.320513e+03 0
1.320773e+03 0
1.321034e+03 0
1.321294e+03 0
1.321554e+03 0
1.321815e+03 1
1.322075e+03 0
1.322335e+03 0
1.322596e+03 0
1.322856e+03 0
1.323116e+03 0
1.323377e+03 0
1.323637e+03 0
1.323897e+03 0
1.324158e+03 0
1.324418e+03 0
1.324678e+03 0
1.324939e+03 0
1.325199e+03 0
1.325459e+03 0
1.325720e+03 0
1.325980e+03 0
1.326240e+03 0
1.326501e+03 0
1.326761e+03 0
1.327022e+03 0
1.327282e+03 0
1.327542e+03 0
1.327803e+03 0
1.328063e+03 0
1.328323e+03 0
1.328584e+03 0
1.328844e+03 0
1.329105e+03 0
1.329365e+03 0
1.329625e+03 0
1.329886e+03 0
1.330146e+03 0
1.330407e+03 0
1.330667e+03 0
1.330927e+03 0
1.331188e+03 1
1.331448e+03 0
1.331709e+03 0
1.331969e+03 0
1.332229e+03 0
1.332490e+03 0
1.332750e+03 0
1.333011e+03 0
1.333271e+03 0
1.333532e+03 0
1.333792e+03 0
1.334052e+03 0
1.334313e+03 0
1.334573e+03 0
1.334834e+03 0
1.335094e+03 0
1.335355e+03 0
1.335615e+03 0
1.335876e+03 0
1.336136e+03 0
1.336396e+03 0
1.336657e+03 0
1.336917e+03 0
1.337178e+03 0
1.337438e+03 0
1.337699e+03 0
1.337959e+03 0
1.338220e+03 0
1.338480e+03 0
1.338741e+03 0
1.339001e+03 0
1.339262e+03 0
1.339522e+03 0
1.339783e+03 0
1.340043e+03 0
1.340304e+03 0
1.340564e+03 1
1.340825e+03 0
1.341085e+03 1
1.341346e+03 0
1.341606e+03 0
1.341867e+03 0
1.342127e+03 0
1.342388e+03 0
1.342648e+03 0
1.342909e+03 0
1.343169e+03 0
1.343430e+03 0
1.343690e+03 0
1.343951e+03 0
1.344211e+03 0
1.344472e+03 0
1.344732e+03 0
1.344993e+03 0
1.345253e+03 0
1.345514e+03 0
1.345775e+03 1
1.346035e+03 0
1.346296e+03 0
1.346556e+03 0
1.346817e+03 0
1.347077e+03 0
1.347338e+03 0
1.347598e+03 0
1.347859e+03 0
1.348120e+03 0
1.348380e+03 0
1.348641e+03 0
1.348901e+03 0
1.349162e+03 0
1.349422e+03 0
1.349683e+03 0
1.349944e+03 0
1.350204e+03 0
1.350465e+03 0
1.350725e+03 0
1.350986e+03 0
1.351247e+03 0
1.351507e+03 0
1.351768e+03 0
1.352028e+03 0
1.352289e+03 0
1.352550e+03 0
1.352810e+03 0
1.353071e+03 0
1.353331e+03 0
1.353592e+03 0
1.353853e+03 0
1.354113e+03 0
1.354374e+03 0
1.354635e+03 0
1.354895e+03 0
1.355156e+03 0
1.355417e+03 0
1.355677e+03 0
1.355938e+03 0
1.356198e+03 0
1.356459e+03 0
1.356720e+03 0
1.356980e+03 0
1.357241e+03 0
1.357502e+03 0
1.357762e+03 0
1.358023e+03 0
1.358284e+03 0
1.358544e+03 0
1.358805e+03 0
1.359066e+03 0
1.359326e+03 0
1.359587e+03 0
1.359848e+03 0
1.360108e+03 0
1.360369e+03 0
1.360630e+03 0
1.360891e+03 0
1.361151e+03 0
1.361412e+03 0
1.361673e+03 0
1.361933e+03 0
1.362194e+03 0
1.362455e+03 0
1.362715e+03 0
1.362976e+03 0
1.363237e+03 0
1.363498e+03 0
1.363758e+03 0
1.364019e+03 0
1.364280e+03 0
1.364540e+03 0
1.364801e+03 0
1.365062e+03 0
1.365323e+03 0
1.365583e+03 0
1.365844e+03 0
1.366105e+03 1
1.366366e+03 0
1.366626e+03 0
1.366887e+03 0
1.367148e+03 0
1.367409e+03 0
1.367669e+03 0
1.367930e+03 0
1.368191e+03 0
1.368452e+03 0
1.368712e+03 0
1.368973e+03 0
1.369234e+03 0
1.369495e+03 0
1.369755e+03 0
1.370016e+03 0
1.370277e+03 0
1.370538e+03 0
1.370799e+03 0
1.371059e+03 0
1.371320e+03 0
1.371581e+03 0
1.371842e+03 0
1.372103e+03 0
1.372363e+03 0
1.372624e+03 0
1.372885e+03 0
1.373146e+03 0
1.373407e+03 0
1.373667e+03 0
1.373928e+03 0
1.374189e+03 0
1.374450e+03 0
1.374711e+03 0
1.374972e+03 0
1.375232e+03 0
1.375493e+03 1
1.375754e+03 0
1.376015e+03 0
1.376276e+03 1
1.376537e+03 0
1.376797e+03 0
1.377058e+03 0
1.377319e+03 0
1.377580e+03 0
1.377841e+03 0
1.378102e+03 0
1.378362e+03 0
1.378623e+03 0
1.378884e+03 0
1.379145e+03 0
1.379406e+03 0
1.379667e+03 0
1.379928e+03 0
1.380189e+03 1
1.380449e+03 0
1.380710e+03 0
1.380971e+03 1
1.381232e+03 0
1.381493e+03 0
1.381754e+03 0
1.382015e+03 1
1.382276e+03 0
1.382537e+03 0
1.382797e+03 0
1.383058e+03 0
1.383319e+03 0
1.383580e+03 0
1.383841e+03 0
1.384102e+03 0
1.384363e+03 0
1.384624e+03 0
1.384885e+03 0
1.385146e+03 0
1.385407e+03 0
1.385668e+03 0
1.385928e+03 0
1.386189e+03 0
1.386450e+03 0
1.386711e+03 0
1.386972e+03 0
1.387233e+03 0
1.387494e+03 0
1.387755e+03 0
1.388016e+03 0
1.388277e+03 0
1.388538e+03 0
1.388799e+03 0
1.389060e+03 0
1.389321e+03 0
1.389582e+03 0
1.389843e+03 0
1.390104e+03 0
1.390365e+03 0
1.390626e+03 0
1.390887e+03 0
1.391148e+03 0
1.391409e+03 0
1.391670e+03 0
1.391931e+03 0
1.392192e+03 0
1.392453e+03 0
1.392714e+03 0
1.392975e+03 0
1.393236e+03 0
1.393497e+03 0
1.393758e+03 0
1.394019e+03 0
1.394280e+03 0
1.394541e+03 0
1.394802e+03 0
1.395063e+03 0
1.395324e+03 0
1.395585e+03 0
1.395846e+03 0
1.396107e+03 0
1.396368e+03 0
1.396629e+03 0
1.396890e+03 0
1.397151e+03 0
1.397412e+03 0
1.397673e+03 0
1.397934e+03 0
1.398195e+03 0
1.398456e+03 1
1.398717e+03 0
1.398978e+03 0
1.399239e+03 0
1.399500e+03 0
1.399761e+03 0
1.400022e+03 0
1.400283e+03 0
1.400545e+03 0
1.400806e+03 0
1.401067e+03 0
1.401328e+03 0
1.401589e+03 0
1.401850e+03 0
1.402111e+03 0
1.402372e+03 0
1.402633e+03 0
1.402894e+03 0
1.403155e+03 0
1.403416e+03 0
1.403678e+03 0
1.403939e+03 0
1.404200e+03 0
1.404461e+03 0
1.404722e+03 0
1.404983e+03 0
1.405244e+03 0
1.405505e+03 0
1.405766e+03 0
1.406028e+03 0
1.406289e+03 0
1.406550e+03 0
1.406811e+03 0
1.407072e+03 0
1.407333e+03 0
1.407594e+03 0
1.407855e+03 0
1.408117e+03 0
1.408378e+03 0
1.408639e+03 0
1.408900e+03 0
1.409161e+03 0
1.409422e+03 0
1.409684e+03 0
1.409945e+03 0
1.410206e+03 0
1.410467e+03 0
1.410728e+03 0
1.410989e+03 0
1.411251e+03 0
1.411512e+03 0
1.411773e+03 0
1.412034e+03 0
1.412295e+03 0
1.412556e+03 0
1.412818e+03 0
1.413079e+03 0
1.413340e+03 0
1.413601e+03 0
1.413862e+03 0
1.414124e+03 0
1.414385e+03 0
1.414646e+03 0
1.414907e+03 0
1.415168e+03 0
1.415430e+03 0
1.415691e+03 0
1.415952e+03 0
1.416213e+03 0
1.416474e+03 0
1.416736e+03 0
1.416997e+03 0
1.417258e+03 0
1.417519e+03 0
1.417781e+03 0
1.418042e+03 0
1.418303e+03 0
1.418564e+03 0
1.418826e+03 0
1.419087e+03 0
1.419348e+03 0
1.419609e+03 0
1.419871e+03 0
1.420132e+03 0
1.420393e+03 0
1.420654e+03 0
1.420916e+03 0
1.421177e+03 0
1.421438e+03 0
1.421699e+03 0
1.421961e+03 0
1.422222e+03 0
1.422483e+03 0
1.422745e+03 0
1.423006e+03 0
1.423267e+03 0
1.423528e+03 0
1.423790e+03 0
1.424051e+03 0
1.424312e+03 0
1.424574e+03 0
1.424835e+03 0
1.425096e+03 0
1.425358e+03 0
1.425619e+03 0
1.425880e+03 0
1.426141e+03 0
1.426403e+03 0
1.426664e+03 0
1.426925e+03 0
1.427187e+03 0
1.427448e+03 0
1.427709e+03 0
1.427971e+03 0
1.428232e+03 0
1.428493e+03 0
1.428755e+03 0
1.429016e+03 0
1.429277e+03 0
1.429539e+03 0
1.429800e+03 0
1.430061e+03 0
1.430323e+03 0
1.430584e+03 0
1.430846e+03 0
1.431107e+03 0
1.431368e+03 0
1.431630e+03 0
1.431891e+03 0
1.432152e+03 0
1.432414e+03 0
1.432675e+03 0
1.432937e+03 0
1.433198e+03 0
1.433459e+03 0
1.433721e+03 0
1.433982e+03 0
1.434243e+03 0
1.434505e+03 0
1.434766e+03 0
1.435028e+03 0
1.435289e+03 0
1.435550e+03 0
1.435812e+03 0
1.436073e+03 0
1.436335e+03 0
1.436596e+03 0
1.436857e+03 0
1.437119e+03 0
1.437380e+03 0
1.437642e+03 0
1.437903e+03 0
1.438165e+03 0
1.438426e+03 0
1.438687e+03 0
1.438949e+03 0
1.439210e+03 0
1.439472e+03 0
1.439733e+03 0
1.439995e+03 0
1.440256e+03 0
1.440518e+03 0
1.440779e+03 0
1.441040e+03 0
1.441302e+03 0
1.441563e+03 0
1.441825e+03 0
1.442086e+03 0
1.442348e+03 0
1.442609e+03 0
1.442871e+03 0
1.443132e+03 0
1.443394e+03 0
1.443655e+03 0
1.443917e+03 0
1.444178e+03 0
1.444440e+03 0
1.444701e+03 0
1.444963e+03 0
1.445224e+03 0
1.445486e+03 0
1.445747e+03 0
1.446009e+03 0
1.446270e+03 0
1.446532e+03 0
1.446793e+03 0
1.447055e+03 0
1.447316e+03 0
1.447578e+03 0
1.447839e+03 0
1.448101e+03 0
1.448362e+03 0
1.448624e+03 0
1.448885e+03 0
1.449147e+03 0
1.449408e+03 0
1.449670e+03 0
1.449931e+03 0
1.450193e+03 0
1.450455e+03 0
1.450716e+03 0
1.450978e+03 0
1.451239e+03 0
1.451501e+03 0
1.451762e+03 0
1.452024e+03 0
1.452285e+03 0
1.452547e+03 0
1.452809e+03 0
1.453070e+03 0
1.453332e+03 0
1.453593e+03 0
1.453855e+03 0
1.454116e+03 0
1.454378e+03 0
1.454640e+03 0
1.454901e+03 0
1.455163e+03 0
1.455424e+03 0
1.455686e+03 0
1.455948e+03 0
1.456209e+03 0
1.456471e+03 0
1.456732e+03 0
1.456994e+03 0
1.457256e+03 0
1.457517e+03 0
1.457779e+03 0
1.458040e+03 0
1.458302e+03 0
1.458564e+03 1
1.458825e+03 0
1.459087e+03 0
1.459349e+03 0
1.459610e+03 0
1.459872e+03 0
1.460134e+03 0
1.460395e+03 0
1.460657e+03 0
1.460918e+03 0
1.461180e+03 0
1.461442e+03 0
1.461703e+03 0
1.461965e+03 0
1.462227e+03 0
1.462488e+03 0
1.462750e+03 0
1.463012e+03 0
1.463273e+03 0
1.463535e+03 0
1.463797e+03 0
1.464058e+03 0
1.464320e+03 0
1.464582e+03 0
1.464843e+03 0
1.465105e+03 0
1.465367e+03 0
1.465629e+03 0
1.465890e+03 0
1.466152e+03 0
1.466414e+03 0
1.466675e+03 0
1.466937e+03 0
1.467199e+03 0
1.467460e+03 0
1.467722e+03 0
1.467984e+03 0
1.468246e+03 0
1.468507e+03 0
1.468769e+03 0
1.469031e+03 0
1.469292e+03 0
1.469554e+03 0
1.469816e+03 0
1.470078e+03 0
1.470339e+03 0
1.470601e+03 0
1.470863e+03 0
1.471125e+03 0
1.471386e+03 0
1.471648e+03 0
1.471910e+03 0
1.472172e+03 0
1.472433e+03 0
1.472695e+03 0
1.472957e+03 0
1.473219e+03 0
1.473480e+03 0
1.473742e+03 0
1.474004e+03 0
1.474266e+03 0
1.474527e+03 0
1.474789e+03 0
1.475051e+03 0
1.475313e+03 0
1.475575e+03 0
1.475836e+03 0
1.476098e+03 0
1.476360e+03 0
1.476622e+03 0
1.476884e+03 0
1.477145e+03 0
1.477407e+03 0
1.477669e+03 0
1.477931e+03 0
1.478193e+03 0
1.478454e+03 0
1.478716e+03 0
1.478978e+03 0
1.479240e+03 0
1.479502e+03 0
1.479763e+03 0
1.480025e+03 0
1.480287e+03 0
1.480549e+03 0
1.480811e+03 0
1.481073e+03 0
1.481334e+03 0
1.481596e+03 0
1.481858e+03 0
1.482120e+03 0
1.482382e+03 0
1.482644e+03 0
1.482906e+03 0
1.483167e+03 0
1.483429e+03 0
1.483691e+03 0
1.483953e+03 0
1.484215e+03 0
1.484477e+03 0
1.484739e+03 0
1.485001e+03 0
1.485262e+03 0
1.485524e+03 0
1.485786e+03 0
1.486048e+03 0
1.486310e+03 0
1.486572e+03 0
1.486834e+03 0
1.487096e+03 0
1.487358e+03 0
1.487619e+03 0
1.487881e+03 0
1.488143e+03 0
1.488405e+03 0
1.488667e+03 0
1.488929e+03 0
1.489191e+03 0
1.489453e+03 0
1.489715e+03 0
1.489977e+03 0
1.490239e+03 0
1.490500e+03 0
1.490762e+03 0
1.491024e+03 0
1.491286e+03 0
1.491548e+03 0
1.491810e+03 0
1.492072e+03 0
1.492334e+03 0
1.492596e+03 0
1.492858e+03 0
1.493120e+03 0
1.493382e+03 0
1.493644e+03 0
1.493906e+03 0
1.494168e+03 0
1.494430e+03 0
1.494692e+03 0
1.494954e+03 0
1.495216e+03 0
1.495478e+03 0
1.495740e+03 0
1.496002e+03 0
1.496264e+03 0
1.496525e+03 0
1.496787e+03 0
1.497049e+03 0
1.497311e+03 0
1.497573e+03 0
1.497835e+03 0
1.498097e+03 0
1.498359e+03 0
1.498621e+03 0
1.498883e+03 0
1.499145e+03 0
1.499407e+03 0
1.499669e+03 0
1.499932e+03 0
1.500194e+03 0
1.500456e+03 0
1.500718e+03 0
1.500980e+03 0
1.501242e+03 0
1.501504e+03 0
1.501766e+03 0
1.502028e+03 0
1.502290e+03 0
1.502552e+03 0
1.502814e+03 0
1.503076e+03 0
1.503338e+03 0
1.503600e+03 0
1.503862e+03 0
1.504124e+03 0
1.504386e+03 0
1.504648e+03 0
1.504910e+03 0
1.505172e+03 0
1.505434e+03 0
1.505697e+03 0
1.505959e+03 0
1.506221e+03 0
1.506483e+03 0
1.506745e+03 0
1.507007e+03 0
1.507269e+03 0
1.507531e+03 0
1.507793e+03 0
1.508055e+03 0
1.508317e+03 0
1.508579e+03 0
1.508842e+03 0
1.509104e+03 0
1.509366e+03 0
1.509628e+03 0
1.509890e+03 0
1.510152e+03 0
1.510414e+03 0
1.510676e+03 0
1.510938e+03 0
1.511201e+03 0
1.511463e+03 0
1.511725e+03 0
1.511987e+03 0
1.512249e+03 0
1.512511e+03 0
1.512773e+03 0
1.513036e+03 0
1.513298e+03 0
1.513560e+03 0
1.513822e+03 0
1.514084e+03 0
1.514346e+03 0
1.514608e+03 0
1.514871e+03 0
1.515133e+03 0
1.515395e+03 0
1.515657e+03 0
1.515919e+03 0
1.516181e+03 0
1.516444e+03 0
1.516706e+03 0
1.516968e+03 0
1.517230e+03 0
1.517492e+03 0
1.517755e+03 0
1.518017e+03 0
1.518279e+03 0
1.518541e+03 0
1.518803e+03 0
1.519065e+03 0
1.519328e+03 0
1.519590e+03 0
1.519852e+03 0
1.520114e+03 0
1.520377e+03 0
1.520639e+03 0
1.520901e+03 0
1.521163e+03 0
1.521425e+03 0
1.521688e+03 0
1.521950e+03 0
1.522212e+03 0
1.522474e+03 0
1.522737e+03 0
1.522999e+03 0
1.523261e+03 0
1.523523e+03 0
1.523786e+03 0
1.524048e+03 0
1.524310e+03 0
1.524572e+03 0
1.524835e+03 0
1.525097e+03 0
1.525359e+03 0
1.525621e+03 0
1.525884e+03 0
1.526146e+03 0
1.526408e+03 0
1.526670e+03 0
1.526933e+03 0
1.527195e+03 0
1.527457e+03 0
1.527719e+03 0
1.527982e+03 0
1.528244e+03 0
1.528506e+03 0
1.528769e+03 0
1.529031e+03 0
1.529293e+03 0
1.529556e+03 0
1.529818e+03 0
1.530080e+03 0
1.530342e+03 0
1.530605e+03 0
1.530867e+03 0
1.531129e+03 0
1.531392e+03 0
1.531654e+03 0
1.531916e+03 0
1.532179e+03 0
1.532441e+03 0
1.532703e+03 0
1.532966e+03 0
1.533228e+03 0
1.533490e+03 0
1.533753e+03 0
1.534015e+03 0
1.534277e+03 0
1.534540e+03 0
1.534802e+03 0
1.535064e+03 0
1.535327e+03 0
1.535589e+03 0
1.535851e+03 0
1.536114e+03 0
1.536376e+03 0
1.536639e+03 0
1.536901e+03 0
1.537163e+03 0
1.537426e+03 0
1.537688e+03 0
1.537950e+03 0
1.538213e+03 0
1.538475e+03 0
1.538738e+03 0
1.539000e+03 0
1.539262e+03 0
1.539525e+03 0
1.539787e+03 0
1.540049e+03 0
1.540312e+03 0
1.540574e+03 0
1.540837e+03 0
1.541099e+03 0
1.541362e+03 0
1.541624e+03 0
1.541886e+03 0
1.542149e+03 0
1.542411e+03 0
1.542674e+03 0
1.542936e+03 0
1.543198e+03 0
1.543461e+03 0
1.543723e+03 0
1.543986e+03 0
1.544248e+03 0
1.544511e+03 0
1.544773e+03 0
1.545036e+03 0
1.545298e+03 0
1.545560e+03 0
1.545823e+03 0
1.546085e+03 0
1.546348e+03 0
1.546610e+03 0
1.546873e+03 0
1.547135e+03 0
1.547398e+03 0
1.547660e+03 0
1.547923e+03 0
1.548185e+03 0
1.548448e+03 0
1.548710e+03 0
1.548973e+03 0
1.549235e+03 0
1.549498e+03 0
1.549760e+03 0
1.550022e+03 0
1.550285e+03 0
1.550547e+03 0
1.550810e+03 0
1.551072e+03 0
1.551335e+03 0
1.551597e+03 0
1.551860e+03 0
1.552123e+03 0
1.552385e+03 0
1.552648e+03 0
1.552910e+03 0
1.553173e+03 0
1.553435e+03 0
1.553698e+03 0
1.553960e+03 0
1.554223e+03 0
1.554485e+03 0
1.554748e+03 0
1.555010e+03 0
1.555273e+03 0
1.555535e+03 0
1.555798e+03 0
1.556061e+03 0
1.556323e+03 0
1.556586e+03 0
1.556848e+03 0
1.557111e+03 0
1.557373e+03 0
1.557636e+03 0
1.557898e+03 0
1.558161e+03 0
1.558424e+03 0
1.558686e+03 0
1.558949e+03 0
1.559211e+03 0
1.559474e+03 0
1.559736e+03 0
1.559999e+03 0
1.560262e+03 0
1.560524e+03 0
1.560787e+03 0
1.561049e+03 0
1.561312e+03 0
1.561575e+03 0
1.561837e+03 0
1.562100e+03 0
1.562362e+03 0
1.562625e+03 0
1.562888e+03 0
1.563150e+03 0
1.563413e+03 0
1.563676e+03 0
1.563938e+03 0
1.564201e+03 0
1.564463e+03 0
1.564726e+03 0
1.564989e+03 0
1.565251e+03 0
1.565514e+03 0
1.565777e+03 0
1.566039e+03 0
1.566302e+03 0
1.566565e+03 0
1.566827e+03 0
1.567090e+03 0
1.567353e+03 0
1.567615e+03 0
1.567878e+03 0
1.568141e+03 0
1.568403e+03 0
1.568666e+03 0
1.568929e+03 0
1.569191e+03 0
1.569454e+03 0
1.569717e+03 0
1.569979e+03 0
1.570242e+03 0
1.570505e+03 0
1.570767e+03 0
1.571030e+03 1
1.571293e+03 0
1.571555e+03 0
1.571818e+03 0
1.572081e+03 0
1.572344e+03 0
1.572606e+03 0
1.572869e+03 0
1.573132e+03 0
1.573394e+03 0
1.573657e+03 0
1.573920e+03 0
1.574183e+03 0
1.574445e+03 0
1.574708e+03 0
1.574971e+03 0
1.575233e+03 0
1.575496e+03 0
1.575759e+03 0
1.576022e+03 0
1.576284e+03 0
1.576547e+03 0
1.576810e+03 0
1.577073e+03 0
1.577335e+03 0
1.577598e+03 0
1.577861e+03 0
1.578124e+03 0
1.578386e+03 0
1.578649e+03 0
1.578912e+03 0
1.579175e+03 0
1.579437e+03 0
1.579700e+03 0
1.579963e+03 0
1.580226e+03 0
1.580489e+03 0
1.580751e+03 0
1.581014e+03 0
1.581277e+03 0
1.581540e+03 0
1.581803e+03 0
1.582065e+03 0
1.582328e+03 0
1.582591e+03 0
1.582854e+03 0
1.583117e+03 0
1.583379e+03 0
1.583642e+03 0
1.583905e+03 0
1.584168e+03 0
1.584431e+03 0
1.584693e+03 0
1.584956e+03 0
1.585219e+03 0
1.585482e+03 0
1.585745e+03 0
1.586008e+03 0
1.586270e+03 0
1.586533e+03 0
1.586796e+03 0
1.587059e+03 0
1.587322e+03 0
1.587585e+03 0
1.587848e+03 0
1.588110e+03 0
1.588373e+03 0
1.588636e+03 0
1.588899e+03 0
1.589162e+03 0
1.589425e+03 0
1.589688e+03 0
1.589950e+03 0
1.590213e+03 0
1.590476e+03 0
1.590739e+03 0
1.591002e+03 0
1.591265e+03 0
1.591528e+03 0
1.591791e+03 0
1.592053e+03 0
1.592316e+03 0
1.592579e+03 0
1.592842e+03 0
1.593105e+03 0
1.593368e+03 0
1.593631e+03 0
1.593894e+03 0
1.594157e+03 0
1.594420e+03 0
1.594683e+03 0
1.594945e+03 0
1.595208e+03 0
1.595471e+03 0
1.595734e+03 0
1.595997e+03 0
1.596260e+03 0
1.596523e+03 0
1.596786e+03 0
1.597049e+03 0
1.597312e+03 0
1.597575e+03 0
1.597838e+03 0
1.598101e+03 0
1.598364e+03 0
1.598627e+03 0
1.598890e+03 0
1.599153e+03 0
1.599415e+03 0
1.599678e+03 0
1.599941e+03 0
1.600204e+03 0
1.600467e+03 0
1.600730e+03 0
1.600993e+03 0
1.601256e+03 0
1.601519e+03 0
1.601782e+03 0
1.602045e+03 0
1.602308e+03 0
1.602571e+03 0
1.602834e+03 0
1.603097e+03 0
1.603360e+03 0
1.603623e+03 0
1.603886e+03 0
1.604149e+03 0
1.604412e+03 0
1.604675e+03 0
1.604938e+03 0
1.605201e+03 0
1.605464e+03 0
1.605727e+03 0
1.605990e+03 0
1.606253e+03 0
1.606516e+03 0
1.606779e+03 0
1.607042e+03 0
1.607305e+03 0
1.607569e+03 0
1.607832e+03 0
1.608095e+03 0
1.608358e+03 0
1.608621e+03 0
1.608884e+03 0
1.609147e+03 0
1.609410e+03 0
1.609673e+03 0
1.609936e+03 0
1.610199e+03 0
1.610462e+03 0
1.610725e+03 0
1.610988e+03 0
1.611251e+03 0
1.611514e+03 0
1.611778e+03 0
1.612041e+03 0
1.612304e+03 0
1.612567e+03 0
1.612830e+03 0
1.613093e+03 0
1.613356e+03 0
1.613619e+03 0
1.613882e+03 0
1.614145e+03 0
1.614408e+03 0
1.614672e+03 0
1.614935e+03 0
1.615198e+03 0
1.615461e+03 0
1.615724e+03 0
1.615987e+03 0
1.616250e+03 0
1.616513e+03 0
1.616776e+03 0
1.617040e+03 0
1.617303e+03 0
1.617566e+03 0
1.617829e+03 0
1.618092e+03 0
1.618355e+03 0
1.618618e+03 0
1.618882e+03 0
1.619145e+03 0
1.619408e+03 0
1.619671e+03 0
1.619934e+03 0
1.620197e+03 0
1.620461e+03 0
1.620724e+03 0
1.620987e+03 0
1.621250e+03 0
1.621513e+03 0
1.621776e+03 0
1.622040e+03 0
1.622303e+03 0
1.622566e+03 0
1.622829e+03 0
1.623092e+03 0
1.623355e+03 0
1.623619e+03 0
1.623882e+03 0
1.624145e+03 0
1.624408e+03 0
1.624671e+03 0
1.624935e+03 0
1.625198e+03 0
1.625461e+03 0
1.625724e+03 0
1.625987e+03 0
1.626251e+03 0
1.626514e+03 0
1.626777e+03 0
1.627040e+03 0
1.627304e+03 0
1.627567e+03 0
1.627830e+03 0
1.628093e+03 0
1.628357e+03 0
1.628620e+03 0
1.628883e+03 0
1.629146e+03 0
1.629409e+03 0
1.629673e+03 0
1.629936e+03 0
1.630199e+03 0
1.630462e+03 0
1.630726e+03 0
1.630989e+03 0
1.631252e+03 0
1.631516e+03 0
1.631779e+03 0
1.632042e+03 0
1.632305e+03 0
1.632569e+03 0
1.632832e+03 0
1.633095e+03 0
1.633358e+03 0
1.633622e+03 0
1.633885e+03 0
1.634148e+03 0
1.634412e+03 0
1.634675e+03 0
1.634938e+03 0
1.635202e+03 0
1.635465e+03 0
1.635728e+03 0
1.635991e+03 0
1.636255e+03 0
1.636518e+03 0
1.636781e+03 0
1.637045e+03 0
1.637308e+03 0
1.637571e+03 0
1.637835e+03 0
1.638098e+03 0
1.638361e+03 0
1.638625e+03 0
1.638888e+03 0
1.639151e+03 0
1.639415e+03 0
1.639678e+03 0
1.639941e+03 0
1.640205e+03 0
1.640468e+03 0
1.640731e+03 0
1.640995e+03 0
1.641258e+03 0
1.641521e+03 0
1.641785e+03 0
1.642048e+03 0
1.642312e+03 0
1.642575e+03 0
1.642838e+03 0
1.643102e+03 0
1.643365e+03 0
1.643628e+03 0
1.643892e+03 0
1.644155e+03 0
1.644419e+03 0
1.644682e+03 0
1.644945e+03 0
1.645209e+03 0
1.645472e+03 0
1.645736e+03 0
1.645999e+03 0
1.646262e+03 0
1.646526e+03 0
1.646789e+03 0
1.647053e+03 0
1.647316e+03 0
1.647579e+03 0
1.647843e+03 0
1.648106e+03 0
1.648370e+03 0
1.648633e+03 0
1.648897e+03 0
1.649160e+03 0
1.649423e+03 0
1.649687e+03 0
1.649950e+03 0
1.650214e+03 0
1.650477e+03 0
1.650741e+03 0
1.651004e+03 0
1.651268e+03 0
1.651531e+03 0
1.651794e+03 0
1.652058e+03 0
1.652321e+03 0
1.652585e+03 0
1.652848e+03 0
1.653112e+03 0
1.653375e+03 0
1.653639e+03 0
1.653902e+03 0
1.654166e+03 0
1.654429e+03 0
1.654693e+03 0
1.654956e+03 0
1.655220e+03 0
1.655483e+03 0
1.655747e+03 0
1.656010e+03 0
1.656274e+03 0
1.656537e+03 0
1.656801e+03 0
1.657064e+03 0
1.657328e+03 0
1.657591e+03 0
1.657855e+03 0
1.658118e+03 0
1.658382e+03 0
1.658645e+03 0
1.658909e+03 0
1.659172e+03 0
1.659436e+03 0
1.659699e+03 0
1.659963e+03 0
1.660226e+03 0
1.660490e+03 0
1.660754e+03 0
1.661017e+03 0
1.661281e+03 0
1.661544e+03 0
1.661808e+03 0
1.662071e+03 1
1.662335e+03 0
1.662598e+03 0
1.662862e+03 0
1.663126e+03 0
1.663389e+03 0
1.663653e+03 0
1.663916e+03 0
1.664180e+03 0
1.664443e+03 0
1.664707e+03 0
1.664971e+03 0
1.665234e+03 0
1.665498e+03 0
1.665761e+03 0
1.666025e+03 0
1.666289e+03 0
1.666552e+03 0
1.666816e+03 0
1.667079e+03 0
1.667343e+03 0
1.667607e+03 0
1.667870e+03 0
1.668134e+03 0
1.668397e+03 0
1.668661e+03 0
1.668925e+03 0
1.669188e+03 0
1.669452e+03 0
1.669715e+03 0
1.669979e+03 0
1.670243e+03 0
1.670506e+03 0
1.670770e+03 0
1.671034e+03 0
1.671297e+03 0
1.671561e+03 0
1.671825e+03 0
1.672088e+03 0
1.672352e+03 0
1.672616e+03 0
1.672879e+03 0
1.673143e+03 0
1.673407e+03 0
1.673670e+03 0
1.673934e+03 0
1.674198e+03 0
1.674461e+03 0
1.674725e+03 0
1.674989e+03 0
1.675252e+03 0
1.675516e+03 0
1.675780e+03 0
1.676043e+03 0
1.676307e+03 0
1.676571e+03 0
1.676834e+03 0
1.677098e+03 0
1.677362e+03 0
1.677625e+03 0
1.677889e+03 0
1.678153e+03 0
1.678417e+03 0
1.678680e+03 0
1.678944e+03 0
1.679208e+03 0
1.679471e+03 0
1.679735e+03 0
1.679999e+03 0
1.680263e+03 0
1.680526e+03 0
1.680790e+03 0
1.681054e+03 0
1.681318e+03 0
1.681581e+03 0
1.681845e+03 0
1.682109e+03 0
1.682373e+03 0
1.682636e+03 0
1.682900e+03 0
1.683164e+03 0
1.683428e+03 0
1.683691e+03 0
1.683955e+03 0
1.684219e+03 0
1.684483e+03 0
1.684746e+03 0
1.685010e+03 0
1.685274e+03 0
1.685538e+03 0
1.685801e+03 0
1.686065e+03 0
1.686329e+03 0
1.686593e+03 0
1.686857e+03 0
1.687120e+03 0
1.687384e+03 0
1.687648e+03 0
1.687912e+03 0
1.688176e+03 0
1.688439e+03 0
1.688703e+03 0
1.688967e+03 0
1.689231e+03 0
1.689495e+03 0
1.689758e+03 0
1.690022e+03 0
1.690286e+03 0
1.690550e+03 0
1.690814e+03 0
1.691078e+03 0
1.691341e+03 0
1.691605e+03 0
1.691869e+03 0
1.692133e+03 1
1.692397e+03 0
1.692661e+03 0
1.692924e+03 0
1.693188e+03 0
1.693452e+03 0
1.693716e+03 0
1.693980e+03 0
1.694244e+03 0
1.694508e+03 0
1.694771e+03 0
1.695035e+03 0
1.695299e+03 0
1.695563e+03 0
1.695827e+03 0
1.696091e+03 0
1.696355e+03 0
1.696619e+03 0
1.696882e+03 0
1.697146e+03 0
1.697410e+03 0
1.697674e+03 0
1.697938e+03 0
1.698202e+03 0
1.698466e+03 0
1.698730e+03 0
1.698994e+03 0
1.699258e+03 0
1.699521e+03 0
1.699785e+03 0
1.700049e+03 0
1.700313e+03 0
1.700577e+03 0
1.700841e+03 0
1.701105e+03 0
1.701369e+03 0
1.701633e+03 0
1.701897e+03 0
1.702161e+03 0
1.702425e+03 0
1.702689e+03 0
1.702952e+03 0
1.703216e+03 0
1.703480e+03 0
1.703744e+03 0
1.704008e+03 0
1.704272e+03 0
1.704536e+03 0
1.704800e+03 0
1.705064e+03 0
1.705328e+03 0
1.705592e+03 0
1.705856e+03 0
1.706120e+03 0
1.706384e+03 0
1.706648e+03 0
1.706912e+03 0
1.707176e+03 0
1.707440e+03 0
1.707704e+03 0
1.707968e+03 0
1.708232e+03 0
1.708496e+03 0
1.708760e+03 0
1.709024e+03 0
1.709288e+03 0
1.709552e+03 0
1.709816e+03 0
1.710080e+03 0
1.710344e+03 0
1.710608e+03 0
1.710872e+03 0
1.711136e+03 0
1.711400e+03 0
1.711664e+03 0
1.711928e+03 0
1.712192e+03 0
1.712456e+03 0
1.712720e+03 0
1.712984e+03 0
1.713248e+03 0
1.713512e+03 0
1.713776e+03 0
1.714040e+03 0
1.714304e+03 0
1.714568e+03 0
1.714832e+03 0
1.715096e+03 0
1.715361e+03 0
1.715625e+03 0
1.715889e+03 0
1.716153e+03 0
1.716417e+03 0
1.716681e+03 0
1.716945e+03 0
1.717209e+03 0
1.717473e+03 0
1.717737e+03 0
1.718001e+03 0
1.718265e+03 0
1.718529e+03 0
1.718794e+03 0
1.719058e+03 0
1.719322e+03 0
1.719586e+03 0
1.719850e+03 0
1.720114e+03 0
1.720378e+03 0
1.720642e+03 0
1.720906e+03 0
1.721170e+03 0
1.721435e+03 0
1.721699e+03 0
1.721963e+03 0
1.722227e+03 0
1.722491e+03 0
1.722755e+03 1
1.723019e+03 0
1.723283e+03 0
1.723548e+03 0
1.723812e+03 0
1.724076e+03 0
1.724340e+03 0
1.724604e+03 0
1.724868e+03 0
1.725132e+03 0
1.725397e+03 0
1.725661e+03 0
1.725925e+03 0
1.726189e+03 0
1.726453e+03 0
1.726717e+03 0
1.726982e+03 0
1.727246e+03 0
1.727510e+03 0
1.727774e+03 0
1.728038e+03 0
1.728302e+03 0
1.728567e+03 0
1.728831e+03 0
1.729095e+03 0
1.729359e+03 0
1.729623e+03 0
1.729888e+03 0
1.730152e+03 0
1.730416e+03 0
1.730680e+03 0
1.730944e+03 0
1.731209e+03 0
1.731473e+03 0
1.731737e+03 0
1.732001e+03 0
1.732265e+03 0
1.732530e+03 0
1.732794e+03 0
1.733058e+03 0
1.733322e+03 0
1.733587e+03 0
1.733851e+03 0
1.734115e+03 0
1.734379e+03 0
1.734644e+03 0
1.734908e+03 0
1.735172e+03 0
1.735436e+03 0
1.735701e+03 0
1.735965e+03 0
1.736229e+03 0
1.736493e+03 0
1.736758e+03 0
1.737022e+03 0
1.737286e+03 0
1.737550e+03 0
1.737815e+03 0
1.738079e+03 0
1.738343e+03 0
1.738607e+03 0
1.738872e+03 0
1.739136e+03 0
1.739400e+03 0
1.739665e+03 0
1.739929e+03 0
1.740193e+03 0
1.740457e+03 0
1.740722e+03 0
1.740986e+03 0
1.741250e+03 0
1.741515e+03 0
1.741779e+03 0
1.742043e+03 0
1.742308e+03 0
1.742572e+03 0
1.742836e+03 0
1.743101e+03 0
1.743365e+03 0
1.743629e+03 0
1.743894e+03 0
1.744158e+03 0
1.744422e+03 0
1.744687e+03 0
1.744951e+03 0
1.745215e+03 0
1.745480e+03 0
1.745744e+03 0
1.746008e+03 0
1.746273e+03 0
1.746537e+03 0
1.746801e+03 1
1.747066e+03 0
1.747330e+03 0
1.747594e+03 1
1.747859e+03 0
1.748123e+03 0
1.748387e+03 0
1.748652e+03 0
1.748916e+03 0
1.749181e+03 1
1.749445e+03 0
1.749709e+03 1
1.749974e+03 0
1.750238e+03 0
1.750503e+03 0
1.750767e+03 0
1.751031e+03 0
1.751296e+03 0
1.751560e+03 0
1.751825e+03 0
1.752089e+03 0
1.752353e+03 0
1.752618e+03 0
1.752882e+03 0
1.753147e+03 0
1.753411e+03 0
1.753675e+03 0
1.753940e+03 2
1.754204e+03 0
1.754469e+03 0
1.754733e+03 0
1.754998e+03 1
1.755262e+03 0
1.755526e+03 0
1.755791e+03 0
1.756055e+03 0
1.756320e+03 0
1.756584e+03 0
1.756849e+03 1
1.757113e+03 0
1.757378e+03 0
1.757642e+03 0
1.757906e+03 0
1.758171e+03 0
1.758435e+03 0
1.758700e+03 1
1.758964e+03 0
1.759229e+03 1
1.759493e+03 1
1.759758e+03 0
1.760022e+03 0
1.760287e+03 0
1.760551e+03 0
1.760816e+03 1
1.761080e+03 0
1.761345e+03 0
1.761609e+03 0
1.761874e+03 1
1.762138e+03 0
1.762403e+03 1
1.762667e+03 0
1.762932e+03 0
1.763196e+03 0
1.763461e+03 1
1.763725e+03 3
1.763990e+03 2
1.764254e+03 1
1.764519e+03 0
1.764783e+03 1
1.765048e+03 1
1.765312e+03 0
1.765577e+03 0
1.765841e+03 0
1.766106e+03 0
1.766370e+03 0
1.766635e+03 0
1.766900e+03 0
1.767164e+03 0
1.767429e+03 0
1.767693e+03 0
1.767958e+03 0
1.768222e+03 0
1.768487e+03 0
1.768751e+03 0
1.769016e+03 0
1.769281e+03 0
1.769545e+03 0
1.769810e+03 0
1.770074e+03 0
1.770339e+03 0
1.770603e+03 0
1.770868e+03 0
1.771133e+03 0
1.771397e+03 0
1.771662e+03 0
1.771926e+03 0
1.772191e+03 0
1.772456e+03 0
1.772720e+03 0
1.772985e+03 0
1.773249e+03 0
1.773514e+03 0
1.773779e+03 0
1.774043e+03 0
1.774308e+03 0
1.774572e+03 0
1.774837e+03 0
1.775102e+03 0
1.775366e+03 0
1.775631e+03 0
1.775896e+03 0
1.776160e+03 0
1.776425e+03 0
1.776689e+03 0
1.776954e+03 0
1.777219e+03 0
1.777483e+03 0
1.777748e+03 0
1.778013e+03 0
1.778277e+03 0
1.778542e+03 0
1.778807e+03 0
1.779071e+03 0
1.779336e+03 0
1.779601e+03 0
1.779865e+03 0
1.780130e+03 0
1.780395e+03 0
1.780659e+03 0
1.780924e+03 0
1.781189e+03 0
1.781453e+03 0
1.781718e+03 0
1.781983e+03 0
1.782247e+03 0
1.782512e+03 0
1.782777e+03 0
1.783042e+03 0
1.783306e+03 0
1.783571e+03 0
1.783836e+03 0
1.784100e+03 0
1.784365e+03 0
1.784630e+03 0
1.784894e+03 0
1.785159e+03 0
1.785424e+03 0
1.785689e+03 0
1.785953e+03 0
1.786218e+03 0
1.786483e+03 0
1.786748e+03 0
1.787012e+03 0
1.787277e+03 0
1.787542e+03 0
1.787806e+03 0
1.788071e+03 0
1.788336e+03 0
1.788601e+03 0
1.788865e+03 0
1.789130e+03 0
1.789395e+03 0
1.789660e+03 0
1.789924e+03 0
1.790189e+03 0
1.790454e+03 0
1.790719e+03 0
1.790984e+03 0
1.791248e+03 0
1.791513e+03 0
1.791778e+03 0
1.792043e+03 0
1.792307e+03 0
1.792572e+03 0
1.792837e+03 0
1.793102e+03 0
1.793367e+03 0
1.793631e+03 0
1.793896e+03 0
1.794161e+03 0
1.794426e+03 0
1.794691e+03 0
1.794955e+03 0
1.795220e+03 0
1.795485e+03 0
1.795750e+03 0
1.796015e+03 0
1.796280e+03 0
1.796544e+03 0
1.796809e+03 0
1.797074e+03 0
1.797339e+03 0
1.797604e+03 0
1.797868e+03 0
1.798133e+03 0
1.798398e+03 0
1.798663e+03 0
1.798928e+03 0
1.799193e+03 0
1.799458e+03 0
1.799722e+03 0
1.799987e+03 0
1.800252e+03 0
1.800517e+03 0
1.800782e+03 0
1.801047e+03 0
1.801312e+03 0
1.801576e+03 0
1.801841e+03 0
1.802106e+03 0
1.802371e+03 0
1.802636e+03 0
1.802901e+03 0
1.803166e+03 0
1.803431e+03 0
1.803696e+03 0
1.803960e+03 0
1.804225e+03 0
1.804490e+03 0
1.804755e+03 0
1.805020e+03 0
1.805285e+03 0
1.805550e+03 0
1.805815e+03 0
1.806080e+03 0
1.806345e+03 0
1.806609e+03 0
1.806874e+03 0
1.807139e+03 0
1.807404e+03 0
1.807669e+03 0
1.807934e+03 0
1.808199e+03 0
1.808464e+03 0
1.808729e+03 0
1.808994e+03 0
1.809259e+03 0
1.809524e+03 0
1.809789e+03 0
1.810054e+03 0
1.810319e+03 0
1.810584e+03 0
1.810849e+03 0
1.811113e+03 0
1.811378e+03 0
1.811643e+03 0
1.811908e+03 0
1.812173e+03 0
1.812438e+03 0
1.812703e+03 0
1.812968e+03 0
1.813233e+03 0
1.813498e+03 0
1.813763e+03 0
1.814028e+03 0
1.814293e+03 0
1.814558e+03 0
1.814823e+03 0
1.815088e+03 0
1.815353e+03 0
1.815618e+03 0
1.815883e+03 0
1.816148e+03 0
1.816413e+03 0
1.816678e+03 0
1.816943e+03 0
1.817208e+03 0
1.817473e+03 0
1.817738e+03 0
1.818003e+03 0
1.818268e+03 0
1.818533e+03 0
1.818798e+03 0
1.819063e+03 0
1.819329e+03 0
1.819594e+03 0
1.819859e+03 0
1.820124e+03 0
1.820389e+03 0
1.820654e+03 0
1.820919e+03 0
1.821184e+03 0
1.821449e+03 0
1.821714e+03 0
1.821979e+03 0
1.822244e+03 0
1.822509e+03 0
1.822774e+03 0
1.823039e+03 0
1.823304e+03 0
1.823569e+03 0
1.823835e+03 0
1.824100e+03 0
1.824365e+03 0
1.824630e+03 0
1.824895e+03 0
1.825160e+03 0
1.825425e+03 0
1.825690e+03 0
1.825955e+03 0
1.826220e+03 0
1.826485e+03 0
1.826751e+03 0
1.827016e+03 0
1.827281e+03 0
1.827546e+03 0
1.827811e+03 0
1.828076e+03 0
1.828341e+03 0
1.828606e+03 0
1.828872e+03 0
1.829137e+03 0
1.829402e+03 0
1.829667e+03 0
1.829932e+03 0
1.830197e+03 0
1.830462e+03 0
1.830728e+03 0
1.830993e+03 0
1.831258e+03 0
1.831523e+03 0
1.831788e+03 0
1.832053e+03 0
1.832318e+03 0
1.832584e+03 0
1.832849e+03 0
1.833114e+03 0
1.833379e+03 0
1.833644e+03 0
1.833909e+03 0
1.834175e+03 0
1.834440e+03 0
1.834705e+03 0
1.834970e+03 0
1.835235e+03 0
1.835501e+03 0
1.835766e+03 0
1.836031e+03 0
1.836296e+03 0
1.836561e+03 0
1.836827e+03 0
1.837092e+03 0
1.837357e+03 0
1.837622e+03 0
1.837887e+03 0
1.838153e+03 0
1.838418e+03 0
1.838683e+03 0
1.838948e+03 0
1.839213e+03 0
1.839479e+03 0
1.839744e+03 0
1.840009e+03 0
1.840274e+03 0
1.840540e+03 0
1.840805e+03 0
1.841070e+03 0
1.841335e+03 0
1.841601e+03 0
1.841866e+03 0
1.842131e+03 0
1.842396e+03 0
1.842662e+03 0
1.842927e+03 0
1.843192e+03 0
1.843457e+03 0
1.843723e+03 0
1.843988e+03 0
1.844253e+03 0
1.844519e+03 0
1.844784e+03 0
1.845049e+03 0
1.845314e+03 0
1.845580e+03 0
1.845845e+03 0
1.846110e+03 0
1.846376e+03 0
1.846641e+03 0
1.846906e+03 0
1.847171e+03 0
1.847437e+03 0
1.847702e+03 0
1.847967e+03 0
1.848233e+03 0
1.848498e+03 0
1.848763e+03 0
1.849029e+03 0
1.849294e+03 0
1.849559e+03 0
1.849825e+03 0
1.850090e+03 0
1.850355e+03 0
1.850621e+03 0
1.850886e+03 0
1.851151e+03 0
1.851417e+03 0
1.851682e+03 0
1.851947e+03 0
1.852213e+03 0
1.852478e+03 0
1.852743e+03 0
1.853009e+03 0
1.853274e+03 0
1.853539e+03 0
1.853805e+03 0
1.854070e+03 0
1.854335e+03 0
1.854601e+03 0
1.854866e+03 0
1.855132e+03 0
1.855397e+03 0
1.855662e+03 0
1.855928e+03 0
1.856193e+03 0
1.856458e+03 0
1.856724e+03 0
1.856989e+03 0
1.857255e+03 0
1.857520e+03 0
1.857785e+03 0
1.858051e+03 0
1.858316e+03 0
1.858582e+03 0
1.858847e+03 0
1.859112e+03 0
1.859378e+03 0
1.859643e+03 0
1.859909e+03 0
1.860174e+03 0
1.860440e+03 0
1.860705e+03 0
1.860970e+03 0
1.861236e+03 0
1.861501e+03 0
1.861767e+03 0
1.862032e+03 0
1.862298e+03 0
1.862563e+03 0
1.862828e+03 0
1.863094e+03 0
1.863359e+03 0
1.863625e+03 0
1.863890e+03 0
1.864156e+03 0
1.864421e+03 0
1.864687e+03 0
1.864952e+03 0
1.865218e+03 0
1.865483e+03 0
1.865749e+03 0
1.866014e+03 0
1.866280e+03 0
1.866545e+03 0
1.866811e+03 0
1.867076e+03 0
1.867341e+03 0
1.867607e+03 0
1.867872e+03 0
1.868138e+03 0
1.868403e+03 0
1.868669e+03 0
1.868934e+03 0
1.869200e+03 0
1.869465e+03 0
1.869731e+03 0
1.869997e+03 0
1.870262e+03 0
1.870528e+03 0
1.870793e+03 0
1.871059e+03 0
1.871324e+03 0
1.871590e+03 0
1.871855e+03 0
1.872121e+03 0
1.872386e+03 0
1.872652e+03 0
1.872917e+03 0
1.873183e+03 0
1.873448e+03 0
1.873714e+03 0
1.873980e+03 0
1.874245e+03 0
1.874511e+03 0
1.874776e+03 0
1.875042e+03 0
1.875307e+03 0
1.875573e+03 0
1.875838e+03 0
1.876104e+03 0
1.876370e+03 0
1.876635e+03 0
1.876901e+03 0
1.877166e+03 0
1.877432e+03 0
1.877698e+03 0
1.877963e+03 0
1.878229e+03 0
1.878494e+03 0
1.878760e+03 0
1.879025e+03 0
1.879291e+03 0
1.879557e+03 0
1.879822e+03 0
1.880088e+03 0
1.880354e+03 0
1.880619e+03 0
1.880885e+03 0
1.881150e+03 0
1.881416e+03 0
1.881682e+03 0
1.881947e+03 0
1.882213e+03 0
1.882478e+03 0
1.882744e+03 0
1.883010e+03 0
1.883275e+03 0
1.883541e+03 0
1.883807e+03 0
1.884072e+03 0
1.884338e+03 0
1.884604e+03 0
1.884869e+03 0
1.885135e+03 0
1.885401e+03 0
1.885666e+03 0
1.885932e+03 0
1.886198e+03 0
1.886463e+03 0
1.886729e+03 0
1.886995e+03 0
1.887260e+03 0
1.887526e+03 0
1.887792e+03 0
1.888057e+03 0
1.888323e+03 0
1.888589e+03 0
1.888854e+03 0
1.889120e+03 0
1.889386e+03 0
1.889651e+03 0
1.889917e+03 0
1.890183e+03 0
1.890449e+03 0
1.890714e+03 0
1.890980e+03 0
1.891246e+03 0
1.891511e+03 0
1.891777e+03 0
1.892043e+03 0
1.892309e+03 0
1.892574e+03 0
1.892840e+03 0
1.893106e+03 0
1.893372e+03 0
1.893637e+03 0
1.893903e+03 0
1.894169e+03 0
1.894434e+03 0
1.894700e+03 0
1.894966e+03 0
1.895232e+03 0
1.895497e+03 0
1.895763e+03 0
1.896029e+03 0
1.896295e+03 0
1.896561e+03 0
1.896826e+03 0
1.897092e+03 0
1.897358e+03 0
1.897624e+03 0
1.897889e+03 0
1.898155e+03 0
1.898421e+03 0
1.898687e+03 0
1.898953e+03 0
1.899218e+03 0
1.899484e+03 0
1.899750e+03 0
1.900016e+03 0
1.900281e+03 0
1.900547e+03 0
1.900813e+03 0
1.901079e+03 0
1.901345e+03 0
1.901611e+03 0
1.901876e+03 0
1.902142e+03 0
1.902408e+03 0
1.902674e+03 0
1.902940e+03 0
1.903205e+03 0
1.903471e+03 0
1.903737e+03 0
1.904003e+03 0
1.904269e+03 0
1.904535e+03 0
1.904800e+03 0
1.905066e+03 0
1.905332e+03 0
1.905598e+03 0
1.905864e+03 0
1.906130e+03 0
1.906396e+03 0
1.906661e+03 0
1.906927e+03 0
1.907193e+03 0
1.907459e+03 0
1.907725e+03 0
1.907991e+03 0
1.908257e+03 0
1.908522e+03 0
1.908788e+03 0
1.909054e+03 0
1.909320e+03 0
1.909586e+03 0
1.909852e+03 0
1.910118e+03 0
1.910384e+03 0
1.910650e+03 0
1.910915e+03 0
1.911181e+03 0
1.911447e+03 0
1.911713e+03 0
1.911979e+03 0
1.912245e+03 0
1.912511e+03 0
1.912777e+03 0
1.913043e+03 0
1.913309e+03 0
1.913575e+03 0
1.913841e+03 0
1.914106e+03 0
1.914372e+03 0
1.914638e+03 0
1.914904e+03 0
1.915170e+03 0
1.915436e+03 0
1.915702e+03 0
1.915968e+03 0
1.916234e+03 0
1.916500e+03 0
1.916766e+03 0
1.917032e+03 0
1.917298e+03 0
1.917564e+03 0
1.917830e+03 0
1.918096e+03 0
1.918362e+03 0
1.918628e+03 0
1.918894e+03 0
1.919160e+03 0
1.919426e+03 0
1.919691e+03 0
1.919957e+03 0
1.920223e+03 0
1.920489e+03 0
1.920755e+03 0
1.921021e+03 0
1.921287e+03 0
1.921553e+03 0
1.921819e+03 0
1.922085e+03 0
1.922351e+03 0
1.922617e+03 0
1.922883e+03 0
1.923149e+03 0
1.923415e+03 0
1.923681e+03 0
1.923948e+03 0
1.924214e+03 0
1.924480e+03 0
1.924746e+03 0
1.925012e+03 0
1.925278e+03 0
1.925544e+03 0
1.925810e+03 0
1.926076e+03 0
1.926342e+03 0
1.926608e+03 0
1.926874e+03 0
1.927140e+03 0
1.927406e+03 0
1.927672e+03 0
1.927938e+03 0
1.928204e+03 0
1.928470e+03 0
1.928736e+03 0
1.929002e+03 0
1.929268e+03 0
1.929535e+03 0
1.929801e+03 0
1.930067e+03 0
1.930333e+03 0
1.930599e+03 0
1.930865e+03 0
1.931131e+03 0
1.931397e+03 0
1.931663e+03 0
1.931929e+03 0
1.932195e+03 0
1.932461e+03 0
1.932728e+03 0
1.932994e+03 0
1.933260e+03 0
1.933526e+03 0
1.933792e+03 0
1.934058e+03 0
1.934324e+03 0
1.934590e+03 0
1.934856e+03 0
1.935123e+03 0
1.935389e+03 0
1.935655e+03 0
1.935921e+03 0
1.936187e+03 0
1.936453e+03 0
1.936719e+03 0
1.936986e+03 0
1.937252e+03 0
1.937518e+03 0
1.937784e+03 0
1.938050e+03 0
1.938316e+03 0
1.938582e+03 0
1.938849e+03 0
1.939115e+03 0
1.939381e+03 0
1.939647e+03 0
1.939913e+03 0
1.940179e+03 0
1.940446e+03 0
1.940712e+03 0
1.940978e+03 0
1.941244e+03 0
1.941510e+03 0
1.941777e+03 0
1.942043e+03 0
1.942309e+03 0
1.942575e+03 0
1.942841e+03 0
1.943108e+03 0
1.943374e+03 0
1.943640e+03 0
1.943906e+03 0
1.944172e+03 0
1.944439e+03 0
1.944705e+03 0
1.944971e+03 0
1.945237e+03 0
1.945503e+03 0
1.945770e+03 0
1.946036e+03 0
1.946302e+03 0
1.946568e+03 0
1.946835e+03 0
1.947101e+03 0
1.947367e+03 0
1.947633e+03 0
1.947900e+03 0
1.948166e+03 0
1.948432e+03 0
1.948698e+03 0
1.948965e+03 0
1.949231e+03 0
1.949497e+03 0
1.949763e+03 0
1.950030e+03 0
1.950296e+03 0
1.950562e+03 0
1.950828e+03 0
1.951095e+03 0
1.951361e+03 0
1.951627e+03 0
1.951894e+03 0
1.952160e+03 0
1.952426e+03 0
1.952692e+03 0
1.952959e+03 0
1.953225e+03 0
1.953491e+03 0
1.953758e+03 0
1.954024e+03 0
1.954290e+03 0
1.954556e+03 0
1.954823e+03 0
1.955089e+03 0
1.955355e+03 0
1.955622e+03 0
1.955888e+03 0
1.956154e+03 0
1.956421e+03 0
1.956687e+03 0
1.956953e+03 0
1.957220e+03 0
1.957486e+03 0
1.957752e+03 0
1.958019e+03 0
1.958285e+03 0
1.958551e+03 0
1.958818e+03 0
1.959084e+03 0
1.959350e+03 0
1.959617e+03 0
1.959883e+03 0
1.960149e+03 0
1.960416e+03 0
1.960682e+03 0
1.960949e+03 0
1.961215e+03 0
1.961481e+03 0
1.961748e+03 0
1.962014e+03 0
1.962280e+03 0
1.962547e+03 0
1.962813e+03 0
1.963080e+03 0
1.963346e+03 0
1.963612e+03 0
1.963879e+03 0
1.964145e+03 0
1.964412e+03 0
1.964678e+03 0
1.964944e+03 0
1.965211e+03 0
1.965477e+03 0
1.965744e+03 0
1.966010e+03 0
1.966276e+03 0
1.966543e+03 0
1.966809e+03 0
1.967076e+03 0
1.967342e+03 0
1.967609e+03 0
1.967875e+03 0
1.968141e+03 0
1.968408e+03 0
1.968674e+03 0
1.968941e+03 0
1.969207e+03 0
1.969474e+03 0
1.969740e+03 0
1.970007e+03 0
1.970273e+03 0
1.970539e+03 0
1.970806e+03 0
1.971072e+03 0
1.971339e+03 0
1.971605e+03 0
1.971872e+03 0
1.972138e+03 0
1.972405e+03 0
1.972671e+03 0
1.972938e+03 0
1.973204e+03 0
1.973471e+03 0
1.973737e+03 0
1.974004e+03 0
1.974270e+03 0
1.974537e+03 0
1.974803e+03 0
1.975070e+03 0
1.975336e+03 0
1.975603e+03 0
1.975869e+03 0
1.976136e+03 0
1.976402e+03 0
1.976669e+03 0
1.976935e+03 0
1.977202e+03 0
1.977468e+03 0
1.977735e+03 0
1.978001e+03 0
1.978268e+03 0
1.978534e+03 0
1.978801e+03 0
1.979067e+03 0
1.979334e+03 0
1.979600e+03 0
1.979867e+03 0
1.980134e+03 0
1.980400e+03 0
1.980667e+03 0
1.980933e+03 0
1.981200e+03 0
1.981466e+03 0
1.981733e+03 0
1.981999e+03 0
1.982266e+03 0
1.982533e+03 0
1.982799e+03 0
1.983066e+03 0
1.983332e+03 0
1.983599e+03 0
1.983865e+03 0
1.984132e+03 0
1.984399e+03 0
1.984665e+03 0
1.984932e+03 0
1.985198e+03 0
1.985465e+03 0
1.985732e+03 0
1.985998e+03 0
1.986265e+03 0
1.986531e+03 0
1.986798e+03 0
1.987065e+03 0
1.987331e+03 0
1.987598e+03 0
1.987864e+03 0
1.988131e+03 0
1.988398e+03 0
1.988664e+03 0
1.988931e+03 0
1.989198e+03 0
1.989464e+03 0
1.989731e+03 0
1.989998e+03 0
1.990264e+03 0
1.990531e+03 0
1.990797e+03 0
1.991064e+03 0
1.991331e+03 0
1.991597e+03 0
1.991864e+03 0
1.992131e+03 0
1.992397e+03 0
1.992664e+03 0
1.992931e+03 0
1.993197e+03 0
1.993464e+03 0
1.993731e+03 0
1.993997e+03 0
1.994264e+03 0
1.994531e+03 0
1.994797e+03 0
1.995064e+03 0
1.995331e+03 0
1.995597e+03 0
1.995864e+03 0
1.996131e+03 0
1.996398e+03 0
1.996664e+03 0
1.996931e+03 0
1.997198e+03 0
1.997464e+03 0
1.997731e+03 0
1.997998e+03 0
1.998265e+03 0
1.998531e+03 0
1.998798e+03 0
1.999065e+03 0
1.999331e+03 0
1.999598e+03 0
1.999865e+03 0
2.000132e+03 0
2.000398e+03 0
2.000665e+03 0
2.000932e+03 0
2.001199e+03 0
2.001465e+03 0
2.001732e+03 0
2.001999e+03 0
2.002266e+03 0
2.002532e+03 0
2.002799e+03 0
2.003066e+03 0
2.003333e+03 0
2.003599e+03 0
2.003866e+03 0
2.004133e+03 0
2.004400e+03 0
2.004666e+03 0
2.004933e+03 0
2.005200e+03 0
2.005467e+03 0
2.005734e+03 0
2.006000e+03 0
2.006267e+03 0
2.006534e+03 0
2.006801e+03 0
2.007068e+03 0
2.007334e+03 0
2.007601e+03 0
2.007868e+03 0
2.008135e+03 0
2.008402e+03 0
2.008668e+03 0
2.008935e+03 0
2.009202e+03 0
2.009469e+03 0
2.009736e+03 0
2.010002e+03 0
2.010269e+03 0
2.010536e+03 0
2.010803e+03 0
2.011070e+03 0
2.011337e+03 0
2.011604e+03 0
2.011870e+03 0
2.012137e+03 0
2.012404e+03 0
2.012671e+03 0
2.012938e+03 0
2.013205e+03 0
2.013471e+03 0
2.013738e+03 0
2.014005e+03 0
2.014272e+03 0
2.014539e+03 0
2.014806e+03 0
2.015073e+03 0
2.015340e+03 0
2.015606e+03 0
2.015873e+03 0
2.016140e+03 0
2.016407e+03 0
2.016674e+03 0
2.016941e+03 0
2.017208e+03 0
2.017475e+03 0
2.017742e+03 0
2.018008e+03 0
2.018275e+03 0
2.018542e+03 0
2.018809e+03 0
2.019076e+03 0
2.019343e+03 0
2.019610e+03 0
2.019877e+03 0
2.020144e+03 0
2.020411e+03 0
2.020678e+03 0
2.020944e+03 0
2.021211e+03 0
2.021478e+03 0
2.021745e+03 0
2.022012e+03 0
2.022279e+03 0
2.022546e+03 0
2.022813e+03 0
2.023080e+03 0
2.023347e+03 0
2.023614e+03 0
2.023881e+03 0
2.024148e+03 0
2.024415e+03 0
2.024682e+03 0
2.024949e+03 0
2.025216e+03 0
2.025483e+03 0
2.025750e+03 0
2.026017e+03 0
2.026284e+03 0
2.026551e+03 0
2.026818e+03 0
2.027085e+03 0
2.027351e+03 0
2.027618e+03 0
2.027885e+03 0
2.028152e+03 0
2.028419e+03 0
2.028686e+03 0
2.028953e+03 0
2.029220e+03 0
2.029487e+03 0
2.029754e+03 0
2.030022e+03 0
2.030289e+03 0
2.030556e+03 0
2.030823e+03 0
2.031090e+03 0
2.031357e+03 0
2.031624e+03 0
2.031891e+03 0
2.032158e+03 0
2.032425e+03 0
2.032692e+03 0
2.032959e+03 0
2.033226e+03 0
2.033493e+03 0
2.033760e+03 0
2.034027e+03 0
2.034294e+03 0
2.034561e+03 0
2.034828e+03 0
2.035095e+03 0
2.035362e+03 0
2.035629e+03 0
2.035896e+03 0
2.036163e+03 0
2.036431e+03 0
2.036698e+03 0
2.036965e+03 0
2.037232e+03 0
2.037499e+03 0
2.037766e+03 0
2.038033e+03 0
2.038300e+03 0
2.038567e+03 0
2.038834e+03 0
2.039101e+03 0
2.039369e+03 0
2.039636e+03 0
2.039903e+03 0
2.040170e+03 0
2.040437e+03 0
2.040704e+03 0
2.040971e+03 0
2.041238e+03 0
2.041505e+03 0
2.041773e+03 0
2.042040e+03 0
2.042307e+03 0
2.042574e+03 0
2.042841e+03 0
2.043108e+03 0
2.043375e+03 0
2.043642e+03 0
2.043910e+03 0
2.044177e+03 0
2.044444e+03 0
2.044711e+03 0
2.044978e+03 0
2.045245e+03 0
2.045512e+03 0
2.045780e+03 0
2.046047e+03 0
2.046314e+03 0
2.046581e+03 0
2.046848e+03 0
2.047115e+03 0
2.047383e+03 0
2.047650e+03 0
2.047917e+03 0
2.048184e+03 0
2.048451e+03 0
2.048719e+03 0
2.048986e+03 0
2.049253e+03 0
2.049520e+03 0
2.049787e+03 0
2.050055e+03 0
2.050322e+03 0
2.050589e+03 0
2.050856e+03 0
2.051123e+03 0
2.051391e+03 0
2.051658e+03 0
2.051925e+03 0
2.052192e+03 0
2.052459e+03 0
2.052727e+03 0
2.052994e+03 0
2.053261e+03 0
2.053528e+03 0
2.053796e+03 0
2.054063e+03 0
2.054330e+03 0
2.054597e+03 0
2.054865e+03 0
2.055132e+03 0
2.055399e+03 0
2.055666e+03 0
2.055934e+03 0
2.056201e+03 0
2.056468e+03 0
2.056735e+03 0
2.057003e+03 0
2.057270e+03 0
2.057537e+03 0
2.057804e+03 0
2.058072e+03 0
2.058339e+03 0
2.058606e+03 0
2.058874e+03 0
2.059141e+03 0
2.059408e+03 0
2.059675e+03 0
2.059943e+03 0
2.060210e+03 0
2.060477e+03 0
2.060745e+03 0
2.061012e+03 0
2.061279e+03 0
2.061546e+03 0
2.061814e+03 0
2.062081e+03 0
2.062348e+03 0
2.062616e+03 0
2.062883e+03 0
2.063150e+03 0
2.063418e+03 0
2.063685e+03 0
2.063952e+03 0
2.064220e+03 0
2.064487e+03 0
2.064754e+03 0
2.065022e+03 0
2.065289e+03 0
2.065556e+03 0
2.065824e+03 0
2.066091e+03 0
2.066358e+03 0
2.066626e+03 0
2.066893e+03 0
2.067160e+03 0
2.067428e+03 0
2.067695e+03 0
2.067963e+03 0
2.068230e+03 0
2.068497e+03 0
2.068765e+03 0
2.069032e+03 0
2.069299e+03 0
2.069567e+03 0
2.069834e+03 0
2.070102e+03 0
2.070369e+03 0
2.070636e+03 0
2.070904e+03 0
2.071171e+03 0
2.071439e+03 0
2.071706e+03 0
2.071973e+03 0
2.072241e+03 0
2.072508e+03 0
2.072776e+03 0
2.073043e+03 0
2.073310e+03 0
2.073578e+03 0
2.073845e+03 0
2.074113e+03 0
2.074380e+03 0
2.074648e+03 0
2.074915e+03 0
2.075182e+03 0
2.075450e+03 0
2.075717e+03 0
2.075985e+03 0
2.076252e+03 0
2.076520e+03 0
2.076787e+03 0
2.077055e+03 0
2.077322e+03 0
2.077589e+03 0
2.077857e+03 0
2.078124e+03 0
2.078392e+03 0
2.078659e+03 0
2.078927e+03 0
2.079194e+03 0
2.079462e+03 0
2.079729e+03 0
2.079997e+03 0
2.080264e+03 0
2.080532e+03 0
2.080799e+03 0
2.081067e+03 0
2.081334e+03 0
2.081602e+03 0
2.081869e+03 0
2.082137e+03 0
2.082404e+03 0
2.082672e+03 0
2.082939e+03 0
2.083207e+03 0
2.083474e+03 0
2.083742e+03 0
2.084009e+03 0
2.084277e+03 0
2.084544e+03 0
2.084812e+03 0
2.085079e+03 0
2.085347e+03 0
2.085614e+03 0
2.085882e+03 0
2.086149e+03 0
2.086417e+03 0
2.086684e+03 0
2.086952e+03 0
2.087219e+03 0
2.087487e+03 0
2.087755e+03 0
2.088022e+03 0
2.088290e+03 0
2.088557e+03 0
2.088825e+03 0
2.089092e+03 0
2.089360e+03 0
2.089628e+03 0
2.089895e+03 0
2.090163e+03 0
2.090430e+03 0
2.090698e+03 0
2.090965e+03 0
2.091233e+03 0
2.091501e+03 0
2.091768e+03 0
2.092036e+03 0
2.092303e+03 0
2.092571e+03 0
2.092839e+03 0
2.093106e+03 0
2.093374e+03 0
2.093641e+03 0
2.093909e+03 0
2.094177e+03 0
2.094444e+03 0
2.094712e+03 0
2.094979e+03 0
2.095247e+03 0
2.095515e+03 0
2.095782e+03 0
2.096050e+03 0
2.096318e+03 0
2.096585e+03 0
2.096853e+03 0
2.097120e+03 0
2.097388e+03 0
2.097656e+03 0
2.097923e+03 0
2.098191e+03 0
2.098459e+03 0
2.098726e+03 0
2.098994e+03 0
2.099262e+03 0
2.099529e+03 0
2.099797e+03 0
2.100065e+03 0
2.100332e+03 0
2.100600e+03 0
2.100868e+03 0
2.101135e+03 0
2.101403e+03 0
2.101671e+03 0
2.101938e+03 0
2.102206e+03 0
2.102474e+03 0
2.102741e+03 0
2.103009e+03 0
2.103277e+03 0
2.103545e+03 0
2.103812e+03 0
2.104080e+03 0
2.104348e+03 0
2.104615e+03 0
2.104883e+03 0
2.105151e+03 0
2.105418e+03 0
2.105686e+03 0
2.105954e+03 0
2.106222e+03 0
2.106489e+03 0
2.106757e+03 0
2.107025e+03 0
2.107293e+03 0
2.107560e+03 0
2.107828e+03 0
2.108096e+03 0
2.108363e+03 0
2.108631e+03 0
2.108899e+03 0
2.109167e+03 0
2.109434e+03 0
2.109702e+03 0
2.109970e+03 0
2.110238e+03 0
2.110506e+03 0
2.110773e+03 0
2.111041e+03 0
2.111309e+03 0
2.111577e+03 0
