Energy  Counts
4.040608e+00 0
4.288890e+00 0
4.537173e+00 0
4.785458e+00 0
5.033745e+00 0
5.282033e+00 0
5.530322e+00 0
5.778614e+00 0
6.026906e+00 0
6.275200e+00 0
6.523496e+00 0
6.771793e+00 0
7.020092e+00 0
7.268392e+00 0
7.516694e+00 0
7.764997e+00 0
8.013302e+00 0
8.261608e+00 0
8.509916e+00 0
8.758225e+00 0
9.006536e+00 0
9.254848e+00 0
9.503162e+00 0
9.751477e+00 0
9.999794e+00 0
1.024811e+01 0
1.049643e+01 0
1.074475e+01 0
1.099308e+01 0
1.124140e+01 0
1.148973e+01 0
1.173806e+01 0
1.198638e+01 0
1.223471e+01 0
1.248305e+01 0
1.273138e+01 0
1.297972e+01 0
1.322805e+01 0
1.347639e+01 0
1.372473e+01 0
1.397307e+01 0
1.422141e+01 0
1.446976e+01 0
1.471810e+01 0
1.496645e+01 0
1.521480e+01 0
1.546315e+01 0
1.571150e+01 0
1.595986e+01 0
1.620821e+01 0
1.645657e+01 0
1.670492e+01 0
1.695328e+01 0
1.720164e+01 0
1.745001e+01 0
1.769837e+01 0
1.794674e+01 0
1.819510e+01 0
1.844347e+01 0
1.869184e+01 0
1.894021e+01 0
1.918859e+01 0
1.943696e+01 0
1.968534e+01 0
1.993372e+01 0
2.018209e+01 0
2.043048e+01 0
2.067886e+01 0
2.092724e+01 0
2.117563e+01 0
2.142401e+01 0
2.167240e+01 0
2.192079e+01 0
2.216918e+01 0
2.241758e+01 0
2.266597e+01 0
2.291437e+01 0
2.316276e+01 0
2.341116e+01 0
2.365956e+01 0
2.390796e+01 0
2.415637e+01 0
2.440477e+01 0
2.465318e+01 0
2.490159e+01 0
2.515000e+01 0
2.539841e+01 0
2.564682e+01 0
2.589523e+01 0
2.614365e+01 0
2.639207e+01 0
2.664049e+01 0
2.688891e+01 0
2.713733e+01 0
2.738575e+01 0
2.763418e+01 0
2.788260e+01 0
2.813103e+01 0
2.837946e+01 0
2.862789e+01 0
2.887632e+01 0
2.912476e+01 0
2.937319e+01 0
2.962163e+01 0
2.987007e+01 0
3.011851e+01 0
3.036695e+01 0
3.061539e+01 0
3.086384e+01 0
3.111228e+01 0
3.136073e+01 0
3.160918e+01 0
3.185763e+01 0
3.210608e+01 0
3.235453e+01 0
3.260299e+01 0
3.285145e+01 0
3.309990e+01 0
3.334836e+01 0
3.359682e+01 0
3.384529e+01 0
3.409375e+01 0
3.434222e+01 0
3.459068e+01 0
3.483915e+01 0
3.508762e+01 0
3.533610e+01 0
3.558457e+01 0
3.583304e+01 0
3.608152e+01 0
3.633000e+01 0
3.657848e+01 0
3.682696e+01 0
3.707544e+01 0
3.732392e+01 0
3.757241e+01 0
3.782090e+01 0
3.806939e+01 0
3.831788e+01 0
3.856637e+01 0
3.881486e+01 0
3.906335e+01 0
3.931185e+01 0
3.956035e+01 0
3.980885e+01 0
4.005735e+01 0
4.030585e+01 0
4.055435e+01 0
4.080286e+01 0
4.105137e+01 0
4.129987e+01 0
4.154838e+01 0
4.179690e+01 0
4.204541e+01 0
4.229392e+01 0
4.254244e+01 0
4.279096e+01 0
4.303947e+01 0
4.328800e+01 0
4.353652e+01 0
4.378504e+01 0
4.403357e+01 0
4.428209e+01 0
4.453062e+01 0
4.477915e+01 0
4.502768e+01 0
4.527621e+01 0
4.552475e+01 0
4.577328e+01 0
4.602182e+01 0
4.627036e+01 0
4.651890e+01 0
4.676744e+01 0
4.701598e+01 0
4.726453e+01 0
4.751307e+01 0
4.776162e+01 0
4.801017e+01 0
4.825872e+01 0
4.850727e+01 0
4.875583e+01 0
4.900438e+01 0
4.925294e+01 0
4.950150e+01 0
4.975006e+01 0
4.999862e+01 0
5.024718e+01 0
5.049575e+01 0
5.074431e+01 0
5.099288e+01 0
5.124145e+01 0
5.149002e+01 0
5.173859e+01 0
5.198717e+01 0
5.223574e+01 0
5.248432e+01 0
5.273290e+01 0
5.298148e+01 0
5.323006e+01 0
5.347864e+01 0
5.372722e+01 0
5.397581e+01 0
5.422440e+01 0
5.447299e+01 0
5.472158e+01 0
5.497017e+01 0
5.521876e+01 0
5.546736e+01 0
5.571595e+01 0
5.596455e+01 0
5.621315e+01 0
5.646175e+01 0
5.671035e+01 0
5.695896e+01 0
5.720756e+01 0
5.745617e+01 0
5.770478e+01 0
5.795339e+01 0
5.820200e+01 0
5.845061e+01 0
5.869923e+01 0
5.894784e+01 0
5.919646e+01 0
5.944508e+01 0
5.969370e+01 0
5.994232e+01 0
6.019095e+01 0
6.043957e+01 0
6.068820e+01 0
6.093683e+01 0
6.118546e+01 0
6.143409e+01 0
6.168272e+01 0
6.193135e+01 0
6.217999e+01 0
6.242863e+01 0
6.267727e+01 0
6.292591e+01 0
6.317455e+01 0
6.342319e+01 0
6.367184e+01 0
6.392048e+01 0
6.416913e+01 0
6.441778e+01 0
6.466643e+01 0
6.491508e+01 0
6.516374e+01 0
6.541239e+01 0
6.566105e+01 0
6.590971e+01 0
6.615837e+01 0
6.640703e+01 0
6.665569e+01 0
6.690436e+01 0
6.715303e+01 0
6.740169e+01 0
6.765036e+01 0
6.789903e+01 0
6.814771e+01 0
6.839638e+01 0
6.864505e+01 0
6.889373e+01 0
6.914241e+01 0
6.939109e+01 0
6.963977e+01 0
6.988845e+01 0
7.013714e+01 0
7.038582e+01 0
7.063451e+01 0
7.088320e+01 0
7.113189e+01 0
7.138058e+01 0
7.162928e+01 0
7.187797e+01 0
7.212667e+01 0
7.237537e+01 0
7.262407e+01 0
7.287277e+01 0
7.312147e+01 0
7.337017e+01 0
7.361888e+01 0
7.386759e+01 0
7.411630e+01 0
7.436501e+01 0
7.461372e+01 0
7.486243e+01 0
7.511115e+01 0
7.535986e+01 0
7.560858e+01 0
7.585730e+01 0
7.610602e+01 0
7.635474e+01 0
7.660347e+01 0
7.685219e+01 0
7.710092e+01 0
7.734965e+01 0
7.759838e+01 0
7.784711e+01 0
7.809584e+01 0
7.834458e+01 0
7.859331e+01 0
7.884205e+01 0
7.909079e+01 0
7.933953e+01 0
7.958827e+01 0
7.983702e+01 0
8.008576e+01 0
8.033451e+01 0
8.058326e+01 0
8.083201e+01 0
8.108076e+01 0
8.132951e+01 0
8.157826e+01 0
8.182702e+01 0
8.207578e+01 0
8.232454e+01 0
8.257330e+01 0
8.282206e+01 0
8.307082e+01 0
8.331959e+01 0
8.356835e+01 0
8.381712e+01 0
8.406589e+01 0
8.431466e+01 0
8.456343e+01 0
8.481221e+01 0
8.506098e+01 0
8.530976e+01 0
8.555854e+01 0
8.580732e+01 0
8.605610e+01 0
8.630488e+01 0
8.655367e+01 0
8.680246e+01 0
8.705124e+01 0
8.730003e+01 0
8.754882e+01 0
8.779762e+01 0
8.804641e+01 0
8.829520e+01 0
8.854400e+01 0
8.879280e+01 0
8.904160e+01 0
8.929040e+01 0
8.953920e+01 0
8.978801e+01 0
9.003681e+01 0
9.028562e+01 0
9.053443e+01 0
9.078324e+01 0
9.103205e+01 0
9.128087e+01 0
9.152968e+01 0
9.177850e+01 0
9.202732e+01 0
9.227614e+01 0
9.252496e+01 0
9.277378e+01 0
9.302260e+01 0
9.327143e+01 0
9.352026e+01 0
9.376908e+01 0
9.401792e+01 0
9.426675e+01 0
9.451558e+01 0
9.476441e+01 0
9.501325e+01 0
9.526209e+01 0
9.551093e+01 0
9.575977e+01 0
9.600861e+01 0
9.625746e+01 0
9.650630e+01 0
9.675515e+01 0
9.700400e+01 0
9.725285e+01 0
9.750170e+01 0
9.775055e+01 0
9.799941e+01 0
9.824826e+01 0
9.849712e+01 0
9.874598e+01 0
9.899484e+01 0
9.924370e+01 0
9.949256e+01 0
9.974143e+01 0
9.999030e+01 0
1.002392e+02 0
1.004880e+02 0
1.007369e+02 0
1.009858e+02 0
1.012347e+02 0
1.014835e+02 0
1.017324e+02 0
1.019813e+02 0
1.022302e+02 0
1.024790e+02 0
1.027279e+02 0
1.029768e+02 0
1.032257e+02 0
1.034746e+02 0
1.037235e+02 0
1.039724e+02 0
1.042213e+02 0
1.044702e+02 0
1.047191e+02 0
1.049679e+02 0
1.052168e+02 0
1.054657e+02 0
1.057146e+02 0
1.059636e+02 0
1.062125e+02 0
1.064614e+02 0
1.067103e+02 0
1.069592e+02 0
1.072081e+02 0
1.074570e+02 0
1.077059e+02 0
1.079548e+02 0
1.082037e+02 0
1.084527e+02 0
1.087016e+02 0
1.089505e+02 0
1.091994e+02 0
1.094484e+02 0
1.096973e+02 0
1.099462e+02 0
1.101951e+02 0
1.104441e+02 0
1.106930e+02 0
1.109419e+02 0
1.111909e+02 0
1.114398e+02 0
1.116887e+02 0
1.119377e+02 0
1.121866e+02 0
1.124356e+02 0
1.126845e+02 0
1.129335e+02 0
1.131824e+02 0
1.134314e+02 0
1.136803e+02 0
1.139293e+02 0
1.141782e+02 0
1.144272e+02 0
1.146761e+02 0
1.149251e+02 0
1.151740e+02 0
1.154230e+02 0
1.156720e+02 0
1.159209e+02 0
1.161699e+02 0
1.164189e+02 0
1.166678e+02 0
1.169168e+02 0
1.171658e+02 0
1.174147e+02 0
1.176637e+02 0
1.179127e+02 0
1.181617e+02 0
1.184106e+02 0
1.186596e+02 0
1.189086e+02 0
1.191576e+02 0
1.194066e+02 0
1.196556e+02 0
1.199046e+02 0
1.201535e+02 0
1.204025e+02 0
1.206515e+02 0
1.209005e+02 0
1.211495e+02 0
1.213985e+02 0
1.216475e+02 0
1.218965e+02 0
1.221455e+02 0
1.223945e+02 0
1.226435e+02 0
1.228925e+02 0
1.231415e+02 0
1.233905e+02 0
1.236396e+02 0
1.238886e+02 0
1.241376e+02 0
1.243866e+02 0
1.246356e+02 0
1.248846e+02 0
1.251337e+02 0
1.253827e+02 0
1.256317e+02 0
1.258807e+02 0
1.261297e+02 0
1.263788e+02 0
1.266278e+02 0
1.268768e+02 0
1.271259e+02 0
1.273749e+02 0
1.276239e+02 0
1.278730e+02 0
1.281220e+02 0
1.283711e+02 0
1.286201e+02 0
1.288691e+02 0
1.291182e+02 0
1.293672e+02 0
1.296163e+02 0
1.298653e+02 0
1.301144e+02 0
1.303634e+02 0
1.306125e+02 0
1.308615e+02 0
1.311106e+02 0
1.313596e+02 0
1.316087e+02 0
1.318578e+02 0
1.321068e+02 0
1.323559e+02 0
1.326050e+02 0
1.328540e+02 0
1.331031e+02 0
1.333522e+02 0
1.336012e+02 0
1.338503e+02 0
1.340994e+02 0
1.343485e+02 0
1.345975e+02 0
1.348466e+02 0
1.350957e+02 0
1.353448e+02 0
1.355939e+02 0
1.358430e+02 0
1.360920e+02 0
1.363411e+02 0
1.365902e+02 0
1.368393e+02 0
1.370884e+02 0
1.373375e+02 0
1.375866e+02 0
1.378357e+02 0
1.380848e+02 0
1.383339e+02 0
1.385830e+02 0
1.388321e+02 0
1.390812e+02 0
1.393303e+02 0
1.395794e+02 0
1.398285e+02 0
1.400776e+02 0
1.403267e+02 0
1.405759e+02 0
1.408250e+02 0
1.410741e+02 0
1.413232e+02 0
1.415723e+02 0
1.418215e+02 0
1.420706e+02 0
1.423197e+02 0
1.425688e+02 0
1.428180e+02 0
1.430671e+02 0
1.433162e+02 0
1.435654e+02 0
1.438145e+02 0
1.440636e+02 0
1.443128e+02 0
1.445619e+02 0
1.448110e+02 0
1.450602e+02 0
1.453093e+02 0
1.455585e+02 0
1.458076e+02 0
1.460568e+02 0
1.463059e+02 0
1.465551e+02 0
1.468042e+02 0
1.470534e+02 0
1.473025e+02 0
1.475517e+02 0
1.478008e+02 0
1.480500e+02 0
1.482992e+02 0
1.485483e+02 0
1.487975e+02 0
1.490467e+02 0
1.492958e+02 0
1.495450e+02 0
1.497942e+02 0
1.500433e+02 0
1.502925e+02 0
1.505417e+02 0
1.507909e+02 0
1.510400e+02 0
1.512892e+02 0
1.515384e+02 0
1.517876e+02 0
1.520368e+02 0
1.522859e+02 0
1.525351e+02 0
1.527843e+02 0
1.530335e+02 0
1.532827e+02 0
1.535319e+02 0
1.537811e+02 0
1.540303e+02 0
1.542795e+02 0
1.545287e+02 0
1.547779e+02 0
1.550271e+02 0
1.552763e+02 0
1.555255e+02 0
1.557747e+02 0
1.560239e+02 0
1.562731e+02 0
1.565223e+02 0
1.567715e+02 0
1.570208e+02 0
1.572700e+02 0
1.575192e+02 0
1.577684e+02 0
1.580176e+02 0
1.582669e+02 0
1.585161e+02 0
1.587653e+02 0
1.590145e+02 0
1.592638e+02 0
1.595130e+02 0
1.597622e+02 0
1.600115e+02 0
1.602607e+02 0
1.605099e+02 0
1.607592e+02 0
1.610084e+02 0
1.612576e+02 0
1.615069e+02 0
1.617561e+02 0
1.620054e+02 0
1.622546e+02 0
1.625039e+02 0
1.627531e+02 0
1.630024e+02 0
1.632516e+02 0
1.635009e+02 0
1.637501e+02 0
1.639994e+02 0
1.642486e+02 0
1.644979e+02 0
1.647472e+02 0
1.649964e+02 0
1.652457e+02 0
1.654950e+02 0
1.657442e+02 0
1.659935e+02 0
1.662428e+02 0
1.664920e+02 0
1.667413e+02 0
1.669906e+02 0
1.672399e+02 0
1.674891e+02 0
1.677384e+02 0
1.679877e+02 0
1.682370e+02 0
1.684863e+02 0
1.687356e+02 0
1.689848e+02 0
1.692341e+02 0
1.694834e+02 0
1.697327e+02 0
1.699820e+02 0
1.702313e+02 0
1.704806e+02 0
1.707299e+02 0
1.709792e+02 0
1.712285e+02 0
1.714778e+02 0
1.717271e+02 0
1.719764e+02 0
1.722257e+02 0
1.724750e+02 0
1.727243e+02 0
1.729736e+02 0
1.732230e+02 0
1.734723e+02 0
1.737216e+02 0
1.739709e+02 0
1.742202e+02 0
1.744695e+02 0
1.747189e+02 0
1.749682e+02 0
1.752175e+02 0
1.754668e+02 0
1.757162e+02 0
1.759655e+02 0
1.762148e+02 0
1.764642e+02 0
1.767135e+02 0
1.769628e+02 0
1.772122e+02 0
1.774615e+02 0
1.777109e+02 0
1.779602e+02 0
1.782095e+02 0
1.784589e+02 0
1.787082e+02 0
1.789576e+02 0
1.792069e+02 0
1.794563e+02 0
1.797056e+02 0
1.799550e+02 0
1.802043e+02 0
1.804537e+02 0
1.807031e+02 0
1.809524e+02 0
1.812018e+02 0
1.814511e+02 0
1.817005e+02 0
1.819499e+02 0
1.821992e+02 0
1.824486e+02 0
1.826980e+02 0
1.829474e+02 0
1.831967e+02 0
1.834461e+02 0
1.836955e+02 0
1.839449e+02 0
1.841942e+02 0
1.844436e+02 0
1.846930e+02 0
1.849424e+02 0
1.851918e+02 0
1.854412e+02 0
1.856906e+02 0
1.859399e+02 0
1.861893e+02 0
1.864387e+02 0
1.866881e+02 0
1.869375e+02 0
1.871869e+02 0
1.874363e+02 0
1.876857e+02 0
1.879351e+02 0
1.881845e+02 0
1.884339e+02 0
1.886833e+02 0
1.889328e+02 0
1.891822e+02 0
1.894316e+02 0
1.896810e+02 0
1.899304e+02 0
1.901798e+02 0
1.904292e+02 0
1.906787e+02 0
1.909281e+02 0
1.911775e+02 0
1.914269e+02 0
1.916763e+02 0
1.919258e+02 0
1.921752e+02 0
1.924246e+02 0
1.926741e+02 0
1.929235e+02 0
1.931729e+02 0
1.934224e+02 0
1.936718e+02 0
1.939212e+02 0
1.941707e+02 0
1.944201e+02 0
1.946696e+02 0
1.949190e+02 0
1.951685e+02 0
1.954179e+02 0
1.956674e+02 0
1.959168e+02 0
1.961663e+02 0
1.964157e+02 0
1.966652e+02 0
1.969146e+02 0
1.971641e+02 0
1.974136e+02 0
1.976630e+02 0
1.979125e+02 0
1.981619e+02 0
1.984114e+02 0
1.986609e+02 0
1.989104e+02 0
1.991598e+02 0
1.994093e+02 0
1.996588e+02 0
1.999082e+02 0
2.001577e+02 0
2.004072e+02 0
2.006567e+02 0
2.009062e+02 0
2.011556e+02 0
2.014051e+02 0
2.016546e+02 0
2.019041e+02 0
2.021536e+02 0
2.024031e+02 0
2.026526e+02 0
2.029021e+02 0
2.031516e+02 0
2.034011e+02 0
2.036506e+02 0
2.039001e+02 0
2.041496e+02 0
2.043991e+02 0
2.046486e+02 0
2.048981e+02 0
2.051476e+02 0
2.053971e+02 0
2.056466e+02 0
2.058961e+02 0
2.061456e+02 0
2.063951e+02 0
2.066447e+02 0
2.068942e+02 0
2.071437e+02 0
2.073932e+02 0
2.076427e+02 0
2.078923e+02 0
2.081418e+02 0
2.083913e+02 0
2.086409e+02 0
2.088904e+02 0
2.091399e+02 0
2.093894e+02 0
2.096390e+02 0
2.098885e+02 0
2.101381e+02 0
2.103876e+02 0
2.106371e+02 0
2.108867e+02 0
2.111362e+02 0
2.113858e+02 0
2.116353e+02 0
2.118849e+02 0
2.121344e+02 0
2.123840e+02 0
2.126335e+02 0
2.128831e+02 0
2.131326e+02 0
2.133822e+02 0
2.136317e+02 0
2.138813e+02 0
2.141309e+02 0
2.143804e+02 0
2.146300e+02 0
2.148796e+02 0
2.151291e+02 0
2.153787e+02 0
2.156283e+02 0
2.158778e+02 0
2.161274e+02 0
2.163770e+02 0
2.166266e+02 0
2.168762e+02 0
2.171257e+02 0
2.173753e+02 0
2.176249e+02 0
2.178745e+02 0
2.181241e+02 0
2.183737e+02 0
2.186233e+02 0
2.188728e+02 0
2.191224e+02 0
2.193720e+02 0
2.196216e+02 0
2.198712e+02 0
2.201208e+02 0
2.203704e+02 0
2.206200e+02 0
2.208696e+02 0
2.211192e+02 0
2.213688e+02 0
2.216184e+02 0
2.218681e+02 0
2.221177e+02 0
2.223673e+02 0
2.226169e+02 0
2.228665e+02 0
2.231161e+02 0
2.233657e+02 0
2.236154e+02 0
2.238650e+02 0
2.241146e+02 0
2.243642e+02 0
2.246139e+02 0
2.248635e+02 0
2.251131e+02 0
2.253627e+02 0
2.256124e+02 0
2.258620e+02 0
2.261116e+02 0
2.263613e+02 0
2.266109e+02 0
2.268606e+02 0
2.271102e+02 0
2.273598e+02 0
2.276095e+02 0
2.278591e+02 0
2.281088e+02 0
2.283584e+02 0
2.286081e+02 0
2.288577e+02 0
2.291074e+02 0
2.293570e+02 0
2.296067e+02 0
2.298564e+02 0
2.301060e+02 0
2.303557e+02 0
2.306053e+02 0
2.308550e+02 0
2.311047e+02 0
2.313543e+02 0
2.316040e+02 0
2.318537e+02 0
2.321033e+02 0
2.323530e+02 0
2.326027e+02 0
2.328524e+02 0
2.331020e+02 0
2.333517e+02 0
2.336014e+02 0
2.338511e+02 0
2.341008e+02 0
2.343505e+02 0
2.346001e+02 0
2.348498e+02 0
2.350995e+02 0
2.353492e+02 0
2.355989e+02 0
2.358486e+02 0
2.360983e+02 0
2.363480e+02 0
2.365977e+02 0
2.368474e+02 0
2.370971e+02 0
2.373468e+02 0
2.375965e+02 0
2.378462e+02 0
2.380959e+02 0
2.383456e+02 0
2.385953e+02 0
2.388451e+02 0
2.390948e+02 0
2.393445e+02 0
2.395942e+02 0
2.398439e+02 0
2.400936e+02 0
2.403434e+02 0
2.405931e+02 0
2.408428e+02 0
2.410925e+02 0
2.413423e+02 0
2.415920e+02 0
2.418417e+02 0
2.420915e+02 0
2.423412e+02 0
2.425909e+02 0
2.428407e+02 0
2.430904e+02 0
2.433401e+02 0
2.435899e+02 0
2.438396e+02 0
2.440894e+02 0
2.443391e+02 0
2.445889e+02 0
2.448386e+02 0
2.450884e+02 0
2.453381e+02 0
2.455879e+02 0
2.458376e+02 0
2.460874e+02 0
2.463371e+02 0
2.465869e+02 0
2.468367e+02 0
2.470864e+02 0
2.473362e+02 0
2.475859e+02 0
2.478357e+02 0
2.480855e+02 0
2.483353e+02 0
2.485850e+02 0
2.488348e+02 0
2.490846e+02 0
2.493344e+02 0
2.495841e+02 0
2.498339e+02 0
2.500837e+02 0
2.503335e+02 0
2.505833e+02 0
2.508330e+02 0
2.510828e+02 0
2.513326e+02 0
2.515824e+02 0
2.518322e+02 0
2.520820e+02 0
2.523318e+02 0
2.525816e+02 0
2.528314e+02 0
2.530812e+02 0
2.533310e+02 0
2.535808e+02 0
2.538306e+02 0
2.540804e+02 0
2.543302e+02 0
2.545800e+02 0
2.548298e+02 0
2.550796e+02 0
2.553294e+02 0
2.555793e+02 0
2.558291e+02 0
2.560789e+02 0
2.563287e+02 0
2.565785e+02 0
2.568284e+02 0
2.570782e+02 0
2.573280e+02 0
2.575778e+02 0
2.578277e+02 0
2.580775e+02 0
2.583273e+02 0
2.585771e+02 0
2.588270e+02 0
2.590768e+02 0
2.593267e+02 0
2.595765e+02 0
2.598263e+02 0
2.600762e+02 0
2.603260e+02 0
2.605759e+02 0
2.608257e+02 0
2.610756e+02 0
2.613254e+02 0
2.615753e+02 0
2.618251e+02 0
2.620750e+02 0
2.623248e+02 0
2.625747e+02 0
2.628245e+02 0
2.630744e+02 0
2.633243e+02 0
2.635741e+02 0
2.638240e+02 0
2.640738e+02 0
2.643237e+02 0
2.645736e+02 0
2.648235e+02 0
2.650733e+02 0
2.653232e+02 0
2.655731e+02 0
2.658230e+02 0
2.660728e+02 0
2.663227e+02 0
2.665726e+02 0
2.668225e+02 0
2.670724e+02 0
2.673222e+02 0
2.675721e+02 0
2.678220e+02 0
2.680719e+02 0
2.683218e+02 0
2.685717e+02 0
2.688216e+02 0
2.690715e+02 0
2.693214e+02 0
2.695713e+02 0
2.698212e+02 0
2.700711e+02 0
2.703210e+02 0
2.705709e+02 0
2.708208e+02 0
2.710707e+02 0
2.713206e+02 0
2.715705e+02 0
2.718204e+02 0
2.720704e+02 0
2.723203e+02 0
2.725702e+02 0
2.728201e+02 0
2.730700e+02 0
2.733200e+02 0
2.735699e+02 0
2.738198e+02 0
2.740697e+02 0
2.743197e+02 0
2.745696e+02 0
2.748195e+02 0
2.750695e+02 0
2.753194e+02 0
2.755693e+02 0
2.758193e+02 0
2.760692e+02 0
2.763191e+02 0
2.765691e+02 0
2.768190e+02 0
2.770690e+02 0
2.773189e+02 0
2.775689e+02 0
2.778188e+02 0
2.780688e+02 0
2.783187e+02 0
2.785687e+02 0
2.788186e+02 0
2.790686e+02 0
2.793185e+02 0
2.795685e+02 0
2.798185e+02 0
2.800684e+02 0
2.803184e+02 0
2.805684e+02 0
2.808183e+02 0
2.810683e+02 0
2.813183e+02 0
2.815682e+02 0
2.818182e+02 0
2.820682e+02 0
2.823182e+02 0
2.825681e+02 0
2.828181e+02 0
2.830681e+02 0
2.833181e+02 0
2.835681e+02 0
2.838181e+02 0
2.840680e+02 0
2.843180e+02 0
2.845680e+02 0
2.848180e+02 0
2.850680e+02 0
2.853180e+02 0
2.855680e+02 0
2.858180e+02 0
2.860680e+02 0
2.863180e+02 0
2.865680e+02 0
2.868180e+02 0
2.870680e+02 0
2.873180e+02 0
2.875680e+02 0
2.878180e+02 0
2.880681e+02 0
2.883181e+02 0
2.885681e+02 0
2.888181e+02 0
2.890681e+02 0
2.893181e+02 0
2.895682e+02 0
2.898182e+02 0
2.900682e+02 0
2.903182e+02 0
2.905683e+02 0
2.908183e+02 0
2.910683e+02 0
2.913183e+02 0
2.915684e+02 0
2.918184e+02 0
2.920685e+02 0
2.923185e+02 0
2.925685e+02 0
2.928186e+02 0
2.930686e+02 0
2.933187e+02 0
2.935687e+02 0
2.938187e+02 0
2.940688e+02 0
2.943188e+02 0
2.945689e+02 0
2.948189e+02 0
2.950690e+02 0
2.953191e+02 0
2.955691e+02 0
2.958192e+02 0
2.960692e+02 0
2.963193e+02 0
2.965694e+02 0
2.968194e+02 0
2.970695e+02 0
2.973196e+02 0
2.975696e+02 0
2.978197e+02 0
2.980698e+02 0
2.983198e+02 0
2.985699e+02 0
2.988200e+02 0
2.990701e+02 0
2.993202e+02 0
2.995702e+02 0
2.998203e+02 0
3.000704e+02 0
3.003205e+02 0
3.005706e+02 0
3.008207e+02 0
3.010708e+02 0
3.013209e+02 0
3.015709e+02 0
3.018210e+02 0
3.020711e+02 0
3.023212e+02 0
3.025713e+02 0
3.028214e+02 0
3.030715e+02 0
3.033216e+02 0
3.035718e+02 0
3.038219e+02 0
3.040720e+02 0
3.043221e+02 0
3.045722e+02 0
3.048223e+02 0
3.050724e+02 0
3.053225e+02 0
3.055727e+02 0
3.058228e+02 0
3.060729e+02 0
3.063230e+02 0
3.065731e+02 0
3.068233e+02 0
3.070734e+02 0
3.073235e+02 0
3.075737e+02 0
3.078238e+02 0
3.080739e+02 0
3.083241e+02 0
3.085742e+02 0
3.088243e+02 0
3.090745e+02 0
3.093246e+02 0
3.095748e+02 0
3.098249e+02 0
3.100750e+02 0
3.103252e+02 0
3.105753e+02 0
3.108255e+02 0
3.110756e+02 0
3.113258e+02 0
3.115759e+02 0
3.118261e+02 0
3.120763e+02 0
3.123264e+02 0
3.125766e+02 0
3.128267e+02 0
3.130769e+02 0
3.133271e+02 0
3.135772e+02 0
3.138274e+02 0
3.140776e+02 0
3.143277e+02 0
3.145779e+02 0
3.148281e+02 0
3.150783e+02 0
3.153284e+02 0
3.155786e+02 0
3.158288e+02 0
3.160790e+02 0
3.163292e+02 0
3.165794e+02 0
3.168295e+02 0
3.170797e+02 0
3.173299e+02 0
3.175801e+02 0
3.178303e+02 0
3.180805e+02 0
3.183307e+02 0
3.185809e+02 0
3.188311e+02 0
3.190813e+02 0
3.193315e+02 0
3.195817e+02 0
3.198319e+02 0
3.200821e+02 0
3.203323e+02 0
3.205825e+02 0
3.208327e+02 0
3.210829e+02 0
3.213332e+02 0
3.215834e+02 0
3.218336e+02 0
3.220838e+02 0
3.223340e+02 0
3.225843e+02 0
3.228345e+02 0
3.230847e+02 0
3.233349e+02 0
3.235852e+02 0
3.238354e+02 0
3.240856e+02 0
3.243358e+02 0
3.245861e+02 0
3.248363e+02 0
3.250865e+02 0
3.253368e+02 0
3.255870e+02 0
3.258373e+02 0
3.260875e+02 0
3.263378e+02 0
3.265880e+02 0
3.268382e+02 0
3.270885e+02 0
3.273387e+02 0
3.275890e+02 0
3.278393e+02 0
3.280895e+02 0
3.283398e+02 0
3.285900e+02 0
3.288403e+02 0
3.290905e+02 0
3.293408e+02 0
3.295911e+02 0
3.298413e+02 0
3.300916e+02 0
3.303419e+02 0
3.305921e+02 0
3.308424e+02 0
3.310927e+02 0
3.313430e+02 0
3.315932e+02 0
3.318435e+02 0
3.320938e+02 0
3.323441e+02 0
3.325944e+02 0
3.328446e+02 0
3.330949e+02 0
3.333452e+02 0
3.335955e+02 0
3.338458e+02 0
3.340961e+02 0
3.343464e+02 0
3.345967e+02 0
3.348470e+02 0
3.350973e+02 0
3.353476e+02 0
3.355979e+02 0
3.358482e+02 0
3.360985e+02 0
3.363488e+02 0
3.365991e+02 0
3.368494e+02 0
3.370997e+02 0
3.373500e+02 0
3.376003e+02 0
3.378506e+02 0
3.381009e+02 0
3.383513e+02 0
3.386016e+02 0
3.388519e+02 0
3.391022e+02 0
3.393525e+02 0
3.396029e+02 0
3.398532e+02 0
3.401035e+02 0
3.403539e+02 0
3.406042e+02 0
3.408545e+02 0
3.411048e+02 0
3.413552e+02 0
3.416055e+02 0
3.418559e+02 0
3.421062e+02 0
3.423565e+02 0
3.426069e+02 0
3.428572e+02 0
3.431076e+02 0
3.433579e+02 0
3.436083e+02 0
3.438586e+02 0
3.441090e+02 0
3.443593e+02 0
3.446097e+02 0
3.448600e+02 0
3.451104e+02 0
3.453608e+02 0
3.456111e+02 0
3.458615e+02 0
3.461118e+02 0
3.463622e+02 0
3.466126e+02 0
3.468629e+02 0
3.471133e+02 0
3.473637e+02 0
3.476141e+02 0
3.478644e+02 0
3.481148e+02 0
3.483652e+02 0
3.486156e+02 0
3.488659e+02 0
3.491163e+02 0
3.493667e+02 0
3.496171e+02 0
3.498675e+02 0
3.501179e+02 0
3.503683e+02 0
3.506187e+02 0
3.508690e+02 0
3.511194e+02 0
3.513698e+02 0
3.516202e+02 0
3.518706e+02 0
3.521210e+02 0
3.523714e+02 0
3.526218e+02 0
3.528722e+02 0
3.531227e+02 0
3.533731e+02 0
3.536235e+02 0
3.538739e+02 0
3.541243e+02 0
3.543747e+02 0
3.546251e+02 0
3.548755e+02 0
3.551260e+02 0
3.553764e+02 0
3.556268e+02 0
3.558772e+02 0
3.561277e+02 0
3.563781e+02 0
3.566285e+02 0
3.568789e+02 0
3.571294e+02 0
3.573798e+02 0
3.576302e+02 0
3.578807e+02 0
3.581311e+02 0
3.583815e+02 0
3.586320e+02 0
3.588824e+02 0
3.591329e+02 0
3.593833e+02 0
3.596338e+02 0
3.598842e+02 0
3.601347e+02 0
3.603851e+02 0
3.606356e+02 0
3.608860e+02 0
3.611365e+02 0
3.613869e+02 0
3.616374e+02 0
3.618878e+02 0
3.621383e+02 0
3.623888e+02 0
3.626392e+02 0
3.628897e+02 0
3.631402e+02 0
3.633906e+02 0
3.636411e+02 0
3.638916e+02 0
3.641421e+02 0
3.643925e+02 0
3.646430e+02 0
3.648935e+02 0
3.651440e+02 0
3.653944e+02 0
3.656449e+02 0
3.658954e+02 0
3.661459e+02 0
3.663964e+02 0
3.666469e+02 0
3.668974e+02 0
3.671479e+02 0
3.673983e+02 0
3.676488e+02 0
3.678993e+02 0
3.681498e+02 0
3.684003e+02 0
3.686508e+02 0
3.689013e+02 0
3.691518e+02 0
3.694023e+02 0
3.696529e+02 0
3.699034e+02 0
3.701539e+02 0
3.704044e+02 0
3.706549e+02 0
3.709054e+02 0
3.711559e+02 0
3.714064e+02 0
3.716570e+02 0
3.719075e+02 0
3.721580e+02 0
3.724085e+02 0
3.726591e+02 0
3.729096e+02 0
3.731601e+02 0
3.734106e+02 0
3.736612e+02 0
3.739117e+02 0
3.741622e+02 0
3.744128e+02 0
3.746633e+02 0
3.749138e+02 0
3.751644e+02 0
3.754149e+02 0
3.756655e+02 0
3.759160e+02 0
3.761666e+02 0
3.764171e+02 0
3.766677e+02 0
3.769182e+02 0
3.771688e+02 0
3.774193e+02 0
3.776699e+02 0
3.779204e+02 0
3.781710e+02 0
3.784216e+02 0
3.786721e+02 0
3.789227e+02 0
3.791732e+02 0
3.794238e+02 0
3.796744e+02 0
3.799249e+02 0
3.801755e+02 0
3.804261e+02 0
3.806767e+02 0
3.809272e+02 0
3.811778e+02 0
3.814284e+02 0
3.816790e+02 0
3.819296e+02 0
3.821801e+02 0
3.824307e+02 0
3.826813e+02 0
3.829319e+02 0
3.831825e+02 0
3.834331e+02 0
3.836837e+02 0
3.839343e+02 0
3.841849e+02 0
3.844354e+02 0
3.846860e+02 0
3.849366e+02 0
3.851872e+02 0
3.854379e+02 0
3.856885e+02 0
3.859391e+02 0
3.861897e+02 0
3.864403e+02 0
3.866909e+02 0
3.869415e+02 0
3.871921e+02 0
3.874427e+02 0
3.876933e+02 0
3.879440e+02 0
3.881946e+02 0
3.884452e+02 0
3.886958e+02 0
3.889464e+02 0
3.891971e+02 0
3.894477e+02 0
3.896983e+02 0
3.899490e+02 0
3.901996e+02 0
3.904502e+02 0
3.907009e+02 0
3.909515e+02 0
3.912021e+02 0
3.914528e+02 0
3.917034e+02 0
3.919541e+02 0
3.922047e+02 0
3.924553e+02 0
3.927060e+02 0
3.929566e+02 0
3.932073e+02 0
3.934579e+02 0
3.937086e+02 0
3.939592e+02 0
3.942099e+02 0
3.944606e+02 0
3.947112e+02 0
3.949619e+02 0
3.952125e+02 0
3.954632e+02 0
3.957139e+02 0
3.959645e+02 0
3.962152e+02 0
3.964659e+02 0
3.967165e+02 0
3.969672e+02 0
3.972179e+02 0
3.974686e+02 0
3.977192e+02 0
3.979699e+02 0
3.982206e+02 0
3.984713e+02 0
3.987220e+02 0
3.989726e+02 0
3.992233e+02 0
3.994740e+02 0
3.997247e+02 0
3.999754e+02 0
4.002261e+02 0
4.004768e+02 0
4.007275e+02 0
4.009782e+02 0
4.012289e+02 0
4.014796e+02 0
4.017303e+02 0
4.019810e+02 0
4.022317e+02 0
4.024824e+02 0
4.027331e+02 0
4.029838e+02 0
4.032345e+02 0
4.034852e+02 0
4.037359e+02 0
4.039867e+02 0
4.042374e+02 0
4.044881e+02 0
4.047388e+02 0
4.049895e+02 0
4.052403e+02 0
4.054910e+02 0
4.057417e+02 0
4.059924e+02 0
4.062432e+02 0
4.064939e+02 0
4.067446e+02 0
4.069954e+02 0
4.072461e+02 0
4.074968e+02 0
4.077476e+02 0
4.079983e+02 0
4.082490e+02 0
4.084998e+02 0
4.087505e+02 0
4.090013e+02 0
4.092520e+02 0
4.095028e+02 0
4.097535e+02 0
4.100043e+02 0
4.102550e+02 0
4.105058e+02 0
4.107565e+02 0
4.110073e+02 0
4.112581e+02 0
4.115088e+02 0
4.117596e+02 0
4.120103e+02 0
4.122611e+02 0
4.125119e+02 0
4.127626e+02 0
4.130134e+02 0
4.132642e+02 0
4.135150e+02 0
4.137657e+02 0
4.140165e+02 0
4.142673e+02 0
4.145181e+02 0
4.147688e+02 0
4.150196e+02 0
4.152704e+02 0
4.155212e+02 0
4.157720e+02 0
4.160228e+02 0
4.162736e+02 0
4.165243e+02 0
4.167751e+02 0
4.170259e+02 0
4.172767e+02 0
4.175275e+02 0
4.177783e+02 0
4.180291e+02 0
4.182799e+02 0
4.185307e+02 0
4.187815e+02 0
4.190323e+02 0
4.192831e+02 0
4.195340e+02 0
4.197848e+02 0
4.200356e+02 0
4.202864e+02 0
4.205372e+02 0
4.207880e+02 0
4.210388e+02 0
4.212897e+02 0
4.215405e+02 0
4.217913e+02 0
4.220421e+02 0
4.222930e+02 0
4.225438e+02 0
4.227946e+02 0
4.230454e+02 0
4.232963e+02 0
4.235471e+02 0
4.237979e+02 0
4.240488e+02 0
4.242996e+02 0
4.245505e+02 0
4.248013e+02 0
4.250521e+02 0
4.253030e+02 0
4.255538e+02 0
4.258047e+02 0
4.260555e+02 0
4.263064e+02 0
4.265572e+02 0
4.268081e+02 0
4.270589e+02 0
4.273098e+02 0
4.275606e+02 0
4.278115e+02 0
4.280624e+02 0
4.283132e+02 0
4.285641e+02 0
4.288150e+02 0
4.290658e+02 0
4.293167e+02 0
4.295676e+02 0
4.298184e+02 0
4.300693e+02 0
4.303202e+02 0
4.305711e+02 0
4.308219e+02 0
4.310728e+02 0
4.313237e+02 0
4.315746e+02 0
4.318255e+02 0
4.320763e+02 0
4.323272e+02 0
4.325781e+02 0
4.328290e+02 0
4.330799e+02 0
4.333308e+02 0
4.335817e+02 0
4.338326e+02 0
4.340835e+02 0
4.343344e+02 0
4.345853e+02 0
4.348362e+02 0
4.350871e+02 0
4.353380e+02 0
4.355889e+02 0
4.358398e+02 0
4.360907e+02 0
4.363416e+02 0
4.365925e+02 0
4.368434e+02 0
4.370944e+02 0
4.373453e+02 0
4.375962e+02 0
4.378471e+02 0
4.380980e+02 0
4.383490e+02 0
4.385999e+02 0
4.388508e+02 0
4.391017e+02 0
4.393527e+02 0
4.396036e+02 0
4.398545e+02 0
4.401055e+02 0
4.403564e+02 0
4.406073e+02 0
4.408583e+02 0
4.411092e+02 0
4.413602e+02 0
4.416111e+02 0
4.418620e+02 0
4.421130e+02 0
4.423639e+02 0
4.426149e+02 0
4.428658e+02 0
4.431168e+02 0
4.433677e+02 0
4.436187e+02 0
4.438697e+02 0
4.441206e+02 0
4.443716e+02 0
4.446225e+02 0
4.448735e+02 0
4.451245e+02 0
4.453754e+02 0
4.456264e+02 0
4.458774e+02 0
4.461283e+02 0
4.463793e+02 0
4.466303e+02 0
4.468813e+02 0
4.471322e+02 0
4.473832e+02 0
4.476342e+02 0
4.478852e+02 0
4.481361e+02 0
4.483871e+02 0
4.486381e+02 0
4.488891e+02 0
4.491401e+02 0
4.493911e+02 0
4.496421e+02 0
4.498931e+02 0
4.501441e+02 0
4.503951e+02 0
4.506461e+02 0
4.508971e+02 0
4.511481e+02 0
4.513991e+02 0
4.516501e+02 0
4.519011e+02 0
4.521521e+02 0
4.524031e+02 0
4.526541e+02 0
4.529051e+02 0
4.531561e+02 0
4.534071e+02 0
4.536581e+02 0
4.539092e+02 0
4.541602e+02 0
4.544112e+02 0
4.546622e+02 0
4.549132e+02 0
4.551643e+02 0
4.554153e+02 0
4.556663e+02 0
4.559174e+02 0
4.561684e+02 0
4.564194e+02 0
4.566704e+02 0
4.569215e+02 0
4.571725e+02 0
4.574236e+02 0
4.576746e+02 0
4.579256e+02 0
4.581767e+02 0
4.584277e+02 0
4.586788e+02 0
4.589298e+02 0
4.591809e+02 0
4.594319e+02 0
4.596830e+02 0
4.599340e+02 0
4.601851e+02 0
4.604361e+02 0
4.606872e+02 0
4.609383e+02 0
4.611893e+02 0
4.614404e+02 0
4.616914e+02 0
4.619425e+02 0
4.621936e+02 0
4.624446e+02 0
4.626957e+02 0
4.629468e+02 0
4.631979e+02 0
4.634489e+02 0
4.637000e+02 0
4.639511e+02 0
4.642022e+02 0
4.644533e+02 0
4.647043e+02 0
4.649554e+02 0
4.652065e+02 0
4.654576e+02 0
4.657087e+02 0
4.659598e+02 0
4.662109e+02 0
4.664620e+02 0
4.667131e+02 0
4.669641e+02 0
4.672152e+02 0
4.674663e+02 0
4.677174e+02 0
4.679685e+02 0
4.682197e+02 0
4.684708e+02 0
4.687219e+02 0
4.689730e+02 0
4.692241e+02 0
4.694752e+02 0
4.697263e+02 0
4.699774e+02 0
4.702285e+02 0
4.704797e+02 0
4.707308e+02 0
4.709819e+02 0
4.712330e+02 0
4.714841e+02 0
4.717353e+02 0
4.719864e+02 0
4.722375e+02 0
4.724886e+02 0
4.727398e+02 0
4.729909e+02 0
4.732420e+02 0
4.734932e+02 0
4.737443e+02 0
4.739955e+02 0
4.742466e+02 0
4.744977e+02 0
4.747489e+02 0
4.750000e+02 0
4.752512e+02 0
4.755023e+02 0
4.757535e+02 0
4.760046e+02 0
4.762558e+02 0
4.765069e+02 0
4.767581e+02 0
4.770092e+02 0
4.772604e+02 0
4.775116e+02 0
4.777627e+02 0
4.780139e+02 0
4.782650e+02 0
4.785162e+02 0
4.787674e+02 0
4.790185e+02 0
4.792697e+02 0
4.795209e+02 0
4.797721e+02 0
4.800232e+02 0
4.802744e+02 0
4.805256e+02 0
4.807768e+02 0
4.810280e+02 0
4.812791e+02 0
4.815303e+02 0
4.817815e+02 0
4.820327e+02 0
4.822839e+02 0
4.825351e+02 0
4.827863e+02 0
4.830375e+02 0
4.832887e+02 0
4.835399e+02 0
4.837911e+02 0
4.840422e+02 0
4.842935e+02 0
4.845447e+02 0
4.847959e+02 0
4.850471e+02 0
4.852983e+02 0
4.855495e+02 0
4.858007e+02 0
4.860519e+02 0
4.863031e+02 0
4.865543e+02 0
4.868055e+02 0
4.870568e+02 0
4.873080e+02 0
4.875592e+02 0
4.878104e+02 0
4.880616e+02 0
4.883129e+02 0
4.885641e+02 0
4.888153e+02 0
4.890666e+02 0
4.893178e+02 0
4.895690e+02 0
4.898203e+02 0
4.900715e+02 0
4.903227e+02 0
4.905740e+02 0
4.908252e+02 0
4.910765e+02 0
4.913277e+02 0
4.915789e+02 0
4.918302e+02 0
4.920814e+02 0
4.923327e+02 0
4.925839e+02 0
4.928352e+02 0
4.930864e+02 0
4.933377e+02 0
4.935890e+02 0
4.938402e+02 0
4.940915e+02 0
4.943427e+02 0
4.945940e+02 0
4.948453e+02 0
4.950965e+02 0
4.953478e+02 0
4.955991e+02 0
4.958503e+02 0
4.961016e+02 0
4.963529e+02 0
4.966042e+02 0
4.968554e+02 0
4.971067e+02 0
4.973580e+02 0
4.976093e+02 0
4.978606e+02 0
4.981118e+02 0
4.983631e+02 0
4.986144e+02 0
4.988657e+02 0
4.991170e+02 0
4.993683e+02 0
4.996196e+02 0
4.998709e+02 0
5.001222e+02 0
5.003735e+02 0
5.006248e+02 0
5.008761e+02 0
5.011274e+02 0
5.013787e+02 0
5.016300e+02 0
5.018813e+02 0
5.021326e+02 0
5.023839e+02 0
5.026352e+02 0
5.028865e+02 0
5.031379e+02 0
5.033892e+02 0
5.036405e+02 0
5.038918e+02 0
5.041431e+02 0
5.043944e+02 0
5.046458e+02 0
5.048971e+02 0
5.051484e+02 0
5.053998e+02 0
5.056511e+02 0
5.059024e+02 0
5.061537e+02 0
5.064051e+02 0
5.066564e+02 0
5.069078e+02 0
5.071591e+02 0
5.074104e+02 0
5.076618e+02 0
5.079131e+02 0
5.081645e+02 0
5.084158e+02 0
5.086672e+02 0
5.089185e+02 0
5.091699e+02 0
5.094212e+02 0
5.096726e+02 0
5.099239e+02 0
5.101753e+02 0
5.104266e+02 0
5.106780e+02 0
5.109294e+02 0
5.111807e+02 0
5.114321e+02 0
5.116835e+02 0
5.119348e+02 0
5.121862e+02 0
5.124376e+02 0
5.126889e+02 0
5.129403e+02 0
5.131917e+02 0
5.134431e+02 0
5.136944e+02 0
5.139458e+02 0
5.141972e+02 0
5.144486e+02 0
5.147000e+02 0
5.149514e+02 0
5.152028e+02 0
5.154541e+02 0
5.157055e+02 0
5.159569e+02 0
5.162083e+02 0
5.164597e+02 0
5.167111e+02 0
5.169625e+02 0
5.172139e+02 0
5.174653e+02 0
5.177167e+02 0
5.179681e+02 0
5.182195e+02 0
5.184709e+02 0
5.187223e+02 0
5.189738e+02 0
5.192252e+02 0
5.194766e+02 0
5.197280e+02 0
5.199794e+02 0
5.202308e+02 0
5.204822e+02 0
5.207337e+02 0
5.209851e+02 0
5.212365e+02 0
5.214879e+02 0
5.217394e+02 0
5.219908e+02 0
5.222422e+02 0
5.224937e+02 0
5.227451e+02 0
5.229965e+02 0
5.232480e+02 0
5.234994e+02 0
5.237508e+02 0
5.240023e+02 0
5.242537e+02 0
5.245052e+02 0
5.247566e+02 0
5.250081e+02 0
5.252595e+02 0
5.255110e+02 0
5.257624e+02 0
5.260139e+02 0
5.262653e+02 0
5.265168e+02 0
5.267682e+02 0
5.270197e+02 0
5.272712e+02 0
5.275226e+02 0
5.277741e+02 0
5.280255e+02 0
5.282770e+02 0
5.285285e+02 0
5.287799e+02 0
5.290314e+02 0
5.292829e+02 0
5.295344e+02 0
5.297858e+02 0
5.300373e+02 0
5.302888e+02 0
5.305403e+02 0
5.307918e+02 0
5.310432e+02 0
5.312947e+02 0
5.315462e+02 0
5.317977e+02 0
5.320492e+02 0
5.323007e+02 0
5.325522e+02 0
5.328037e+02 0
5.330552e+02 0
5.333067e+02 0
5.335582e+02 0
5.338097e+02 0
5.340612e+02 0
5.343127e+02 0
5.345642e+02 0
5.348157e+02 0
5.350672e+02 0
5.353187e+02 0
5.355702e+02 0
5.358217e+02 0
5.360732e+02 0
5.363247e+02 0
5.365763e+02 0
5.368278e+02 0
5.370793e+02 0
5.373308e+02 0
5.375823e+02 0
5.378339e+02 0
5.380854e+02 0
5.383369e+02 0
5.385885e+02 0
5.388400e+02 0
5.390915e+02 0
5.393430e+02 0
5.395946e+02 0
5.398461e+02 0
5.400977e+02 0
5.403492e+02 0
5.406007e+02 0
5.408523e+02 0
5.411038e+02 0
5.413554e+02 0
5.416069e+02 0
5.418585e+02 0
5.421100e+02 0
5.423616e+02 0
5.426131e+02 0
5.428647e+02 0
5.431162e+02 0
5.433678e+02 0
5.436194e+02 0
5.438709e+02 0
5.441225e+02 0
5.443740e+02 0
5.446256e+02 0
5.448772e+02 0
5.451287e+02 0
5.453803e+02 0
5.456319e+02 0
5.458835e+02 0
5.461350e+02 0
5.463866e+02 0
5.466382e+02 0
5.468898e+02 0
5.471413e+02 0
5.473929e+02 0
5.476445e+02 0
5.478961e+02 0
5.481477e+02 0
5.483993e+02 0
5.486509e+02 0
5.489025e+02 0
5.491540e+02 0
5.494056e+02 0
5.496572e+02 0
5.499088e+02 0
5.501604e+02 0
5.504120e+02 0
5.506636e+02 0
5.509152e+02 0
5.511668e+02 0
5.514184e+02 0
5.516701e+02 0
5.519217e+02 0
5.521733e+02 0
5.524249e+02 0
5.526765e+02 0
5.529281e+02 0
5.531797e+02 0
5.534314e+02 0
5.536830e+02 0
5.539346e+02 0
5.541862e+02 0
5.544378e+02 0
5.546895e+02 0
5.549411e+02 0
5.551927e+02 0
5.554444e+02 0
5.556960e+02 0
5.559476e+02 0
5.561993e+02 0
5.564509e+02 0
5.567025e+02 0
5.569542e+02 0
5.572058e+02 0
5.574575e+02 0
5.577091e+02 0
5.579607e+02 0
5.582124e+02 0
5.584640e+02 0
5.587157e+02 0
5.589673e+02 0
5.592190e+02 0
5.594707e+02 0
5.597223e+02 0
5.599740e+02 0
5.602256e+02 0
5.604773e+02 0
5.607290e+02 0
5.609806e+02 0
5.612323e+02 0
5.614840e+02 0
5.617356e+02 0
5.619873e+02 0
5.622390e+02 0
5.624906e+02 0
5.627423e+02 0
5.629940e+02 0
5.632457e+02 0
5.634973e+02 0
5.637490e+02 0
5.640007e+02 0
5.642524e+02 0
5.645041e+02 0
5.647558e+02 0
5.650075e+02 0
5.652591e+02 0
5.655108e+02 0
5.657625e+02 0
5.660142e+02 0
5.662659e+02 0
5.665176e+02 0
5.667693e+02 0
5.670210e+02 0
5.672727e+02 0
5.675244e+02 0
5.677761e+02 0
5.680278e+02 0
5.682795e+02 0
5.685313e+02 0
5.687830e+02 0
5.690347e+02 0
5.692864e+02 0
5.695381e+02 0
5.697898e+02 0
5.700415e+02 0
5.702933e+02 0
5.705450e+02 0
5.707967e+02 0
5.710484e+02 0
5.713002e+02 0
5.715519e+02 0
5.718036e+02 0
5.720553e+02 0
5.723071e+02 0
5.725588e+02 0
5.728105e+02 0
5.730623e+02 0
5.733140e+02 0
5.735658e+02 0
5.738175e+02 0
5.740692e+02 0
5.743210e+02 0
5.745727e+02 0
5.748245e+02 0
5.750762e+02 0
5.753280e+02 0
5.755797e+02 0
5.758315e+02 0
5.760832e+02 0
5.763350e+02 0
5.765868e+02 0
5.768385e+02 0
5.770903e+02 0
5.773420e+02 0
5.775938e+02 0
5.778456e+02 0
5.780973e+02 0
5.783491e+02 0
5.786009e+02 0
5.788527e+02 0
5.791044e+02 0
5.793562e+02 0
5.796080e+02 0
5.798598e+02 0
5.801115e+02 0
5.803633e+02 0
5.806151e+02 0
5.808669e+02 0
5.811187e+02 0
5.813705e+02 0
5.816222e+02 0
5.818740e+02 0
5.821258e+02 0
5.823776e+02 0
5.826294e+02 0
5.828812e+02 0
5.831330e+02 0
5.833848e+02 0
5.836366e+02 0
5.838884e+02 0
5.841402e+02 0
5.843920e+02 0
5.846438e+02 0
5.848956e+02 0
5.851475e+02 0
5.853993e+02 0
5.856511e+02 0
5.859029e+02 0
5.861547e+02 0
5.864065e+02 0
5.866583e+02 0
5.869102e+02 0
5.871620e+02 0
5.874138e+02 0
5.876656e+02 0
5.879175e+02 0
5.881693e+02 0
5.884211e+02 0
5.886730e+02 0
5.889248e+02 0
5.891766e+02 0
5.894285e+02 0
5.896803e+02 0
5.899321e+02 0
5.901840e+02 0
5.904358e+02 0
5.906877e+02 0
5.909395e+02 0
5.911913e+02 0
5.914432e+02 0
5.916950e+02 0
5.919469e+02 0
5.921987e+02 0
5.924506e+02 0
5.927025e+02 0
5.929543e+02 0
5.932062e+02 0
5.934580e+02 0
5.937099e+02 0
5.939618e+02 0
5.942136e+02 0
5.944655e+02 0
5.947174e+02 0
5.949692e+02 0
5.952211e+02 0
5.954730e+02 0
5.957248e+02 0
5.959767e+02 0
5.962286e+02 0
5.964805e+02 0
5.967324e+02 0
5.969842e+02 0
5.972361e+02 0
5.974880e+02 0
5.977399e+02 0
5.979918e+02 0
5.982437e+02 0
5.984956e+02 0
5.987474e+02 0
5.989993e+02 0
5.992512e+02 0
5.995031e+02 0
5.997550e+02 0
6.000069e+02 0
6.002588e+02 0
6.005107e+02 0
6.007626e+02 0
6.010145e+02 0
6.012664e+02 0
6.015184e+02 0
6.017703e+02 0
6.020222e+02 0
6.022741e+02 0
6.025260e+02 0
6.027779e+02 0
6.030298e+02 0
6.032818e+02 0
6.035337e+02 0
6.037856e+02 0
6.040375e+02 0
6.042895e+02 0
6.045414e+02 0
6.047933e+02 0
6.050452e+02 0
6.052972e+02 0
6.055491e+02 0
6.058010e+02 0
6.060530e+02 0
6.063049e+02 0
6.065569e+02 0
6.068088e+02 0
6.070607e+02 0
6.073127e+02 0
6.075646e+02 0
6.078166e+02 0
6.080685e+02 0
6.083205e+02 0
6.085724e+02 0
6.088244e+02 0
6.090763e+02 0
6.093283e+02 0
6.095802e+02 0
6.098322e+02 0
6.100842e+02 0
6.103361e+02 0
6.105881e+02 0
6.108400e+02 0
6.110920e+02 0
6.113440e+02 0
6.115960e+02 0
6.118479e+02 0
6.120999e+02 0
6.123519e+02 0
6.126038e+02 0
6.128558e+02 0
6.131078e+02 0
6.133598e+02 0
6.136118e+02 0
6.138637e+02 0
6.141157e+02 0
6.143677e+02 0
6.146197e+02 0
6.148717e+02 0
6.151237e+02 0
6.153757e+02 0
6.156277e+02 0
6.158797e+02 0
6.161317e+02 0
6.163837e+02 0
6.166357e+02 0
6.168877e+02 0
6.171397e+02 0
6.173917e+02 0
6.176437e+02 0
6.178957e+02 0
6.181477e+02 0
6.183997e+02 0
6.186517e+02 0
6.189037e+02 0
6.191557e+02 0
6.194078e+02 0
6.196598e+02 0
6.199118e+02 0
6.201638e+02 0
6.204158e+02 0
6.206679e+02 0
6.209199e+02 0
6.211719e+02 0
6.214239e+02 0
6.216760e+02 0
6.219280e+02 0
6.221800e+02 0
6.224321e+02 0
6.226841e+02 0
6.229361e+02 0
6.231882e+02 0
6.234402e+02 0
6.236923e+02 0
6.239443e+02 0
6.241964e+02 0
6.244484e+02 0
6.247005e+02 0
6.249525e+02 0
6.252046e+02 0
6.254566e+02 0
6.257087e+02 0
6.259607e+02 0
6.262128e+02 0
6.264648e+02 0
6.267169e+02 0
6.269690e+02 0
6.272210e+02 0
6.274731e+02 0
6.277252e+02 0
6.279772e+02 0
6.282293e+02 0
6.284814e+02 0
6.287334e+02 0
6.289855e+02 0
6.292376e+02 0
6.294897e+02 0
6.297417e+02 0
6.299938e+02 0
6.302459e+02 0
6.304980e+02 0
6.307501e+02 0
6.310022e+02 0
6.312542e+02 0
6.315063e+02 0
6.317584e+02 0
6.320105e+02 0
6.322626e+02 0
6.325147e+02 0
6.327668e+02 0
6.330189e+02 0
6.332710e+02 0
6.335231e+02 0
6.337752e+02 0
6.340273e+02 0
6.342794e+02 0
6.345315e+02 0
6.347836e+02 0
6.350357e+02 0
6.352879e+02 0
6.355400e+02 0
6.357921e+02 0
6.360442e+02 0
6.362963e+02 0
6.365484e+02 0
6.368006e+02 0
6.370527e+02 0
6.373048e+02 0
6.375569e+02 0
6.378091e+02 0
6.380612e+02 0
6.383133e+02 0
6.385655e+02 0
6.388176e+02 0
6.390697e+02 0
6.393219e+02 0
6.395740e+02 0
6.398261e+02 0
6.400783e+02 0
6.403304e+02 0
6.405826e+02 0
6.408347e+02 0
6.410869e+02 0
6.413390e+02 0
6.415912e+02 0
6.418433e+02 0
6.420955e+02 0
6.423476e+02 0
6.425998e+02 0
6.428519e+02 0
6.431041e+02 0
6.433563e+02 0
6.436084e+02 0
6.438606e+02 0
6.441127e+02 0
6.443649e+02 0
6.446171e+02 0
6.448692e+02 0
6.451214e+02 0
6.453736e+02 0
6.456258e+02 0
6.458779e+02 0
6.461301e+02 0
6.463823e+02 0
6.466345e+02 0
6.468867e+02 0
6.471388e+02 0
6.473910e+02 0
6.476432e+02 0
6.478954e+02 0
6.481476e+02 0
6.483998e+02 0
6.486520e+02 0
6.489042e+02 0
6.491564e+02 0
6.494086e+02 0
6.496608e+02 0
6.499130e+02 0
6.501652e+02 0
6.504174e+02 0
6.506696e+02 0
6.509218e+02 0
6.511740e+02 0
6.514262e+02 0
6.516784e+02 0
6.519306e+02 0
6.521828e+02 0
6.524351e+02 0
6.526873e+02 0
6.529395e+02 0
6.531917e+02 0
6.534439e+02 0
6.536962e+02 0
6.539484e+02 0
6.542006e+02 0
6.544528e+02 0
6.547051e+02 0
6.549573e+02 0
6.552095e+02 0
6.554618e+02 0
6.557140e+02 0
6.559662e+02 0
6.562185e+02 0
6.564707e+02 0
6.567229e+02 0
6.569752e+02 0
6.572274e+02 0
6.574797e+02 0
6.577319e+02 0
6.579842e+02 0
6.582364e+02 0
6.584887e+02 0
6.587409e+02 0
6.589932e+02 0
6.592454e+02 0
6.594977e+02 0
6.597500e+02 0
6.600022e+02 0
6.602545e+02 0
6.605068e+02 0
6.607590e+02 0
6.610113e+02 0
6.612636e+02 0
6.615158e+02 0
6.617681e+02 0
6.620204e+02 0
6.622726e+02 0
6.625249e+02 0
6.627772e+02 0
6.630295e+02 0
6.632818e+02 0
6.635340e+02 0
6.637863e+02 0
6.640386e+02 0
6.642909e+02 0
6.645432e+02 0
6.647955e+02 0
6.650478e+02 0
6.653001e+02 0
6.655524e+02 0
6.658046e+02 0
6.660569e+02 0
6.663092e+02 0
6.665615e+02 0
6.668138e+02 0
6.670662e+02 0
6.673185e+02 0
6.675708e+02 0
6.678231e+02 0
6.680754e+02 0
6.683277e+02 0
6.685800e+02 0
6.688323e+02 0
6.690846e+02 0
6.693370e+02 0
6.695893e+02 0
6.698416e+02 0
6.700939e+02 0
6.703462e+02 0
6.705986e+02 0
6.708509e+02 0
6.711032e+02 0
6.713555e+02 0
6.716079e+02 0
6.718602e+02 0
6.721125e+02 0
6.723649e+02 0
6.726172e+02 0
6.728696e+02 0
6.731219e+02 0
6.733742e+02 0
6.736266e+02 0
6.738789e+02 0
6.741313e+02 0
6.743836e+02 0
6.746360e+02 0
6.748883e+02 0
6.751407e+02 0
6.753930e+02 0
6.756454e+02 0
6.758977e+02 0
6.761501e+02 0
6.764024e+02 0
6.766548e+02 0
6.769072e+02 0
6.771595e+02 0
6.774119e+02 0
6.776643e+02 0
6.779166e+02 0
6.781690e+02 0
6.784214e+02 0
6.786738e+02 0
6.789261e+02 0
6.791785e+02 0
6.794309e+02 0
6.796833e+02 0
6.799356e+02 0
6.801880e+02 0
6.804404e+02 1
6.806928e+02 0
6.809452e+02 0
6.811976e+02 0
6.814500e+02 0
6.817024e+02 0
6.819547e+02 0
6.822071e+02 0
6.824595e+02 0
6.827119e+02 0
6.829643e+02 0
6.832167e+02 0
6.834691e+02 0
6.837215e+02 0
6.839739e+02 0
6.842264e+02 0
6.844788e+02 0
6.847312e+02 0
6.849836e+02 0
6.852360e+02 0
6.854884e+02 0
6.857408e+02 0
6.859932e+02 0
6.862457e+02 0
6.864981e+02 0
6.867505e+02 0
6.870029e+02 0
6.872554e+02 0
6.875078e+02 0
6.877602e+02 0
6.880126e+02 0
6.882651e+02 0
6.885175e+02 0
6.887699e+02 0
6.890224e+02 0
6.892748e+02 0
6.895273e+02 0
6.897797e+02 0
6.900321e+02 0
6.902846e+02 0
6.905370e+02 0
6.907895e+02 0
6.910419e+02 0
6.912944e+02 0
6.915468e+02 0
6.917993e+02 0
6.920517e+02 0
6.923042e+02 1
6.925566e+02 0
6.928091e+02 0
6.930616e+02 0
6.933140e+02 0
6.935665e+02 0
6.938189e+02 0
6.940714e+02 0
6.943239e+02 0
6.945763e+02 0
6.948288e+02 0
6.950813e+02 0
6.953338e+02 1
6.955862e+02 0
6.958387e+02 0
6.960912e+02 0
6.963437e+02 0
6.965962e+02 0
6.968486e+02 0
6.971011e+02 0
6.973536e+02 0
6.976061e+02 0
6.978586e+02 0
6.981111e+02 0
6.983636e+02 0
6.986161e+02 0
6.988686e+02 1
6.991210e+02 0
6.993735e+02 0
6.996260e+02 0
6.998785e+02 0
7.001310e+02 0
7.003836e+02 0
7.006361e+02 0
7.008886e+02 0
7.011411e+02 0
7.013936e+02 0
7.016461e+02 0
7.018986e+02 0
7.021511e+02 0
7.024036e+02 0
7.026562e+02 0
7.029087e+02 0
7.031612e+02 0
7.034137e+02 0
7.036662e+02 1
7.039188e+02 0
7.041713e+02 0
7.044238e+02 0
7.046764e+02 1
7.049289e+02 0
7.051814e+02 0
7.054340e+02 0
7.056865e+02 0
7.059390e+02 0
7.061916e+02 1
7.064441e+02 0
7.066966e+02 0
7.069492e+02 0
7.072017e+02 0
7.074543e+02 0
7.077068e+02 1
7.079594e+02 0
7.082119e+02 0
7.084645e+02 0
7.087170e+02 0
7.089696e+02 0
7.092222e+02 0
7.094747e+02 0
7.097273e+02 0
7.099798e+02 1
7.102324e+02 0
7.104850e+02 0
7.107375e+02 0
7.109901e+02 0
7.112427e+02 0
7.114952e+02 0
7.117478e+02 0
7.120004e+02 0
7.122530e+02 0
7.125055e+02 0
7.127581e+02 0
7.130107e+02 0
7.132633e+02 0
7.135159e+02 0
7.137684e+02 0
7.140210e+02 0
7.142736e+02 1
7.145262e+02 0
7.147788e+02 0
7.150314e+02 0
7.152840e+02 0
7.155366e+02 1
7.157892e+02 0
7.160418e+02 0
7.162944e+02 0
7.165470e+02 0
7.167996e+02 0
7.170522e+02 0
7.173048e+02 0
7.175574e+02 0
7.178100e+02 0
7.180626e+02 0
7.183152e+02 0
7.185678e+02 0
7.188204e+02 0
7.190731e+02 0
7.193257e+02 0
7.195783e+02 0
7.198309e+02 1
7.200835e+02 0
7.203362e+02 1
7.205888e+02 0
7.208414e+02 0
7.210941e+02 0
7.213467e+02 0
7.215993e+02 0
7.218519e+02 0
7.221046e+02 0
7.223572e+02 0
7.226099e+02 1
7.228625e+02 0
7.231151e+02 0
7.233678e+02 0
7.236204e+02 0
7.238731e+02 0
7.241257e+02 0
7.243784e+02 0
7.246310e+02 0
7.248837e+02 0
7.251363e+02 1
7.253890e+02 1
7.256416e+02 0
7.258943e+02 0
7.261469e+02 0
7.263996e+02 0
7.266523e+02 1
7.269049e+02 0
7.271576e+02 0
7.274103e+02 0
7.276629e+02 0
7.279156e+02 0
7.281683e+02 0
7.284209e+02 0
7.286736e+02 0
7.289263e+02 0
7.291790e+02 1
7.294316e+02 0
7.296843e+02 0
7.299370e+02 0
7.301897e+02 0
7.304424e+02 1
7.306951e+02 0
7.309478e+02 0
7.312004e+02 0
7.314531e+02 1
7.317058e+02 1
7.319585e+02 0
7.322112e+02 0
7.324639e+02 0
7.327166e+02 0
7.329693e+02 0
7.332220e+02 0
7.334747e+02 1
7.337274e+02 1
7.339801e+02 0
7.342328e+02 0
7.344855e+02 1
7.347383e+02 0
7.349910e+02 1
7.352437e+02 3
7.354964e+02 0
7.357491e+02 2
7.360018e+02 1
7.362545e+02 0
7.365073e+02 1
7.367600e+02 1
7.370127e+02 1
7.372654e+02 1
7.375182e+02 0
7.377709e+02 0
7.380236e+02 0
7.382764e+02 1
7.385291e+02 1
7.387818e+02 1
7.390346e+02 0
7.392873e+02 1
7.395400e+02 0
7.397928e+02 0
7.400455e+02 0
7.402983e+02 0
7.405510e+02 1
7.408038e+02 1
7.410565e+02 0
7.413093e+02 0
7.415620e+02 0
7.418148e+02 0
7.420675e+02 0
7.423203e+02 0
7.425730e+02 2
7.428258e+02 0
7.430786e+02 1
7.433313e+02 0
7.435841e+02 1
7.438368e+02 0
7.440896e+02 1
7.443424e+02 1
7.445951e+02 0
7.448479e+02 1
7.451007e+02 0
7.453535e+02 1
7.456062e+02 2
7.458590e+02 1
7.461118e+02 1
7.463646e+02 0
7.466174e+02 1
7.468701e+02 0
7.471229e+02 1
7.473757e+02 1
7.476285e+02 0
7.478813e+02 0
7.481341e+02 0
7.483869e+02 0
7.486397e+02 1
7.488925e+02 1
7.491453e+02 0
7.493981e+02 2
7.496509e+02 2
7.499037e+02 0
7.501565e+02 0
7.504093e+02 0
7.506621e+02 0
7.509149e+02 0
7.511677e+02 0
7.514205e+02 1
7.516733e+02 2
7.519261e+02 1
7.521789e+02 3
7.524318e+02 0
7.526846e+02 0
7.529374e+02 1
7.531902e+02 1
7.534430e+02 1
7.536959e+02 0
7.539487e+02 1
7.542015e+02 0
7.544544e+02 0
7.547072e+02 0
7.549600e+02 0
7.552129e+02 1
7.554657e+02 1
7.557185e+02 0
7.559714e+02 0
7.562242e+02 1
7.564770e+02 1
7.567299e+02 1
7.569827e+02 0
7.572356e+02 2
7.574884e+02 1
7.577413e+02 0
7.579941e+02 0
7.582470e+02 1
7.584998e+02 1
7.587527e+02 1
7.590055e+02 3
7.592584e+02 0
7.595113e+02 2
7.597641e+02 2
7.600170e+02 2
7.602698e+02 2
7.605227e+02 1
7.607756e+02 3
7.610284e+02 2
7.612813e+02 3
7.615342e+02 0
7.617871e+02 2
7.620399e+02 1
7.622928e+02 1
7.625457e+02 0
7.627986e+02 1
7.630514e+02 3
7.633043e+02 1
7.635572e+02 0
7.638101e+02 3
7.640630e+02 2
7.643159e+02 1
7.645688e+02 1
7.648217e+02 2
7.650745e+02 1
7.653274e+02 1
7.655803e+02 2
7.658332e+02 0
7.660861e+02 3
7.663390e+02 3
7.665919e+02 2
7.668448e+02 1
7.670977e+02 2
7.673507e+02 1
7.676036e+02 0
7.678565e+02 1
7.681094e+02 2
7.683623e+02 2
7.686152e+02 0
7.688681e+02 1
7.691210e+02 1
7.693740e+02 1
7.696269e+02 0
7.698798e+02 0
7.701327e+02 1
7.703856e+02 2
7.706386e+02 2
7.708915e+02 1
7.711444e+02 3
7.713974e+02 5
7.716503e+02 0
7.719032e+02 3
7.721562e+02 1
7.724091e+02 1
7.726620e+02 2
7.729150e+02 2
7.731679e+02 3
7.734209e+02 2
7.736738e+02 1
7.739268e+02 1
7.741797e+02 1
7.744327e+02 0
7.746856e+02 1
7.749386e+02 1
7.751915e+02 2
7.754445e+02 1
7.756974e+02 1
7.759504e+02 1
7.762033e+02 2
7.764563e+02 2
7.767093e+02 3
7.769622e+02 3
7.772152e+02 0
7.774682e+02 4
7.777211e+02 0
7.779741e+02 2
7.782271e+02 2
7.784800e+02 2
7.787330e+02 4
7.789860e+02 3
7.792390e+02 5
7.794919e+02 2
7.797449e+02 1
7.799979e+02 3
7.802509e+02 5
7.805039e+02 5
7.807569e+02 2
7.810099e+02 1
7.812628e+02 3
7.815158e+02 4
7.817688e+02 4
7.820218e+02 3
7.822748e+02 3
7.825278e+02 5
7.827808e+02 3
7.830338e+02 3
7.832868e+02 1
7.835398e+02 4
7.837928e+02 4
7.840458e+02 1
7.842988e+02 2
7.845519e+02 3
7.848049e+02 0
7.850579e+02 0
7.853109e+02 2
7.855639e+02 3
7.858169e+02 3
7.860699e+02 1
7.863230e+02 2
7.865760e+02 5
7.868290e+02 2
7.870820e+02 2
7.873351e+02 4
7.875881e+02 4
7.878411e+02 4
7.880942e+02 1
7.883472e+02 1
7.886002e+02 1
7.888533e+02 6
7.891063e+02 3
7.893593e+02 2
7.896124e+02 5
7.898654e+02 3
7.901185e+02 4
7.903715e+02 6
7.906245e+02 3
7.908776e+02 6
7.911306e+02 3
7.913837e+02 5
7.916367e+02 3
7.918898e+02 1
7.921429e+02 2
7.923959e+02 3
7.926490e+02 0
7.929020e+02 0
7.931551e+02 4
7.934082e+02 4
7.936612e+02 5
7.939143e+02 2
7.941674e+02 6
7.944204e+02 3
7.946735e+02 3
7.949266e+02 6
7.951796e+02 4
7.954327e+02 4
7.956858e+02 5
7.959389e+02 4
7.961919e+02 4
7.964450e+02 2
7.966981e+02 4
7.969512e+02 7
7.972043e+02 2
7.974574e+02 1
7.977105e+02 5
7.979635e+02 7
7.982166e+02 5
7.984697e+02 8
7.987228e+02 3
7.989759e+02 5
7.992290e+02 1
7.994821e+02 4
7.997352e+02 6
7.999883e+02 5
8.002414e+02 3
8.004945e+02 6
8.007476e+02 2
8.010008e+02 4
8.012539e+02 8
8.015070e+02 4
8.017601e+02 6
8.020132e+02 3
8.022663e+02 5
8.025194e+02 6
8.027726e+02 6
8.030257e+02 3
8.032788e+02 5
8.035319e+02 6
8.037850e+02 4
8.040382e+02 3
8.042913e+02 5
8.045444e+02 5
8.047976e+02 5
8.050507e+02 3
8.053038e+02 6
8.055570e+02 5
8.058101e+02 8
8.060632e+02 4
8.063164e+02 8
8.065695e+02 7
8.068227e+02 4
8.070758e+02 3
8.073290e+02 4
8.075821e+02 2
8.078353e+02 7
8.080884e+02 3
8.083416e+02 5
8.085947e+02 8
8.088479e+02 4
8.091010e+02 4
8.093542e+02 2
8.096073e+02 6
8.098605e+02 5
8.101137e+02 7
8.103668e+02 5
8.106200e+02 8
8.108732e+02 4
8.111263e+02 1
8.113795e+02 5
8.116327e+02 7
8.118859e+02 4
8.121390e+02 11
8.123922e+02 8
8.126454e+02 6
8.128986e+02 6
8.131517e+02 6
8.134049e+02 3
8.136581e+02 11
8.139113e+02 6
8.141645e+02 9
8.144177e+02 6
8.146709e+02 6
8.149241e+02 2
8.151773e+02 10
8.154304e+02 6
8.156836e+02 3
8.159368e+02 6
8.161900e+02 4
8.164432e+02 5
8.166964e+02 8
8.169496e+02 4
8.172029e+02 3
8.174561e+02 9
8.177093e+02 10
8.179625e+02 9
8.182157e+02 7
8.184689e+02 9
8.187221e+02 8
8.189753e+02 5
8.192286e+02 10
8.194818e+02 9
8.197350e+02 7
8.199882e+02 7
8.202414e+02 6
8.204947e+02 10
8.207479e+02 8
8.210011e+02 6
8.212544e+02 8
8.215076e+02 8
8.217608e+02 13
8.220140e+02 4
8.222673e+02 5
8.225205e+02 3
8.227738e+02 9
8.230270e+02 6
8.232802e+02 8
8.235335e+02 9
8.237867e+02 5
8.240400e+02 10
8.242932e+02 11
8.245465e+02 10
8.247997e+02 7
8.250530e+02 13
8.253062e+02 7
8.255595e+02 8
8.258128e+02 14
8.260660e+02 8
8.263193e+02 6
8.265725e+02 5
8.268258e+02 11
8.270791e+02 9
8.273323e+02 6
8.275856e+02 14
8.278389e+02 8
8.280921e+02 9
8.283454e+02 10
8.285987e+02 7
8.288520e+02 10
8.291052e+02 8
8.293585e+02 7
8.296118e+02 17
8.298651e+02 13
8.301184e+02 10
8.303716e+02 8
8.306249e+02 7
8.308782e+02 13
8.311315e+02 20
8.313848e+02 9
8.316381e+02 10
8.318914e+02 14
8.321447e+02 8
8.323980e+02 8
8.326513e+02 9
8.329046e+02 7
8.331579e+02 14
8.334112e+02 14
8.336645e+02 9
8.339178e+02 12
8.341711e+02 8
8.344244e+02 10
8.346777e+02 13
8.349310e+02 8
8.351843e+02 9
8.354377e+02 7
8.356910e+02 13
8.359443e+02 6
8.361976e+02 15
8.364509e+02 8
8.367043e+02 19
8.369576e+02 14
8.372109e+02 20
8.374642e+02 16
8.377176e+02 14
8.379709e+02 9
8.382242e+02 18
8.384776e+02 13
8.387309e+02 11
8.389842e+02 24
8.392376e+02 10
8.394909e+02 11
8.397442e+02 14
8.399976e+02 11
8.402509e+02 12
8.405043e+02 9
8.407576e+02 18
8.410110e+02 18
8.412643e+02 14
8.415177e+02 20
8.417710e+02 11
8.420244e+02 17
8.422777e+02 11
8.425311e+02 14
8.427845e+02 9
8.430378e+02 10
8.432912e+02 11
8.435445e+02 14
8.437979e+02 9
8.440513e+02 13
8.443046e+02 14
8.445580e+02 17
8.448114e+02 9
8.450648e+02 11
8.453181e+02 13
8.455715e+02 10
8.458249e+02 11
8.460783e+02 10
8.463316e+02 12
8.465850e+02 12
8.468384e+02 14
8.470918e+02 16
8.473452e+02 10
8.475986e+02 10
8.478520e+02 14
8.481053e+02 22
8.483587e+02 12
8.486121e+02 17
8.488655e+02 16
8.491189e+02 8
8.493723e+02 13
8.496257e+02 8
8.498791e+02 13
8.501325e+02 12
8.503859e+02 12
8.506393e+02 18
8.508927e+02 19
8.511462e+02 11
8.513996e+02 14
8.516530e+02 16
8.519064e+02 14
8.521598e+02 18
8.524132e+02 10
8.526666e+02 18
8.529201e+02 11
8.531735e+02 13
8.534269e+02 16
8.536803e+02 8
8.539338e+02 14
8.541872e+02 11
8.544406e+02 14
8.546940e+02 9
8.549475e+02 14
8.552009e+02 10
8.554543e+02 10
8.557078e+02 17
8.559612e+02 11
8.562147e+02 9
8.564681e+02 18
8.567215e+02 16
8.569750e+02 9
8.572284e+02 23
8.574819e+02 10
8.577353e+02 12
8.579888e+02 18
8.582422e+02 18
8.584957e+02 17
8.587491e+02 17
8.590026e+02 13
8.592560e+02 16
8.595095e+02 20
8.597630e+02 15
8.600164e+02 18
8.602699e+02 18
8.605234e+02 12
8.607768e+02 14
8.610303e+02 20
8.612838e+02 18
8.615372e+02 18
8.617907e+02 14
8.620442e+02 16
8.622977e+02 22
8.625511e+02 12
8.628046e+02 19
8.630581e+02 16
8.633116e+02 17
8.635651e+02 19
8.638186e+02 19
8.640720e+02 16
8.643255e+02 13
8.645790e+02 18
8.648325e+02 19
8.650860e+02 19
8.653395e+02 19
8.655930e+02 16
8.658465e+02 25
8.661000e+02 17
8.663535e+02 22
8.666070e+02 19
8.668605e+02 15
8.671140e+02 19
8.673675e+02 17
8.676210e+02 18
8.678745e+02 14
8.681280e+02 14
8.683815e+02 16
8.686351e+02 18
8.688886e+02 16
8.691421e+02 18
8.693956e+02 22
8.696491e+02 14
8.699026e+02 20
8.701562e+02 14
8.704097e+02 14
8.706632e+02 20
8.709168e+02 19
8.711703e+02 11
8.714238e+02 17
8.716773e+02 16
8.719309e+02 14
8.721844e+02 15
8.724379e+02 24
8.726915e+02 13
8.729450e+02 25
8.731986e+02 19
8.734521e+02 13
8.737057e+02 21
8.739592e+02 13
8.742127e+02 14
8.744663e+02 10
8.747198e+02 23
8.749734e+02 17
8.752270e+02 13
8.754805e+02 19
8.757341e+02 15
8.759876e+02 10
8.762412e+02 15
8.764947e+02 23
8.767483e+02 18
8.770019e+02 16
8.772554e+02 13
8.775090e+02 13
8.777626e+02 17
8.780161e+02 9
8.782697e+02 18
8.785233e+02 21
8.787769e+02 19
8.790304e+02 27
8.792840e+02 13
8.795376e+02 11
8.797912e+02 16
8.800448e+02 17
8.802983e+02 18
8.805519e+02 15
8.808055e+02 14
8.810591e+02 18
8.813127e+02 26
8.815663e+02 28
8.818199e+02 20
8.820735e+02 12
8.823271e+02 21
8.825807e+02 17
8.828343e+02 17
8.830879e+02 15
8.833415e+02 17
8.835951e+02 25
8.838487e+02 23
8.841023e+02 31
8.843559e+02 20
8.846095e+02 15
8.848631e+02 10
8.851167e+02 30
8.853703e+02 23
8.856240e+02 17
8.858776e+02 12
8.861312e+02 21
8.863848e+02 10
8.866384e+02 11
8.868921e+02 20
8.871457e+02 22
8.873993e+02 17
8.876529e+02 17
8.879066e+02 22
8.881602e+02 21
8.884138e+02 15
8.886675e+02 18
8.889211e+02 16
8.891747e+02 15
8.894284e+02 18
8.896820e+02 23
8.899357e+02 23
8.901893e+02 16
8.904429e+02 17
8.906966e+02 19
8.909502e+02 18
8.912039e+02 14
8.914575e+02 17
8.917112e+02 18
8.919648e+02 13
8.922185e+02 13
8.924722e+02 20
8.927258e+02 23
8.929795e+02 17
8.932331e+02 23
8.934868e+02 24
8.937405e+02 15
8.939941e+02 14
8.942478e+02 12
8.945015e+02 21
8.947551e+02 13
8.950088e+02 18
8.952625e+02 22
8.955162e+02 21
8.957698e+02 22
8.960235e+02 19
8.962772e+02 6
8.965309e+02 20
8.967846e+02 19
8.970382e+02 16
8.972919e+02 17
8.975456e+02 20
8.977993e+02 16
8.980530e+02 17
8.983067e+02 20
8.985604e+02 11
8.988141e+02 22
8.990678e+02 26
8.993215e+02 20
8.995752e+02 20
8.998289e+02 21
9.000826e+02 14
9.003363e+02 18
9.005900e+02 13
9.008437e+02 16
9.010974e+02 18
9.013511e+02 19
9.016048e+02 14
9.018585e+02 18
9.021122e+02 17
9.023660e+02 18
9.026197e+02 17
9.028734e+02 17
9.031271e+02 18
9.033808e+02 14
9.036346e+02 15
9.038883e+02 15
9.041420e+02 26
9.043957e+02 16
9.046495e+02 15
9.049032e+02 23
9.051569e+02 17
9.054107e+02 17
9.056644e+02 19
9.059181e+02 16
9.061719e+02 24
9.064256e+02 19
9.066794e+02 25
9.069331e+02 14
9.071868e+02 17
9.074406e+02 15
9.076943e+02 19
9.079481e+02 14
9.082018e+02 19
9.084556e+02 12
9.087093e+02 11
9.089631e+02 12
9.092169e+02 19
9.094706e+02 11
9.097244e+02 13
9.099781e+02 17
9.102319e+02 15
9.104857e+02 19
9.107394e+02 15
9.109932e+02 18
9.112470e+02 19
9.115007e+02 18
9.117545e+02 15
9.120083e+02 14
9.122621e+02 21
9.125158e+02 17
9.127696e+02 13
9.130234e+02 16
9.132772e+02 13
9.135310e+02 16
9.137847e+02 21
9.140385e+02 19
9.142923e+02 14
9.145461e+02 15
9.147999e+02 14
9.150537e+02 18
9.153075e+02 22
9.155613e+02 13
9.158151e+02 22
9.160689e+02 32
9.163227e+02 13
9.165765e+02 17
9.168303e+02 16
9.170841e+02 17
9.173379e+02 14
9.175917e+02 19
9.178455e+02 17
9.180993e+02 14
9.183531e+02 24
9.186069e+02 19
9.188607e+02 15
9.191146e+02 15
9.193684e+02 24
9.196222e+02 21
9.198760e+02 12
9.201298e+02 19
9.203837e+02 13
9.206375e+02 20
9.208913e+02 18
9.211451e+02 13
9.213990e+02 22
9.216528e+02 23
9.219066e+02 16
9.221605e+02 17
9.224143e+02 16
9.226682e+02 19
9.229220e+02 18
9.231758e+02 15
9.234297e+02 9
9.236835e+02 10
9.239374e+02 19
9.241912e+02 15
9.244451e+02 16
9.246989e+02 11
9.249528e+02 18
9.252066e+02 21
9.254605e+02 17
9.257143e+02 18
9.259682e+02 18
9.262220e+02 21
9.264759e+02 15
9.267298e+02 15
9.269836e+02 13
9.272375e+02 16
9.274914e+02 12
9.277452e+02 20
9.279991e+02 8
9.282530e+02 15
9.285068e+02 17
9.287607e+02 23
9.290146e+02 16
9.292685e+02 13
9.295223e+02 20
9.297762e+02 14
9.300301e+02 14
9.302840e+02 11
9.305379e+02 24
9.307918e+02 13
9.310456e+02 13
9.312995e+02 11
9.315534e+02 8
9.318073e+02 18
9.320612e+02 10
9.323151e+02 17
9.325690e+02 17
9.328229e+02 12
9.330768e+02 6
9.333307e+02 18
9.335846e+02 12
9.338385e+02 10
9.340924e+02 20
9.343463e+02 14
9.346002e+02 19
9.348541e+02 10
9.351080e+02 12
9.353620e+02 20
9.356159e+02 10
9.358698e+02 13
9.361237e+02 15
9.363776e+02 7
9.366316e+02 17
9.368855e+02 15
9.371394e+02 15
9.373933e+02 16
9.376473e+02 9
9.379012e+02 15
9.381551e+02 18
9.384090e+02 16
9.386630e+02 12
9.389169e+02 23
9.391708e+02 14
9.394248e+02 13
9.396787e+02 15
9.399327e+02 13
9.401866e+02 16
9.404406e+02 17
9.406945e+02 17
9.409484e+02 15
9.412024e+02 14
9.414563e+02 22
9.417103e+02 16
9.419642e+02 5
9.422182e+02 13
9.424722e+02 11
9.427261e+02 21
9.429801e+02 8
9.432340e+02 12
9.434880e+02 14
9.437420e+02 19
9.439959e+02 13
9.442499e+02 15
9.445039e+02 16
9.447578e+02 9
9.450118e+02 10
9.452658e+02 10
9.455197e+02 13
9.457737e+02 14
9.460277e+02 21
9.462817e+02 14
9.465357e+02 8
9.467896e+02 16
9.470436e+02 14
9.472976e+02 12
9.475516e+02 14
9.478056e+02 16
9.480596e+02 12
9.483136e+02 16
9.485676e+02 13
9.488215e+02 13
9.490755e+02 10
9.493295e+02 16
9.495835e+02 11
9.498375e+02 14
9.500915e+02 19
9.503455e+02 13
9.505995e+02 19
9.508536e+02 8
9.511076e+02 10
9.513616e+02 14
9.516156e+02 12
9.518696e+02 14
9.521236e+02 11
9.523776e+02 14
9.526316e+02 8
9.528857e+02 18
9.531397e+02 16
9.533937e+02 13
9.536477e+02 4
9.539017e+02 13
9.541558e+02 7
9.544098e+02 11
9.546638e+02 13
9.549179e+02 9
9.551719e+02 16
9.554259e+02 12
9.556800e+02 16
9.559340e+02 6
9.561880e+02 18
9.564421e+02 12
9.566961e+02 17
9.569502e+02 12
9.572042e+02 9
9.574582e+02 12
9.577123e+02 15
9.579663e+02 18
9.582204e+02 13
9.584744e+02 12
9.587285e+02 14
9.589825e+02 16
9.592366e+02 13
9.594907e+02 13
9.597447e+02 13
9.599988e+02 12
9.602528e+02 13
9.605069e+02 12
9.607610e+02 13
9.610150e+02 15
9.612691e+02 14
9.615232e+02 10
9.617773e+02 14
9.620313e+02 12
9.622854e+02 10
9.625395e+02 17
9.627936e+02 9
9.630476e+02 4
9.633017e+02 15
9.635558e+02 16
9.638099e+02 7
9.640640e+02 15
9.643180e+02 14
9.645721e+02 8
9.648262e+02 18
9.650803e+02 16
9.653344e+02 12
9.655885e+02 12
9.658426e+02 15
9.660967e+02 11
9.663508e+02 6
9.666049e+02 12
9.668590e+02 11
9.671131e+02 6
9.673672e+02 15
9.676213e+02 14
9.678754e+02 13
9.681295e+02 8
9.683836e+02 12
9.686378e+02 2
9.688919e+02 16
9.691460e+02 18
9.694001e+02 15
9.696542e+02 9
9.699083e+02 9
9.701625e+02 13
9.704166e+02 11
9.706707e+02 8
9.709248e+02 15
9.711790e+02 15
9.714331e+02 10
9.716872e+02 17
9.719414e+02 19
9.721955e+02 9
9.724496e+02 14
9.727038e+02 12
9.729579e+02 12
9.732120e+02 12
9.734662e+02 11
9.737203e+02 9
9.739745e+02 13
9.742286e+02 12
9.744828e+02 13
9.747369e+02 15
9.749911e+02 13
9.752452e+02 13
9.754994e+02 10
9.757535e+02 7
9.760077e+02 11
9.762618e+02 13
9.765160e+02 12
9.767702e+02 14
9.770243e+02 17
9.772785e+02 6
9.775326e+02 11
9.777868e+02 6
9.780410e+02 6
9.782951e+02 6
9.785493e+02 13
9.788035e+02 12
9.790577e+02 9
9.793118e+02 10
9.795660e+02 15
9.798202e+02 11
9.800744e+02 7
9.803286e+02 8
9.805827e+02 15
9.808369e+02 15
9.810911e+02 10
9.813453e+02 10
9.815995e+02 13
9.818537e+02 13
9.821079e+02 11
9.823621e+02 14
9.826163e+02 13
9.828705e+02 10
9.831247e+02 6
9.833789e+02 8
9.836331e+02 10
9.838873e+02 12
9.841415e+02 10
9.843957e+02 12
9.846499e+02 7
9.849041e+02 19
9.851583e+02 7
9.854125e+02 13
9.856667e+02 8
9.859210e+02 10
9.861752e+02 10
9.864294e+02 9
9.866836e+02 12
9.869378e+02 9
9.871921e+02 7
9.874463e+02 8
9.877005e+02 4
9.879547e+02 8
9.882090e+02 9
9.884632e+02 7
9.887174e+02 11
9.889717e+02 7
9.892259e+02 9
9.894801e+02 8
9.897344e+02 15
9.899886e+02 0
9.902429e+02 8
9.904971e+02 7
9.907513e+02 5
9.910056e+02 5
9.912598e+02 8
9.915141e+02 7
9.917683e+02 6
9.920226e+02 5
9.922768e+02 7
9.925311e+02 6
9.927854e+02 13
9.930396e+02 15
9.932939e+02 9
9.935481e+02 6
9.938024e+02 7
9.940567e+02 11
9.943109e+02 7
9.945652e+02 10
9.948195e+02 14
9.950737e+02 11
9.953280e+02 9
9.955823e+02 11
9.958366e+02 7
9.960908e+02 5
9.963451e+02 12
9.965994e+02 13
9.968537e+02 12
9.971079e+02 12
9.973622e+02 9
9.976165e+02 14
9.978708e+02 8
9.981251e+02 17
9.983794e+02 13
9.986337e+02 12
9.988880e+02 4
9.991423e+02 6
9.993966e+02 14
9.996509e+02 7
9.999052e+02 11
1.000159e+03 8
1.000414e+03 12
1.000668e+03 11
1.000922e+03 8
1.001177e+03 7
1.001431e+03 7
1.001685e+03 8
1.001940e+03 12
1.002194e+03 8
1.002448e+03 7
1.002703e+03 11
1.002957e+03 6
1.003211e+03 6
1.003466e+03 5
1.003720e+03 4
1.003974e+03 5
1.004228e+03 3
1.004483e+03 10
1.004737e+03 6
1.004991e+03 10
1.005246e+03 5
1.005500e+03 4
1.005754e+03 6
1.006009e+03 13
1.006263e+03 8
1.006517e+03 4
1.006772e+03 6
1.007026e+03 13
1.007280e+03 6
1.007535e+03 5
1.007789e+03 6
1.008044e+03 8
1.008298e+03 11
1.008552e+03 8
1.008807e+03 6
1.009061e+03 13
1.009315e+03 3
1.009570e+03 4
1.009824e+03 7
1.010078e+03 10
1.010333e+03 5
1.010587e+03 9
1.010841e+03 10
1.011096e+03 6
1.011350e+03 8
1.011605e+03 9
1.011859e+03 7
1.012113e+03 7
1.012368e+03 7
1.012622e+03 11
1.012876e+03 5
1.013131e+03 6
1.013385e+03 1
1.013640e+03 10
1.013894e+03 3
1.014148e+03 5
1.014403e+03 8
1.014657e+03 9
1.014911e+03 6
1.015166e+03 7
1.015420e+03 3
1.015675e+03 4
1.015929e+03 3
1.016183e+03 6
1.016438e+03 2
1.016692e+03 6
1.016947e+03 11
1.017201e+03 6
1.017455e+03 4
1.017710e+03 1
1.017964e+03 16
1.018219e+03 9
1.018473e+03 5
1.018728e+03 6
1.018982e+03 7
1.019236e+03 8
1.019491e+03 4
1.019745e+03 6
1.020000e+03 4
1.020254e+03 5
1.020508e+03 7
1.020763e+03 2
1.021017e+03 7
1.021272e+03 4
1.021526e+03 3
1.021781e+03 2
1.022035e+03 8
1.022289e+03 6
1.022544e+03 14
1.022798e+03 5
1.023053e+03 9
1.023307e+03 5
1.023562e+03 10
1.023816e+03 3
1.024071e+03 5
1.024325e+03 9
1.024579e+03 9
1.024834e+03 7
1.025088e+03 10
1.025343e+03 2
1.025597e+03 5
1.025852e+03 5
1.026106e+03 5
1.026361e+03 1
1.026615e+03 5
1.026869e+03 1
1.027124e+03 2
1.027378e+03 4
1.027633e+03 3
1.027887e+03 3
1.028142e+03 6
1.028396e+03 6
1.028651e+03 7
1.028905e+03 10
1.029160e+03 4
1.029414e+03 5
1.029669e+03 3
1.029923e+03 4
1.030178e+03 6
1.030432e+03 5
1.030687e+03 3
1.030941e+03 4
1.031196e+03 3
1.031450e+03 2
1.031705e+03 2
1.031959e+03 2
1.032213e+03 6
1.032468e+03 6
1.032722e+03 8
1.032977e+03 7
1.033231e+03 7
1.033486e+03 5
1.033740e+03 2
1.033995e+03 0
1.034249e+03 4
1.034504e+03 4
1.034759e+03 3
1.035013e+03 5
1.035268e+03 4
1.035522e+03 3
1.035777e+03 6
1.036031e+03 6
1.036286e+03 4
1.036540e+03 5
1.036795e+03 6
1.037049e+03 7
1.037304e+03 5
1.037558e+03 10
1.037813e+03 3
1.038067e+03 5
1.038322e+03 5
1.038576e+03 3
1.038831e+03 2
1.039085e+03 10
1.039340e+03 2
1.039594e+03 3
1.039849e+03 3
1.040104e+03 5
1.040358e+03 2
1.040613e+03 4
1.040867e+03 2
1.041122e+03 2
1.041376e+03 3
1.041631e+03 5
1.041885e+03 3
1.042140e+03 2
1.042394e+03 1
1.042649e+03 2
1.042904e+03 3
1.043158e+03 2
1.043413e+03 2
1.043667e+03 4
1.043922e+03 2
1.044176e+03 4
1.044431e+03 4
1.044685e+03 3
1.044940e+03 3
1.045195e+03 3
1.045449e+03 3
1.045704e+03 3
1.045958e+03 5
1.046213e+03 3
1.046467e+03 2
1.046722e+03 1
1.046977e+03 3
1.047231e+03 0
1.047486e+03 2
1.047740e+03 4
1.047995e+03 2
1.048250e+03 3
1.048504e+03 1
1.048759e+03 3
1.049013e+03 5
1.049268e+03 5
1.049523e+03 1
1.049777e+03 4
1.050032e+03 2
1.050286e+03 4
1.050541e+03 3
1.050796e+03 5
1.051050e+03 3
1.051305e+03 4
1.051559e+03 4
1.051814e+03 3
1.052069e+03 1
1.052323e+03 4
1.052578e+03 3
1.052832e+03 3
1.053087e+03 3
1.053342e+03 2
1.053596e+03 1
1.053851e+03 1
1.054105e+03 2
1.054360e+03 1
1.054615e+03 2
1.054869e+03 2
1.055124e+03 3
1.055379e+03 2
1.055633e+03 0
1.055888e+03 2
1.056143e+03 3
1.056397e+03 2
1.056652e+03 3
1.056906e+03 7
1.057161e+03 1
1.057416e+03 0
1.057670e+03 1
1.057925e+03 4
1.058180e+03 2
1.058434e+03 0
1.058689e+03 2
1.058944e+03 2
1.059198e+03 1
1.059453e+03 2
1.059708e+03 1
1.059962e+03 0
1.060217e+03 2
1.060472e+03 5
1.060726e+03 4
1.060981e+03 1
1.061236e+03 2
1.061490e+03 2
1.061745e+03 3
1.062000e+03 2
1.062254e+03 4
1.062509e+03 1
1.062764e+03 0
1.063018e+03 2
1.063273e+03 3
1.063528e+03 2
1.063782e+03 2
1.064037e+03 1
1.064292e+03 0
1.064546e+03 2
1.064801e+03 0
1.065056e+03 2
1.065310e+03 2
1.065565e+03 4
1.065820e+03 3
1.066074e+03 0
1.066329e+03 3
1.066584e+03 3
1.066839e+03 0
1.067093e+03 2
1.067348e+03 2
1.067603e+03 4
1.067857e+03 1
1.068112e+03 1
1.068367e+03 3
1.068621e+03 2
1.068876e+03 2
1.069131e+03 0
1.069386e+03 3
1.069640e+03 2
1.069895e+03 2
1.070150e+03 0
1.070405e+03 1
1.070659e+03 3
1.070914e+03 1
1.071169e+03 2
1.071423e+03 2
1.071678e+03 1
1.071933e+03 1
1.072188e+03 1
1.072442e+03 2
1.072697e+03 2
1.072952e+03 3
1.073207e+03 3
1.073461e+03 1
1.073716e+03 3
1.073971e+03 3
1.074225e+03 0
1.074480e+03 0
1.074735e+03 3
1.074990e+03 2
1.075244e+03 1
1.075499e+03 1
1.075754e+03 2
1.076009e+03 2
1.076263e+03 0
1.076518e+03 1
1.076773e+03 4
1.077028e+03 3
1.077283e+03 1
1.077537e+03 1
1.077792e+03 1
1.078047e+03 0
1.078302e+03 0
1.078556e+03 1
1.078811e+03 2
1.079066e+03 2
1.079321e+03 1
1.079575e+03 0
1.079830e+03 0
1.080085e+03 0
1.080340e+03 0
1.080595e+03 0
1.080849e+03 1
1.081104e+03 1
1.081359e+03 1
1.081614e+03 1
1.081868e+03 1
1.082123e+03 0
1.082378e+03 1
1.082633e+03 0
1.082888e+03 0
1.083142e+03 3
1.083397e+03 1
1.083652e+03 1
1.083907e+03 1
1.084162e+03 1
1.084416e+03 1
1.084671e+03 1
1.084926e+03 0
1.085181e+03 2
1.085436e+03 1
1.085690e+03 1
1.085945e+03 1
1.086200e+03 0
1.086455e+03 0
1.086710e+03 0
1.086965e+03 2
1.087219e+03 1
1.087474e+03 1
1.087729e+03 0
1.087984e+03 2
1.088239e+03 1
1.088493e+03 1
1.088748e+03 1
1.089003e+03 1
1.089258e+03 0
1.089513e+03 0
1.089768e+03 0
1.090022e+03 1
1.090277e+03 2
1.090532e+03 0
1.090787e+03 0
1.091042e+03 0
1.091297e+03 0
1.091552e+03 1
1.091806e+03 0
1.092061e+03 2
1.092316e+03 1
1.092571e+03 2
1.092826e+03 0
1.093081e+03 2
1.093336e+03 0
1.093590e+03 1
1.093845e+03 0
1.094100e+03 1
1.094355e+03 1
1.094610e+03 0
1.094865e+03 0
1.095120e+03 1
1.095374e+03 0
1.095629e+03 2
1.095884e+03 1
1.096139e+03 1
1.096394e+03 0
1.096649e+03 3
1.096904e+03 1
1.097159e+03 0
1.097413e+03 1
1.097668e+03 1
1.097923e+03 0
1.098178e+03 1
1.098433e+03 0
1.098688e+03 0
1.098943e+03 0
1.099198e+03 0
1.099453e+03 0
1.099707e+03 0
1.099962e+03 0
1.100217e+03 2
1.100472e+03 0
1.100727e+03 0
1.100982e+03 0
1.101237e+03 0
1.101492e+03 1
1.101747e+03 1
1.102002e+03 2
1.102256e+03 0
1.102511e+03 3
1.102766e+03 2
1.103021e+03 0
1.103276e+03 0
1.103531e+03 0
1.103786e+03 1
1.104041e+03 0
1.104296e+03 1
1.104551e+03 2
1.104806e+03 1
1.105061e+03 0
1.105315e+03 0
1.105570e+03 1
1.105825e+03 0
1.106080e+03 0
1.106335e+03 3
1.106590e+03 2
1.106845e+03 2
1.107100e+03 2
1.107355e+03 0
1.107610e+03 0
1.107865e+03 1
1.108120e+03 0
1.108375e+03 1
1.108630e+03 1
1.108885e+03 0
1.109140e+03 0
1.109395e+03 0
1.109649e+03 0
1.109904e+03 1
1.110159e+03 0
1.110414e+03 0
1.110669e+03 0
1.110924e+03 0
1.111179e+03 0
1.111434e+03 1
1.111689e+03 1
1.111944e+03 0
1.112199e+03 0
1.112454e+03 2
1.112709e+03 0
1.112964e+03 1
1.113219e+03 1
1.113474e+03 0
1.113729e+03 0
1.113984e+03 0
1.114239e+03 1
1.114494e+03 0
1.114749e+03 0
1.115004e+03 0
1.115259e+03 0
1.115514e+03 0
1.115769e+03 1
1.116024e+03 1
1.116279e+03 0
1.116534e+03 0
1.116789e+03 0
1.117044e+03 0
1.117299e+03 0
1.117554e+03 0
1.117809e+03 0
1.118064e+03 0
1.118319e+03 0
1.118574e+03 0
1.118829e+03 1
1.119084e+03 0
1.119339e+03 0
1.119594e+03 1
1.119849e+03 1
1.120104e+03 0
1.120359e+03 2
1.120614e+03 0
1.120869e+03 0
1.121124e+03 0
1.121379e+03 0
1.121634e+03 2
1.121889e+03 0
1.122144e+03 0
1.122399e+03 0
1.122654e+03 2
1.122909e+03 0
1.123164e+03 0
1.123419e+03 0
1.123674e+03 1
1.123929e+03 0
1.124184e+03 0
1.124439e+03 0
1.124694e+03 0
1.124949e+03 0
1.125205e+03 1
1.125460e+03 0
1.125715e+03 0
1.125970e+03 0
1.126225e+03 0
1.126480e+03 0
1.126735e+03 0
1.126990e+03 0
1.127245e+03 1
1.127500e+03 1
1.127755e+03 0
1.128010e+03 1
1.128265e+03 0
1.128520e+03 1
1.128775e+03 0
1.129030e+03 0
1.129285e+03 0
1.129541e+03 0
1.129796e+03 1
1.130051e+03 1
1.130306e+03 0
1.130561e+03 0
1.130816e+03 0
1.131071e+03 0
1.131326e+03 0
1.131581e+03 1
1.131836e+03 1
1.132091e+03 0
1.132346e+03 0
1.132602e+03 1
1.132857e+03 0
1.133112e+03 0
1.133367e+03 0
1.133622e+03 0
1.133877e+03 0
1.134132e+03 0
1.134387e+03 1
1.134642e+03 0
1.134897e+03 0
1.135153e+03 2
1.135408e+03 1
1.135663e+03 0
1.135918e+03 0
1.136173e+03 0
1.136428e+03 0
1.136683e+03 0
1.136938e+03 0
1.137193e+03 0
1.137449e+03 0
1.137704e+03 0
1.137959e+03 0
1.138214e+03 2
1.138469e+03 0
1.138724e+03 1
1.138979e+03 1
1.139234e+03 0
1.139490e+03 1
1.139745e+03 0
1.140000e+03 0
1.140255e+03 1
1.140510e+03 0
1.140765e+03 0
1.141020e+03 2
1.141276e+03 2
1.141531e+03 0
1.141786e+03 0
1.142041e+03 0
1.142296e+03 0
1.142551e+03 0
1.142806e+03 1
1.143062e+03 1
1.143317e+03 0
1.143572e+03 0
1.143827e+03 0
1.144082e+03 0
1.144337e+03 0
1.144593e+03 0
1.144848e+03 1
1.145103e+03 0
1.145358e+03 0
1.145613e+03 0
1.145868e+03 0
1.146124e+03 0
1.146379e+03 0
1.146634e+03 1
1.146889e+03 0
1.147144e+03 0
1.147399e+03 1
1.147655e+03 1
1.147910e+03 0
1.148165e+03 0
1.148420e+03 0
1.148675e+03 1
1.148930e+03 0
1.149186e+03 1
1.149441e+03 1
1.149696e+03 0
1.149951e+03 0
1.150206e+03 0
1.150462e+03 0
1.150717e+03 0
1.150972e+03 0
1.151227e+03 0
1.151482e+03 0
1.151738e+03 0
1.151993e+03 1
1.152248e+03 0
1.152503e+03 0
1.152758e+03 0
1.153014e+03 0
1.153269e+03 0
1.153524e+03 2
1.153779e+03 0
1.154035e+03 1
1.154290e+03 0
1.154545e+03 0
1.154800e+03 1
1.155055e+03 0
1.155311e+03 0
1.155566e+03 0
1.155821e+03 0
1.156076e+03 0
1.156332e+03 0
1.156587e+03 0
1.156842e+03 0
1.157097e+03 0
1.157353e+03 0
1.157608e+03 0
1.157863e+03 0
1.158118e+03 0
1.158374e+03 0
1.158629e+03 0
1.158884e+03 0
1.159139e+03 1
1.159394e+03 1
1.159650e+03 0
1.159905e+03 0
1.160160e+03 0
1.160416e+03 0
1.160671e+03 0
1.160926e+03 0
1.161181e+03 0
1.161437e+03 1
1.161692e+03 0
1.161947e+03 1
1.162202e+03 0
1.162458e+03 0
1.162713e+03 0
1.162968e+03 0
1.163223e+03 0
1.163479e+03 0
1.163734e+03 0
1.163989e+03 0
1.164245e+03 0
1.164500e+03 0
1.164755e+03 0
1.165010e+03 0
1.165266e+03 0
1.165521e+03 0
1.165776e+03 0
1.166032e+03 0
1.166287e+03 0
1.166542e+03 0
1.166797e+03 0
1.167053e+03 0
1.167308e+03 0
1.167563e+03 1
1.167819e+03 0
1.168074e+03 0
1.168329e+03 0
1.168585e+03 0
1.168840e+03 0
1.169095e+03 1
1.169350e+03 0
1.169606e+03 0
1.169861e+03 0
1.170116e+03 0
1.170372e+03 1
1.170627e+03 0
1.170882e+03 0
1.171138e+03 0
1.171393e+03 0
1.171648e+03 0
1.171904e+03 0
1.172159e+03 0
1.172414e+03 0
1.172670e+03 0
1.172925e+03 0
1.173180e+03 0
1.173436e+03 0
1.173691e+03 0
1.173946e+03 0
1.174202e+03 0
1.174457e+03 0
1.174712e+03 0
1.174968e+03 0
1.175223e+03 0
1.175478e+03 0
1.175734e+03 0
1.175989e+03 0
1.176244e+03 0
1.176500e+03 0
1.176755e+03 0
1.177010e+03 0
1.177266e+03 0
1.177521e+03 0
1.177776e+03 0
1.178032e+03 1
1.178287e+03 0
1.178543e+03 1
1.178798e+03 0
1.179053e+03 0
1.179309e+03 0
1.179564e+03 0
1.179819e+03 0
1.180075e+03 0
1.180330e+03 0
1.180586e+03 0
1.180841e+03 0
1.181096e+03 0
1.181352e+03 0
1.181607e+03 0
1.181862e+03 0
1.182118e+03 0
1.182373e+03 1
1.182629e+03 0
1.182884e+03 0
1.183139e+03 0
1.183395e+03 0
1.183650e+03 0
1.183906e+03 1
1.184161e+03 0
1.184416e+03 0
1.184672e+03 0
1.184927e+03 0
1.185183e+03 1
1.185438e+03 0
1.185693e+03 0
1.185949e+03 0
1.186204e+03 0
1.186460e+03 0
1.186715e+03 0
1.186970e+03 0
1.187226e+03 0
1.187481e+03 0
1.187737e+03 1
1.187992e+03 0
1.188248e+03 0
1.188503e+03 0
1.188758e+03 0
1.189014e+03 0
1.189269e+03 0
1.189525e+03 0
1.189780e+03 0
1.190036e+03 0
1.190291e+03 0
1.190546e+03 0
1.190802e+03 0
1.191057e+03 1
1.191313e+03 0
1.191568e+03 1
1.191824e+03 0
1.192079e+03 0
1.192334e+03 0
1.192590e+03 0
1.192845e+03 0
1.193101e+03 1
1.193356e+03 0
1.193612e+03 0
1.193867e+03 1
1.194123e+03 0
1.194378e+03 1
1.194634e+03 0
1.194889e+03 0
1.195144e+03 0
1.195400e+03 0
1.195655e+03 0
1.195911e+03 0
1.196166e+03 0
1.196422e+03 0
1.196677e+03 0
1.196933e+03 0
1.197188e+03 0
1.197444e+03 0
1.197699e+03 0
1.197955e+03 0
1.198210e+03 0
1.198466e+03 0
1.198721e+03 0
1.198977e+03 0
1.199232e+03 0
1.199488e+03 0
1.199743e+03 0
1.199999e+03 0
1.200254e+03 0
1.200510e+03 0
1.200765e+03 0
1.201021e+03 0
1.201276e+03 0
1.201532e+03 0
1.201787e+03 0
1.202043e+03 0
1.202298e+03 1
1.202554e+03 0
1.202809e+03 0
1.203065e+03 0
1.203320e+03 0
1.203576e+03 0
1.203831e+03 0
1.204087e+03 1
1.204342e+03 0
1.204598e+03 0
1.204853e+03 0
1.205109e+03 0
1.205364e+03 0
1.205620e+03 0
1.205875e+03 0
1.206131e+03 0
1.206386e+03 0
1.206642e+03 0
1.206897e+03 0
1.207153e+03 0
1.207408e+03 0
1.207664e+03 1
1.207920e+03 1
1.208175e+03 0
1.208431e+03 0
1.208686e+03 0
1.208942e+03 0
1.209197e+03 0
1.209453e+03 0
1.209708e+03 0
1.209964e+03 0
1.210219e+03 0
1.210475e+03 0
1.210731e+03 0
1.210986e+03 0
1.211242e+03 0
1.211497e+03 0
1.211753e+03 0
1.212008e+03 0
1.212264e+03 0
1.212519e+03 0
1.212775e+03 0
1.213031e+03 0
1.213286e+03 0
1.213542e+03 0
1.213797e+03 0
1.214053e+03 0
1.214308e+03 0
1.214564e+03 0
1.214820e+03 0
1.215075e+03 0
1.215331e+03 0
1.215586e+03 0
1.215842e+03 0
1.216098e+03 0
1.216353e+03 0
1.216609e+03 0
1.216864e+03 1
1.217120e+03 0
1.217376e+03 0
1.217631e+03 0
1.217887e+03 0
1.218142e+03 0
1.218398e+03 0
1.218654e+03 0
1.218909e+03 0
1.219165e+03 0
1.219420e+03 1
1.219676e+03 0
1.219932e+03 0
1.220187e+03 0
1.220443e+03 0
1.220698e+03 0
1.220954e+03 0
1.221210e+03 0
1.221465e+03 0
1.221721e+03 0
1.221976e+03 0
1.222232e+03 1
1.222488e+03 0
1.222743e+03 0
1.222999e+03 0
1.223255e+03 0
1.223510e+03 0
1.223766e+03 0
1.224022e+03 0
1.224277e+03 0
1.224533e+03 0
1.224788e+03 0
1.225044e+03 0
1.225300e+03 0
1.225555e+03 0
1.225811e+03 0
1.226067e+03 0
1.226322e+03 0
1.226578e+03 0
1.226834e+03 0
1.227089e+03 0
1.227345e+03 0
1.227601e+03 0
1.227856e+03 0
1.228112e+03 1
1.228368e+03 0
1.228623e+03 0
1.228879e+03 0
1.229135e+03 0
1.229390e+03 0
1.229646e+03 0
1.229902e+03 0
1.230157e+03 0
1.230413e+03 0
1.230669e+03 0
1.230924e+03 0
1.231180e+03 0
1.231436e+03 0
1.231691e+03 0
1.231947e+03 0
1.232203e+03 0
1.232458e+03 1
1.232714e+03 0
1.232970e+03 0
1.233225e+03 0
1.233481e+03 0
1.233737e+03 0
1.233992e+03 0
1.234248e+03 0
1.234504e+03 0
1.234760e+03 0
1.235015e+03 0
1.235271e+03 0
1.235527e+03 0
1.235782e+03 0
1.236038e+03 0
1.236294e+03 0
1.236549e+03 0
1.236805e+03 0
1.237061e+03 0
1.237317e+03 0
1.237572e+03 0
1.237828e+03 0
1.238084e+03 0
1.238339e+03 0
1.238595e+03 0
1.238851e+03 1
1.239107e+03 0
1.239362e+03 0
1.239618e+03 0
1.239874e+03 0
1.240130e+03 0
1.240385e+03 0
1.240641e+03 0
1.240897e+03 0
1.241152e+03 0
1.241408e+03 0
1.241664e+03 0
1.241920e+03 0
1.242175e+03 0
1.242431e+03 0
1.242687e+03 0
1.242943e+03 0
1.243198e+03 0
1.243454e+03 0
1.243710e+03 0
1.243966e+03 0
1.244221e+03 0
1.244477e+03 0
1.244733e+03 0
1.244989e+03 0
1.245244e+03 0
1.245500e+03 0
1.245756e+03 0
1.246012e+03 0
1.246268e+03 0
1.246523e+03 0
1.246779e+03 0
1.247035e+03 0
1.247291e+03 0
1.247546e+03 0
1.247802e+03 0
1.248058e+03 0
1.248314e+03 0
1.248569e+03 0
1.248825e+03 0
1.249081e+03 0
1.249337e+03 0
1.249593e+03 0
1.249848e+03 0
1.250104e+03 0
1.250360e+03 0
1.250616e+03 0
1.250872e+03 0
1.251127e+03 0
1.251383e+03 0
1.251639e+03 0
1.251895e+03 0
1.252151e+03 0
1.252406e+03 0
1.252662e+03 0
1.252918e+03 0
1.253174e+03 0
1.253430e+03 0
1.253685e+03 0
1.253941e+03 1
1.254197e+03 0
1.254453e+03 0
1.254709e+03 0
1.254964e+03 0
1.255220e+03 0
1.255476e+03 1
1.255732e+03 0
1.255988e+03 1
1.256244e+03 0
1.256499e+03 0
1.256755e+03 1
1.257011e+03 0
1.257267e+03 0
1.257523e+03 0
1.257779e+03 0
1.258034e+03 0
1.258290e+03 0
1.258546e+03 0
1.258802e+03 0
1.259058e+03 0
1.259314e+03 0
1.259569e+03 0
1.259825e+03 0
1.260081e+03 0
1.260337e+03 0
1.260593e+03 0
1.260849e+03 0
1.261105e+03 0
1.261360e+03 0
1.261616e+03 1
1.261872e+03 0
1.262128e+03 0
1.262384e+03 0
1.262640e+03 0
1.262896e+03 0
1.263151e+03 0
1.263407e+03 0
1.263663e+03 0
1.263919e+03 0
1.264175e+03 0
1.264431e+03 0
1.264687e+03 0
1.264943e+03 0
1.265198e+03 0
1.265454e+03 0
1.265710e+03 0
1.265966e+03 0
1.266222e+03 0
1.266478e+03 0
1.266734e+03 0
1.266990e+03 0
1.267246e+03 1
1.267501e+03 0
1.267757e+03 0
1.268013e+03 0
1.268269e+03 0
1.268525e+03 0
1.268781e+03 0
1.269037e+03 0
1.269293e+03 0
1.269549e+03 0
1.269805e+03 0
1.270060e+03 0
1.270316e+03 0
1.270572e+03 0
1.270828e+03 0
1.271084e+03 0
1.271340e+03 0
1.271596e+03 0
1.271852e+03 0
1.272108e+03 0
1.272364e+03 1
1.272620e+03 0
1.272875e+03 0
1.273131e+03 0
1.273387e+03 0
1.273643e+03 0
1.273899e+03 0
1.274155e+03 0
1.274411e+03 0
1.274667e+03 0
1.274923e+03 0
1.275179e+03 0
1.275435e+03 0
1.275691e+03 0
1.275947e+03 0
1.276203e+03 0
1.276459e+03 0
1.276715e+03 0
1.276970e+03 0
1.277226e+03 0
1.277482e+03 0
1.277738e+03 0
1.277994e+03 0
1.278250e+03 0
1.278506e+03 0
1.278762e+03 0
1.279018e+03 0
1.279274e+03 0
1.279530e+03 0
1.279786e+03 0
1.280042e+03 0
1.280298e+03 0
1.280554e+03 0
1.280810e+03 0
1.281066e+03 0
1.281322e+03 0
1.281578e+03 0
1.281834e+03 0
1.282090e+03 0
1.282346e+03 0
1.282602e+03 0
1.282858e+03 0
1.283114e+03 0
1.283370e+03 0
1.283626e+03 0
1.283882e+03 0
1.284138e+03 0
1.284394e+03 0
1.284650e+03 0
1.284906e+03 0
1.285162e+03 0
1.285418e+03 0
1.285674e+03 0
1.285930e+03 0
1.286186e+03 0
1.286442e+03 0
1.286698e+03 0
1.286954e+03 0
1.287210e+03 0
1.287466e+03 0
1.287722e+03 0
1.287978e+03 0
1.288234e+03 0
1.288490e+03 0
1.288746e+03 0
1.289002e+03 0
1.289258e+03 0
1.289514e+03 0
1.289770e+03 0
1.290026e+03 0
1.290282e+03 0
1.290538e+03 0
1.290794e+03 0
1.291050e+03 0
1.291306e+03 0
1.291562e+03 0
1.291818e+03 0
1.292074e+03 0
1.292330e+03 0
1.292586e+03 0
1.292842e+03 0
1.293098e+03 0
1.293354e+03 0
1.293610e+03 0
1.293866e+03 0
1.294122e+03 1
1.294379e+03 0
1.294635e+03 0
1.294891e+03 0
1.295147e+03 0
1.295403e+03 0
1.295659e+03 0
1.295915e+03 0
1.296171e+03 0
1.296427e+03 0
1.296683e+03 0
1.296939e+03 0
1.297195e+03 1
1.297451e+03 0
1.297707e+03 0
1.297963e+03 0
1.298220e+03 0
1.298476e+03 0
1.298732e+03 0
1.298988e+03 0
1.299244e+03 0
1.299500e+03 0
1.299756e+03 0
1.300012e+03 0
1.300268e+03 1
1.300524e+03 0
1.300780e+03 1
1.301036e+03 0
1.301293e+03 0
1.301549e+03 0
1.301805e+03 0
1.302061e+03 0
1.302317e+03 0
1.302573e+03 0
1.302829e+03 0
1.303085e+03 0
1.303341e+03 0
1.303597e+03 0
1.303854e+03 0
1.304110e+03 0
1.304366e+03 0
1.304622e+03 0
1.304878e+03 0
1.305134e+03 0
1.305390e+03 0
1.305646e+03 0
1.305902e+03 0
1.306159e+03 0
1.306415e+03 0
1.306671e+03 0
1.306927e+03 0
1.307183e+03 0
1.307439e+03 0
1.307695e+03 0
1.307951e+03 0
1.308208e+03 0
1.308464e+03 1
1.308720e+03 0
1.308976e+03 0
1.309232e+03 0
1.309488e+03 1
1.309744e+03 0
1.310001e+03 0
1.310257e+03 0
1.310513e+03 0
1.310769e+03 0
1.311025e+03 0
1.311281e+03 0
1.311537e+03 0
1.311794e+03 0
1.312050e+03 0
1.312306e+03 0
1.312562e+03 0
1.312818e+03 0
1.313074e+03 0
1.313331e+03 0
1.313587e+03 0
1.313843e+03 0
1.314099e+03 0
1.314355e+03 0
1.314611e+03 0
1.314868e+03 0
1.315124e+03 0
1.315380e+03 0
1.315636e+03 0
1.315892e+03 0
1.316149e+03 0
1.316405e+03 0
1.316661e+03 1
1.316917e+03 0
1.317173e+03 0
1.317429e+03 0
1.317686e+03 0
1.317942e+03 0
1.318198e+03 0
1.318454e+03 0
1.318710e+03 0
1.318967e+03 0
1.319223e+03 0
1.319479e+03 0
1.319735e+03 0
1.319991e+03 0
1.320248e+03 0
1.320504e+03 0
1.320760e+03 0
1.321016e+03 0
1.321272e+03 0
1.321529e+03 0
1.321785e+03 0
1.322041e+03 0
1.322297e+03 1
1.322554e+03 0
1.322810e+03 0
1.323066e+03 0
1.323322e+03 0
1.323578e+03 0
1.323835e+03 0
1.324091e+03 0
1.324347e+03 0
1.324603e+03 0
1.324860e+03 0
1.325116e+03 0
1.325372e+03 0
1.325628e+03 0
1.325885e+03 0
1.326141e+03 0
1.326397e+03 0
1.326653e+03 0
1.326909e+03 0
1.327166e+03 0
1.327422e+03 0
1.327678e+03 0
1.327934e+03 1
1.328191e+03 0
1.328447e+03 0
1.328703e+03 0
1.328959e+03 0
1.329216e+03 0
1.329472e+03 0
1.329728e+03 0
1.329985e+03 0
1.330241e+03 0
1.330497e+03 1
1.330753e+03 0
1.331010e+03 0
1.331266e+03 0
1.331522e+03 0
1.331778e+03 0
1.332035e+03 0
1.332291e+03 0
1.332547e+03 0
1.332804e+03 0
1.333060e+03 0
1.333316e+03 0
1.333572e+03 0
1.333829e+03 0
1.334085e+03 0
1.334341e+03 0
1.334598e+03 0
1.334854e+03 0
1.335110e+03 0
1.335366e+03 0
1.335623e+03 0
1.335879e+03 0
1.336135e+03 0
1.336392e+03 0
1.336648e+03 0
1.336904e+03 0
1.337161e+03 0
1.337417e+03 0
1.337673e+03 0
1.337929e+03 0
1.338186e+03 0
1.338442e+03 0
1.338698e+03 0
1.338955e+03 0
1.339211e+03 0
1.339467e+03 0
1.339724e+03 0
1.339980e+03 0
1.340236e+03 0
1.340493e+03 0
1.340749e+03 0
1.341005e+03 0
1.341262e+03 0
1.341518e+03 0
1.341774e+03 0
1.342031e+03 0
1.342287e+03 0
1.342543e+03 0
1.342800e+03 0
1.343056e+03 0
1.343312e+03 0
1.343569e+03 0
1.343825e+03 0
1.344081e+03 0
1.344338e+03 0
1.344594e+03 0
1.344850e+03 0
1.345107e+03 0
1.345363e+03 0
1.345619e+03 0
1.345876e+03 0
1.346132e+03 0
1.346389e+03 0
1.346645e+03 0
1.346901e+03 1
1.347158e+03 0
1.347414e+03 0
1.347670e+03 0
1.347927e+03 0
1.348183e+03 0
1.348439e+03 0
1.348696e+03 0
1.348952e+03 0
1.349209e+03 0
1.349465e+03 0
1.349721e+03 0
1.349978e+03 0
1.350234e+03 0
1.350490e+03 1
1.350747e+03 0
1.351003e+03 0
1.351260e+03 0
1.351516e+03 0
1.351772e+03 0
1.352029e+03 0
1.352285e+03 0
1.352542e+03 0
1.352798e+03 0
1.353054e+03 0
1.353311e+03 0
1.353567e+03 0
1.353824e+03 0
1.354080e+03 0
1.354336e+03 0
1.354593e+03 0
1.354849e+03 0
1.355106e+03 0
1.355362e+03 0
1.355618e+03 0
1.355875e+03 0
1.356131e+03 0
1.356388e+03 0
1.356644e+03 0
1.356901e+03 0
1.357157e+03 0
1.357413e+03 0
1.357670e+03 0
1.357926e+03 0
1.358183e+03 0
1.358439e+03 0
1.358696e+03 0
1.358952e+03 0
1.359208e+03 0
1.359465e+03 1
1.359721e+03 0
1.359978e+03 0
1.360234e+03 0
1.360491e+03 0
1.360747e+03 0
1.361004e+03 0
1.361260e+03 0
1.361516e+03 0
1.361773e+03 0
1.362029e+03 0
1.362286e+03 0
1.362542e+03 0
1.362799e+03 0
1.363055e+03 0
1.363312e+03 0
1.363568e+03 0
1.363825e+03 0
1.364081e+03 0
1.364337e+03 0
1.364594e+03 0
1.364850e+03 0
1.365107e+03 0
1.365363e+03 0
1.365620e+03 0
1.365876e+03 0
1.366133e+03 0
1.366389e+03 0
1.366646e+03 0
1.366902e+03 0
1.367159e+03 0
1.367415e+03 0
1.367672e+03 0
1.367928e+03 0
1.368185e+03 1
1.368441e+03 0
1.368698e+03 0
1.368954e+03 1
1.369211e+03 0
1.369467e+03 0
1.369724e+03 0
1.369980e+03 0
1.370237e+03 0
1.370493e+03 0
1.370750e+03 0
1.371006e+03 0
1.371263e+03 0
1.371519e+03 0
1.371776e+03 0
1.372032e+03 0
1.372289e+03 0
1.372545e+03 0
1.372802e+03 0
1.373058e+03 1
1.373315e+03 0
1.373571e+03 0
1.373828e+03 0
1.374084e+03 0
1.374341e+03 0
1.374597e+03 1
1.374854e+03 1
1.375110e+03 0
1.375367e+03 0
1.375624e+03 0
1.375880e+03 1
1.376137e+03 0
1.376393e+03 0
1.376650e+03 0
1.376906e+03 0
1.377163e+03 0
1.377419e+03 0
1.377676e+03 0
1.377932e+03 0
1.378189e+03 0
1.378445e+03 0
1.378702e+03 0
1.378959e+03 0
1.379215e+03 0
1.379472e+03 0
1.379728e+03 0
1.379985e+03 0
1.380241e+03 0
1.380498e+03 0
1.380755e+03 0
1.381011e+03 0
1.381268e+03 0
1.381524e+03 0
1.381781e+03 0
1.382037e+03 0
1.382294e+03 0
1.382550e+03 0
1.382807e+03 0
1.383064e+03 0
1.383320e+03 1
1.383577e+03 0
1.383833e+03 0
1.384090e+03 0
1.384347e+03 0
1.384603e+03 0
1.384860e+03 0
1.385116e+03 0
1.385373e+03 0
1.385630e+03 0
1.385886e+03 0
1.386143e+03 0
1.386399e+03 0
1.386656e+03 0
1.386912e+03 0
1.387169e+03 0
1.387426e+03 0
1.387682e+03 0
1.387939e+03 0
1.388196e+03 0
1.388452e+03 0
1.388709e+03 0
1.388965e+03 0
1.389222e+03 0
1.389479e+03 0
1.389735e+03 0
1.389992e+03 0
1.390248e+03 0
1.390505e+03 1
1.390762e+03 0
1.391018e+03 0
1.391275e+03 0
1.391532e+03 0
1.391788e+03 0
1.392045e+03 0
1.392301e+03 0
1.392558e+03 0
1.392815e+03 0
1.393071e+03 0
1.393328e+03 0
1.393585e+03 0
1.393841e+03 0
1.394098e+03 0
1.394355e+03 0
1.394611e+03 0
1.394868e+03 0
1.395124e+03 0
1.395381e+03 0
1.395638e+03 0
1.395894e+03 0
1.396151e+03 0
1.396408e+03 0
1.396664e+03 0
1.396921e+03 0
1.397178e+03 0
1.397434e+03 0
1.397691e+03 1
1.397948e+03 0
1.398204e+03 0
1.398461e+03 0
1.398718e+03 0
1.398974e+03 0
1.399231e+03 0
1.399488e+03 0
1.399744e+03 0
1.400001e+03 0
1.400258e+03 0
1.400514e+03 0
1.400771e+03 0
1.401028e+03 0
1.401285e+03 0
1.401541e+03 0
1.401798e+03 0
1.402055e+03 0
1.402311e+03 0
1.402568e+03 0
1.402825e+03 0
1.403081e+03 0
1.403338e+03 0
1.403595e+03 0
1.403851e+03 0
1.404108e+03 0
1.404365e+03 0
1.404622e+03 0
1.404878e+03 0
1.405135e+03 0
1.405392e+03 0
1.405648e+03 0
1.405905e+03 0
1.406162e+03 0
1.406419e+03 0
1.406675e+03 0
1.406932e+03 0
1.407189e+03 0
1.407445e+03 0
1.407702e+03 0
1.407959e+03 0
1.408216e+03 0
1.408472e+03 0
1.408729e+03 0
1.408986e+03 0
1.409243e+03 0
1.409499e+03 0
1.409756e+03 0
1.410013e+03 0
1.410269e+03 0
1.410526e+03 0
1.410783e+03 0
1.411040e+03 0
1.411296e+03 0
1.411553e+03 0
1.411810e+03 0
1.412067e+03 0
1.412323e+03 0
1.412580e+03 0
1.412837e+03 0
1.413094e+03 0
1.413350e+03 0
1.413607e+03 0
1.413864e+03 0
1.414121e+03 0
1.414377e+03 0
1.414634e+03 0
1.414891e+03 0
1.415148e+03 0
1.415405e+03 0
1.415661e+03 0
1.415918e+03 0
1.416175e+03 0
1.416432e+03 0
1.416688e+03 0
1.416945e+03 0
1.417202e+03 0
1.417459e+03 0
1.417716e+03 0
1.417972e+03 0
1.418229e+03 0
1.418486e+03 0
1.418743e+03 0
1.418999e+03 0
1.419256e+03 0
1.419513e+03 0
1.419770e+03 0
1.420027e+03 0
1.420283e+03 0
1.420540e+03 0
1.420797e+03 0
1.421054e+03 0
1.421311e+03 0
1.421567e+03 0
1.421824e+03 0
1.422081e+03 0
1.422338e+03 0
1.422595e+03 0
1.422851e+03 0
1.423108e+03 0
1.423365e+03 0
1.423622e+03 0
1.423879e+03 0
1.424136e+03 0
1.424392e+03 0
1.424649e+03 0
1.424906e+03 0
1.425163e+03 0
1.425420e+03 0
1.425677e+03 0
1.425933e+03 0
1.426190e+03 0
1.426447e+03 0
1.426704e+03 0
1.426961e+03 0
1.427218e+03 0
1.427474e+03 0
1.427731e+03 0
1.427988e+03 0
1.428245e+03 0
1.428502e+03 0
1.428759e+03 0
1.429015e+03 0
1.429272e+03 0
1.429529e+03 0
1.429786e+03 0
1.430043e+03 0
1.430300e+03 0
1.430557e+03 0
1.430813e+03 0
1.431070e+03 0
1.431327e+03 0
1.431584e+03 0
1.431841e+03 0
1.432098e+03 0
1.432355e+03 0
1.432611e+03 0
1.432868e+03 0
1.433125e+03 0
1.433382e+03 0
1.433639e+03 0
1.433896e+03 0
1.434153e+03 0
1.434410e+03 0
1.434667e+03 0
1.434923e+03 0
1.435180e+03 0
1.435437e+03 0
1.435694e+03 0
1.435951e+03 0
1.436208e+03 0
1.436465e+03 0
1.436722e+03 0
1.436979e+03 0
1.437235e+03 0
1.437492e+03 0
1.437749e+03 0
1.438006e+03 0
1.438263e+03 0
1.438520e+03 0
1.438777e+03 0
1.439034e+03 0
1.439291e+03 0
1.439548e+03 0
1.439804e+03 0
1.440061e+03 0
1.440318e+03 0
1.440575e+03 0
1.440832e+03 0
1.441089e+03 0
1.441346e+03 0
1.441603e+03 0
1.441860e+03 0
1.442117e+03 0
1.442374e+03 0
1.442631e+03 0
1.442888e+03 0
1.443144e+03 0
1.443401e+03 0
1.443658e+03 0
1.443915e+03 0
1.444172e+03 0
1.444429e+03 0
1.444686e+03 0
1.444943e+03 0
1.445200e+03 0
1.445457e+03 0
1.445714e+03 0
1.445971e+03 0
1.446228e+03 0
1.446485e+03 0
1.446742e+03 0
1.446999e+03 0
1.447256e+03 0
1.447513e+03 0
1.447770e+03 0
1.448026e+03 0
1.448283e+03 0
1.448540e+03 0
1.448797e+03 0
1.449054e+03 0
1.449311e+03 0
1.449568e+03 0
1.449825e+03 0
1.450082e+03 0
1.450339e+03 0
1.450596e+03 0
1.450853e+03 0
1.451110e+03 0
1.451367e+03 0
1.451624e+03 0
1.451881e+03 0
1.452138e+03 0
1.452395e+03 0
1.452652e+03 0
1.452909e+03 0
1.453166e+03 0
1.453423e+03 0
1.453680e+03 0
1.453937e+03 0
1.454194e+03 0
1.454451e+03 0
1.454708e+03 0
1.454965e+03 0
1.455222e+03 0
1.455479e+03 0
1.455736e+03 0
1.455993e+03 0
1.456250e+03 0
1.456507e+03 0
1.456764e+03 1
1.457021e+03 0
1.457278e+03 0
1.457535e+03 0
1.457792e+03 0
1.458049e+03 0
1.458306e+03 0
1.458563e+03 0
1.458820e+03 0
1.459077e+03 0
1.459334e+03 0
1.459591e+03 0
1.459848e+03 0
1.460105e+03 0
1.460362e+03 0
1.460619e+03 0
1.460877e+03 0
1.461134e+03 0
1.461391e+03 0
1.461648e+03 0
1.461905e+03 0
1.462162e+03 0
1.462419e+03 0
1.462676e+03 0
1.462933e+03 0
1.463190e+03 0
1.463447e+03 0
1.463704e+03 0
1.463961e+03 0
1.464218e+03 0
1.464475e+03 0
1.464732e+03 0
1.464989e+03 0
1.465246e+03 0
1.465503e+03 0
1.465761e+03 0
1.466018e+03 0
1.466275e+03 0
1.466532e+03 0
1.466789e+03 0
1.467046e+03 0
1.467303e+03 0
1.467560e+03 0
1.467817e+03 0
1.468074e+03 0
1.468331e+03 0
1.468588e+03 0
1.468845e+03 0
1.469103e+03 0
1.469360e+03 0
1.469617e+03 0
1.469874e+03 0
1.470131e+03 0
1.470388e+03 0
1.470645e+03 0
1.470902e+03 0
1.471159e+03 0
1.471416e+03 0
1.471673e+03 0
1.471931e+03 0
1.472188e+03 0
1.472445e+03 0
1.472702e+03 0
1.472959e+03 0
1.473216e+03 0
1.473473e+03 0
1.473730e+03 0
1.473987e+03 0
1.474245e+03 0
1.474502e+03 0
1.474759e+03 0
1.475016e+03 0
1.475273e+03 0
1.475530e+03 0
1.475787e+03 0
1.476044e+03 0
1.476302e+03 0
1.476559e+03 0
1.476816e+03 0
1.477073e+03 0
1.477330e+03 0
1.477587e+03 0
1.477844e+03 0
1.478101e+03 0
1.478359e+03 0
1.478616e+03 0
1.478873e+03 0
1.479130e+03 0
1.479387e+03 0
1.479644e+03 0
1.479901e+03 1
1.480159e+03 0
1.480416e+03 0
1.480673e+03 0
1.480930e+03 0
1.481187e+03 0
1.481444e+03 0
1.481702e+03 0
1.481959e+03 0
1.482216e+03 0
1.482473e+03 0
1.482730e+03 0
1.482987e+03 0
1.483245e+03 0
1.483502e+03 0
1.483759e+03 1
1.484016e+03 0
1.484273e+03 0
1.484530e+03 0
1.484788e+03 0
1.485045e+03 0
1.485302e+03 0
1.485559e+03 0
1.485816e+03 0
1.486074e+03 0
1.486331e+03 0
1.486588e+03 0
1.486845e+03 0
1.487102e+03 0
1.487360e+03 0
1.487617e+03 0
1.487874e+03 0
1.488131e+03 0
1.488388e+03 0
1.488645e+03 0
1.488903e+03 0
1.489160e+03 0
1.489417e+03 0
1.489674e+03 0
1.489932e+03 0
1.490189e+03 0
1.490446e+03 0
1.490703e+03 1
1.490960e+03 0
1.491218e+03 0
1.491475e+03 0
1.491732e+03 0
1.491989e+03 0
1.492246e+03 0
1.492504e+03 0
1.492761e+03 0
1.493018e+03 0
1.493275e+03 0
1.493533e+03 0
1.493790e+03 0
1.494047e+03 0
1.494304e+03 0
1.494562e+03 0
1.494819e+03 0
1.495076e+03 0
1.495333e+03 0
1.495591e+03 0
1.495848e+03 0
1.496105e+03 0
1.496362e+03 0
1.496619e+03 0
1.496877e+03 0
1.497134e+03 0
1.497391e+03 0
1.497649e+03 0
1.497906e+03 0
1.498163e+03 0
1.498420e+03 0
1.498678e+03 0
1.498935e+03 0
1.499192e+03 0
1.499449e+03 0
1.499707e+03 0
1.499964e+03 0
1.500221e+03 0
1.500478e+03 0
1.500736e+03 0
1.500993e+03 0
1.501250e+03 0
1.501508e+03 0
1.501765e+03 0
1.502022e+03 0
1.502279e+03 0
1.502537e+03 0
1.502794e+03 0
1.503051e+03 0
1.503308e+03 0
1.503566e+03 0
1.503823e+03 0
1.504080e+03 0
1.504338e+03 0
1.504595e+03 0
1.504852e+03 0
1.505110e+03 0
1.505367e+03 0
1.505624e+03 0
1.505881e+03 0
1.506139e+03 0
1.506396e+03 0
1.506653e+03 0
1.506911e+03 0
1.507168e+03 0
1.507425e+03 0
1.507683e+03 1
1.507940e+03 0
1.508197e+03 0
1.508455e+03 0
1.508712e+03 0
1.508969e+03 0
1.509227e+03 0
1.509484e+03 0
1.509741e+03 0
1.509999e+03 0
1.510256e+03 0
1.510513e+03 0
1.510771e+03 0
1.511028e+03 0
1.511285e+03 0
1.511543e+03 0
1.511800e+03 0
1.512057e+03 0
1.512315e+03 0
1.512572e+03 0
1.512829e+03 0
1.513087e+03 0
1.513344e+03 0
1.513601e+03 0
1.513859e+03 0
1.514116e+03 0
1.514373e+03 0
1.514631e+03 0
1.514888e+03 0
1.515145e+03 0
1.515403e+03 0
1.515660e+03 0
1.515917e+03 0
1.516175e+03 0
1.516432e+03 0
1.516690e+03 0
1.516947e+03 0
1.517204e+03 0
1.517462e+03 0
1.517719e+03 0
1.517976e+03 0
1.518234e+03 0
1.518491e+03 0
1.518749e+03 0
1.519006e+03 0
1.519263e+03 0
1.519521e+03 0
1.519778e+03 0
1.520035e+03 0
1.520293e+03 0
1.520550e+03 0
1.520808e+03 0
1.521065e+03 0
1.521322e+03 0
1.521580e+03 0
1.521837e+03 0
1.522095e+03 0
1.522352e+03 0
1.522609e+03 0
1.522867e+03 0
1.523124e+03 0
1.523382e+03 0
1.523639e+03 0
1.523896e+03 0
1.524154e+03 0
1.524411e+03 1
1.524669e+03 0
1.524926e+03 0
1.525184e+03 0
1.525441e+03 0
1.525698e+03 0
1.525956e+03 0
1.526213e+03 0
1.526471e+03 0
1.526728e+03 0
1.526985e+03 0
1.527243e+03 0
1.527500e+03 0
1.527758e+03 0
1.528015e+03 0
1.528273e+03 0
1.528530e+03 0
1.528788e+03 0
1.529045e+03 0
1.529302e+03 0
1.529560e+03 0
1.529817e+03 0
1.530075e+03 0
1.530332e+03 0
1.530590e+03 0
1.530847e+03 0
1.531105e+03 0
1.531362e+03 0
1.531619e+03 0
1.531877e+03 0
1.532134e+03 0
1.532392e+03 0
1.532649e+03 0
1.532907e+03 0
1.533164e+03 0
1.533422e+03 0
1.533679e+03 0
1.533937e+03 0
1.534194e+03 0
1.534452e+03 0
1.534709e+03 0
1.534967e+03 0
1.535224e+03 0
1.535481e+03 0
1.535739e+03 0
1.535996e+03 0
1.536254e+03 0
1.536511e+03 0
1.536769e+03 0
1.537026e+03 0
1.537284e+03 0
1.537541e+03 0
1.537799e+03 0
1.538056e+03 0
1.538314e+03 0
1.538571e+03 0
1.538829e+03 0
1.539086e+03 0
1.539344e+03 0
1.539601e+03 0
1.539859e+03 0
1.540116e+03 0
1.540374e+03 0
1.540631e+03 0
1.540889e+03 0
1.541146e+03 0
1.541404e+03 0
1.541661e+03 0
1.541919e+03 0
1.542176e+03 0
1.542434e+03 0
1.542691e+03 1
1.542949e+03 1
1.543206e+03 0
1.543464e+03 0
1.543722e+03 0
1.543979e+03 0
1.544237e+03 0
1.544494e+03 0
1.544752e+03 0
1.545009e+03 0
1.545267e+03 0
1.545524e+03 1
1.545782e+03 0
1.546039e+03 0
1.546297e+03 0
1.546554e+03 0
1.546812e+03 0
1.547070e+03 0
1.547327e+03 0
1.547585e+03 0
1.547842e+03 0
1.548100e+03 0
1.548357e+03 0
1.548615e+03 0
1.548872e+03 0
1.549130e+03 0
1.549388e+03 0
1.549645e+03 0
1.549903e+03 0
1.550160e+03 0
1.550418e+03 0
1.550675e+03 0
1.550933e+03 0
1.551190e+03 0
1.551448e+03 0
1.551706e+03 0
1.551963e+03 0
1.552221e+03 0
1.552478e+03 0
1.552736e+03 0
1.552994e+03 0
1.553251e+03 0
1.553509e+03 0
1.553766e+03 0
1.554024e+03 0
1.554281e+03 0
1.554539e+03 0
1.554797e+03 0
1.555054e+03 0
1.555312e+03 0
1.555569e+03 0
1.555827e+03 0
1.556085e+03 0
1.556342e+03 0
1.556600e+03 0
1.556857e+03 0
1.557115e+03 0
1.557373e+03 0
1.557630e+03 0
1.557888e+03 0
1.558145e+03 0
1.558403e+03 0
1.558661e+03 0
1.558918e+03 0
1.559176e+03 0
1.559434e+03 0
1.559691e+03 0
1.559949e+03 0
1.560206e+03 0
1.560464e+03 0
1.560722e+03 0
1.560979e+03 0
1.561237e+03 0
1.561495e+03 0
1.561752e+03 0
1.562010e+03 0
1.562267e+03 0
1.562525e+03 0
1.562783e+03 0
1.563040e+03 0
1.563298e+03 0
1.563556e+03 0
1.563813e+03 0
1.564071e+03 0
1.564329e+03 0
1.564586e+03 0
1.564844e+03 1
1.565102e+03 0
1.565359e+03 0
1.565617e+03 0
1.565875e+03 0
1.566132e+03 0
1.566390e+03 0
1.566647e+03 0
1.566905e+03 0
1.567163e+03 0
1.567420e+03 0
1.567678e+03 0
1.567936e+03 0
1.568193e+03 0
1.568451e+03 0
1.568709e+03 0
1.568967e+03 0
1.569224e+03 0
1.569482e+03 0
1.569740e+03 0
1.569997e+03 0
1.570255e+03 0
1.570513e+03 0
1.570770e+03 0
1.571028e+03 0
1.571286e+03 0
1.571543e+03 0
1.571801e+03 0
1.572059e+03 0
1.572316e+03 0
1.572574e+03 0
1.572832e+03 0
1.573090e+03 0
1.573347e+03 0
1.573605e+03 0
1.573863e+03 1
1.574120e+03 0
1.574378e+03 0
1.574636e+03 0
1.574893e+03 0
1.575151e+03 0
1.575409e+03 0
1.575667e+03 0
1.575924e+03 0
1.576182e+03 0
1.576440e+03 0
1.576697e+03 0
1.576955e+03 0
1.577213e+03 0
1.577471e+03 0
1.577728e+03 0
1.577986e+03 0
1.578244e+03 0
1.578502e+03 0
1.578759e+03 0
1.579017e+03 0
1.579275e+03 0
1.579533e+03 0
1.579790e+03 0
1.580048e+03 0
1.580306e+03 0
1.580563e+03 0
1.580821e+03 0
1.581079e+03 0
1.581337e+03 0
1.581594e+03 0
1.581852e+03 0
1.582110e+03 0
1.582368e+03 0
1.582625e+03 0
1.582883e+03 0
1.583141e+03 0
1.583399e+03 0
1.583657e+03 0
1.583914e+03 0
1.584172e+03 0
1.584430e+03 0
1.584688e+03 0
1.584945e+03 0
1.585203e+03 0
1.585461e+03 0
1.585719e+03 0
1.585976e+03 0
1.586234e+03 0
1.586492e+03 0
1.586750e+03 0
1.587008e+03 0
1.587265e+03 0
1.587523e+03 0
1.587781e+03 0
1.588039e+03 0
1.588296e+03 0
1.588554e+03 0
1.588812e+03 0
1.589070e+03 0
1.589328e+03 0
1.589585e+03 0
1.589843e+03 0
1.590101e+03 0
1.590359e+03 0
1.590617e+03 0
1.590874e+03 0
1.591132e+03 0
1.591390e+03 0
1.591648e+03 0
1.591906e+03 0
1.592164e+03 0
1.592421e+03 0
1.592679e+03 0
1.592937e+03 0
1.593195e+03 0
1.593453e+03 0
1.593710e+03 0
1.593968e+03 0
1.594226e+03 0
1.594484e+03 0
1.594742e+03 0
1.595000e+03 0
1.595257e+03 0
1.595515e+03 0
1.595773e+03 0
1.596031e+03 0
1.596289e+03 0
1.596547e+03 0
1.596804e+03 0
1.597062e+03 0
1.597320e+03 0
1.597578e+03 0
1.597836e+03 0
1.598094e+03 0
1.598351e+03 0
1.598609e+03 0
1.598867e+03 0
1.599125e+03 0
1.599383e+03 0
1.599641e+03 0
1.599899e+03 0
1.600156e+03 0
1.600414e+03 0
1.600672e+03 0
1.600930e+03 0
1.601188e+03 0
1.601446e+03 0
1.601704e+03 0
1.601961e+03 0
1.602219e+03 0
1.602477e+03 0
1.602735e+03 0
1.602993e+03 0
1.603251e+03 0
1.603509e+03 0
1.603767e+03 0
1.604025e+03 0
1.604282e+03 0
1.604540e+03 0
1.604798e+03 0
1.605056e+03 0
1.605314e+03 0
1.605572e+03 0
1.605830e+03 0
1.606088e+03 0
1.606346e+03 0
1.606603e+03 0
1.606861e+03 0
1.607119e+03 0
1.607377e+03 0
1.607635e+03 0
1.607893e+03 0
1.608151e+03 0
1.608409e+03 0
1.608667e+03 0
1.608925e+03 0
1.609182e+03 0
1.609440e+03 0
1.609698e+03 0
1.609956e+03 0
1.610214e+03 0
1.610472e+03 0
1.610730e+03 0
1.610988e+03 0
1.611246e+03 0
1.611504e+03 0
1.611762e+03 0
1.612020e+03 0
1.612278e+03 0
1.612535e+03 0
1.612793e+03 0
1.613051e+03 0
1.613309e+03 0
1.613567e+03 0
1.613825e+03 0
1.614083e+03 0
1.614341e+03 0
1.614599e+03 0
1.614857e+03 0
1.615115e+03 0
1.615373e+03 0
1.615631e+03 0
1.615889e+03 0
1.616147e+03 0
1.616405e+03 0
1.616663e+03 0
1.616921e+03 0
1.617178e+03 0
1.617436e+03 0
1.617694e+03 0
1.617952e+03 0
1.618210e+03 0
1.618468e+03 0
1.618726e+03 0
1.618984e+03 0
1.619242e+03 0
1.619500e+03 0
1.619758e+03 0
1.620016e+03 0
1.620274e+03 0
1.620532e+03 0
1.620790e+03 0
1.621048e+03 0
1.621306e+03 0
1.621564e+03 0
1.621822e+03 0
1.622080e+03 0
1.622338e+03 0
1.622596e+03 0
1.622854e+03 0
1.623112e+03 0
1.623370e+03 0
1.623628e+03 0
1.623886e+03 0
1.624144e+03 0
1.624402e+03 0
1.624660e+03 0
1.624918e+03 0
1.625176e+03 0
1.625434e+03 0
1.625692e+03 0
1.625950e+03 0
1.626208e+03 0
1.626466e+03 0
1.626724e+03 0
1.626982e+03 0
1.627240e+03 0
1.627498e+03 0
1.627756e+03 0
1.628014e+03 0
1.628272e+03 0
1.628530e+03 0
1.628788e+03 0
1.629046e+03 0
1.629304e+03 0
1.629562e+03 0
1.629820e+03 0
1.630078e+03 0
1.630336e+03 0
1.630594e+03 0
1.630853e+03 0
1.631111e+03 0
1.631369e+03 0
1.631627e+03 0
1.631885e+03 0
1.632143e+03 0
1.632401e+03 0
1.632659e+03 0
1.632917e+03 0
1.633175e+03 0
1.633433e+03 0
1.633691e+03 0
1.633949e+03 0
1.634207e+03 0
1.634465e+03 0
1.634723e+03 0
1.634981e+03 0
1.635239e+03 0
1.635497e+03 0
1.635756e+03 0
1.636014e+03 0
1.636272e+03 0
1.636530e+03 0
1.636788e+03 0
1.637046e+03 0
1.637304e+03 0
1.637562e+03 0
1.637820e+03 0
1.638078e+03 0
1.638336e+03 0
1.638594e+03 0
1.638853e+03 0
1.639111e+03 0
1.639369e+03 0
1.639627e+03 0
1.639885e+03 0
1.640143e+03 0
1.640401e+03 0
1.640659e+03 0
1.640917e+03 0
1.641175e+03 0
1.641433e+03 0
1.641692e+03 0
1.641950e+03 0
1.642208e+03 0
1.642466e+03 0
1.642724e+03 0
1.642982e+03 0
1.643240e+03 0
1.643498e+03 0
1.643756e+03 0
1.644015e+03 0
1.644273e+03 0
1.644531e+03 0
1.644789e+03 0
1.645047e+03 0
1.645305e+03 0
1.645563e+03 0
1.645821e+03 0
1.646080e+03 0
1.646338e+03 0
1.646596e+03 0
1.646854e+03 0
1.647112e+03 0
1.647370e+03 0
1.647628e+03 0
1.647886e+03 0
1.648145e+03 0
1.648403e+03 0
1.648661e+03 0
1.648919e+03 0
1.649177e+03 0
1.649435e+03 0
1.649694e+03 0
1.649952e+03 0
1.650210e+03 0
1.650468e+03 0
1.650726e+03 0
1.650984e+03 0
1.651242e+03 0
1.651501e+03 0
1.651759e+03 0
1.652017e+03 0
1.652275e+03 0
1.652533e+03 0
1.652791e+03 0
1.653050e+03 0
1.653308e+03 0
1.653566e+03 0
1.653824e+03 0
1.654082e+03 0
1.654340e+03 0
1.654599e+03 0
1.654857e+03 0
1.655115e+03 0
1.655373e+03 0
1.655631e+03 0
1.655890e+03 0
1.656148e+03 0
1.656406e+03 0
1.656664e+03 0
1.656922e+03 0
1.657181e+03 0
1.657439e+03 0
1.657697e+03 0
1.657955e+03 0
1.658213e+03 0
1.658472e+03 0
1.658730e+03 0
1.658988e+03 0
1.659246e+03 0
1.659504e+03 0
1.659763e+03 0
1.660021e+03 0
1.660279e+03 0
1.660537e+03 0
1.660795e+03 0
1.661054e+03 0
1.661312e+03 0
1.661570e+03 0
1.661828e+03 0
1.662087e+03 0
1.662345e+03 0
1.662603e+03 0
1.662861e+03 0
1.663119e+03 0
1.663378e+03 0
1.663636e+03 0
1.663894e+03 0
1.664152e+03 0
1.664411e+03 0
1.664669e+03 0
1.664927e+03 0
1.665185e+03 0
1.665444e+03 0
1.665702e+03 0
1.665960e+03 0
1.666218e+03 0
1.666477e+03 0
1.666735e+03 0
1.666993e+03 0
1.667251e+03 0
1.667510e+03 0
1.667768e+03 0
1.668026e+03 0
1.668284e+03 0
1.668543e+03 0
1.668801e+03 0
1.669059e+03 0
1.669317e+03 0
1.669576e+03 0
1.669834e+03 0
1.670092e+03 0
1.670350e+03 0
1.670609e+03 0
1.670867e+03 0
1.671125e+03 0
1.671384e+03 0
1.671642e+03 0
1.671900e+03 0
1.672158e+03 0
1.672417e+03 0
1.672675e+03 0
1.672933e+03 0
1.673192e+03 0
1.673450e+03 0
1.673708e+03 0
1.673966e+03 0
1.674225e+03 0
1.674483e+03 0
1.674741e+03 0
1.675000e+03 0
1.675258e+03 0
1.675516e+03 0
1.675775e+03 0
1.676033e+03 0
1.676291e+03 0
1.676549e+03 0
1.676808e+03 0
1.677066e+03 0
1.677324e+03 0
1.677583e+03 0
1.677841e+03 0
1.678099e+03 0
1.678358e+03 0
1.678616e+03 0
1.678874e+03 0
1.679133e+03 0
1.679391e+03 0
1.679649e+03 0
1.679908e+03 0
1.680166e+03 0
1.680424e+03 0
1.680683e+03 0
1.680941e+03 0
1.681199e+03 0
1.681458e+03 0
1.681716e+03 0
1.681974e+03 0
1.682233e+03 0
1.682491e+03 0
1.682749e+03 0
1.683008e+03 0
1.683266e+03 0
1.683524e+03 0
1.683783e+03 0
1.684041e+03 0
1.684299e+03 0
1.684558e+03 0
1.684816e+03 0
1.685075e+03 0
1.685333e+03 0
1.685591e+03 0
1.685850e+03 0
1.686108e+03 0
1.686366e+03 0
1.686625e+03 0
1.686883e+03 0
1.687141e+03 0
1.687400e+03 0
1.687658e+03 0
1.687917e+03 0
1.688175e+03 0
1.688433e+03 0
1.688692e+03 0
1.688950e+03 0
1.689208e+03 0
1.689467e+03 0
1.689725e+03 0
1.689984e+03 0
1.690242e+03 0
1.690500e+03 0
1.690759e+03 0
1.691017e+03 0
1.691276e+03 0
1.691534e+03 0
1.691792e+03 0
1.692051e+03 0
1.692309e+03 0
1.692568e+03 0
1.692826e+03 0
1.693084e+03 0
1.693343e+03 0
1.693601e+03 0
1.693860e+03 0
1.694118e+03 0
1.694376e+03 0
1.694635e+03 0
1.694893e+03 0
1.695152e+03 0
1.695410e+03 0
1.695669e+03 0
1.695927e+03 0
1.696185e+03 0
1.696444e+03 0
1.696702e+03 0
1.696961e+03 0
1.697219e+03 0
1.697478e+03 0
1.697736e+03 0
1.697994e+03 0
1.698253e+03 0
1.698511e+03 0
1.698770e+03 0
1.699028e+03 0
1.699287e+03 0
1.699545e+03 0
1.699803e+03 0
1.700062e+03 0
1.700320e+03 0
1.700579e+03 0
1.700837e+03 0
1.701096e+03 0
1.701354e+03 1
1.701613e+03 0
1.701871e+03 0
1.702130e+03 0
1.702388e+03 0
1.702646e+03 0
1.702905e+03 0
1.703163e+03 0
1.703422e+03 0
1.703680e+03 0
1.703939e+03 0
1.704197e+03 0
1.704456e+03 0
1.704714e+03 0
1.704973e+03 0
1.705231e+03 0
1.705490e+03 0
1.705748e+03 0
1.706007e+03 0
1.706265e+03 0
1.706524e+03 0
1.706782e+03 0
1.707041e+03 0
1.707299e+03 0
1.707558e+03 0
1.707816e+03 0
1.708075e+03 0
1.708333e+03 0
1.708592e+03 0
1.708850e+03 0
1.709109e+03 0
1.709367e+03 0
1.709626e+03 0
1.709884e+03 0
1.710143e+03 0
1.710401e+03 0
1.710660e+03 0
1.710918e+03 0
1.711177e+03 0
1.711435e+03 0
1.711694e+03 0
1.711952e+03 0
1.712211e+03 0
1.712469e+03 0
1.712728e+03 0
1.712986e+03 0
1.713245e+03 0
1.713503e+03 0
1.713762e+03 0
1.714020e+03 0
1.714279e+03 0
1.714537e+03 0
1.714796e+03 0
1.715054e+03 0
1.715313e+03 0
1.715572e+03 0
1.715830e+03 0
1.716089e+03 0
1.716347e+03 0
1.716606e+03 0
1.716864e+03 0
1.717123e+03 0
1.717381e+03 0
1.717640e+03 0
1.717898e+03 0
1.718157e+03 0
1.718416e+03 0
1.718674e+03 0
1.718933e+03 0
1.719191e+03 0
1.719450e+03 0
1.719708e+03 0
1.719967e+03 0
1.720225e+03 0
1.720484e+03 0
1.720743e+03 0
1.721001e+03 0
1.721260e+03 0
1.721518e+03 0
1.721777e+03 0
1.722035e+03 0
1.722294e+03 0
1.722553e+03 0
1.722811e+03 1
1.723070e+03 0
1.723328e+03 0
1.723587e+03 0
1.723846e+03 0
1.724104e+03 0
1.724363e+03 0
1.724621e+03 0
1.724880e+03 0
1.725138e+03 0
1.725397e+03 0
1.725656e+03 0
1.725914e+03 0
1.726173e+03 0
1.726431e+03 0
1.726690e+03 0
1.726949e+03 0
1.727207e+03 0
1.727466e+03 0
1.727725e+03 0
1.727983e+03 0
1.728242e+03 0
1.728500e+03 0
1.728759e+03 0
1.729018e+03 0
1.729276e+03 0
1.729535e+03 0
1.729793e+03 1
1.730052e+03 0
1.730311e+03 0
1.730569e+03 0
1.730828e+03 0
1.731087e+03 0
1.731345e+03 0
1.731604e+03 0
1.731862e+03 0
1.732121e+03 0
1.732380e+03 0
1.732638e+03 0
1.732897e+03 0
1.733156e+03 0
1.733414e+03 0
1.733673e+03 0
1.733932e+03 0
1.734190e+03 0
1.734449e+03 0
1.734708e+03 0
1.734966e+03 0
1.735225e+03 0
1.735484e+03 1
1.735742e+03 1
1.736001e+03 0
1.736259e+03 0
1.736518e+03 0
1.736777e+03 0
1.737035e+03 0
1.737294e+03 0
1.737553e+03 1
1.737811e+03 1
1.738070e+03 0
1.738329e+03 0
1.738587e+03 1
1.738846e+03 0
1.739105e+03 0
1.739364e+03 0
1.739622e+03 0
1.739881e+03 0
1.740140e+03 0
1.740398e+03 0
1.740657e+03 1
1.740916e+03 0
1.741174e+03 1
1.741433e+03 0
1.741692e+03 0
1.741950e+03 0
1.742209e+03 0
1.742468e+03 1
1.742726e+03 1
1.742985e+03 0
1.743244e+03 0
1.743503e+03 0
1.743761e+03 0
1.744020e+03 0
1.744279e+03 1
1.744537e+03 0
1.744796e+03 0
1.745055e+03 1
1.745314e+03 0
1.745572e+03 2
1.745831e+03 1
1.746090e+03 1
1.746348e+03 1
1.746607e+03 0
1.746866e+03 1
1.747125e+03 1
1.747383e+03 1
1.747642e+03 0
1.747901e+03 1
1.748159e+03 0
1.748418e+03 0
1.748677e+03 0
1.748936e+03 0
1.749194e+03 0
1.749453e+03 2
1.749712e+03 1
1.749971e+03 0
1.750229e+03 1
1.750488e+03 2
1.750747e+03 1
1.751006e+03 2
1.751264e+03 1
1.751523e+03 1
1.751782e+03 1
1.752041e+03 1
1.752299e+03 3
1.752558e+03 1
1.752817e+03 2
1.753076e+03 2
1.753334e+03 1
1.753593e+03 0
1.753852e+03 0
1.754111e+03 1
1.754369e+03 1
1.754628e+03 0
1.754887e+03 0
1.755146e+03 2
1.755404e+03 0
1.755663e+03 0
1.755922e+03 1
1.756181e+03 3
1.756440e+03 1
1.756698e+03 2
1.756957e+03 1
1.757216e+03 0
1.757475e+03 1
1.757734e+03 2
1.757992e+03 2
1.758251e+03 4
1.758510e+03 1
1.758769e+03 0
1.759027e+03 0
1.759286e+03 0
1.759545e+03 0
1.759804e+03 0
1.760063e+03 0
1.760321e+03 0
1.760580e+03 0
1.760839e+03 0
1.761098e+03 0
1.761357e+03 0
1.761615e+03 0
1.761874e+03 0
1.762133e+03 0
1.762392e+03 0
1.762651e+03 0
1.762910e+03 0
1.763168e+03 0
1.763427e+03 0
1.763686e+03 0
1.763945e+03 0
1.764204e+03 0
1.764462e+03 0
1.764721e+03 0
1.764980e+03 0
1.765239e+03 0
1.765498e+03 0
1.765757e+03 0
1.766015e+03 0
1.766274e+03 0
1.766533e+03 0
1.766792e+03 0
1.767051e+03 0
1.767310e+03 0
1.767568e+03 0
1.767827e+03 0
1.768086e+03 0
1.768345e+03 0
1.768604e+03 0
1.768863e+03 0
1.769122e+03 0
1.769380e+03 0
1.769639e+03 0
1.769898e+03 0
1.770157e+03 0
1.770416e+03 0
1.770675e+03 0
1.770934e+03 0
1.771192e+03 0
1.771451e+03 0
1.771710e+03 0
1.771969e+03 0
1.772228e+03 0
1.772487e+03 0
1.772746e+03 0
1.773005e+03 0
1.773263e+03 0
1.773522e+03 0
1.773781e+03 0
1.774040e+03 0
1.774299e+03 0
1.774558e+03 0
1.774817e+03 0
1.775076e+03 0
1.775334e+03 0
1.775593e+03 0
1.775852e+03 0
1.776111e+03 0
1.776370e+03 0
1.776629e+03 0
1.776888e+03 0
1.777147e+03 0
1.777406e+03 0
1.777665e+03 0
1.777923e+03 0
1.778182e+03 0
1.778441e+03 0
1.778700e+03 0
1.778959e+03 0
1.779218e+03 0
1.779477e+03 0
1.779736e+03 0
1.779995e+03 0
1.780254e+03 0
1.780513e+03 0
1.780772e+03 0
1.781030e+03 0
1.781289e+03 0
1.781548e+03 0
1.781807e+03 0
1.782066e+03 0
1.782325e+03 0
1.782584e+03 0
1.782843e+03 0
1.783102e+03 0
1.783361e+03 0
1.783620e+03 0
1.783879e+03 0
1.784138e+03 0
1.784397e+03 0
1.784655e+03 0
1.784914e+03 0
1.785173e+03 0
1.785432e+03 0
1.785691e+03 0
1.785950e+03 0
1.786209e+03 0
1.786468e+03 0
1.786727e+03 0
1.786986e+03 0
1.787245e+03 0
1.787504e+03 0
1.787763e+03 0
1.788022e+03 0
1.788281e+03 0
1.788540e+03 0
1.788799e+03 0
1.789058e+03 0
1.789317e+03 0
1.789576e+03 0
1.789835e+03 0
1.790094e+03 0
1.790353e+03 0
1.790612e+03 0
1.790871e+03 0
1.791130e+03 0
1.791389e+03 0
1.791648e+03 0
1.791907e+03 0
1.792166e+03 0
1.792425e+03 0
1.792683e+03 0
1.792942e+03 0
1.793201e+03 0
1.793460e+03 0
1.793719e+03 0
1.793978e+03 0
1.794237e+03 0
1.794496e+03 0
1.794755e+03 0
1.795014e+03 0
1.795273e+03 0
1.795532e+03 0
1.795791e+03 0
1.796051e+03 0
1.796310e+03 0
1.796569e+03 0
1.796828e+03 0
1.797087e+03 0
1.797346e+03 0
1.797605e+03 0
1.797864e+03 0
1.798123e+03 0
1.798382e+03 0
1.798641e+03 0
1.798900e+03 0
1.799159e+03 0
1.799418e+03 0
1.799677e+03 0
1.799936e+03 0
1.800195e+03 0
1.800454e+03 0
1.800713e+03 0
1.800972e+03 0
1.801231e+03 0
1.801490e+03 0
1.801749e+03 0
1.802008e+03 0
1.802267e+03 0
1.802526e+03 0
1.802785e+03 0
1.803044e+03 0
1.803303e+03 0
1.803562e+03 0
1.803822e+03 0
1.804081e+03 0
1.804340e+03 0
1.804599e+03 0
1.804858e+03 0
1.805117e+03 0
1.805376e+03 0
1.805635e+03 0
1.805894e+03 0
1.806153e+03 0
1.806412e+03 0
1.806671e+03 0
1.806930e+03 0
1.807189e+03 0
1.807448e+03 0
1.807708e+03 0
1.807967e+03 0
1.808226e+03 0
1.808485e+03 0
1.808744e+03 0
1.809003e+03 0
1.809262e+03 0
1.809521e+03 0
1.809780e+03 0
1.810039e+03 0
1.810298e+03 0
1.810558e+03 0
1.810817e+03 0
1.811076e+03 0
1.811335e+03 0
1.811594e+03 0
1.811853e+03 0
1.812112e+03 0
1.812371e+03 0
1.812630e+03 0
1.812889e+03 0
1.813149e+03 0
1.813408e+03 0
1.813667e+03 0
1.813926e+03 0
1.814185e+03 0
1.814444e+03 0
1.814703e+03 0
1.814962e+03 0
1.815221e+03 0
1.815481e+03 0
1.815740e+03 0
1.815999e+03 0
1.816258e+03 0
1.816517e+03 0
1.816776e+03 0
1.817035e+03 0
1.817295e+03 0
1.817554e+03 0
1.817813e+03 0
1.818072e+03 0
1.818331e+03 0
1.818590e+03 0
1.818849e+03 0
1.819109e+03 0
1.819368e+03 0
1.819627e+03 0
1.819886e+03 0
1.820145e+03 0
1.820404e+03 0
1.820663e+03 0
1.820923e+03 0
1.821182e+03 0
1.821441e+03 0
1.821700e+03 0
1.821959e+03 0
1.822218e+03 0
1.822478e+03 0
1.822737e+03 0
1.822996e+03 0
1.823255e+03 0
1.823514e+03 0
1.823773e+03 0
1.824033e+03 0
1.824292e+03 0
1.824551e+03 0
1.824810e+03 0
1.825069e+03 0
1.825328e+03 0
1.825588e+03 0
1.825847e+03 0
1.826106e+03 0
1.826365e+03 0
1.826624e+03 0
1.826884e+03 0
1.827143e+03 0
1.827402e+03 0
1.827661e+03 0
1.827920e+03 0
1.828180e+03 0
1.828439e+03 0
1.828698e+03 0
1.828957e+03 0
1.829216e+03 0
1.829476e+03 0
1.829735e+03 0
1.829994e+03 0
1.830253e+03 0
1.830512e+03 0
1.830772e+03 0
1.831031e+03 0
1.831290e+03 0
1.831549e+03 0
1.831808e+03 0
1.832068e+03 0
1.832327e+03 0
1.832586e+03 0
1.832845e+03 0
1.833105e+03 0
1.833364e+03 0
1.833623e+03 0
1.833882e+03 0
1.834142e+03 0
1.834401e+03 0
1.834660e+03 0
1.834919e+03 0
1.835178e+03 0
1.835438e+03 0
1.835697e+03 0
1.835956e+03 0
1.836215e+03 0
1.836475e+03 0
1.836734e+03 0
1.836993e+03 0
1.837252e+03 0
1.837512e+03 0
1.837771e+03 0
1.838030e+03 0
1.838289e+03 0
1.838549e+03 0
1.838808e+03 0
1.839067e+03 0
1.839327e+03 0
1.839586e+03 0
1.839845e+03 0
1.840104e+03 0
1.840364e+03 0
1.840623e+03 0
1.840882e+03 0
1.841141e+03 0
1.841401e+03 0
1.841660e+03 0
1.841919e+03 0
1.842179e+03 0
1.842438e+03 0
1.842697e+03 0
1.842956e+03 0
1.843216e+03 0
1.843475e+03 0
1.843734e+03 0
1.843994e+03 0
1.844253e+03 0
1.844512e+03 0
1.844771e+03 0
1.845031e+03 0
1.845290e+03 0
1.845549e+03 0
1.845809e+03 0
1.846068e+03 0
1.846327e+03 0
1.846587e+03 0
1.846846e+03 0
1.847105e+03 0
1.847364e+03 0
1.847624e+03 0
1.847883e+03 0
1.848142e+03 0
1.848402e+03 0
1.848661e+03 0
1.848920e+03 0
1.849180e+03 0
1.849439e+03 0
1.849698e+03 0
1.849958e+03 0
1.850217e+03 0
1.850476e+03 0
1.850736e+03 0
1.850995e+03 0
1.851254e+03 0
1.851514e+03 0
1.851773e+03 0
1.852032e+03 0
1.852292e+03 0
1.852551e+03 0
1.852810e+03 0
1.853070e+03 0
1.853329e+03 0
1.853588e+03 0
1.853848e+03 0
1.854107e+03 0
1.854366e+03 0
1.854626e+03 0
1.854885e+03 0
1.855145e+03 0
1.855404e+03 0
1.855663e+03 0
1.855923e+03 0
1.856182e+03 0
1.856441e+03 0
1.856701e+03 0
1.856960e+03 0
1.857219e+03 0
1.857479e+03 0
1.857738e+03 0
1.857998e+03 0
1.858257e+03 0
1.858516e+03 0
1.858776e+03 0
1.859035e+03 0
1.859294e+03 0
1.859554e+03 0
1.859813e+03 0
1.860073e+03 0
1.860332e+03 0
1.860591e+03 0
1.860851e+03 0
1.861110e+03 0
1.861370e+03 0
1.861629e+03 0
1.861888e+03 0
1.862148e+03 0
1.862407e+03 0
1.862667e+03 0
1.862926e+03 0
1.863185e+03 0
1.863445e+03 0
1.863704e+03 0
1.863964e+03 0
1.864223e+03 0
1.864482e+03 0
1.864742e+03 0
1.865001e+03 0
1.865261e+03 0
1.865520e+03 0
1.865779e+03 0
1.866039e+03 0
1.866298e+03 0
1.866558e+03 0
1.866817e+03 0
1.867077e+03 0
1.867336e+03 0
1.867595e+03 0
1.867855e+03 0
1.868114e+03 0
1.868374e+03 0
1.868633e+03 0
1.868893e+03 0
1.869152e+03 0
1.869411e+03 0
1.869671e+03 0
1.869930e+03 0
1.870190e+03 0
1.870449e+03 0
1.870709e+03 0
1.870968e+03 0
1.871228e+03 0
1.871487e+03 0
1.871746e+03 0
1.872006e+03 0
1.872265e+03 0
1.872525e+03 0
1.872784e+03 0
1.873044e+03 0
1.873303e+03 0
1.873563e+03 0
1.873822e+03 0
1.874082e+03 0
1.874341e+03 0
1.874601e+03 0
1.874860e+03 0
1.875120e+03 0
1.875379e+03 0
1.875638e+03 0
1.875898e+03 0
1.876157e+03 0
1.876417e+03 0
1.876676e+03 0
1.876936e+03 0
1.877195e+03 0
1.877455e+03 0
1.877714e+03 0
1.877974e+03 0
1.878233e+03 0
1.878493e+03 0
1.878752e+03 0
1.879012e+03 0
1.879271e+03 0
1.879531e+03 0
1.879790e+03 0
1.880050e+03 0
1.880309e+03 0
1.880569e+03 0
1.880828e+03 0
1.881088e+03 0
1.881347e+03 0
1.881607e+03 0
1.881866e+03 0
1.882126e+03 0
1.882385e+03 0
1.882645e+03 0
1.882904e+03 0
1.883164e+03 0
1.883423e+03 0
1.883683e+03 0
1.883943e+03 0
1.884202e+03 0
1.884462e+03 0
1.884721e+03 0
1.884981e+03 0
1.885240e+03 0
1.885500e+03 0
1.885759e+03 0
1.886019e+03 0
1.886278e+03 0
1.886538e+03 0
1.886797e+03 0
1.887057e+03 0
1.887316e+03 0
1.887576e+03 0
1.887836e+03 0
1.888095e+03 0
1.888355e+03 0
1.888614e+03 0
1.888874e+03 0
1.889133e+03 0
1.889393e+03 0
1.889652e+03 0
1.889912e+03 0
1.890172e+03 0
1.890431e+03 0
1.890691e+03 0
1.890950e+03 0
1.891210e+03 0
1.891469e+03 0
1.891729e+03 0
1.891989e+03 0
1.892248e+03 0
1.892508e+03 0
1.892767e+03 0
1.893027e+03 0
1.893286e+03 0
1.893546e+03 0
1.893806e+03 0
1.894065e+03 0
1.894325e+03 0
1.894584e+03 0
1.894844e+03 0
1.895104e+03 0
1.895363e+03 0
1.895623e+03 0
1.895882e+03 0
1.896142e+03 0
1.896402e+03 0
1.896661e+03 0
1.896921e+03 0
1.897180e+03 0
1.897440e+03 0
1.897700e+03 0
1.897959e+03 0
1.898219e+03 0
1.898478e+03 0
1.898738e+03 0
1.898998e+03 0
1.899257e+03 0
1.899517e+03 0
1.899776e+03 0
1.900036e+03 0
1.900296e+03 0
1.900555e+03 0
1.900815e+03 0
1.901075e+03 0
1.901334e+03 0
1.901594e+03 0
1.901853e+03 0
1.902113e+03 0
1.902373e+03 0
1.902632e+03 0
1.902892e+03 0
1.903152e+03 0
1.903411e+03 0
1.903671e+03 0
1.903931e+03 0
1.904190e+03 0
1.904450e+03 0
1.904709e+03 0
1.904969e+03 0
1.905229e+03 0
1.905488e+03 0
1.905748e+03 0
1.906008e+03 0
1.906267e+03 0
1.906527e+03 0
1.906787e+03 0
1.907046e+03 0
1.907306e+03 0
1.907566e+03 0
1.907825e+03 0
1.908085e+03 0
1.908345e+03 0
1.908604e+03 0
1.908864e+03 0
1.909124e+03 0
1.909383e+03 0
1.909643e+03 0
1.909903e+03 0
1.910162e+03 0
1.910422e+03 0
1.910682e+03 0
1.910941e+03 0
1.911201e+03 0
1.911461e+03 0
1.911720e+03 0
1.911980e+03 0
1.912240e+03 0
1.912500e+03 0
1.912759e+03 0
1.913019e+03 0
1.913279e+03 0
1.913538e+03 0
1.913798e+03 0
1.914058e+03 0
1.914317e+03 0
1.914577e+03 0
1.914837e+03 0
1.915097e+03 0
1.915356e+03 0
1.915616e+03 0
1.915876e+03 0
1.916135e+03 0
1.916395e+03 0
1.916655e+03 0
1.916915e+03 0
1.917174e+03 0
1.917434e+03 0
1.917694e+03 0
1.917953e+03 0
1.918213e+03 0
1.918473e+03 0
1.918733e+03 0
1.918992e+03 0
1.919252e+03 0
1.919512e+03 0
1.919772e+03 0
1.920031e+03 0
1.920291e+03 0
1.920551e+03 0
1.920811e+03 0
1.921070e+03 0
1.921330e+03 0
1.921590e+03 0
1.921849e+03 0
1.922109e+03 0
1.922369e+03 0
1.922629e+03 0
1.922888e+03 0
1.923148e+03 0
1.923408e+03 0
1.923668e+03 0
1.923928e+03 0
1.924187e+03 0
1.924447e+03 0
1.924707e+03 0
1.924967e+03 0
1.925226e+03 0
1.925486e+03 0
1.925746e+03 0
1.926006e+03 0
1.926265e+03 0
1.926525e+03 0
1.926785e+03 0
1.927045e+03 0
1.927305e+03 0
1.927564e+03 0
1.927824e+03 0
1.928084e+03 0
1.928344e+03 0
1.928603e+03 0
1.928863e+03 0
1.929123e+03 0
1.929383e+03 0
1.929643e+03 0
1.929902e+03 0
1.930162e+03 0
1.930422e+03 0
1.930682e+03 0
1.930942e+03 0
1.931201e+03 0
1.931461e+03 0
1.931721e+03 0
1.931981e+03 0
1.932241e+03 0
1.932500e+03 0
1.932760e+03 0
1.933020e+03 0
1.933280e+03 0
1.933540e+03 0
1.933799e+03 0
1.934059e+03 0
1.934319e+03 0
1.934579e+03 0
1.934839e+03 0
1.935099e+03 0
1.935358e+03 0
1.935618e+03 0
1.935878e+03 0
1.936138e+03 0
1.936398e+03 0
1.936658e+03 0
1.936917e+03 0
1.937177e+03 0
1.937437e+03 0
1.937697e+03 0
1.937957e+03 0
1.938217e+03 0
1.938476e+03 0
1.938736e+03 0
1.938996e+03 0
1.939256e+03 0
1.939516e+03 0
1.939776e+03 0
1.940036e+03 0
1.940295e+03 0
1.940555e+03 0
1.940815e+03 0
1.941075e+03 0
1.941335e+03 0
1.941595e+03 0
1.941855e+03 0
1.942114e+03 0
1.942374e+03 0
1.942634e+03 0
1.942894e+03 0
1.943154e+03 0
1.943414e+03 0
1.943674e+03 0
1.943934e+03 0
1.944193e+03 0
1.944453e+03 0
1.944713e+03 0
1.944973e+03 0
1.945233e+03 0
1.945493e+03 0
1.945753e+03 0
1.946013e+03 0
1.946272e+03 0
1.946532e+03 0
1.946792e+03 0
1.947052e+03 0
1.947312e+03 0
1.947572e+03 0
1.947832e+03 0
1.948092e+03 0
1.948352e+03 0
1.948612e+03 0
1.948871e+03 0
1.949131e+03 0
1.949391e+03 0
1.949651e+03 0
1.949911e+03 0
1.950171e+03 0
1.950431e+03 0
1.950691e+03 0
1.950951e+03 0
1.951211e+03 0
1.951471e+03 0
1.951731e+03 0
1.951990e+03 0
1.952250e+03 0
1.952510e+03 0
1.952770e+03 0
1.953030e+03 0
1.953290e+03 0
1.953550e+03 0
1.953810e+03 0
1.954070e+03 0
1.954330e+03 0
1.954590e+03 0
1.954850e+03 0
1.955110e+03 0
1.955370e+03 0
1.955630e+03 0
1.955889e+03 0
1.956149e+03 0
1.956409e+03 0
1.956669e+03 0
1.956929e+03 0
1.957189e+03 0
1.957449e+03 0
1.957709e+03 0
1.957969e+03 0
1.958229e+03 0
1.958489e+03 0
1.958749e+03 0
1.959009e+03 0
1.959269e+03 0
1.959529e+03 0
1.959789e+03 0
1.960049e+03 0
1.960309e+03 0
1.960569e+03 0
1.960829e+03 0
1.961089e+03 0
1.961349e+03 0
1.961609e+03 0
1.961869e+03 0
1.962129e+03 0
1.962389e+03 0
1.962649e+03 0
1.962909e+03 0
1.963169e+03 0
1.963429e+03 0
1.963689e+03 0
1.963949e+03 0
1.964209e+03 0
1.964469e+03 0
1.964729e+03 0
1.964989e+03 0
1.965249e+03 0
1.965509e+03 0
1.965769e+03 0
1.966029e+03 0
1.966289e+03 0
1.966549e+03 0
1.966809e+03 0
1.967069e+03 0
1.967329e+03 0
1.967589e+03 0
1.967849e+03 0
1.968109e+03 0
1.968369e+03 0
1.968629e+03 0
1.968889e+03 0
1.969149e+03 0
1.969409e+03 0
1.969669e+03 0
1.969929e+03 0
1.970189e+03 0
1.970449e+03 0
1.970709e+03 0
1.970969e+03 0
1.971229e+03 0
1.971489e+03 0
1.971749e+03 0
1.972009e+03 0
1.972269e+03 0
1.972529e+03 0
1.972789e+03 0
1.973049e+03 0
1.973309e+03 0
1.973569e+03 0
1.973829e+03 0
1.974089e+03 0
1.974349e+03 0
1.974610e+03 0
1.974870e+03 0
1.975130e+03 0
1.975390e+03 0
1.975650e+03 0
1.975910e+03 0
1.976170e+03 0
1.976430e+03 0
1.976690e+03 0
1.976950e+03 0
1.977210e+03 0
1.977470e+03 0
1.977730e+03 0
1.977990e+03 0
1.978250e+03 0
1.978511e+03 0
1.978771e+03 0
1.979031e+03 0
1.979291e+03 0
1.979551e+03 0
1.979811e+03 0
1.980071e+03 0
1.980331e+03 0
1.980591e+03 0
1.980851e+03 0
1.981111e+03 0
1.981372e+03 0
1.981632e+03 0
1.981892e+03 0
1.982152e+03 0
1.982412e+03 0
1.982672e+03 0
1.982932e+03 0
1.983192e+03 0
1.983452e+03 0
1.983712e+03 0
1.983973e+03 0
1.984233e+03 0
1.984493e+03 0
1.984753e+03 0
1.985013e+03 0
1.985273e+03 0
1.985533e+03 0
1.985793e+03 0
1.986053e+03 0
1.986314e+03 0
1.986574e+03 0
1.986834e+03 0
1.987094e+03 0
1.987354e+03 0
1.987614e+03 0
1.987874e+03 0
1.988135e+03 0
1.988395e+03 0
1.988655e+03 0
1.988915e+03 0
1.989175e+03 0
1.989435e+03 0
1.989695e+03 0
1.989955e+03 0
1.990216e+03 0
1.990476e+03 0
1.990736e+03 0
1.990996e+03 0
1.991256e+03 0
1.991516e+03 0
1.991777e+03 0
1.992037e+03 0
1.992297e+03 0
1.992557e+03 0
1.992817e+03 0
1.993077e+03 0
1.993338e+03 0
1.993598e+03 0
1.993858e+03 0
1.994118e+03 0
1.994378e+03 0
1.994638e+03 0
1.994899e+03 0
1.995159e+03 0
1.995419e+03 0
1.995679e+03 0
1.995939e+03 0
1.996199e+03 0
1.996460e+03 0
1.996720e+03 0
1.996980e+03 0
1.997240e+03 0
1.997500e+03 0
1.997761e+03 0
1.998021e+03 0
1.998281e+03 0
1.998541e+03 0
1.998801e+03 0
1.999062e+03 0
1.999322e+03 0
1.999582e+03 0
1.999842e+03 0
2.000102e+03 0
2.000363e+03 0
2.000623e+03 0
2.000883e+03 0
2.001143e+03 0
2.001403e+03 0
2.001664e+03 0
2.001924e+03 0
2.002184e+03 0
2.002444e+03 0
2.002704e+03 0
2.002965e+03 0
2.003225e+03 0
2.003485e+03 0
2.003745e+03 0
2.004006e+03 0
2.004266e+03 0
2.004526e+03 0
2.004786e+03 0
2.005046e+03 0
2.005307e+03 0
2.005567e+03 0
2.005827e+03 0
2.006087e+03 0
2.006348e+03 0
2.006608e+03 0
2.006868e+03 0
2.007128e+03 0
2.007389e+03 0
2.007649e+03 0
2.007909e+03 0
2.008169e+03 0
2.008430e+03 0
2.008690e+03 0
2.008950e+03 0
2.009210e+03 0
2.009471e+03 0
2.009731e+03 0
2.009991e+03 0
2.010251e+03 0
2.010512e+03 0
2.010772e+03 0
2.011032e+03 0
2.011293e+03 0
2.011553e+03 0
2.011813e+03 0
2.012073e+03 0
2.012334e+03 0
2.012594e+03 0
2.012854e+03 0
2.013114e+03 0
2.013375e+03 0
2.013635e+03 0
2.013895e+03 0
2.014156e+03 0
2.014416e+03 0
2.014676e+03 0
2.014936e+03 0
2.015197e+03 0
2.015457e+03 0
2.015717e+03 0
2.015978e+03 0
2.016238e+03 0
2.016498e+03 0
2.016759e+03 0
2.017019e+03 0
2.017279e+03 0
2.017539e+03 0
2.017800e+03 0
2.018060e+03 0
2.018320e+03 0
2.018581e+03 0
2.018841e+03 0
2.019101e+03 0
2.019362e+03 0
2.019622e+03 0
2.019882e+03 0
2.020143e+03 0
2.020403e+03 0
2.020663e+03 0
2.020924e+03 0
2.021184e+03 0
2.021444e+03 0
2.021705e+03 0
2.021965e+03 0
2.022225e+03 0
2.022486e+03 0
2.022746e+03 0
2.023006e+03 0
2.023267e+03 0
2.023527e+03 0
2.023787e+03 0
2.024048e+03 0
2.024308e+03 0
2.024568e+03 0
2.024829e+03 0
2.025089e+03 0
2.025349e+03 0
2.025610e+03 0
2.025870e+03 0
2.026130e+03 0
2.026391e+03 0
2.026651e+03 0
2.026911e+03 0
2.027172e+03 0
2.027432e+03 0
2.027693e+03 0
2.027953e+03 0
2.028213e+03 0
2.028474e+03 0
2.028734e+03 0
2.028994e+03 0
2.029255e+03 0
2.029515e+03 0
2.029776e+03 0
2.030036e+03 0
2.030296e+03 0
2.030557e+03 0
2.030817e+03 0
2.031077e+03 0
2.031338e+03 0
2.031598e+03 0
2.031859e+03 0
2.032119e+03 0
2.032379e+03 0
2.032640e+03 0
2.032900e+03 0
2.033161e+03 0
2.033421e+03 0
2.033681e+03 0
2.033942e+03 0
2.034202e+03 0
2.034463e+03 0
2.034723e+03 0
2.034983e+03 0
2.035244e+03 0
2.035504e+03 0
2.035765e+03 0
2.036025e+03 0
2.036285e+03 0
2.036546e+03 0
2.036806e+03 0
2.037067e+03 0
2.037327e+03 0
2.037588e+03 0
2.037848e+03 0
2.038108e+03 0
2.038369e+03 0
2.038629e+03 0
2.038890e+03 0
2.039150e+03 0
2.039411e+03 0
2.039671e+03 0
2.039931e+03 0
2.040192e+03 0
2.040452e+03 0
2.040713e+03 0
2.040973e+03 0
2.041234e+03 0
2.041494e+03 0
2.041755e+03 0
2.042015e+03 0
2.042275e+03 0
2.042536e+03 0
2.042796e+03 0
2.043057e+03 0
2.043317e+03 0
2.043578e+03 0
2.043838e+03 0
2.044099e+03 0
2.044359e+03 0
2.044620e+03 0
2.044880e+03 0
2.045140e+03 0
2.045401e+03 0
2.045661e+03 0
2.045922e+03 0
2.046182e+03 0
2.046443e+03 0
2.046703e+03 0
2.046964e+03 0
2.047224e+03 0
2.047485e+03 0
2.047745e+03 0
2.048006e+03 0
2.048266e+03 0
2.048527e+03 0
2.048787e+03 0
2.049048e+03 0
2.049308e+03 0
2.049569e+03 0
2.049829e+03 0
2.050090e+03 0
2.050350e+03 0
2.050611e+03 0
2.050871e+03 0
2.051132e+03 0
2.051392e+03 0
2.051653e+03 0
2.051913e+03 0
2.052174e+03 0
2.052434e+03 0
2.052695e+03 0
2.052955e+03 0
2.053216e+03 0
2.053476e+03 0
2.053737e+03 0
2.053997e+03 0
2.054258e+03 0
2.054518e+03 0
2.054779e+03 0
2.055039e+03 0
2.055300e+03 0
2.055560e+03 0
2.055821e+03 0
2.056081e+03 0
2.056342e+03 0
2.056603e+03 0
2.056863e+03 0
2.057124e+03 0
2.057384e+03 0
2.057645e+03 0
2.057905e+03 0
2.058166e+03 0
2.058426e+03 0
2.058687e+03 0
2.058947e+03 0
2.059208e+03 0
2.059468e+03 0
2.059729e+03 0
2.059990e+03 0
2.060250e+03 0
2.060511e+03 0
2.060771e+03 0
2.061032e+03 0
2.061292e+03 0
2.061553e+03 0
2.061814e+03 0
2.062074e+03 0
2.062335e+03 0
2.062595e+03 0
2.062856e+03 0
2.063116e+03 0
2.063377e+03 0
2.063638e+03 0
2.063898e+03 0
2.064159e+03 0
2.064419e+03 0
2.064680e+03 0
2.064940e+03 0
2.065201e+03 0
2.065462e+03 0
2.065722e+03 0
2.065983e+03 0
2.066243e+03 0
2.066504e+03 0
2.066765e+03 0
2.067025e+03 0
2.067286e+03 0
2.067546e+03 0
2.067807e+03 0
2.068068e+03 0
2.068328e+03 0
2.068589e+03 0
2.068849e+03 0
2.069110e+03 0
2.069371e+03 0
2.069631e+03 0
2.069892e+03 0
2.070152e+03 0
2.070413e+03 0
2.070674e+03 0
2.070934e+03 0
2.071195e+03 0
2.071455e+03 0
2.071716e+03 0
2.071977e+03 0
2.072237e+03 0
2.072498e+03 0
2.072759e+03 0
2.073019e+03 0
2.073280e+03 0
2.073540e+03 0
2.073801e+03 0
2.074062e+03 0
2.074322e+03 0
2.074583e+03 0
2.074844e+03 0
2.075104e+03 0
2.075365e+03 0
2.075626e+03 0
2.075886e+03 0
2.076147e+03 0
2.076408e+03 0
2.076668e+03 0
2.076929e+03 0
2.077189e+03 0
2.077450e+03 0
2.077711e+03 0
2.077971e+03 0
2.078232e+03 0
2.078493e+03 0
2.078753e+03 0
2.079014e+03 0
2.079275e+03 0
2.079535e+03 0
2.079796e+03 0
2.080057e+03 0
2.080317e+03 0
2.080578e+03 0
2.080839e+03 0
2.081099e+03 0
2.081360e+03 0
2.081621e+03 0
2.081881e+03 0
2.082142e+03 0
2.082403e+03 0
2.082664e+03 0
2.082924e+03 0
2.083185e+03 0
2.083446e+03 0
2.083706e+03 0
2.083967e+03 0
2.084228e+03 0
2.084488e+03 0
2.084749e+03 0
2.085010e+03 0
2.085270e+03 0
2.085531e+03 0
2.085792e+03 0
2.086053e+03 0
2.086313e+03 0
2.086574e+03 0
2.086835e+03 0
2.087095e+03 0
2.087356e+03 0
2.087617e+03 0
2.087878e+03 0
2.088138e+03 0
2.088399e+03 0
2.088660e+03 0
