Energy  Counts
1.927293e+00 0
2.163329e+00 0
2.399366e+00 0
2.635405e+00 0
2.871446e+00 0
3.107489e+00 0
3.343533e+00 0
3.579580e+00 0
3.815628e+00 0
4.051678e+00 0
4.287730e+00 0
4.523783e+00 0
4.759839e+00 0
4.995896e+00 0
5.231955e+00 0
5.468015e+00 0
5.704078e+00 1
5.940142e+00 0
6.176208e+00 0
6.412276e+00 0
6.648346e+00 0
6.884418e+00 0
7.120491e+00 0
7.356566e+00 0
7.592643e+00 0
7.828722e+00 0
8.064802e+00 0
8.300885e+00 0
8.536969e+00 0
8.773055e+00 0
9.009142e+00 0
9.245232e+00 0
9.481323e+00 0
9.717416e+00 0
9.953511e+00 0
1.018961e+01 0
1.042571e+01 0
1.066181e+01 0
1.089791e+01 0
1.113401e+01 0
1.137012e+01 0
1.160623e+01 0
1.184234e+01 0
1.207845e+01 0
1.231456e+01 0
1.255067e+01 0
1.278679e+01 0
1.302291e+01 0
1.325903e+01 0
1.349515e+01 0
1.373127e+01 0
1.396740e+01 0
1.420353e+01 0
1.443966e+01 0
1.467579e+01 0
1.491192e+01 0
1.514805e+01 0
1.538419e+01 0
1.562033e+01 0
1.585647e+01 0
1.609261e+01 0
1.632875e+01 0
1.656490e+01 0
1.680105e+01 0
1.703719e+01 0
1.727334e+01 0
1.750950e+01 0
1.774565e+01 0
1.798181e+01 0
1.821797e+01 0
1.845412e+01 0
1.869029e+01 0
1.892645e+01 0
1.916261e+01 0
1.939878e+01 0
1.963495e+01 0
1.987112e+01 0
2.010729e+01 0
2.034347e+01 0
2.057964e+01 0
2.081582e+01 0
2.105200e+01 0
2.128818e+01 0
2.152436e+01 0
2.176055e+01 0
2.199674e+01 0
2.223292e+01 0
2.246911e+01 0
2.270531e+01 0
2.294150e+01 0
2.317770e+01 0
2.341389e+01 0
2.365009e+01 0
2.388629e+01 0
2.412250e+01 0
2.435870e+01 0
2.459491e+01 0
2.483111e+01 0
2.506732e+01 0
2.530354e+01 0
2.553975e+01 0
2.577597e+01 0
2.601218e+01 0
2.624840e+01 0
2.648462e+01 0
2.672084e+01 0
2.695707e+01 0
2.719330e+01 0
2.742952e+01 0
2.766575e+01 0
2.790198e+01 0
2.813822e+01 0
2.837445e+01 0
2.861069e+01 0
2.884693e+01 0
2.908317e+01 0
2.931941e+01 0
2.955566e+01 0
2.979190e+01 0
3.002815e+01 0
3.026440e+01 0
3.050065e+01 0
3.073690e+01 0
3.097316e+01 0
3.120941e+01 0
3.144567e+01 0
3.168193e+01 0
3.191820e+01 0
3.215446e+01 0
3.239073e+01 0
3.262699e+01 0
3.286326e+01 0
3.309953e+01 0
3.333581e+01 0
3.357208e+01 0
3.380836e+01 0
3.404464e+01 0
3.428092e+01 0
3.451720e+01 0
3.475348e+01 0
3.498977e+01 0
3.522605e+01 0
3.546234e+01 0
3.569863e+01 0
3.593493e+01 0
3.617122e+01 0
3.640752e+01 0
3.664382e+01 0
3.688012e+01 0
3.711642e+01 0
3.735272e+01 0
3.758903e+01 0
3.782533e+01 0
3.806164e+01 0
3.829795e+01 0
3.853426e+01 0
3.877058e+01 0
3.900689e+01 0
3.924321e+01 0
3.947953e+01 0
3.971585e+01 0
3.995218e+01 0
4.018850e+01 0
4.042483e+01 0
4.066116e+01 0
4.089749e+01 0
4.113382e+01 0
4.137015e+01 0
4.160649e+01 0
4.184283e+01 0
4.207917e+01 0
4.231551e+01 0
4.255185e+01 0
4.278820e+01 0
4.302454e+01 0
4.326089e+01 0
4.349724e+01 0
4.373359e+01 0
4.396995e+01 0
4.420630e+01 0
4.444266e+01 0
4.467902e+01 0
4.491538e+01 0
4.515174e+01 0
4.538811e+01 0
4.562447e+01 0
4.586084e+01 0
4.609721e+01 0
4.633358e+01 0
4.656996e+01 0
4.680633e+01 0
4.704271e+01 0
4.727909e+01 0
4.751547e+01 0
4.775185e+01 0
4.798824e+01 0
4.822462e+01 0
4.846101e+01 0
4.869740e+01 0
4.893379e+01 0
4.917019e+01 0
4.940658e+01 0
4.964298e+01 0
4.987938e+01 0
5.011578e+01 0
5.035218e+01 0
5.058858e+01 0
5.082499e+01 0
5.106140e+01 0
5.129781e+01 0
5.153422e+01 0
5.177063e+01 0
5.200705e+01 0
5.224346e+01 0
5.247988e+01 0
5.271630e+01 0
5.295272e+01 0
5.318915e+01 0
5.342557e+01 0
5.366200e+01 0
5.389843e+01 0
5.413486e+01 0
5.437129e+01 0
5.460773e+01 0
5.484417e+01 0
5.508060e+01 0
5.531704e+01 0
5.555349e+01 0
5.578993e+01 0
5.602638e+01 0
5.626282e+01 0
5.649927e+01 0
5.673572e+01 0
5.697218e+01 0
5.720863e+01 0
5.744509e+01 0
5.768154e+01 0
5.791800e+01 0
5.815447e+01 0
5.839093e+01 0
5.862739e+01 0
5.886386e+01 0
5.910033e+01 0
5.933680e+01 0
5.957327e+01 0
5.980975e+01 0
6.004622e+01 0
6.028270e+01 0
6.051918e+01 0
6.075566e+01 0
6.099215e+01 0
6.122863e+01 0
6.146512e+01 0
6.170161e+01 0
6.193810e+01 0
6.217459e+01 0
6.241108e+01 0
6.264758e+01 0
6.288408e+01 0
6.312058e+01 0
6.335708e+01 0
6.359358e+01 0
6.383009e+01 0
6.406659e+01 0
6.430310e+01 0
6.453961e+01 0
6.477612e+01 0
6.501264e+01 0
6.524915e+01 0
6.548567e+01 0
6.572219e+01 0
6.595871e+01 0
6.619523e+01 0
6.643176e+01 0
6.666828e+01 0
6.690481e+01 0
6.714134e+01 0
6.737787e+01 0
6.761441e+01 0
6.785094e+01 0
6.808748e+01 0
6.832402e+01 0
6.856056e+01 0
6.879710e+01 0
6.903365e+01 0
6.927019e+01 0
6.950674e+01 0
6.974329e+01 0
6.997984e+01 0
7.021640e+01 0
7.045295e+01 0
7.068951e+01 0
7.092607e+01 0
7.116263e+01 0
7.139919e+01 0
7.163575e+01 0
7.187232e+01 0
7.210889e+01 0
7.234546e+01 0
7.258203e+01 0
7.281860e+01 0
7.305518e+01 0
7.329175e+01 0
7.352833e+01 0
7.376491e+01 0
7.400149e+01 0
7.423808e+01 0
7.447466e+01 0
7.471125e+01 0
7.494784e+01 0
7.518443e+01 0
7.542102e+01 0
7.565762e+01 0
7.589422e+01 0
7.613081e+01 0
7.636741e+01 0
7.660402e+01 0
7.684062e+01 0
7.707722e+01 0
7.731383e+01 0
7.755044e+01 0
7.778705e+01 0
7.802366e+01 0
7.826028e+01 0
7.849690e+01 0
7.873351e+01 0
7.897013e+01 0
7.920676e+01 0
7.944338e+01 0
7.968000e+01 0
7.991663e+01 0
8.015326e+01 0
8.038989e+01 0
8.062652e+01 0
8.086316e+01 0
8.109979e+01 0
8.133643e+01 0
8.157307e+01 0
8.180971e+01 0
8.204636e+01 0
8.228300e+01 0
8.251965e+01 0
8.275630e+01 0
8.299295e+01 0
8.322960e+01 0
8.346625e+01 0
8.370291e+01 0
8.393957e+01 0
8.417623e+01 0
8.441289e+01 0
8.464955e+01 0
8.488622e+01 0
8.512288e+01 0
8.535955e+01 0
8.559622e+01 0
8.583289e+01 0
8.606957e+01 0
8.630624e+01 0
8.654292e+01 0
8.677960e+01 0
8.701628e+01 0
8.725296e+01 0
8.748965e+01 0
8.772633e+01 0
8.796302e+01 0
8.819971e+01 0
8.843640e+01 0
8.867310e+01 0
8.890979e+01 0
8.914649e+01 0
8.938319e+01 0
8.961989e+01 0
8.985659e+01 0
9.009330e+01 0
9.033000e+01 0
9.056671e+01 0
9.080342e+01 0
9.104013e+01 0
9.127685e+01 0
9.151356e+01 0
9.175028e+01 0
9.198700e+01 0
9.222372e+01 0
9.246044e+01 0
9.269716e+01 0
9.293389e+01 0
9.317062e+01 0
9.340735e+01 0
9.364408e+01 0
9.388081e+01 0
9.411755e+01 0
9.435428e+01 0
9.459102e+01 0
9.482776e+01 0
9.506450e+01 0
9.530125e+01 0
9.553799e+01 0
9.577474e+01 0
9.601149e+01 0
9.624824e+01 0
9.648499e+01 0
9.672175e+01 0
9.695851e+01 0
9.719526e+01 0
9.743202e+01 0
9.766879e+01 0
9.790555e+01 0
9.814232e+01 0
9.837908e+01 0
9.861585e+01 0
9.885262e+01 0
9.908940e+01 0
9.932617e+01 0
9.956295e+01 0
9.979972e+01 0
1.000365e+02 0
1.002733e+02 0
1.005101e+02 0
1.007469e+02 0
1.009836e+02 0
1.012204e+02 0
1.014572e+02 0
1.016940e+02 0
1.019308e+02 0
1.021676e+02 0
1.024044e+02 0
1.026412e+02 0
1.028780e+02 0
1.031148e+02 0
1.033516e+02 0
1.035884e+02 0
1.038252e+02 0
1.040620e+02 0
1.042989e+02 0
1.045357e+02 0
1.047725e+02 0
1.050093e+02 0
1.052461e+02 0
1.054829e+02 0
1.057198e+02 0
1.059566e+02 0
1.061934e+02 0
1.064302e+02 0
1.066671e+02 0
1.069039e+02 0
1.071407e+02 0
1.073776e+02 0
1.076144e+02 0
1.078513e+02 0
1.080881e+02 0
1.083249e+02 0
1.085618e+02 0
1.087986e+02 0
1.090355e+02 0
1.092723e+02 0
1.095092e+02 0
1.097460e+02 0
1.099829e+02 0
1.102197e+02 0
1.104566e+02 0
1.106935e+02 0
1.109303e+02 0
1.111672e+02 0
1.114041e+02 0
1.116409e+02 0
1.118778e+02 0
1.121147e+02 0
1.123515e+02 0
1.125884e+02 0
1.128253e+02 0
1.130622e+02 0
1.132990e+02 0
1.135359e+02 0
1.137728e+02 0
1.140097e+02 0
1.142466e+02 0
1.144835e+02 0
1.147204e+02 0
1.149573e+02 0
1.151942e+02 0
1.154311e+02 0
1.156680e+02 0
1.159049e+02 0
1.161418e+02 0
1.163787e+02 0
1.166156e+02 0
1.168525e+02 0
1.170894e+02 0
1.173263e+02 0
1.175632e+02 0
1.178001e+02 0
1.180370e+02 0
1.182740e+02 0
1.185109e+02 0
1.187478e+02 0
1.189847e+02 0
1.192216e+02 0
1.194586e+02 0
1.196955e+02 0
1.199324e+02 0
1.201694e+02 0
1.204063e+02 0
1.206432e+02 0
1.208802e+02 0
1.211171e+02 0
1.213541e+02 0
1.215910e+02 0
1.218279e+02 0
1.220649e+02 0
1.223018e+02 0
1.225388e+02 0
1.227757e+02 0
1.230127e+02 0
1.232497e+02 0
1.234866e+02 0
1.237236e+02 0
1.239605e+02 0
1.241975e+02 0
1.244345e+02 0
1.246714e+02 0
1.249084e+02 0
1.251454e+02 0
1.253823e+02 0
1.256193e+02 0
1.258563e+02 0
1.260933e+02 0
1.263303e+02 0
1.265672e+02 0
1.268042e+02 0
1.270412e+02 0
1.272782e+02 0
1.275152e+02 0
1.277522e+02 0
1.279892e+02 0
1.282262e+02 0
1.284631e+02 0
1.287001e+02 0
1.289371e+02 0
1.291741e+02 0
1.294111e+02 0
1.296482e+02 0
1.298852e+02 0
1.301222e+02 0
1.303592e+02 0
1.305962e+02 0
1.308332e+02 0
1.310702e+02 0
1.313072e+02 0
1.315443e+02 0
1.317813e+02 0
1.320183e+02 0
1.322553e+02 0
1.324923e+02 0
1.327294e+02 0
1.329664e+02 0
1.332034e+02 0
1.334405e+02 0
1.336775e+02 0
1.339145e+02 0
1.341516e+02 0
1.343886e+02 0
1.346257e+02 0
1.348627e+02 0
1.350998e+02 0
1.353368e+02 0
1.355739e+02 0
1.358109e+02 0
1.360480e+02 0
1.362850e+02 0
1.365221e+02 0
1.367591e+02 0
1.369962e+02 0
1.372332e+02 0
1.374703e+02 0
1.377074e+02 0
1.379444e+02 0
1.381815e+02 0
1.384186e+02 0
1.386557e+02 0
1.388927e+02 0
1.391298e+02 0
1.393669e+02 0
1.396040e+02 0
1.398411e+02 0
1.400781e+02 0
1.403152e+02 0
1.405523e+02 0
1.407894e+02 0
1.410265e+02 0
1.412636e+02 0
1.415007e+02 0
1.417378e+02 0
1.419749e+02 0
1.422120e+02 0
1.424491e+02 0
1.426862e+02 0
1.429233e+02 0
1.431604e+02 0
1.433975e+02 0
1.436346e+02 0
1.438717e+02 0
1.441088e+02 0
1.443460e+02 0
1.445831e+02 0
1.448202e+02 0
1.450573e+02 0
1.452944e+02 0
1.455316e+02 0
1.457687e+02 0
1.460058e+02 0
1.462429e+02 0
1.464801e+02 0
1.467172e+02 0
1.469543e+02 0
1.471915e+02 0
1.474286e+02 0
1.476658e+02 0
1.479029e+02 0
1.481401e+02 0
1.483772e+02 0
1.486143e+02 0
1.488515e+02 0
1.490887e+02 0
1.493258e+02 0
1.495630e+02 0
1.498001e+02 0
1.500373e+02 0
1.502744e+02 0
1.505116e+02 0
1.507488e+02 0
1.509859e+02 0
1.512231e+02 0
1.514603e+02 0
1.516974e+02 0
1.519346e+02 0
1.521718e+02 0
1.524090e+02 0
1.526461e+02 0
1.528833e+02 0
1.531205e+02 0
1.533577e+02 0
1.535949e+02 0
1.538321e+02 0
1.540693e+02 0
1.543065e+02 0
1.545436e+02 0
1.547808e+02 0
1.550180e+02 0
1.552552e+02 0
1.554924e+02 0
1.557296e+02 0
1.559668e+02 0
1.562040e+02 0
1.564413e+02 0
1.566785e+02 0
1.569157e+02 0
1.571529e+02 0
1.573901e+02 0
1.576273e+02 0
1.578645e+02 0
1.581018e+02 0
1.583390e+02 0
1.585762e+02 0
1.588134e+02 0
1.590507e+02 0
1.592879e+02 0
1.595251e+02 0
1.597624e+02 0
1.599996e+02 0
1.602368e+02 0
1.604741e+02 0
1.607113e+02 0
1.609485e+02 0
1.611858e+02 0
1.614230e+02 0
1.616603e+02 0
1.618975e+02 0
1.621348e+02 0
1.623720e+02 0
1.626093e+02 0
1.628465e+02 0
1.630838e+02 0
1.633211e+02 0
1.635583e+02 0
1.637956e+02 0
1.640329e+02 0
1.642701e+02 0
1.645074e+02 0
1.647447e+02 0
1.649819e+02 0
1.652192e+02 0
1.654565e+02 0
1.656938e+02 0
1.659310e+02 0
1.661683e+02 0
1.664056e+02 0
1.666429e+02 0
1.668802e+02 0
1.671175e+02 0
1.673548e+02 0
1.675921e+02 0
1.678293e+02 0
1.680666e+02 0
1.683039e+02 0
1.685412e+02 0
1.687785e+02 0
1.690158e+02 0
1.692531e+02 0
1.694905e+02 0
1.697278e+02 0
1.699651e+02 0
1.702024e+02 0
1.704397e+02 0
1.706770e+02 0
1.709143e+02 0
1.711517e+02 0
1.713890e+02 0
1.716263e+02 0
1.718636e+02 0
1.721009e+02 0
1.723383e+02 0
1.725756e+02 0
1.728129e+02 0
1.730503e+02 0
1.732876e+02 0
1.735249e+02 0
1.737623e+02 0
1.739996e+02 0
1.742370e+02 0
1.744743e+02 0
1.747117e+02 0
1.749490e+02 0
1.751864e+02 0
1.754237e+02 0
1.756611e+02 0
1.758984e+02 0
1.761358e+02 0
1.763731e+02 0
1.766105e+02 0
1.768479e+02 0
1.770852e+02 0
1.773226e+02 0
1.775600e+02 0
1.777973e+02 0
1.780347e+02 0
1.782721e+02 0
1.785094e+02 0
1.787468e+02 0
1.789842e+02 0
1.792216e+02 0
1.794590e+02 0
1.796963e+02 0
1.799337e+02 0
1.801711e+02 0
1.804085e+02 0
1.806459e+02 0
1.808833e+02 0
1.811207e+02 0
1.813581e+02 0
1.815955e+02 0
1.818329e+02 0
1.820703e+02 0
1.823077e+02 0
1.825451e+02 0
1.827825e+02 0
1.830199e+02 0
1.832573e+02 0
1.834947e+02 0
1.837321e+02 0
1.839696e+02 0
1.842070e+02 0
1.844444e+02 0
1.846818e+02 0
1.849192e+02 0
1.851567e+02 0
1.853941e+02 0
1.856315e+02 0
1.858690e+02 0
1.861064e+02 0
1.863438e+02 0
1.865813e+02 0
1.868187e+02 0
1.870561e+02 0
1.872936e+02 0
1.875310e+02 0
1.877685e+02 0
1.880059e+02 0
1.882434e+02 0
1.884808e+02 0
1.887183e+02 0
1.889557e+02 0
1.891932e+02 0
1.894306e+02 0
1.896681e+02 0
1.899056e+02 0
1.901430e+02 0
1.903805e+02 0
1.906180e+02 0
1.908554e+02 0
1.910929e+02 0
1.913304e+02 0
1.915678e+02 0
1.918053e+02 0
1.920428e+02 0
1.922803e+02 0
1.925178e+02 0
1.927552e+02 0
1.929927e+02 0
1.932302e+02 0
1.934677e+02 0
1.937052e+02 0
1.939427e+02 0
1.941802e+02 0
1.944177e+02 0
1.946552e+02 0
1.948927e+02 0
1.951302e+02 0
1.953677e+02 0
1.956052e+02 0
1.958427e+02 0
1.960802e+02 0
1.963177e+02 0
1.965552e+02 0
1.967927e+02 0
1.970302e+02 0
1.972678e+02 0
1.975053e+02 0
1.977428e+02 0
1.979803e+02 0
1.982178e+02 0
1.984554e+02 0
1.986929e+02 0
1.989304e+02 0
1.991680e+02 0
1.994055e+02 0
1.996430e+02 0
1.998806e+02 0
2.001181e+02 0
2.003556e+02 0
2.005932e+02 0
2.008307e+02 0
2.010683e+02 0
2.013058e+02 0
2.015434e+02 0
2.017809e+02 0
2.020185e+02 0
2.022560e+02 0
2.024936e+02 0
2.027311e+02 0
2.029687e+02 0
2.032063e+02 0
2.034438e+02 0
2.036814e+02 0
2.039190e+02 0
2.041565e+02 0
2.043941e+02 0
2.046317e+02 0
2.048692e+02 0
2.051068e+02 0
2.053444e+02 0
2.055820e+02 0
2.058196e+02 0
2.060571e+02 0
2.062947e+02 0
2.065323e+02 0
2.067699e+02 0
2.070075e+02 0
2.072451e+02 0
2.074827e+02 0
2.077203e+02 0
2.079579e+02 0
2.081955e+02 0
2.084331e+02 0
2.086707e+02 0
2.089083e+02 0
2.091459e+02 0
2.093835e+02 0
2.096211e+02 0
2.098587e+02 0
2.100963e+02 0
2.103340e+02 0
2.105716e+02 0
2.108092e+02 0
2.110468e+02 0
2.112844e+02 0
2.115221e+02 0
2.117597e+02 0
2.119973e+02 0
2.122349e+02 0
2.124726e+02 0
2.127102e+02 0
2.129479e+02 0
2.131855e+02 0
2.134231e+02 0
2.136608e+02 0
2.138984e+02 0
2.141361e+02 0
2.143737e+02 0
2.146114e+02 0
2.148490e+02 0
2.150867e+02 0
2.153243e+02 0
2.155620e+02 0
2.157996e+02 0
2.160373e+02 0
2.162749e+02 0
2.165126e+02 0
2.167503e+02 0
2.169879e+02 0
2.172256e+02 0
2.174633e+02 0
2.177009e+02 0
2.179386e+02 0
2.181763e+02 0
2.184140e+02 0
2.186516e+02 0
2.188893e+02 0
2.191270e+02 0
2.193647e+02 0
2.196024e+02 0
2.198401e+02 0
2.200778e+02 0
2.203154e+02 0
2.205531e+02 0
2.207908e+02 0
2.210285e+02 0
2.212662e+02 0
2.215039e+02 0
2.217416e+02 0
2.219793e+02 0
2.222170e+02 0
2.224548e+02 0
2.226925e+02 0
2.229302e+02 0
2.231679e+02 0
2.234056e+02 0
2.236433e+02 0
2.238810e+02 0
2.241188e+02 0
2.243565e+02 0
2.245942e+02 0
2.248319e+02 0
2.250697e+02 0
2.253074e+02 0
2.255451e+02 0
2.257828e+02 0
2.260206e+02 0
2.262583e+02 0
2.264961e+02 0
2.267338e+02 0
2.269715e+02 0
2.272093e+02 0
2.274470e+02 0
2.276848e+02 0
2.279225e+02 0
2.281603e+02 0
2.283980e+02 0
2.286358e+02 0
2.288735e+02 0
2.291113e+02 0
2.293491e+02 0
2.295868e+02 0
2.298246e+02 0
2.300623e+02 0
2.303001e+02 0
2.305379e+02 0
2.307757e+02 0
2.310134e+02 0
2.312512e+02 0
2.314890e+02 0
2.317268e+02 0
2.319645e+02 0
2.322023e+02 0
2.324401e+02 0
2.326779e+02 0
2.329157e+02 0
2.331535e+02 0
2.333912e+02 0
2.336290e+02 0
2.338668e+02 0
2.341046e+02 0
2.343424e+02 0
2.345802e+02 0
2.348180e+02 0
2.350558e+02 0
2.352936e+02 0
2.355314e+02 0
2.357693e+02 0
2.360071e+02 0
2.362449e+02 0
2.364827e+02 0
2.367205e+02 0
2.369583e+02 0
2.371961e+02 0
2.374340e+02 0
2.376718e+02 0
2.379096e+02 0
2.381474e+02 0
2.383853e+02 0
2.386231e+02 0
2.388609e+02 0
2.390988e+02 0
2.393366e+02 0
2.395744e+02 0
2.398123e+02 0
2.400501e+02 0
2.402879e+02 0
2.405258e+02 0
2.407636e+02 0
2.410015e+02 0
2.412393e+02 0
2.414772e+02 0
2.417150e+02 0
2.419529e+02 0
2.421908e+02 0
2.424286e+02 0
2.426665e+02 0
2.429043e+02 0
2.431422e+02 0
2.433801e+02 0
2.436179e+02 0
2.438558e+02 0
2.440937e+02 0
2.443315e+02 0
2.445694e+02 0
2.448073e+02 0
2.450452e+02 0
2.452831e+02 0
2.455209e+02 0
2.457588e+02 0
2.459967e+02 0
2.462346e+02 0
2.464725e+02 0
2.467104e+02 0
2.469483e+02 0
2.471862e+02 0
2.474241e+02 0
2.476620e+02 0
2.478999e+02 0
2.481378e+02 0
2.483757e+02 0
2.486136e+02 0
2.488515e+02 0
2.490894e+02 0
2.493273e+02 0
2.495652e+02 0
2.498031e+02 0
2.500410e+02 0
2.502790e+02 0
2.505169e+02 0
2.507548e+02 0
2.509927e+02 0
2.512306e+02 0
2.514686e+02 0
2.517065e+02 0
2.519444e+02 0
2.521824e+02 0
2.524203e+02 0
2.526582e+02 0
2.528962e+02 0
2.531341e+02 0
2.533721e+02 0
2.536100e+02 0
2.538479e+02 0
2.540859e+02 0
2.543238e+02 0
2.545618e+02 0
2.547997e+02 0
2.550377e+02 0
2.552757e+02 0
2.555136e+02 0
2.557516e+02 0
2.559895e+02 0
2.562275e+02 0
2.564655e+02 0
2.567034e+02 0
2.569414e+02 0
2.571794e+02 0
2.574173e+02 0
2.576553e+02 0
2.578933e+02 0
2.581313e+02 0
2.583692e+02 0
2.586072e+02 0
2.588452e+02 0
2.590832e+02 0
2.593212e+02 0
2.595592e+02 0
2.597972e+02 0
2.600351e+02 0
2.602731e+02 0
2.605111e+02 0
2.607491e+02 0
2.609871e+02 0
2.612251e+02 0
2.614631e+02 0
2.617011e+02 0
2.619391e+02 0
2.621771e+02 0
2.624152e+02 0
2.626532e+02 0
2.628912e+02 0
2.631292e+02 0
2.633672e+02 0
2.636052e+02 0
2.638433e+02 0
2.640813e+02 0
2.643193e+02 0
2.645573e+02 0
2.647954e+02 0
2.650334e+02 0
2.652714e+02 0
2.655094e+02 0
2.657475e+02 0
2.659855e+02 0
2.662236e+02 0
2.664616e+02 0
2.666996e+02 0
2.669377e+02 0
2.671757e+02 0
2.674138e+02 0
2.676518e+02 0
2.678899e+02 0
2.681279e+02 0
2.683660e+02 0
2.686040e+02 0
2.688421e+02 0
2.690802e+02 0
2.693182e+02 0
2.695563e+02 0
2.697944e+02 0
2.700324e+02 0
2.702705e+02 0
2.705086e+02 0
2.707466e+02 0
2.709847e+02 0
2.712228e+02 0
2.714609e+02 0
2.716989e+02 0
2.719370e+02 0
2.721751e+02 0
2.724132e+02 0
2.726513e+02 0
2.728894e+02 0
2.731275e+02 0
2.733655e+02 0
2.736036e+02 0
2.738417e+02 0
2.740798e+02 0
2.743179e+02 0
2.745560e+02 0
2.747941e+02 0
2.750322e+02 0
2.752704e+02 0
2.755085e+02 0
2.757466e+02 0
2.759847e+02 0
2.762228e+02 0
2.764609e+02 0
2.766990e+02 0
2.769371e+02 0
2.771753e+02 0
2.774134e+02 0
2.776515e+02 0
2.778896e+02 0
2.781278e+02 0
2.783659e+02 0
2.786040e+02 0
2.788422e+02 0
2.790803e+02 0
2.793184e+02 0
2.795566e+02 0
2.797947e+02 0
2.800329e+02 0
2.802710e+02 0
2.805092e+02 0
2.807473e+02 0
2.809855e+02 0
2.812236e+02 0
2.814618e+02 0
2.816999e+02 0
2.819381e+02 0
2.821762e+02 0
2.824144e+02 0
2.826526e+02 0
2.828907e+02 0
2.831289e+02 0
2.833671e+02 0
2.836052e+02 0
2.838434e+02 0
2.840816e+02 0
2.843197e+02 0
2.845579e+02 0
2.847961e+02 0
2.850343e+02 0
2.852725e+02 0
2.855106e+02 0
2.857488e+02 0
2.859870e+02 0
2.862252e+02 0
2.864634e+02 0
2.867016e+02 0
2.869398e+02 0
2.871780e+02 0
2.874162e+02 0
2.876544e+02 0
2.878926e+02 0
2.881308e+02 0
2.883690e+02 0
2.886072e+02 0
2.888454e+02 0
2.890836e+02 0
2.893218e+02 0
2.895600e+02 0
2.897983e+02 0
2.900365e+02 0
2.902747e+02 0
2.905129e+02 0
2.907511e+02 0
2.909894e+02 0
2.912276e+02 0
2.914658e+02 0
2.917041e+02 0
2.919423e+02 0
2.921805e+02 0
2.924188e+02 0
2.926570e+02 0
2.928952e+02 0
2.931335e+02 0
2.933717e+02 0
2.936100e+02 0
2.938482e+02 0
2.940865e+02 0
2.943247e+02 0
2.945630e+02 0
2.948012e+02 0
2.950395e+02 0
2.952777e+02 0
2.955160e+02 0
2.957543e+02 0
2.959925e+02 0
2.962308e+02 0
2.964691e+02 0
2.967073e+02 0
2.969456e+02 0
2.971839e+02 0
2.974221e+02 0
2.976604e+02 0
2.978987e+02 0
2.981370e+02 0
2.983753e+02 0
2.986135e+02 0
2.988518e+02 0
2.990901e+02 0
2.993284e+02 0
2.995667e+02 0
2.998050e+02 0
3.000433e+02 0
3.002816e+02 0
3.005199e+02 0
3.007582e+02 0
3.009965e+02 0
3.012348e+02 0
3.014731e+02 0
3.017114e+02 0
3.019497e+02 0
3.021880e+02 0
3.024263e+02 0
3.026646e+02 0
3.029029e+02 0
3.031413e+02 0
3.033796e+02 0
3.036179e+02 0
3.038562e+02 0
3.040945e+02 0
3.043329e+02 0
3.045712e+02 0
3.048095e+02 0
3.050479e+02 0
3.052862e+02 0
3.055245e+02 0
3.057629e+02 0
3.060012e+02 0
3.062395e+02 0
3.064779e+02 0
3.067162e+02 0
3.069546e+02 0
3.071929e+02 0
3.074313e+02 0
3.076696e+02 0
3.079080e+02 0
3.081463e+02 0
3.083847e+02 0
3.086230e+02 0
3.088614e+02 0
3.090998e+02 0
3.093381e+02 0
3.095765e+02 0
3.098149e+02 0
3.100532e+02 0
3.102916e+02 0
3.105300e+02 0
3.107684e+02 0
3.110067e+02 0
3.112451e+02 0
3.114835e+02 0
3.117219e+02 0
3.119603e+02 0
3.121986e+02 0
3.124370e+02 0
3.126754e+02 0
3.129138e+02 0
3.131522e+02 0
3.133906e+02 0
3.136290e+02 0
3.138674e+02 0
3.141058e+02 0
3.143442e+02 0
3.145826e+02 0
3.148210e+02 0
3.150594e+02 0
3.152978e+02 0
3.155362e+02 0
3.157746e+02 0
3.160130e+02 0
3.162515e+02 0
3.164899e+02 0
3.167283e+02 0
3.169667e+02 0
3.172051e+02 0
3.174436e+02 0
3.176820e+02 0
3.179204e+02 0
3.181589e+02 0
3.183973e+02 0
3.186357e+02 0
3.188742e+02 0
3.191126e+02 0
3.193510e+02 0
3.195895e+02 0
3.198279e+02 0
3.200664e+02 0
3.203048e+02 0
3.205433e+02 0
3.207817e+02 0
3.210202e+02 0
3.212586e+02 0
3.214971e+02 0
3.217355e+02 0
3.219740e+02 0
3.222124e+02 0
3.224509e+02 0
3.226894e+02 0
3.229278e+02 0
3.231663e+02 0
3.234048e+02 0
3.236433e+02 0
3.238817e+02 0
3.241202e+02 0
3.243587e+02 0
3.245972e+02 0
3.248356e+02 0
3.250741e+02 0
3.253126e+02 0
3.255511e+02 0
3.257896e+02 0
3.260281e+02 0
3.262666e+02 0
3.265051e+02 0
3.267435e+02 0
3.269820e+02 0
3.272205e+02 0
3.274590e+02 0
3.276975e+02 0
3.279361e+02 0
3.281746e+02 0
3.284131e+02 0
3.286516e+02 0
3.288901e+02 0
3.291286e+02 0
3.293671e+02 0
3.296056e+02 0
3.298441e+02 0
3.300827e+02 0
3.303212e+02 0
3.305597e+02 0
3.307982e+02 0
3.310368e+02 0
3.312753e+02 0
3.315138e+02 0
3.317524e+02 0
3.319909e+02 0
3.322294e+02 0
3.324680e+02 0
3.327065e+02 0
3.329451e+02 0
3.331836e+02 0
3.334221e+02 0
3.336607e+02 0
3.338992e+02 0
3.341378e+02 0
3.343763e+02 0
3.346149e+02 0
3.348535e+02 0
3.350920e+02 0
3.353306e+02 0
3.355691e+02 0
3.358077e+02 0
3.360463e+02 0
3.362848e+02 0
3.365234e+02 0
3.367620e+02 0
3.370005e+02 0
3.372391e+02 0
3.374777e+02 0
3.377163e+02 0
3.379548e+02 0
3.381934e+02 0
3.384320e+02 0
3.386706e+02 0
3.389092e+02 0
3.391478e+02 0
3.393864e+02 0
3.396250e+02 0
3.398635e+02 0
3.401021e+02 0
3.403407e+02 0
3.405793e+02 0
3.408179e+02 0
3.410565e+02 0
3.412952e+02 0
3.415338e+02 0
3.417724e+02 0
3.420110e+02 0
3.422496e+02 0
3.424882e+02 0
3.427268e+02 0
3.429654e+02 0
3.432041e+02 0
3.434427e+02 0
3.436813e+02 0
3.439199e+02 0
3.441585e+02 0
3.443972e+02 0
3.446358e+02 0
3.448744e+02 0
3.451131e+02 0
3.453517e+02 0
3.455903e+02 0
3.458290e+02 0
3.460676e+02 0
3.463063e+02 0
3.465449e+02 0
3.467836e+02 0
3.470222e+02 0
3.472609e+02 0
3.474995e+02 0
3.477382e+02 0
3.479768e+02 0
3.482155e+02 0
3.484541e+02 0
3.486928e+02 0
3.489315e+02 0
3.491701e+02 0
3.494088e+02 0
3.496475e+02 0
3.498861e+02 0
3.501248e+02 0
3.503635e+02 0
3.506021e+02 0
3.508408e+02 0
3.510795e+02 0
3.513182e+02 0
3.515569e+02 0
3.517955e+02 0
3.520342e+02 0
3.522729e+02 0
3.525116e+02 0
3.527503e+02 0
3.529890e+02 0
3.532277e+02 0
3.534664e+02 0
3.537051e+02 0
3.539438e+02 0
3.541825e+02 0
3.544212e+02 0
3.546599e+02 0
3.548986e+02 0
3.551373e+02 0
3.553760e+02 0
3.556147e+02 0
3.558534e+02 0
3.560922e+02 0
3.563309e+02 0
3.565696e+02 0
3.568083e+02 0
3.570470e+02 0
3.572858e+02 0
3.575245e+02 0
3.577632e+02 0
3.580020e+02 0
3.582407e+02 0
3.584794e+02 0
3.587182e+02 0
3.589569e+02 0
3.591956e+02 0
3.594344e+02 0
3.596731e+02 0
3.599119e+02 0
3.601506e+02 0
3.603894e+02 0
3.606281e+02 0
3.608669e+02 0
3.611056e+02 0
3.613444e+02 0
3.615831e+02 0
3.618219e+02 0
3.620607e+02 0
3.622994e+02 0
3.625382e+02 0
3.627769e+02 0
3.630157e+02 0
3.632545e+02 0
3.634933e+02 0
3.637320e+02 0
3.639708e+02 0
3.642096e+02 0
3.644484e+02 0
3.646871e+02 0
3.649259e+02 0
3.651647e+02 0
3.654035e+02 0
3.656423e+02 0
3.658811e+02 0
3.661199e+02 0
3.663587e+02 0
3.665975e+02 0
3.668363e+02 0
3.670751e+02 0
3.673139e+02 0
3.675527e+02 0
3.677915e+02 0
3.680303e+02 0
3.682691e+02 0
3.685079e+02 0
3.687467e+02 0
3.689855e+02 0
3.692243e+02 0
3.694631e+02 0
3.697020e+02 0
3.699408e+02 0
3.701796e+02 0
3.704184e+02 0
3.706573e+02 0
3.708961e+02 0
3.711349e+02 0
3.713737e+02 0
3.716126e+02 0
3.718514e+02 0
3.720902e+02 0
3.723291e+02 0
3.725679e+02 0
3.728068e+02 0
3.730456e+02 0
3.732845e+02 0
3.735233e+02 0
3.737622e+02 0
3.740010e+02 0
3.742399e+02 0
3.744787e+02 0
3.747176e+02 0
3.749564e+02 0
3.751953e+02 0
3.754341e+02 0
3.756730e+02 0
3.759119e+02 0
3.761507e+02 0
3.763896e+02 0
3.766285e+02 0
3.768674e+02 0
3.771062e+02 0
3.773451e+02 0
3.775840e+02 0
3.778229e+02 0
3.780617e+02 0
3.783006e+02 0
3.785395e+02 0
3.787784e+02 0
3.790173e+02 0
3.792562e+02 0
3.794951e+02 0
3.797340e+02 0
3.799729e+02 0
3.802118e+02 0
3.804507e+02 0
3.806896e+02 0
3.809285e+02 0
3.811674e+02 0
3.814063e+02 0
3.816452e+02 0
3.818841e+02 0
3.821230e+02 0
3.823619e+02 0
3.826008e+02 0
3.828398e+02 0
3.830787e+02 0
3.833176e+02 0
3.835565e+02 0
3.837954e+02 0
3.840344e+02 0
3.842733e+02 0
3.845122e+02 0
3.847512e+02 0
3.849901e+02 0
3.852290e+02 0
3.854680e+02 0
3.857069e+02 0
3.859459e+02 0
3.861848e+02 0
3.864237e+02 0
3.866627e+02 0
3.869016e+02 0
3.871406e+02 0
3.873795e+02 0
3.876185e+02 0
3.878574e+02 0
3.880964e+02 0
3.883354e+02 0
3.885743e+02 0
3.888133e+02 0
3.890522e+02 0
3.892912e+02 0
3.895302e+02 0
3.897692e+02 0
3.900081e+02 0
3.902471e+02 0
3.904861e+02 0
3.907250e+02 0
3.909640e+02 0
3.912030e+02 0
3.914420e+02 0
3.916810e+02 0
3.919200e+02 0
3.921589e+02 0
3.923979e+02 0
3.926369e+02 0
3.928759e+02 0
3.931149e+02 0
3.933539e+02 0
3.935929e+02 0
3.938319e+02 0
3.940709e+02 0
3.943099e+02 0
3.945489e+02 0
3.947879e+02 0
3.950269e+02 0
3.952660e+02 0
3.955050e+02 0
3.957440e+02 0
3.959830e+02 0
3.962220e+02 0
3.964610e+02 0
3.967001e+02 0
3.969391e+02 0
3.971781e+02 0
3.974171e+02 0
3.976562e+02 0
3.978952e+02 0
3.981342e+02 0
3.983733e+02 0
3.986123e+02 0
3.988513e+02 0
3.990904e+02 0
3.993294e+02 0
3.995685e+02 0
3.998075e+02 0
4.000466e+02 0
4.002856e+02 0
4.005247e+02 0
4.007637e+02 0
4.010028e+02 0
4.012418e+02 0
4.014809e+02 0
4.017199e+02 0
4.019590e+02 0
4.021981e+02 0
4.024371e+02 0
4.026762e+02 0
4.029153e+02 0
4.031543e+02 0
4.033934e+02 0
4.036325e+02 0
4.038715e+02 0
4.041106e+02 0
4.043497e+02 0
4.045888e+02 0
4.048279e+02 0
4.050670e+02 0
4.053060e+02 0
4.055451e+02 0
4.057842e+02 0
4.060233e+02 0
4.062624e+02 0
4.065015e+02 0
4.067406e+02 0
4.069797e+02 0
4.072188e+02 0
4.074579e+02 0
4.076970e+02 0
4.079361e+02 0
4.081752e+02 0
4.084143e+02 0
4.086534e+02 0
4.088926e+02 0
4.091317e+02 0
4.093708e+02 0
4.096099e+02 0
4.098490e+02 0
4.100882e+02 0
4.103273e+02 0
4.105664e+02 0
4.108055e+02 0
4.110447e+02 0
4.112838e+02 0
4.115229e+02 0
4.117621e+02 0
4.120012e+02 0
4.122403e+02 0
4.124795e+02 0
4.127186e+02 0
4.129578e+02 0
4.131969e+02 0
4.134361e+02 0
4.136752e+02 0
4.139144e+02 0
4.141535e+02 0
4.143927e+02 0
4.146318e+02 0
4.148710e+02 0
4.151101e+02 0
4.153493e+02 0
4.155885e+02 0
4.158276e+02 0
4.160668e+02 0
4.163060e+02 0
4.165451e+02 0
4.167843e+02 0
4.170235e+02 0
4.172627e+02 0
4.175018e+02 0
4.177410e+02 0
4.179802e+02 0
4.182194e+02 0
4.184586e+02 0
4.186978e+02 0
4.189370e+02 0
4.191761e+02 0
4.194153e+02 0
4.196545e+02 0
4.198937e+02 0
4.201329e+02 0
4.203721e+02 0
4.206113e+02 0
4.208505e+02 0
4.210897e+02 0
4.213289e+02 0
4.215682e+02 0
4.218074e+02 0
4.220466e+02 0
4.222858e+02 0
4.225250e+02 0
4.227642e+02 0
4.230034e+02 0
4.232427e+02 0
4.234819e+02 0
4.237211e+02 0
4.239603e+02 0
4.241996e+02 0
4.244388e+02 0
4.246780e+02 0
4.249173e+02 0
4.251565e+02 0
4.253957e+02 0
4.256350e+02 0
4.258742e+02 0
4.261135e+02 0
4.263527e+02 0
4.265920e+02 0
4.268312e+02 0
4.270705e+02 0
4.273097e+02 0
4.275490e+02 0
4.277882e+02 0
4.280275e+02 0
4.282667e+02 0
4.285060e+02 0
4.287453e+02 0
4.289845e+02 0
4.292238e+02 0
4.294631e+02 0
4.297023e+02 0
4.299416e+02 0
4.301809e+02 0
4.304201e+02 0
4.306594e+02 0
4.308987e+02 0
4.311380e+02 0
4.313773e+02 0
4.316165e+02 0
4.318558e+02 0
4.320951e+02 0
4.323344e+02 0
4.325737e+02 0
4.328130e+02 0
4.330523e+02 0
4.332916e+02 0
4.335309e+02 0
4.337702e+02 0
4.340095e+02 0
4.342488e+02 0
4.344881e+02 0
4.347274e+02 0
4.349667e+02 0
4.352060e+02 0
4.354453e+02 0
4.356847e+02 0
4.359240e+02 0
4.361633e+02 0
4.364026e+02 0
4.366419e+02 0
4.368813e+02 0
4.371206e+02 0
4.373599e+02 0
4.375992e+02 0
4.378386e+02 0
4.380779e+02 0
4.383172e+02 0
4.385566e+02 0
4.387959e+02 0
4.390353e+02 0
4.392746e+02 0
4.395139e+02 0
4.397533e+02 0
4.399926e+02 0
4.402320e+02 0
4.404713e+02 0
4.407107e+02 0
4.409500e+02 0
4.411894e+02 0
4.414288e+02 0
4.416681e+02 0
4.419075e+02 0
4.421468e+02 0
4.423862e+02 0
4.426256e+02 0
4.428649e+02 0
4.431043e+02 0
4.433437e+02 0
4.435831e+02 0
4.438224e+02 0
4.440618e+02 0
4.443012e+02 0
4.445406e+02 0
4.447800e+02 0
4.450193e+02 0
4.452587e+02 0
4.454981e+02 0
4.457375e+02 0
4.459769e+02 0
4.462163e+02 0
4.464557e+02 0
4.466951e+02 0
4.469345e+02 0
4.471739e+02 0
4.474133e+02 0
4.476527e+02 0
4.478921e+02 0
4.481315e+02 0
4.483709e+02 0
4.486103e+02 0
4.488498e+02 0
4.490892e+02 0
4.493286e+02 0
4.495680e+02 0
4.498074e+02 0
4.500468e+02 0
4.502863e+02 0
4.505257e+02 0
4.507651e+02 0
4.510046e+02 0
4.512440e+02 0
4.514834e+02 0
4.517229e+02 0
4.519623e+02 0
4.522017e+02 0
4.524412e+02 0
4.526806e+02 0
4.529201e+02 0
4.531595e+02 0
4.533990e+02 0
4.536384e+02 0
4.538779e+02 0
4.541173e+02 0
4.543568e+02 0
4.545962e+02 0
4.548357e+02 0
4.550751e+02 0
4.553146e+02 0
4.555541e+02 0
4.557935e+02 0
4.560330e+02 0
4.562725e+02 0
4.565119e+02 0
4.567514e+02 0
4.569909e+02 0
4.572304e+02 0
4.574698e+02 0
4.577093e+02 0
4.579488e+02 0
4.581883e+02 0
4.584278e+02 0
4.586673e+02 0
4.589068e+02 0
4.591462e+02 0
4.593857e+02 0
4.596252e+02 0
4.598647e+02 0
4.601042e+02 0
4.603437e+02 0
4.605832e+02 0
4.608227e+02 0
4.610622e+02 0
4.613017e+02 0
4.615413e+02 0
4.617808e+02 0
4.620203e+02 0
4.622598e+02 0
4.624993e+02 0
4.627388e+02 0
4.629783e+02 0
4.632179e+02 0
4.634574e+02 0
4.636969e+02 0
4.639364e+02 0
4.641760e+02 0
4.644155e+02 0
4.646550e+02 0
4.648946e+02 0
4.651341e+02 0
4.653736e+02 0
4.656132e+02 0
4.658527e+02 0
4.660923e+02 0
4.663318e+02 0
4.665714e+02 0
4.668109e+02 0
4.670505e+02 0
4.672900e+02 0
4.675296e+02 0
4.677691e+02 0
4.680087e+02 0
4.682482e+02 0
4.684878e+02 0
4.687274e+02 0
4.689669e+02 0
4.692065e+02 0
4.694461e+02 0
4.696856e+02 0
4.699252e+02 0
4.701648e+02 0
4.704044e+02 0
4.706439e+02 0
4.708835e+02 0
4.711231e+02 0
4.713627e+02 0
4.716023e+02 0
4.718419e+02 0
4.720814e+02 0
4.723210e+02 0
4.725606e+02 0
4.728002e+02 0
4.730398e+02 0
4.732794e+02 0
4.735190e+02 0
4.737586e+02 0
4.739982e+02 0
4.742378e+02 0
4.744774e+02 0
4.747170e+02 0
4.749566e+02 0
4.751962e+02 0
4.754359e+02 0
4.756755e+02 0
4.759151e+02 0
4.761547e+02 0
4.763943e+02 0
4.766340e+02 0
4.768736e+02 0
4.771132e+02 0
4.773528e+02 0
4.775925e+02 0
4.778321e+02 0
4.780717e+02 0
4.783114e+02 0
4.785510e+02 0
4.787906e+02 0
4.790303e+02 0
4.792699e+02 0
4.795096e+02 0
4.797492e+02 0
4.799889e+02 0
4.802285e+02 0
4.804682e+02 0
4.807078e+02 0
4.809475e+02 0
4.811871e+02 0
4.814268e+02 0
4.816664e+02 0
4.819061e+02 0
4.821458e+02 0
4.823854e+02 0
4.826251e+02 0
4.828648e+02 0
4.831044e+02 0
4.833441e+02 0
4.835838e+02 0
4.838235e+02 0
4.840631e+02 0
4.843028e+02 0
4.845425e+02 0
4.847822e+02 0
4.850219e+02 0
4.852616e+02 0
4.855013e+02 0
4.857409e+02 0
4.859806e+02 0
4.862203e+02 0
4.864600e+02 0
4.866997e+02 0
4.869394e+02 0
4.871791e+02 0
4.874188e+02 0
4.876585e+02 0
4.878982e+02 0
4.881379e+02 0
4.883777e+02 0
4.886174e+02 0
4.888571e+02 0
4.890968e+02 0
4.893365e+02 0
4.895762e+02 0
4.898160e+02 0
4.900557e+02 0
4.902954e+02 0
4.905351e+02 0
4.907749e+02 0
4.910146e+02 0
4.912543e+02 0
4.914941e+02 0
4.917338e+02 0
4.919735e+02 0
4.922133e+02 0
4.924530e+02 0
4.926928e+02 0
4.929325e+02 0
4.931722e+02 0
4.934120e+02 0
4.936517e+02 0
4.938915e+02 0
4.941312e+02 0
4.943710e+02 0
4.946108e+02 0
4.948505e+02 0
4.950903e+02 0
4.953300e+02 0
4.955698e+02 0
4.958096e+02 0
4.960493e+02 0
4.962891e+02 0
4.965289e+02 0
4.967687e+02 0
4.970084e+02 0
4.972482e+02 0
4.974880e+02 0
4.977278e+02 0
4.979676e+02 0
4.982073e+02 0
4.984471e+02 0
4.986869e+02 0
4.989267e+02 0
4.991665e+02 0
4.994063e+02 0
4.996461e+02 0
4.998859e+02 0
5.001257e+02 0
5.003655e+02 0
5.006053e+02 0
5.008451e+02 0
5.010849e+02 0
5.013247e+02 0
5.015645e+02 0
5.018043e+02 0
5.020441e+02 0
5.022839e+02 0
5.025238e+02 0
5.027636e+02 0
5.030034e+02 0
5.032432e+02 0
5.034830e+02 0
5.037229e+02 0
5.039627e+02 0
5.042025e+02 0
5.044424e+02 0
5.046822e+02 0
5.049220e+02 0
5.051619e+02 0
5.054017e+02 0
5.056415e+02 0
5.058814e+02 0
5.061212e+02 0
5.063611e+02 0
5.066009e+02 0
5.068408e+02 0
5.070806e+02 0
5.073205e+02 0
5.075603e+02 0
5.078002e+02 0
5.080400e+02 0
5.082799e+02 0
5.085198e+02 0
5.087596e+02 0
5.089995e+02 0
5.092394e+02 0
5.094792e+02 0
5.097191e+02 0
5.099590e+02 0
5.101988e+02 0
5.104387e+02 0
5.106786e+02 0
5.109185e+02 0
5.111584e+02 0
5.113982e+02 0
5.116381e+02 0
5.118780e+02 0
5.121179e+02 0
5.123578e+02 0
5.125977e+02 0
5.128376e+02 0
5.130775e+02 0
5.133174e+02 0
5.135573e+02 0
5.137972e+02 0
5.140371e+02 0
5.142770e+02 0
5.145169e+02 0
5.147568e+02 0
5.149967e+02 0
5.152366e+02 0
5.154765e+02 0
5.157164e+02 0
5.159564e+02 0
5.161963e+02 0
5.164362e+02 0
5.166761e+02 0
5.169160e+02 0
5.171560e+02 0
5.173959e+02 0
5.176358e+02 0
5.178758e+02 0
5.181157e+02 0
5.183556e+02 0
5.185956e+02 0
5.188355e+02 0
5.190754e+02 0
5.193154e+02 0
5.195553e+02 0
5.197953e+02 0
5.200352e+02 0
5.202752e+02 0
5.205151e+02 0
5.207551e+02 0
5.209950e+02 0
5.212350e+02 0
5.214750e+02 0
5.217149e+02 0
5.219549e+02 0
5.221948e+02 0
5.224348e+02 0
5.226748e+02 0
5.229147e+02 0
5.231547e+02 0
5.233947e+02 0
5.236347e+02 0
5.238746e+02 0
5.241146e+02 0
5.243546e+02 0
5.245946e+02 0
5.248346e+02 0
5.250745e+02 0
5.253145e+02 0
5.255545e+02 0
5.257945e+02 0
5.260345e+02 0
5.262745e+02 0
5.265145e+02 0
5.267545e+02 0
5.269945e+02 0
5.272345e+02 0
5.274745e+02 0
5.277145e+02 0
5.279545e+02 0
5.281945e+02 0
5.284345e+02 0
5.286745e+02 0
5.289146e+02 0
5.291546e+02 0
5.293946e+02 0
5.296346e+02 0
5.298746e+02 0
5.301147e+02 0
5.303547e+02 0
5.305947e+02 0
5.308347e+02 0
5.310748e+02 0
5.313148e+02 0
5.315548e+02 0
5.317949e+02 0
5.320349e+02 0
5.322750e+02 0
5.325150e+02 0
5.327550e+02 0
5.329951e+02 0
5.332351e+02 0
5.334752e+02 0
5.337152e+02 0
5.339553e+02 0
5.341953e+02 0
5.344354e+02 0
5.346754e+02 0
5.349155e+02 0
5.351556e+02 0
5.353956e+02 0
5.356357e+02 0
5.358758e+02 0
5.361158e+02 0
5.363559e+02 0
5.365960e+02 0
5.368360e+02 0
5.370761e+02 0
5.373162e+02 0
5.375563e+02 0
5.377964e+02 0
5.380364e+02 0
5.382765e+02 0
5.385166e+02 0
5.387567e+02 0
5.389968e+02 0
5.392369e+02 0
5.394770e+02 0
5.397171e+02 0
5.399572e+02 0
5.401973e+02 0
5.404374e+02 0
5.406775e+02 0
5.409176e+02 0
5.411577e+02 0
5.413978e+02 0
5.416379e+02 0
5.418780e+02 0
5.421181e+02 0
5.423582e+02 0
5.425984e+02 0
5.428385e+02 0
5.430786e+02 0
5.433187e+02 0
5.435588e+02 0
5.437990e+02 0
5.440391e+02 0
5.442792e+02 0
5.445194e+02 0
5.447595e+02 0
5.449996e+02 0
5.452398e+02 0
5.454799e+02 0
5.457200e+02 0
5.459602e+02 0
5.462003e+02 0
5.464405e+02 0
5.466806e+02 0
5.469208e+02 0
5.471609e+02 0
5.474011e+02 0
5.476412e+02 0
5.478814e+02 0
5.481215e+02 0
5.483617e+02 0
5.486019e+02 0
5.488420e+02 0
5.490822e+02 0
5.493224e+02 0
5.495625e+02 0
5.498027e+02 0
5.500429e+02 0
5.502830e+02 0
5.505232e+02 0
5.507634e+02 0
5.510036e+02 0
5.512438e+02 0
5.514839e+02 0
5.517241e+02 0
5.519643e+02 0
5.522045e+02 0
5.524447e+02 0
5.526849e+02 0
5.529251e+02 0
5.531653e+02 0
5.534055e+02 0
5.536457e+02 0
5.538859e+02 0
5.541261e+02 0
5.543663e+02 0
5.546065e+02 0
5.548467e+02 0
5.550869e+02 0
5.553271e+02 0
5.555673e+02 0
5.558075e+02 0
5.560478e+02 0
5.562880e+02 0
5.565282e+02 0
5.567684e+02 0
5.570087e+02 0
5.572489e+02 0
5.574891e+02 0
5.577293e+02 0
5.579696e+02 0
5.582098e+02 0
5.584500e+02 0
5.586903e+02 0
5.589305e+02 0
5.591708e+02 0
5.594110e+02 0
5.596512e+02 0
5.598915e+02 0
5.601317e+02 0
5.603720e+02 0
5.606122e+02 0
5.608525e+02 0
5.610927e+02 0
5.613330e+02 0
5.615733e+02 0
5.618135e+02 0
5.620538e+02 0
5.622940e+02 0
5.625343e+02 0
5.627746e+02 0
5.630149e+02 0
5.632551e+02 0
5.634954e+02 0
5.637357e+02 0
5.639759e+02 0
5.642162e+02 0
5.644565e+02 0
5.646968e+02 0
5.649371e+02 0
5.651774e+02 0
5.654176e+02 0
5.656579e+02 0
5.658982e+02 0
5.661385e+02 0
5.663788e+02 0
5.666191e+02 0
5.668594e+02 0
5.670997e+02 0
5.673400e+02 0
5.675803e+02 0
5.678206e+02 0
5.680609e+02 0
5.683012e+02 0
5.685416e+02 0
5.687819e+02 0
5.690222e+02 0
5.692625e+02 0
5.695028e+02 0
5.697431e+02 0
5.699835e+02 0
5.702238e+02 0
5.704641e+02 0
5.707044e+02 0
5.709448e+02 0
5.711851e+02 0
5.714254e+02 0
5.716658e+02 0
5.719061e+02 0
5.721464e+02 0
5.723868e+02 0
5.726271e+02 0
5.728675e+02 0
5.731078e+02 0
5.733481e+02 0
5.735885e+02 0
5.738288e+02 0
5.740692e+02 0
5.743096e+02 0
5.745499e+02 0
5.747903e+02 0
5.750306e+02 0
5.752710e+02 0
5.755114e+02 0
5.757517e+02 0
5.759921e+02 0
5.762325e+02 0
5.764728e+02 0
5.767132e+02 0
5.769536e+02 0
5.771939e+02 0
5.774343e+02 0
5.776747e+02 0
5.779151e+02 0
5.781555e+02 0
5.783959e+02 0
5.786362e+02 0
5.788766e+02 0
5.791170e+02 0
5.793574e+02 0
5.795978e+02 0
5.798382e+02 0
5.800786e+02 0
5.803190e+02 0
5.805594e+02 0
5.807998e+02 0
5.810402e+02 0
5.812806e+02 0
5.815210e+02 0
5.817614e+02 0
5.820018e+02 0
5.822423e+02 0
5.824827e+02 0
5.827231e+02 0
5.829635e+02 0
5.832039e+02 0
5.834443e+02 0
5.836848e+02 0
5.839252e+02 0
5.841656e+02 0
5.844061e+02 0
5.846465e+02 0
5.848869e+02 0
5.851274e+02 0
5.853678e+02 0
5.856082e+02 0
5.858487e+02 0
5.860891e+02 0
5.863296e+02 0
5.865700e+02 0
5.868104e+02 0
5.870509e+02 0
5.872913e+02 0
5.875318e+02 0
5.877723e+02 0
5.880127e+02 0
5.882532e+02 0
5.884936e+02 0
5.887341e+02 0
5.889746e+02 0
5.892150e+02 0
5.894555e+02 0
5.896960e+02 0
5.899364e+02 0
5.901769e+02 0
5.904174e+02 0
5.906579e+02 0
5.908983e+02 0
5.911388e+02 0
5.913793e+02 0
5.916198e+02 0
5.918603e+02 0
5.921008e+02 0
5.923412e+02 0
5.925817e+02 0
5.928222e+02 0
5.930627e+02 0
5.933032e+02 0
5.935437e+02 0
5.937842e+02 0
5.940247e+02 0
5.942652e+02 0
5.945057e+02 0
5.947462e+02 0
5.949867e+02 0
5.952272e+02 0
5.954678e+02 0
5.957083e+02 0
5.959488e+02 0
5.961893e+02 0
5.964298e+02 0
5.966704e+02 0
5.969109e+02 0
5.971514e+02 0
5.973919e+02 0
5.976325e+02 0
5.978730e+02 0
5.981135e+02 0
5.983541e+02 0
5.985946e+02 0
5.988351e+02 0
5.990757e+02 0
5.993162e+02 0
5.995567e+02 0
5.997973e+02 0
6.000378e+02 0
6.002784e+02 0
6.005189e+02 0
6.007595e+02 0
6.010000e+02 0
6.012406e+02 0
6.014812e+02 0
6.017217e+02 0
6.019623e+02 0
6.022028e+02 0
6.024434e+02 0
6.026840e+02 0
6.029245e+02 0
6.031651e+02 0
6.034057e+02 0
6.036463e+02 0
6.038868e+02 0
6.041274e+02 0
6.043680e+02 0
6.046086e+02 0
6.048491e+02 0
6.050897e+02 0
6.053303e+02 0
6.055709e+02 0
6.058115e+02 0
6.060521e+02 0
6.062927e+02 0
6.065333e+02 0
6.067739e+02 0
6.070145e+02 0
6.072551e+02 0
6.074957e+02 0
6.077363e+02 0
6.079769e+02 0
6.082175e+02 0
6.084581e+02 0
6.086987e+02 0
6.089393e+02 0
6.091799e+02 0
6.094206e+02 0
6.096612e+02 0
6.099018e+02 0
6.101424e+02 0
6.103830e+02 0
6.106237e+02 0
6.108643e+02 0
6.111049e+02 0
6.113456e+02 0
6.115862e+02 0
6.118268e+02 0
6.120675e+02 0
6.123081e+02 0
6.125487e+02 0
6.127894e+02 0
6.130300e+02 0
6.132707e+02 0
6.135113e+02 0
6.137520e+02 0
6.139926e+02 0
6.142333e+02 0
6.144739e+02 0
6.147146e+02 0
6.149552e+02 0
6.151959e+02 0
6.154366e+02 0
6.156772e+02 0
6.159179e+02 0
6.161586e+02 0
6.163992e+02 0
6.166399e+02 0
6.168806e+02 0
6.171212e+02 0
6.173619e+02 0
6.176026e+02 0
6.178433e+02 0
6.180840e+02 0
6.183246e+02 0
6.185653e+02 0
6.188060e+02 0
6.190467e+02 0
6.192874e+02 0
6.195281e+02 0
6.197688e+02 0
6.200095e+02 0
6.202502e+02 0
6.204909e+02 0
6.207316e+02 0
6.209723e+02 0
6.212130e+02 0
6.214537e+02 0
6.216944e+02 0
6.219351e+02 0
6.221758e+02 0
6.224165e+02 0
6.226572e+02 0
6.228980e+02 0
6.231387e+02 0
6.233794e+02 0
6.236201e+02 0
6.238608e+02 0
6.241016e+02 0
6.243423e+02 0
6.245830e+02 0
6.248238e+02 1
6.250645e+02 0
6.253052e+02 0
6.255460e+02 0
6.257867e+02 0
6.260274e+02 0
6.262682e+02 0
6.265089e+02 0
6.267497e+02 0
6.269904e+02 0
6.272312e+02 0
6.274719e+02 0
6.277127e+02 0
6.279534e+02 0
6.281942e+02 0
6.284350e+02 0
6.286757e+02 0
6.289165e+02 0
6.291572e+02 0
6.293980e+02 0
6.296388e+02 0
6.298795e+02 0
6.301203e+02 0
6.303611e+02 0
6.306019e+02 0
6.308426e+02 0
6.310834e+02 0
6.313242e+02 0
6.315650e+02 0
6.318058e+02 0
6.320465e+02 1
6.322873e+02 0
6.325281e+02 0
6.327689e+02 0
6.330097e+02 0
6.332505e+02 0
6.334913e+02 0
6.337321e+02 0
6.339729e+02 0
6.342137e+02 0
6.344545e+02 0
6.346953e+02 0
6.349361e+02 0
6.351769e+02 0
6.354177e+02 0
6.356586e+02 0
6.358994e+02 0
6.361402e+02 0
6.363810e+02 0
6.366218e+02 0
6.368626e+02 0
6.371035e+02 0
6.373443e+02 0
6.375851e+02 0
6.378259e+02 0
6.380668e+02 0
6.383076e+02 0
6.385484e+02 0
6.387893e+02 0
6.390301e+02 0
6.392710e+02 0
6.395118e+02 0
6.397526e+02 0
6.399935e+02 0
6.402343e+02 0
6.404752e+02 0
6.407160e+02 0
6.409569e+02 0
6.411977e+02 0
6.414386e+02 0
6.416795e+02 0
6.419203e+02 0
6.421612e+02 0
6.424020e+02 0
6.426429e+02 0
6.428838e+02 0
6.431246e+02 0
6.433655e+02 0
6.436064e+02 0
6.438472e+02 0
6.440881e+02 0
6.443290e+02 0
6.445699e+02 0
6.448108e+02 0
6.450516e+02 0
6.452925e+02 0
6.455334e+02 0
6.457743e+02 0
6.460152e+02 0
6.462561e+02 0
6.464970e+02 0
6.467379e+02 0
6.469788e+02 0
6.472197e+02 0
6.474606e+02 0
6.477015e+02 0
6.479424e+02 0
6.481833e+02 0
6.484242e+02 0
6.486651e+02 0
6.489060e+02 0
6.491469e+02 0
6.493878e+02 0
6.496288e+02 0
6.498697e+02 0
6.501106e+02 1
6.503515e+02 1
6.505924e+02 0
6.508334e+02 0
6.510743e+02 0
6.513152e+02 0
6.515562e+02 0
6.517971e+02 0
6.520380e+02 0
6.522790e+02 0
6.525199e+02 0
6.527608e+02 0
6.530018e+02 0
6.532427e+02 0
6.534837e+02 0
6.537246e+02 0
6.539656e+02 0
6.542065e+02 0
6.544475e+02 0
6.546884e+02 0
6.549294e+02 0
6.551703e+02 0
6.554113e+02 0
6.556523e+02 0
6.558932e+02 0
6.561342e+02 0
6.563752e+02 0
6.566161e+02 0
6.568571e+02 0
6.570981e+02 0
6.573390e+02 0
6.575800e+02 0
6.578210e+02 0
6.580620e+02 0
6.583030e+02 0
6.585439e+02 0
6.587849e+02 0
6.590259e+02 0
6.592669e+02 0
6.595079e+02 0
6.597489e+02 0
6.599899e+02 0
6.602309e+02 0
6.604719e+02 0
6.607129e+02 0
6.609539e+02 0
6.611949e+02 0
6.614359e+02 0
6.616769e+02 0
6.619179e+02 0
6.621589e+02 0
6.623999e+02 0
6.626409e+02 0
6.628820e+02 0
6.631230e+02 0
6.633640e+02 0
6.636050e+02 0
6.638460e+02 0
6.640871e+02 0
6.643281e+02 0
6.645691e+02 0
6.648101e+02 0
6.650512e+02 0
6.652922e+02 0
6.655332e+02 0
6.657743e+02 0
6.660153e+02 0
6.662564e+02 0
6.664974e+02 0
6.667385e+02 0
6.669795e+02 1
6.672205e+02 0
6.674616e+02 0
6.677027e+02 0
6.679437e+02 1
6.681848e+02 0
6.684258e+02 0
6.686669e+02 0
6.689079e+02 0
6.691490e+02 0
6.693901e+02 0
6.696311e+02 0
6.698722e+02 0
6.701133e+02 1
6.703543e+02 0
6.705954e+02 0
6.708365e+02 0
6.710776e+02 0
6.713186e+02 1
6.715597e+02 0
6.718008e+02 0
6.720419e+02 0
6.722830e+02 0
6.725241e+02 0
6.727652e+02 0
6.730062e+02 0
6.732473e+02 0
6.734884e+02 0
6.737295e+02 0
6.739706e+02 2
6.742117e+02 0
6.744528e+02 0
6.746939e+02 0
6.749350e+02 0
6.751761e+02 0
6.754173e+02 0
6.756584e+02 0
6.758995e+02 0
6.761406e+02 0
6.763817e+02 0
6.766228e+02 0
6.768639e+02 2
6.771051e+02 0
6.773462e+02 0
6.775873e+02 0
6.778284e+02 0
6.780696e+02 0
6.783107e+02 0
6.785518e+02 0
6.787930e+02 0
6.790341e+02 0
6.792752e+02 0
6.795164e+02 0
6.797575e+02 0
6.799987e+02 1
6.802398e+02 0
6.804810e+02 0
6.807221e+02 2
6.809633e+02 0
6.812044e+02 1
6.814456e+02 0
6.816867e+02 0
6.819279e+02 0
6.821690e+02 0
6.824102e+02 0
6.826514e+02 1
6.828925e+02 1
6.831337e+02 0
6.833749e+02 0
6.836160e+02 0
6.838572e+02 0
6.840984e+02 1
6.843396e+02 0
6.845807e+02 0
6.848219e+02 0
6.850631e+02 0
6.853043e+02 0
6.855455e+02 0
6.857867e+02 1
6.860278e+02 0
6.862690e+02 1
6.865102e+02 0
6.867514e+02 1
6.869926e+02 1
6.872338e+02 1
6.874750e+02 0
6.877162e+02 1
6.879574e+02 0
6.881986e+02 0
6.884398e+02 0
6.886810e+02 0
6.889222e+02 0
6.891635e+02 2
6.894047e+02 0
6.896459e+02 0
6.898871e+02 0
6.901283e+02 0
6.903695e+02 0
6.906108e+02 1
6.908520e+02 1
6.910932e+02 1
6.913344e+02 2
6.915757e+02 1
6.918169e+02 0
6.920581e+02 0
6.922994e+02 0
6.925406e+02 0
6.927818e+02 1
6.930231e+02 0
6.932643e+02 1
6.935056e+02 1
6.937468e+02 0
6.939881e+02 0
6.942293e+02 0
6.944706e+02 1
6.947118e+02 0
6.949531e+02 0
6.951943e+02 0
6.954356e+02 0
6.956769e+02 0
6.959181e+02 0
6.961594e+02 1
6.964006e+02 0
6.966419e+02 0
6.968832e+02 0
6.971245e+02 0
6.973657e+02 1
6.976070e+02 2
6.978483e+02 1
6.980896e+02 0
6.983308e+02 0
6.985721e+02 0
6.988134e+02 0
6.990547e+02 1
6.992960e+02 0
6.995373e+02 3
6.997786e+02 2
7.000198e+02 0
7.002611e+02 0
7.005024e+02 0
7.007437e+02 2
7.009850e+02 1
7.012263e+02 0
7.014676e+02 0
7.017089e+02 0
7.019503e+02 0
7.021916e+02 1
7.024329e+02 0
7.026742e+02 0
7.029155e+02 0
7.031568e+02 1
7.033981e+02 1
7.036395e+02 0
7.038808e+02 0
7.041221e+02 0
7.043634e+02 1
7.046047e+02 1
7.048461e+02 2
7.050874e+02 1
7.053287e+02 0
7.055701e+02 2
7.058114e+02 2
7.060527e+02 0
7.062941e+02 0
7.065354e+02 0
7.067768e+02 1
7.070181e+02 0
7.072595e+02 0
7.075008e+02 0
7.077422e+02 1
7.079835e+02 1
7.082249e+02 0
7.084662e+02 2
7.087076e+02 0
7.089489e+02 1
7.091903e+02 0
7.094317e+02 1
7.096730e+02 0
7.099144e+02 1
7.101558e+02 2
7.103971e+02 0
7.106385e+02 0
7.108799e+02 0
7.111213e+02 4
7.113626e+02 1
7.116040e+02 0
7.118454e+02 1
7.120868e+02 1
7.123282e+02 0
7.125695e+02 0
7.128109e+02 1
7.130523e+02 1
7.132937e+02 2
7.135351e+02 2
7.137765e+02 0
7.140179e+02 0
7.142593e+02 0
7.145007e+02 2
7.147421e+02 2
7.149835e+02 0
7.152249e+02 3
7.154663e+02 1
7.157077e+02 1
7.159491e+02 3
7.161906e+02 0
7.164320e+02 0
7.166734e+02 0
7.169148e+02 0
7.171562e+02 2
7.173976e+02 0
7.176391e+02 0
7.178805e+02 0
7.181219e+02 1
7.183634e+02 1
7.186048e+02 1
7.188462e+02 0
7.190877e+02 0
7.193291e+02 1
7.195705e+02 0
7.198120e+02 1
7.200534e+02 0
7.202949e+02 1
7.205363e+02 2
7.207777e+02 1
7.210192e+02 1
7.212606e+02 1
7.215021e+02 0
7.217436e+02 1
7.219850e+02 0
7.222265e+02 3
7.224679e+02 0
7.227094e+02 0
7.229508e+02 1
7.231923e+02 0
7.234338e+02 1
7.236753e+02 1
7.239167e+02 0
7.241582e+02 2
7.243997e+02 0
7.246411e+02 0
7.248826e+02 0
7.251241e+02 2
7.253656e+02 0
7.256071e+02 2
7.258486e+02 4
7.260900e+02 0
7.263315e+02 1
7.265730e+02 1
7.268145e+02 0
7.270560e+02 0
7.272975e+02 0
7.275390e+02 1
7.277805e+02 0
7.280220e+02 0
7.282635e+02 2
7.285050e+02 0
7.287465e+02 0
7.289880e+02 1
7.292295e+02 1
7.294710e+02 2
7.297126e+02 0
7.299541e+02 3
7.301956e+02 2
7.304371e+02 0
7.306786e+02 1
7.309202e+02 1
7.311617e+02 1
7.314032e+02 2
7.316447e+02 1
7.318863e+02 1
7.321278e+02 1
7.323693e+02 2
7.326109e+02 1
7.328524e+02 2
7.330939e+02 3
7.333355e+02 3
7.335770e+02 2
7.338186e+02 0
7.340601e+02 5
7.343017e+02 1
7.345432e+02 1
7.347848e+02 0
7.350263e+02 1
7.352679e+02 1
7.355094e+02 3
7.357510e+02 0
7.359925e+02 2
7.362341e+02 2
7.364757e+02 3
7.367172e+02 5
7.369588e+02 3
7.372004e+02 1
7.374419e+02 3
7.376835e+02 5
7.379251e+02 2
7.381667e+02 3
7.384083e+02 6
7.386498e+02 0
7.388914e+02 1
7.391330e+02 3
7.393746e+02 4
7.396162e+02 1
7.398578e+02 0
7.400994e+02 2
7.403409e+02 2
7.405825e+02 3
7.408241e+02 3
7.410657e+02 5
7.413073e+02 1
7.415489e+02 3
7.417905e+02 1
7.420321e+02 3
7.422738e+02 1
7.425154e+02 1
7.427570e+02 4
7.429986e+02 2
7.432402e+02 0
7.434818e+02 5
7.437234e+02 2
7.439651e+02 2
7.442067e+02 1
7.444483e+02 1
7.446899e+02 2
7.449316e+02 2
7.451732e+02 3
7.454148e+02 1
7.456564e+02 4
7.458981e+02 2
7.461397e+02 3
7.463814e+02 3
7.466230e+02 3
7.468646e+02 5
7.471063e+02 6
7.473479e+02 2
7.475896e+02 1
7.478312e+02 2
7.480729e+02 3
7.483145e+02 7
7.485562e+02 3
7.487978e+02 1
7.490395e+02 4
7.492811e+02 1
7.495228e+02 1
7.497645e+02 1
7.500061e+02 5
7.502478e+02 2
7.504895e+02 1
7.507311e+02 4
7.509728e+02 3
7.512145e+02 3
7.514562e+02 5
7.516978e+02 2
7.519395e+02 4
7.521812e+02 9
7.524229e+02 1
7.526646e+02 4
7.529063e+02 4
7.531479e+02 7
7.533896e+02 4
7.536313e+02 5
7.538730e+02 10
7.541147e+02 6
7.543564e+02 5
7.545981e+02 2
7.548398e+02 0
7.550815e+02 5
7.553232e+02 5
7.555649e+02 2
7.558066e+02 2
7.560483e+02 5
7.562901e+02 4
7.565318e+02 6
7.567735e+02 5
7.570152e+02 3
7.572569e+02 4
7.574986e+02 3
7.577404e+02 8
7.579821e+02 7
7.582238e+02 6
7.584655e+02 9
7.587073e+02 3
7.589490e+02 7
7.591907e+02 5
7.594325e+02 4
7.596742e+02 3
7.599159e+02 6
7.601577e+02 9
7.603994e+02 6
7.606412e+02 2
7.608829e+02 6
7.611247e+02 10
7.613664e+02 5
7.616082e+02 6
7.618499e+02 11
7.620917e+02 1
7.623334e+02 5
7.625752e+02 5
7.628169e+02 8
7.630587e+02 7
7.633005e+02 5
7.635422e+02 7
7.637840e+02 5
7.640258e+02 10
7.642675e+02 5
7.645093e+02 3
7.647511e+02 5
7.649929e+02 4
7.652346e+02 6
7.654764e+02 6
7.657182e+02 3
7.659600e+02 5
7.662018e+02 6
7.664436e+02 6
7.666854e+02 7
7.669271e+02 8
7.671689e+02 5
7.674107e+02 4
7.676525e+02 5
7.678943e+02 8
7.681361e+02 6
7.683779e+02 4
7.686197e+02 4
7.688615e+02 2
7.691033e+02 9
7.693451e+02 5
7.695870e+02 5
7.698288e+02 6
7.700706e+02 3
7.703124e+02 16
7.705542e+02 14
7.707960e+02 8
7.710379e+02 7
7.712797e+02 9
7.715215e+02 12
7.717633e+02 6
7.720052e+02 5
7.722470e+02 9
7.724888e+02 8
7.727307e+02 8
7.729725e+02 8
7.732143e+02 7
7.734562e+02 4
7.736980e+02 8
7.739399e+02 12
7.741817e+02 5
7.744235e+02 9
7.746654e+02 7
7.749072e+02 8
7.751491e+02 10
7.753909e+02 5
7.756328e+02 11
7.758747e+02 3
7.761165e+02 4
7.763584e+02 9
7.766002e+02 8
7.768421e+02 9
7.770840e+02 8
7.773258e+02 8
7.775677e+02 11
7.778096e+02 6
7.780515e+02 12
7.782933e+02 7
7.785352e+02 7
7.787771e+02 10
7.790190e+02 13
7.792609e+02 14
7.795027e+02 7
7.797446e+02 10
7.799865e+02 7
7.802284e+02 11
7.804703e+02 9
7.807122e+02 9
7.809541e+02 7
7.811960e+02 10
7.814379e+02 5
7.816798e+02 8
7.819217e+02 9
7.821636e+02 5
7.824055e+02 4
7.826474e+02 7
7.828893e+02 10
7.831312e+02 12
7.833731e+02 14
7.836150e+02 6
7.838570e+02 4
7.840989e+02 8
7.843408e+02 6
7.845827e+02 9
7.848246e+02 7
7.850666e+02 5
7.853085e+02 16
7.855504e+02 12
7.857924e+02 16
7.860343e+02 11
7.862762e+02 13
7.865182e+02 8
7.867601e+02 9
7.870020e+02 16
7.872440e+02 11
7.874859e+02 11
7.877279e+02 10
7.879698e+02 6
7.882118e+02 13
7.884537e+02 6
7.886957e+02 11
7.889376e+02 9
7.891796e+02 11
7.894215e+02 5
7.896635e+02 6
7.899055e+02 12
7.901474e+02 9
7.903894e+02 8
7.906314e+02 14
7.908733e+02 12
7.911153e+02 15
7.913573e+02 8
7.915992e+02 10
7.918412e+02 12
7.920832e+02 15
7.923252e+02 10
7.925672e+02 15
7.928091e+02 9
7.930511e+02 14
7.932931e+02 10
7.935351e+02 8
7.937771e+02 9
7.940191e+02 15
7.942611e+02 8
7.945031e+02 8
7.947451e+02 9
7.949871e+02 11
7.952291e+02 10
7.954711e+02 10
7.957131e+02 10
7.959551e+02 13
7.961971e+02 15
7.964391e+02 15
7.966811e+02 8
7.969231e+02 12
7.971651e+02 14
7.974072e+02 16
7.976492e+02 11
7.978912e+02 22
7.981332e+02 12
7.983752e+02 8
7.986173e+02 8
7.988593e+02 10
7.991013e+02 19
7.993434e+02 13
7.995854e+02 11
7.998274e+02 16
8.000695e+02 20
8.003115e+02 7
8.005535e+02 13
8.007956e+02 8
8.010376e+02 10
8.012797e+02 15
8.015217e+02 9
8.017638e+02 22
8.020058e+02 9
8.022479e+02 11
8.024899e+02 15
8.027320e+02 8
8.029740e+02 16
8.032161e+02 15
8.034582e+02 16
8.037002e+02 13
8.039423e+02 6
8.041844e+02 21
8.044264e+02 12
8.046685e+02 4
8.049106e+02 17
8.051527e+02 8
8.053947e+02 16
8.056368e+02 16
8.058789e+02 18
8.061210e+02 16
8.063631e+02 16
8.066051e+02 13
8.068472e+02 22
8.070893e+02 11
8.073314e+02 17
8.075735e+02 11
8.078156e+02 9
8.080577e+02 18
8.082998e+02 15
8.085419e+02 11
8.087840e+02 18
8.090261e+02 14
8.092682e+02 13
8.095103e+02 14
8.097524e+02 9
8.099945e+02 19
8.102366e+02 17
8.104788e+02 21
8.107209e+02 9
8.109630e+02 9
8.112051e+02 13
8.114472e+02 12
8.116894e+02 20
8.119315e+02 15
8.121736e+02 13
8.124157e+02 12
8.126579e+02 12
8.129000e+02 15
8.131421e+02 20
8.133843e+02 18
8.136264e+02 5
8.138685e+02 14
8.141107e+02 12
8.143528e+02 21
8.145950e+02 13
8.148371e+02 12
8.150793e+02 12
8.153214e+02 13
8.155636e+02 21
8.158057e+02 12
8.160479e+02 13
8.162900e+02 10
8.165322e+02 16
8.167744e+02 24
8.170165e+02 14
8.172587e+02 22
8.175009e+02 10
8.177430e+02 11
8.179852e+02 29
8.182274e+02 16
8.184695e+02 14
8.187117e+02 13
8.189539e+02 17
8.191961e+02 13
8.194382e+02 10
8.196804e+02 17
8.199226e+02 10
8.201648e+02 23
8.204070e+02 17
8.206492e+02 8
8.208914e+02 13
8.211336e+02 21
8.213758e+02 15
8.216180e+02 15
8.218602e+02 18
8.221024e+02 15
8.223446e+02 12
8.225868e+02 10
8.228290e+02 18
8.230712e+02 8
8.233134e+02 15
8.235556e+02 13
8.237978e+02 17
8.240400e+02 19
8.242822e+02 19
8.245245e+02 11
8.247667e+02 13
8.250089e+02 17
8.252511e+02 16
8.254934e+02 12
8.257356e+02 8
8.259778e+02 14
8.262200e+02 13
8.264623e+02 8
8.267045e+02 12
8.269467e+02 13
8.271890e+02 15
8.274312e+02 17
8.276735e+02 15
8.279157e+02 15
8.281580e+02 16
8.284002e+02 15
8.286425e+02 16
8.288847e+02 11
8.291270e+02 20
8.293692e+02 13
8.296115e+02 20
8.298537e+02 10
8.300960e+02 15
8.303382e+02 25
8.305805e+02 16
8.308228e+02 18
8.310650e+02 17
8.313073e+02 22
8.315496e+02 20
8.317919e+02 19
8.320341e+02 18
8.322764e+02 18
8.325187e+02 9
8.327610e+02 13
8.330032e+02 21
8.332455e+02 13
8.334878e+02 23
8.337301e+02 16
8.339724e+02 11
8.342147e+02 6
8.344570e+02 13
8.346993e+02 13
8.349416e+02 12
8.351839e+02 12
8.354262e+02 11
8.356685e+02 19
8.359108e+02 15
8.361531e+02 13
8.363954e+02 10
8.366377e+02 14
8.368800e+02 14
8.371223e+02 11
8.373646e+02 17
8.376069e+02 9
8.378493e+02 23
8.380916e+02 14
8.383339e+02 15
8.385762e+02 17
8.388185e+02 12
8.390609e+02 10
8.393032e+02 17
8.395455e+02 22
8.397879e+02 17
8.400302e+02 12
8.402725e+02 17
8.405149e+02 16
8.407572e+02 7
8.409995e+02 23
8.412419e+02 21
8.414842e+02 24
8.417266e+02 16
8.419689e+02 14
8.422113e+02 15
8.424536e+02 16
8.426960e+02 12
8.429383e+02 14
8.431807e+02 10
8.434231e+02 16
8.436654e+02 14
8.439078e+02 15
8.441501e+02 23
8.443925e+02 15
8.446349e+02 17
8.448772e+02 15
8.451196e+02 16
8.453620e+02 18
8.456044e+02 14
8.458467e+02 15
8.460891e+02 13
8.463315e+02 14
8.465739e+02 19
8.468163e+02 16
8.470587e+02 15
8.473010e+02 15
8.475434e+02 19
8.477858e+02 11
8.480282e+02 16
8.482706e+02 17
8.485130e+02 13
8.487554e+02 18
8.489978e+02 7
8.492402e+02 17
8.494826e+02 14
8.497250e+02 16
8.499674e+02 12
8.502098e+02 18
8.504522e+02 19
8.506947e+02 13
8.509371e+02 10
8.511795e+02 15
8.514219e+02 13
8.516643e+02 14
8.519067e+02 24
8.521492e+02 12
8.523916e+02 15
8.526340e+02 11
8.528764e+02 21
8.531189e+02 12
8.533613e+02 14
8.536037e+02 16
8.538462e+02 12
8.540886e+02 10
8.543311e+02 12
8.545735e+02 19
8.548159e+02 16
8.550584e+02 12
8.553008e+02 20
8.555433e+02 16
8.557857e+02 11
8.560282e+02 13
8.562706e+02 25
8.565131e+02 9
8.567556e+02 15
8.569980e+02 16
8.572405e+02 9
8.574829e+02 13
8.577254e+02 10
8.579679e+02 13
8.582103e+02 13
8.584528e+02 17
8.586953e+02 15
8.589378e+02 15
8.591802e+02 13
8.594227e+02 10
8.596652e+02 17
8.599077e+02 9
8.601502e+02 20
8.603926e+02 12
8.606351e+02 18
8.608776e+02 12
8.611201e+02 15
8.613626e+02 14
8.616051e+02 11
8.618476e+02 7
8.620901e+02 23
8.623326e+02 18
8.625751e+02 16
8.628176e+02 11
8.630601e+02 11
8.633026e+02 19
8.635451e+02 11
8.637876e+02 16
8.640301e+02 12
8.642726e+02 17
8.645152e+02 14
8.647577e+02 17
8.650002e+02 23
8.652427e+02 16
8.654852e+02 9
8.657278e+02 9
8.659703e+02 13
8.662128e+02 16
8.664553e+02 11
8.666979e+02 21
8.669404e+02 11
8.671829e+02 12
8.674255e+02 12
8.676680e+02 13
8.679106e+02 9
8.681531e+02 15
8.683956e+02 7
8.686382e+02 5
8.688807e+02 14
8.691233e+02 13
8.693658e+02 10
8.696084e+02 12
8.698509e+02 14
8.700935e+02 10
8.703361e+02 13
8.705786e+02 11
8.708212e+02 10
8.710637e+02 12
8.713063e+02 10
8.715489e+02 17
8.717914e+02 21
8.720340e+02 15
8.722766e+02 17
8.725192e+02 16
8.727617e+02 10
8.730043e+02 10
8.732469e+02 11
8.734895e+02 12
8.737321e+02 13
8.739747e+02 10
8.742172e+02 18
8.744598e+02 17
8.747024e+02 11
8.749450e+02 20
8.751876e+02 13
8.754302e+02 12
8.756728e+02 11
8.759154e+02 5
8.761580e+02 12
8.764006e+02 12
8.766432e+02 19
8.768858e+02 13
8.771284e+02 18
8.773710e+02 14
8.776136e+02 11
8.778563e+02 11
8.780989e+02 13
8.783415e+02 13
8.785841e+02 8
8.788267e+02 9
8.790694e+02 18
8.793120e+02 12
8.795546e+02 13
8.797972e+02 15
8.800399e+02 11
8.802825e+02 11
8.805251e+02 9
8.807678e+02 12
8.810104e+02 9
8.812530e+02 15
8.814957e+02 8
8.817383e+02 16
8.819810e+02 8
8.822236e+02 14
8.824663e+02 16
8.827089e+02 17
8.829516e+02 15
8.831942e+02 16
8.834369e+02 11
8.836795e+02 19
8.839222e+02 14
8.841649e+02 20
8.844075e+02 13
8.846502e+02 9
8.848929e+02 15
8.851355e+02 10
8.853782e+02 14
8.856209e+02 14
8.858635e+02 16
8.861062e+02 11
8.863489e+02 10
8.865916e+02 12
8.868342e+02 10
8.870769e+02 15
8.873196e+02 6
8.875623e+02 9
8.878050e+02 11
8.880477e+02 15
8.882904e+02 7
8.885331e+02 13
8.887758e+02 8
8.890185e+02 12
8.892612e+02 8
8.895039e+02 11
8.897466e+02 9
8.899893e+02 12
8.902320e+02 14
8.904747e+02 13
8.907174e+02 17
8.909601e+02 14
8.912028e+02 8
8.914455e+02 12
8.916882e+02 8
8.919310e+02 11
8.921737e+02 9
8.924164e+02 12
8.926591e+02 11
8.929018e+02 6
8.931446e+02 8
8.933873e+02 12
8.936300e+02 9
8.938728e+02 13
8.941155e+02 9
8.943582e+02 3
8.946010e+02 9
8.948437e+02 10
8.950865e+02 7
8.953292e+02 14
8.955719e+02 12
8.958147e+02 3
8.960574e+02 13
8.963002e+02 13
8.965429e+02 10
8.967857e+02 7
8.970285e+02 9
8.972712e+02 13
8.975140e+02 11
8.977567e+02 16
8.979995e+02 16
8.982423e+02 12
8.984850e+02 4
8.987278e+02 10
8.989706e+02 14
8.992133e+02 10
8.994561e+02 9
8.996989e+02 14
8.999417e+02 16
9.001845e+02 6
9.004272e+02 10
9.006700e+02 7
9.009128e+02 10
9.011556e+02 11
9.013984e+02 12
9.016412e+02 9
9.018840e+02 12
9.021268e+02 10
9.023695e+02 13
9.026123e+02 7
9.028551e+02 10
9.030979e+02 9
9.033408e+02 10
9.035836e+02 6
9.038264e+02 6
9.040692e+02 6
9.043120e+02 9
9.045548e+02 14
9.047976e+02 13
9.050404e+02 5
9.052832e+02 11
9.055261e+02 13
9.057689e+02 12
9.060117e+02 7
9.062545e+02 11
9.064974e+02 12
9.067402e+02 14
9.069830e+02 11
9.072258e+02 8
9.074687e+02 9
9.077115e+02 8
9.079543e+02 10
9.081972e+02 9
9.084400e+02 6
9.086829e+02 7
9.089257e+02 9
9.091686e+02 10
9.094114e+02 2
9.096543e+02 10
9.098971e+02 10
9.101400e+02 13
9.103828e+02 6
9.106257e+02 6
9.108685e+02 10
9.111114e+02 2
9.113543e+02 7
9.115971e+02 4
9.118400e+02 6
9.120829e+02 11
9.123257e+02 11
9.125686e+02 9
9.128115e+02 10
9.130543e+02 13
9.132972e+02 17
9.135401e+02 10
9.137830e+02 9
9.140259e+02 6
9.142687e+02 3
9.145116e+02 9
9.147545e+02 5
9.149974e+02 9
9.152403e+02 12
9.154832e+02 7
9.157261e+02 6
9.159690e+02 7
9.162119e+02 5
9.164548e+02 13
9.166977e+02 8
9.169406e+02 8
9.171835e+02 7
9.174264e+02 4
9.176693e+02 6
9.179122e+02 9
9.181551e+02 10
9.183980e+02 11
9.186410e+02 2
9.188839e+02 6
9.191268e+02 10
9.193697e+02 8
9.196126e+02 10
9.198556e+02 10
9.200985e+02 8
9.203414e+02 6
9.205844e+02 8
9.208273e+02 5
9.210702e+02 5
9.213132e+02 4
9.215561e+02 7
9.217990e+02 10
9.220420e+02 6
9.222849e+02 14
9.225279e+02 10
9.227708e+02 9
9.230138e+02 6
9.232567e+02 7
9.234997e+02 11
9.237426e+02 8
9.239856e+02 9
9.242285e+02 4
9.244715e+02 8
9.247144e+02 9
9.249574e+02 5
9.252004e+02 6
9.254433e+02 11
9.256863e+02 4
9.259293e+02 6
9.261723e+02 6
9.264152e+02 7
9.266582e+02 6
9.269012e+02 11
9.271442e+02 9
9.273871e+02 15
9.276301e+02 5
9.278731e+02 8
9.281161e+02 3
9.283591e+02 9
9.286021e+02 13
9.288451e+02 8
9.290881e+02 8
9.293311e+02 5
9.295740e+02 3
9.298170e+02 7
9.300600e+02 5
9.303031e+02 6
9.305461e+02 3
9.307891e+02 7
9.310321e+02 10
9.312751e+02 7
9.315181e+02 2
9.317611e+02 4
9.320041e+02 7
9.322471e+02 5
9.324902e+02 9
9.327332e+02 9
9.329762e+02 3
9.332192e+02 6
9.334622e+02 9
9.337053e+02 10
9.339483e+02 5
9.341913e+02 4
9.344344e+02 6
9.346774e+02 6
9.349204e+02 4
9.351635e+02 11
9.354065e+02 6
9.356496e+02 5
9.358926e+02 7
9.361356e+02 4
9.363787e+02 4
9.366217e+02 8
9.368648e+02 10
9.371079e+02 2
9.373509e+02 4
9.375940e+02 8
9.378370e+02 5
9.380801e+02 1
9.383231e+02 9
9.385662e+02 2
9.388093e+02 2
9.390523e+02 10
9.392954e+02 3
9.395385e+02 13
9.397816e+02 8
9.400246e+02 8
9.402677e+02 3
9.405108e+02 5
9.407539e+02 4
9.409969e+02 3
9.412400e+02 7
9.414831e+02 4
9.417262e+02 6
9.419693e+02 4
9.422124e+02 5
9.424555e+02 5
9.426986e+02 4
9.429417e+02 2
9.431848e+02 9
9.434279e+02 2
9.436710e+02 3
9.439141e+02 2
9.441572e+02 4
9.444003e+02 6
9.446434e+02 10
9.448865e+02 7
9.451296e+02 11
9.453727e+02 3
9.456158e+02 4
9.458589e+02 9
9.461021e+02 6
9.463452e+02 7
9.465883e+02 4
9.468314e+02 9
9.470746e+02 9
9.473177e+02 7
9.475608e+02 5
9.478040e+02 3
9.480471e+02 2
9.482902e+02 6
9.485334e+02 2
9.487765e+02 2
9.490196e+02 5
9.492628e+02 4
9.495059e+02 7
9.497491e+02 5
9.499922e+02 2
9.502354e+02 3
9.504785e+02 4
9.507217e+02 7
9.509648e+02 4
9.512080e+02 0
9.514511e+02 6
9.516943e+02 3
9.519375e+02 4
9.521806e+02 6
9.524238e+02 7
9.526670e+02 8
9.529101e+02 3
9.531533e+02 4
9.533965e+02 3
9.536397e+02 2
9.538828e+02 8
9.541260e+02 7
9.543692e+02 2
9.546124e+02 2
9.548556e+02 0
9.550987e+02 5
9.553419e+02 3
9.555851e+02 7
9.558283e+02 4
9.560715e+02 4
9.563147e+02 5
9.565579e+02 3
9.568011e+02 2
9.570443e+02 6
9.572875e+02 2
9.575307e+02 4
9.577739e+02 3
9.580171e+02 9
9.582603e+02 1
9.585035e+02 3
9.587468e+02 5
9.589900e+02 2
9.592332e+02 2
9.594764e+02 0
9.597196e+02 1
9.599628e+02 5
9.602061e+02 3
9.604493e+02 5
9.606925e+02 3
9.609357e+02 3
9.611790e+02 1
9.614222e+02 4
9.616654e+02 1
9.619087e+02 4
9.621519e+02 3
9.623952e+02 4
9.626384e+02 2
9.628816e+02 3
9.631249e+02 7
9.633681e+02 4
9.636114e+02 4
9.638546e+02 1
9.640979e+02 3
9.643411e+02 5
9.645844e+02 4
9.648277e+02 2
9.650709e+02 4
9.653142e+02 4
9.655574e+02 3
9.658007e+02 4
9.660440e+02 4
9.662872e+02 3
9.665305e+02 5
9.667738e+02 1
9.670171e+02 1
9.672603e+02 1
9.675036e+02 2
9.677469e+02 4
9.679902e+02 3
9.682335e+02 0
9.684767e+02 2
9.687200e+02 2
9.689633e+02 1
9.692066e+02 5
9.694499e+02 1
9.696932e+02 2
9.699365e+02 2
9.701798e+02 0
9.704231e+02 0
9.706664e+02 1
9.709097e+02 4
9.711530e+02 3
9.713963e+02 3
9.716396e+02 2
9.718829e+02 5
9.721262e+02 5
9.723695e+02 1
9.726129e+02 5
9.728562e+02 3
9.730995e+02 2
9.733428e+02 2
9.735861e+02 1
9.738295e+02 2
9.740728e+02 2
9.743161e+02 1
9.745594e+02 0
9.748028e+02 1
9.750461e+02 3
9.752894e+02 2
9.755328e+02 4
9.757761e+02 2
9.760195e+02 3
9.762628e+02 1
9.765061e+02 3
9.767495e+02 5
9.769928e+02 1
9.772362e+02 2
9.774795e+02 4
9.777229e+02 2
9.779662e+02 5
9.782096e+02 3
9.784530e+02 4
9.786963e+02 2
9.789397e+02 1
9.791831e+02 3
9.794264e+02 4
9.796698e+02 3
9.799132e+02 0
9.801565e+02 3
9.803999e+02 3
9.806433e+02 3
9.808866e+02 2
9.811300e+02 3
9.813734e+02 2
9.816168e+02 1
9.818602e+02 4
9.821036e+02 0
9.823469e+02 1
9.825903e+02 2
9.828337e+02 0
9.830771e+02 3
9.833205e+02 2
9.835639e+02 2
9.838073e+02 3
9.840507e+02 2
9.842941e+02 3
9.845375e+02 2
9.847809e+02 2
9.850243e+02 0
9.852677e+02 3
9.855111e+02 0
9.857546e+02 0
9.859980e+02 2
9.862414e+02 1
9.864848e+02 0
9.867282e+02 2
9.869716e+02 3
9.872151e+02 1
9.874585e+02 3
9.877019e+02 2
9.879453e+02 2
9.881888e+02 2
9.884322e+02 3
9.886756e+02 0
9.889191e+02 0
9.891625e+02 3
9.894060e+02 0
9.896494e+02 5
9.898928e+02 4
9.901363e+02 2
9.903797e+02 0
9.906232e+02 3
9.908666e+02 0
9.911101e+02 1
9.913535e+02 5
9.915970e+02 2
9.918404e+02 2
9.920839e+02 1
9.923274e+02 3
9.925708e+02 1
9.928143e+02 2
9.930578e+02 2
9.933012e+02 2
9.935447e+02 0
9.937882e+02 2
9.940316e+02 0
9.942751e+02 2
9.945186e+02 0
9.947621e+02 2
9.950056e+02 4
9.952490e+02 0
9.954925e+02 1
9.957360e+02 4
9.959795e+02 2
9.962230e+02 2
9.964665e+02 2
9.967100e+02 1
9.969535e+02 2
9.971970e+02 1
9.974405e+02 3
9.976840e+02 1
9.979275e+02 1
9.981710e+02 2
9.984145e+02 1
9.986580e+02 3
9.989015e+02 1
9.991450e+02 2
9.993885e+02 1
9.996320e+02 1
9.998756e+02 4
1.000119e+03 0
1.000363e+03 1
1.000606e+03 0
1.000850e+03 0
1.001093e+03 1
1.001337e+03 2
1.001580e+03 0
1.001824e+03 2
1.002067e+03 1
1.002311e+03 1
1.002554e+03 0
1.002798e+03 5
1.003041e+03 0
1.003285e+03 3
1.003529e+03 1
1.003772e+03 1
1.004016e+03 0
1.004259e+03 1
1.004503e+03 1
1.004746e+03 2
1.004990e+03 2
1.005233e+03 1
1.005477e+03 1
1.005720e+03 1
1.005964e+03 1
1.006208e+03 0
1.006451e+03 0
1.006695e+03 2
1.006938e+03 2
1.007182e+03 0
1.007425e+03 2
1.007669e+03 0
1.007913e+03 1
1.008156e+03 1
1.008400e+03 1
1.008643e+03 1
1.008887e+03 0
1.009131e+03 0
1.009374e+03 3
1.009618e+03 0
1.009861e+03 1
1.010105e+03 2
1.010348e+03 0
1.010592e+03 2
1.010836e+03 2
1.011079e+03 1
1.011323e+03 0
1.011566e+03 1
1.011810e+03 0
1.012054e+03 3
1.012297e+03 0
1.012541e+03 2
1.012785e+03 2
1.013028e+03 0
1.013272e+03 0
1.013515e+03 2
1.013759e+03 2
1.014003e+03 1
1.014246e+03 0
1.014490e+03 1
1.014733e+03 0
1.014977e+03 1
1.015221e+03 3
1.015464e+03 1
1.015708e+03 0
1.015952e+03 2
1.016195e+03 2
1.016439e+03 0
1.016683e+03 0
1.016926e+03 0
1.017170e+03 0
1.017413e+03 0
1.017657e+03 1
1.017901e+03 3
1.018144e+03 0
1.018388e+03 0
1.018632e+03 1
1.018875e+03 1
1.019119e+03 0
1.019363e+03 0
1.019606e+03 0
1.019850e+03 0
1.020094e+03 0
1.020337e+03 2
1.020581e+03 2
1.020825e+03 0
1.021068e+03 1
1.021312e+03 0
1.021556e+03 0
1.021799e+03 0
1.022043e+03 0
1.022287e+03 0
1.022530e+03 0
1.022774e+03 1
1.023018e+03 0
1.023262e+03 0
1.023505e+03 0
1.023749e+03 0
1.023993e+03 2
1.024236e+03 0
1.024480e+03 1
1.024724e+03 0
1.024967e+03 1
1.025211e+03 1
1.025455e+03 2
1.025699e+03 0
1.025942e+03 1
1.026186e+03 0
1.026430e+03 0
1.026673e+03 0
1.026917e+03 0
1.027161e+03 0
1.027405e+03 0
1.027648e+03 0
1.027892e+03 1
1.028136e+03 1
1.028379e+03 0
1.028623e+03 0
1.028867e+03 1
1.029111e+03 1
1.029354e+03 0
1.029598e+03 1
1.029842e+03 1
1.030086e+03 0
1.030329e+03 0
1.030573e+03 0
1.030817e+03 0
1.031061e+03 1
1.031304e+03 0
1.031548e+03 0
1.031792e+03 0
1.032036e+03 1
1.032279e+03 1
1.032523e+03 0
1.032767e+03 1
1.033011e+03 0
1.033254e+03 0
1.033498e+03 0
1.033742e+03 0
1.033986e+03 0
1.034229e+03 0
1.034473e+03 0
1.034717e+03 0
1.034961e+03 0
1.035205e+03 0
1.035448e+03 0
1.035692e+03 0
1.035936e+03 0
1.036180e+03 0
1.036423e+03 2
1.036667e+03 0
1.036911e+03 1
1.037155e+03 0
1.037399e+03 0
1.037642e+03 0
1.037886e+03 0
1.038130e+03 0
1.038374e+03 0
1.038618e+03 2
1.038861e+03 0
1.039105e+03 0
1.039349e+03 0
1.039593e+03 0
1.039837e+03 0
1.040080e+03 1
1.040324e+03 2
1.040568e+03 0
1.040812e+03 0
1.041056e+03 0
1.041300e+03 0
1.041543e+03 0
1.041787e+03 0
1.042031e+03 0
1.042275e+03 0
1.042519e+03 1
1.042762e+03 0
1.043006e+03 0
1.043250e+03 0
1.043494e+03 1
1.043738e+03 0
1.043982e+03 0
1.044226e+03 1
1.044469e+03 1
1.044713e+03 0
1.044957e+03 0
1.045201e+03 0
1.045445e+03 1
1.045689e+03 1
1.045932e+03 1
1.046176e+03 0
1.046420e+03 0
1.046664e+03 0
1.046908e+03 0
1.047152e+03 0
1.047396e+03 0
1.047640e+03 1
1.047883e+03 0
1.048127e+03 0
1.048371e+03 0
1.048615e+03 0
1.048859e+03 0
1.049103e+03 1
1.049347e+03 0
1.049591e+03 0
1.049834e+03 1
1.050078e+03 0
1.050322e+03 0
1.050566e+03 0
1.050810e+03 0
1.051054e+03 0
1.051298e+03 2
1.051542e+03 0
1.051786e+03 1
1.052029e+03 1
1.052273e+03 1
1.052517e+03 0
1.052761e+03 0
1.053005e+03 0
1.053249e+03 1
1.053493e+03 0
1.053737e+03 0
1.053981e+03 1
1.054225e+03 0
1.054469e+03 1
1.054713e+03 0
1.054956e+03 0
1.055200e+03 0
1.055444e+03 0
1.055688e+03 0
1.055932e+03 1
1.056176e+03 0
1.056420e+03 0
1.056664e+03 0
1.056908e+03 2
1.057152e+03 1
1.057396e+03 0
1.057640e+03 0
1.057884e+03 0
1.058128e+03 0
1.058372e+03 1
1.058616e+03 0
1.058859e+03 2
1.059103e+03 0
1.059347e+03 0
1.059591e+03 0
1.059835e+03 1
1.060079e+03 0
1.060323e+03 0
1.060567e+03 0
1.060811e+03 0
1.061055e+03 0
1.061299e+03 2
1.061543e+03 1
1.061787e+03 0
1.062031e+03 0
1.062275e+03 0
1.062519e+03 1
1.062763e+03 0
1.063007e+03 1
1.063251e+03 1
1.063495e+03 0
1.063739e+03 1
1.063983e+03 0
1.064227e+03 0
1.064471e+03 0
1.064715e+03 0
1.064959e+03 0
1.065203e+03 0
1.065447e+03 1
1.065691e+03 0
1.065935e+03 0
1.066179e+03 0
1.066423e+03 0
1.066667e+03 0
1.066911e+03 1
1.067155e+03 0
1.067399e+03 0
1.067643e+03 0
1.067887e+03 0
1.068131e+03 0
1.068375e+03 0
1.068619e+03 0
1.068863e+03 0
1.069107e+03 0
1.069351e+03 1
1.069595e+03 0
1.069839e+03 0
1.070083e+03 0
1.070327e+03 0
1.070571e+03 0
1.070815e+03 0
1.071059e+03 0
1.071303e+03 1
1.071547e+03 0
1.071791e+03 0
1.072036e+03 0
1.072280e+03 0
1.072524e+03 0
1.072768e+03 0
1.073012e+03 0
1.073256e+03 0
1.073500e+03 0
1.073744e+03 0
1.073988e+03 0
1.074232e+03 2
1.074476e+03 0
1.074720e+03 0
1.074964e+03 0
1.075208e+03 1
1.075452e+03 0
1.075696e+03 0
1.075941e+03 0
1.076185e+03 0
1.076429e+03 1
1.076673e+03 1
1.076917e+03 0
1.077161e+03 0
1.077405e+03 0
1.077649e+03 0
1.077893e+03 1
1.078137e+03 0
1.078381e+03 0
1.078626e+03 0
1.078870e+03 0
1.079114e+03 0
1.079358e+03 0
1.079602e+03 1
1.079846e+03 0
1.080090e+03 0
1.080334e+03 0
1.080578e+03 1
1.080822e+03 0
1.081067e+03 0
1.081311e+03 0
1.081555e+03 1
1.081799e+03 0
1.082043e+03 0
1.082287e+03 0
1.082531e+03 0
1.082775e+03 0
1.083020e+03 0
1.083264e+03 0
1.083508e+03 0
1.083752e+03 0
1.083996e+03 0
1.084240e+03 0
1.084484e+03 0
1.084729e+03 0
1.084973e+03 0
1.085217e+03 0
1.085461e+03 1
1.085705e+03 0
1.085949e+03 0
1.086193e+03 0
1.086438e+03 0
1.086682e+03 0
1.086926e+03 0
1.087170e+03 0
1.087414e+03 0
1.087658e+03 0
1.087903e+03 0
1.088147e+03 0
1.088391e+03 0
1.088635e+03 1
1.088879e+03 0
1.089123e+03 0
1.089368e+03 0
1.089612e+03 0
1.089856e+03 0
1.090100e+03 0
1.090344e+03 0
1.090588e+03 0
1.090833e+03 0
1.091077e+03 0
1.091321e+03 0
1.091565e+03 0
1.091809e+03 0
1.092054e+03 0
1.092298e+03 0
1.092542e+03 0
1.092786e+03 0
1.093030e+03 0
1.093275e+03 0
1.093519e+03 0
1.093763e+03 0
1.094007e+03 1
1.094251e+03 0
1.094496e+03 0
1.094740e+03 0
1.094984e+03 1
1.095228e+03 2
1.095473e+03 1
1.095717e+03 0
1.095961e+03 0
1.096205e+03 0
1.096449e+03 1
1.096694e+03 1
1.096938e+03 0
1.097182e+03 0
1.097426e+03 1
1.097671e+03 0
1.097915e+03 1
1.098159e+03 0
1.098403e+03 0
1.098648e+03 0
1.098892e+03 0
1.099136e+03 0
1.099380e+03 0
1.099625e+03 0
1.099869e+03 0
1.100113e+03 0
1.100357e+03 0
1.100602e+03 0
1.100846e+03 0
1.101090e+03 0
1.101334e+03 0
1.101579e+03 0
1.101823e+03 0
1.102067e+03 0
1.102312e+03 0
1.102556e+03 0
1.102800e+03 0
1.103044e+03 1
1.103289e+03 0
1.103533e+03 1
1.103777e+03 0
1.104021e+03 0
1.104266e+03 0
1.104510e+03 0
1.104754e+03 0
1.104999e+03 0
1.105243e+03 0
1.105487e+03 0
1.105732e+03 0
1.105976e+03 0
1.106220e+03 0
1.106464e+03 0
1.106709e+03 0
1.106953e+03 0
1.107197e+03 0
1.107442e+03 0
1.107686e+03 0
1.107930e+03 0
1.108175e+03 0
1.108419e+03 0
1.108663e+03 0
1.108908e+03 0
1.109152e+03 0
1.109396e+03 0
1.109641e+03 1
1.109885e+03 0
1.110129e+03 0
1.110373e+03 0
1.110618e+03 1
1.110862e+03 0
1.111106e+03 0
1.111351e+03 0
1.111595e+03 0
1.111840e+03 1
1.112084e+03 0
1.112328e+03 1
1.112573e+03 1
1.112817e+03 0
1.113061e+03 1
1.113306e+03 0
1.113550e+03 0
1.113794e+03 0
1.114039e+03 0
1.114283e+03 0
1.114527e+03 0
1.114772e+03 0
1.115016e+03 0
1.115260e+03 0
1.115505e+03 0
1.115749e+03 0
1.115994e+03 0
1.116238e+03 0
1.116482e+03 0
1.116727e+03 0
1.116971e+03 0
1.117215e+03 0
1.117460e+03 0
1.117704e+03 0
1.117949e+03 0
1.118193e+03 0
1.118437e+03 0
1.118682e+03 0
1.118926e+03 0
1.119171e+03 0
1.119415e+03 0
1.119659e+03 0
1.119904e+03 0
1.120148e+03 0
1.120393e+03 0
1.120637e+03 0
1.120881e+03 0
1.121126e+03 0
1.121370e+03 0
1.121615e+03 0
1.121859e+03 0
1.122104e+03 0
1.122348e+03 0
1.122592e+03 0
1.122837e+03 0
1.123081e+03 0
1.123326e+03 0
1.123570e+03 0
1.123814e+03 0
1.124059e+03 0
1.124303e+03 0
1.124548e+03 0
1.124792e+03 0
1.125037e+03 0
1.125281e+03 0
1.125526e+03 0
1.125770e+03 0
1.126014e+03 0
1.126259e+03 0
1.126503e+03 0
1.126748e+03 0
1.126992e+03 1
1.127237e+03 1
1.127481e+03 0
1.127726e+03 0
1.127970e+03 0
1.128215e+03 0
1.128459e+03 0
1.128703e+03 0
1.128948e+03 0
1.129192e+03 0
1.129437e+03 0
1.129681e+03 0
1.129926e+03 0
1.130170e+03 1
1.130415e+03 0
1.130659e+03 0
1.130904e+03 0
1.131148e+03 0
1.131393e+03 0
1.131637e+03 0
1.131882e+03 0
1.132126e+03 0
1.132371e+03 0
1.132615e+03 0
1.132860e+03 0
1.133104e+03 0
1.133349e+03 0
1.133593e+03 0
1.133838e+03 0
1.134082e+03 0
1.134327e+03 0
1.134571e+03 1
1.134816e+03 0
1.135060e+03 0
1.135305e+03 0
1.135549e+03 0
1.135794e+03 0
1.136038e+03 0
1.136283e+03 0
1.136527e+03 0
1.136772e+03 0
1.137016e+03 0
1.137261e+03 0
1.137505e+03 0
1.137750e+03 0
1.137994e+03 0
1.138239e+03 0
1.138484e+03 0
1.138728e+03 0
1.138973e+03 0
1.139217e+03 0
1.139462e+03 0
1.139706e+03 0
1.139951e+03 0
1.140195e+03 0
1.140440e+03 0
1.140684e+03 0
1.140929e+03 0
1.141174e+03 0
1.141418e+03 0
1.141663e+03 0
1.141907e+03 1
1.142152e+03 0
1.142396e+03 0
1.142641e+03 0
1.142886e+03 0
1.143130e+03 0
1.143375e+03 0
1.143619e+03 0
1.143864e+03 0
1.144108e+03 0
1.144353e+03 0
1.144598e+03 0
1.144842e+03 0
1.145087e+03 0
1.145331e+03 0
1.145576e+03 0
1.145821e+03 0
1.146065e+03 0
1.146310e+03 0
1.146554e+03 0
1.146799e+03 0
1.147044e+03 0
1.147288e+03 0
1.147533e+03 1
1.147777e+03 0
1.148022e+03 1
1.148267e+03 0
1.148511e+03 0
1.148756e+03 0
1.149000e+03 0
1.149245e+03 0
1.149490e+03 0
1.149734e+03 0
1.149979e+03 0
1.150224e+03 0
1.150468e+03 0
1.150713e+03 0
1.150957e+03 0
1.151202e+03 0
1.151447e+03 0
1.151691e+03 0
1.151936e+03 0
1.152181e+03 0
1.152425e+03 0
1.152670e+03 0
1.152914e+03 0
1.153159e+03 0
1.153404e+03 1
1.153648e+03 0
1.153893e+03 0
1.154138e+03 0
1.154382e+03 0
1.154627e+03 0
1.154872e+03 0
1.155116e+03 0
1.155361e+03 0
1.155606e+03 0
1.155850e+03 0
1.156095e+03 0
1.156340e+03 0
1.156584e+03 0
1.156829e+03 0
1.157074e+03 0
1.157318e+03 0
1.157563e+03 0
1.157808e+03 0
1.158052e+03 0
1.158297e+03 0
1.158542e+03 0
1.158786e+03 0
1.159031e+03 0
1.159276e+03 0
1.159521e+03 0
1.159765e+03 0
1.160010e+03 0
1.160255e+03 0
1.160499e+03 0
1.160744e+03 0
1.160989e+03 0
1.161233e+03 0
1.161478e+03 0
1.161723e+03 0
1.161968e+03 0
1.162212e+03 0
1.162457e+03 0
1.162702e+03 0
1.162946e+03 0
1.163191e+03 0
1.163436e+03 0
1.163681e+03 0
1.163925e+03 0
1.164170e+03 0
1.164415e+03 0
1.164660e+03 0
1.164904e+03 0
1.165149e+03 0
1.165394e+03 0
1.165638e+03 0
1.165883e+03 0
1.166128e+03 0
1.166373e+03 0
1.166617e+03 0
1.166862e+03 0
1.167107e+03 0
1.167352e+03 0
1.167596e+03 0
1.167841e+03 0
1.168086e+03 0
1.168331e+03 1
1.168575e+03 0
1.168820e+03 0
1.169065e+03 0
1.169310e+03 0
1.169554e+03 0
1.169799e+03 0
1.170044e+03 0
1.170289e+03 0
1.170534e+03 0
1.170778e+03 0
1.171023e+03 0
1.171268e+03 0
1.171513e+03 0
1.171757e+03 0
1.172002e+03 0
1.172247e+03 0
1.172492e+03 0
1.172737e+03 0
1.172981e+03 1
1.173226e+03 0
1.173471e+03 0
1.173716e+03 0
1.173961e+03 0
1.174205e+03 0
1.174450e+03 0
1.174695e+03 0
1.174940e+03 0
1.175185e+03 0
1.175429e+03 0
1.175674e+03 0
1.175919e+03 0
1.176164e+03 0
1.176409e+03 0
1.176653e+03 0
1.176898e+03 0
1.177143e+03 0
1.177388e+03 0
1.177633e+03 0
1.177878e+03 0
1.178122e+03 1
1.178367e+03 0
1.178612e+03 0
1.178857e+03 0
1.179102e+03 0
1.179347e+03 0
1.179591e+03 0
1.179836e+03 1
1.180081e+03 0
1.180326e+03 0
1.180571e+03 0
1.180816e+03 0
1.181061e+03 0
1.181305e+03 0
1.181550e+03 0
1.181795e+03 0
1.182040e+03 0
1.182285e+03 0
1.182530e+03 0
1.182775e+03 0
1.183019e+03 0
1.183264e+03 0
1.183509e+03 0
1.183754e+03 0
1.183999e+03 0
1.184244e+03 1
1.184489e+03 0
1.184734e+03 0
1.184978e+03 1
1.185223e+03 0
1.185468e+03 0
1.185713e+03 0
1.185958e+03 0
1.186203e+03 0
1.186448e+03 0
1.186693e+03 0
1.186937e+03 0
1.187182e+03 0
1.187427e+03 0
1.187672e+03 0
1.187917e+03 0
1.188162e+03 0
1.188407e+03 0
1.188652e+03 0
1.188897e+03 0
1.189142e+03 0
1.189387e+03 1
1.189631e+03 0
1.189876e+03 0
1.190121e+03 1
1.190366e+03 0
1.190611e+03 0
1.190856e+03 1
1.191101e+03 0
1.191346e+03 0
1.191591e+03 0
1.191836e+03 0
1.192081e+03 0
1.192326e+03 0
1.192571e+03 0
1.192815e+03 0
1.193060e+03 0
1.193305e+03 0
1.193550e+03 0
1.193795e+03 0
1.194040e+03 0
1.194285e+03 0
1.194530e+03 0
1.194775e+03 0
1.195020e+03 0
1.195265e+03 0
1.195510e+03 0
1.195755e+03 0
1.196000e+03 0
1.196245e+03 0
1.196490e+03 0
1.196735e+03 0
1.196980e+03 1
1.197225e+03 0
1.197470e+03 0
1.197715e+03 0
1.197960e+03 0
1.198205e+03 0
1.198450e+03 0
1.198695e+03 0
1.198939e+03 0
1.199184e+03 0
1.199429e+03 0
1.199674e+03 0
1.199919e+03 0
1.200164e+03 1
1.200409e+03 0
1.200654e+03 0
1.200899e+03 0
1.201144e+03 0
1.201389e+03 0
1.201634e+03 0
1.201879e+03 0
1.202124e+03 0
1.202369e+03 0
1.202614e+03 0
1.202859e+03 0
1.203104e+03 0
1.203349e+03 1
1.203594e+03 0
1.203840e+03 0
1.204085e+03 0
1.204330e+03 0
1.204575e+03 0
1.204820e+03 0
1.205065e+03 0
1.205310e+03 0
1.205555e+03 0
1.205800e+03 0
1.206045e+03 0
1.206290e+03 0
1.206535e+03 0
1.206780e+03 0
1.207025e+03 0
1.207270e+03 0
1.207515e+03 0
1.207760e+03 0
1.208005e+03 0
1.208250e+03 0
1.208495e+03 0
1.208740e+03 0
1.208985e+03 0
1.209230e+03 0
1.209475e+03 0
1.209720e+03 0
1.209966e+03 0
1.210211e+03 0
1.210456e+03 0
1.210701e+03 0
1.210946e+03 0
1.211191e+03 0
1.211436e+03 0
1.211681e+03 0
1.211926e+03 0
1.212171e+03 0
1.212416e+03 0
1.212661e+03 0
1.212906e+03 0
1.213152e+03 0
1.213397e+03 0
1.213642e+03 0
1.213887e+03 0
1.214132e+03 0
1.214377e+03 0
1.214622e+03 0
1.214867e+03 0
1.215112e+03 0
1.215357e+03 0
1.215602e+03 0
1.215848e+03 0
1.216093e+03 0
1.216338e+03 0
1.216583e+03 0
1.216828e+03 0
1.217073e+03 0
1.217318e+03 0
1.217563e+03 0
1.217809e+03 0
1.218054e+03 0
1.218299e+03 0
1.218544e+03 0
1.218789e+03 0
1.219034e+03 0
1.219279e+03 0
1.219524e+03 0
1.219770e+03 0
1.220015e+03 0
1.220260e+03 0
1.220505e+03 0
1.220750e+03 0
1.220995e+03 0
1.221240e+03 0
1.221486e+03 0
1.221731e+03 0
1.221976e+03 0
1.222221e+03 0
1.222466e+03 0
1.222711e+03 0
1.222956e+03 0
1.223202e+03 0
1.223447e+03 0
1.223692e+03 0
1.223937e+03 0
1.224182e+03 0
1.224427e+03 0
1.224673e+03 0
1.224918e+03 0
1.225163e+03 0
1.225408e+03 0
1.225653e+03 0
1.225898e+03 0
1.226144e+03 0
1.226389e+03 0
1.226634e+03 0
1.226879e+03 0
1.227124e+03 0
1.227370e+03 0
1.227615e+03 0
1.227860e+03 0
1.228105e+03 0
1.228350e+03 0
1.228596e+03 0
1.228841e+03 0
1.229086e+03 0
1.229331e+03 0
1.229576e+03 0
1.229822e+03 0
1.230067e+03 0
1.230312e+03 0
1.230557e+03 0
1.230802e+03 0
1.231048e+03 0
1.231293e+03 0
1.231538e+03 0
1.231783e+03 0
1.232029e+03 0
1.232274e+03 0
1.232519e+03 0
1.232764e+03 0
1.233009e+03 0
1.233255e+03 0
1.233500e+03 0
1.233745e+03 0
1.233990e+03 0
1.234236e+03 0
1.234481e+03 0
1.234726e+03 0
1.234971e+03 0
1.235217e+03 0
1.235462e+03 0
1.235707e+03 1
1.235952e+03 0
1.236198e+03 1
1.236443e+03 0
1.236688e+03 0
1.236933e+03 0
1.237179e+03 0
1.237424e+03 0
1.237669e+03 0
1.237915e+03 0
1.238160e+03 0
1.238405e+03 0
1.238650e+03 0
1.238896e+03 0
1.239141e+03 0
1.239386e+03 0
1.239631e+03 0
1.239877e+03 0
1.240122e+03 0
1.240367e+03 0
1.240613e+03 0
1.240858e+03 0
1.241103e+03 0
1.241348e+03 0
1.241594e+03 0
1.241839e+03 0
1.242084e+03 0
1.242330e+03 0
1.242575e+03 0
1.242820e+03 0
1.243066e+03 0
1.243311e+03 0
1.243556e+03 0
1.243801e+03 0
1.244047e+03 0
1.244292e+03 0
1.244537e+03 0
1.244783e+03 0
1.245028e+03 0
1.245273e+03 0
1.245519e+03 0
1.245764e+03 0
1.246009e+03 0
1.246255e+03 0
1.246500e+03 0
1.246745e+03 0
1.246991e+03 0
1.247236e+03 0
1.247481e+03 0
1.247727e+03 0
1.247972e+03 0
1.248217e+03 0
1.248463e+03 0
1.248708e+03 0
1.248953e+03 0
1.249199e+03 0
1.249444e+03 0
1.249689e+03 0
1.249935e+03 0
1.250180e+03 0
1.250426e+03 0
1.250671e+03 0
1.250916e+03 0
1.251162e+03 0
1.251407e+03 0
1.251652e+03 0
1.251898e+03 0
1.252143e+03 0
1.252388e+03 0
1.252634e+03 0
1.252879e+03 0
1.253125e+03 0
1.253370e+03 0
1.253615e+03 0
1.253861e+03 0
1.254106e+03 0
1.254352e+03 0
1.254597e+03 0
1.254842e+03 0
1.255088e+03 0
1.255333e+03 0
1.255579e+03 0
1.255824e+03 0
1.256069e+03 0
1.256315e+03 0
1.256560e+03 0
1.256806e+03 0
1.257051e+03 0
1.257296e+03 0
1.257542e+03 0
1.257787e+03 0
1.258033e+03 0
1.258278e+03 0
1.258523e+03 1
1.258769e+03 0
1.259014e+03 0
1.259260e+03 0
1.259505e+03 0
1.259751e+03 0
1.259996e+03 0
1.260241e+03 0
1.260487e+03 0
1.260732e+03 0
1.260978e+03 0
1.261223e+03 0
1.261469e+03 0
1.261714e+03 0
1.261959e+03 0
1.262205e+03 0
1.262450e+03 0
1.262696e+03 0
1.262941e+03 0
1.263187e+03 0
1.263432e+03 0
1.263678e+03 0
1.263923e+03 0
1.264169e+03 0
1.264414e+03 1
1.264659e+03 0
1.264905e+03 0
1.265150e+03 0
1.265396e+03 0
1.265641e+03 1
1.265887e+03 0
1.266132e+03 0
1.266378e+03 0
1.266623e+03 0
1.266869e+03 0
1.267114e+03 0
1.267360e+03 0
1.267605e+03 0
1.267851e+03 0
1.268096e+03 0
1.268342e+03 0
1.268587e+03 0
1.268833e+03 0
1.269078e+03 0
1.269324e+03 0
1.269569e+03 0
1.269815e+03 0
1.270060e+03 0
1.270306e+03 0
1.270551e+03 0
1.270797e+03 0
1.271042e+03 0
1.271288e+03 0
1.271533e+03 0
1.271779e+03 0
1.272024e+03 0
1.272270e+03 0
1.272515e+03 0
1.272761e+03 0
1.273006e+03 0
1.273252e+03 0
1.273497e+03 0
1.273743e+03 0
1.273988e+03 0
1.274234e+03 0
1.274480e+03 0
1.274725e+03 0
1.274971e+03 0
1.275216e+03 0
1.275462e+03 0
1.275707e+03 0
1.275953e+03 0
1.276198e+03 0
1.276444e+03 0
1.276689e+03 0
1.276935e+03 0
1.277181e+03 0
1.277426e+03 0
1.277672e+03 0
1.277917e+03 0
1.278163e+03 0
1.278408e+03 0
1.278654e+03 0
1.278899e+03 0
1.279145e+03 0
1.279391e+03 1
1.279636e+03 0
1.279882e+03 0
1.280127e+03 0
1.280373e+03 0
1.280618e+03 0
1.280864e+03 0
1.281110e+03 0
1.281355e+03 0
1.281601e+03 0
1.281846e+03 0
1.282092e+03 0
1.282338e+03 0
1.282583e+03 0
1.282829e+03 0
1.283074e+03 0
1.283320e+03 0
1.283566e+03 0
1.283811e+03 0
1.284057e+03 0
1.284302e+03 0
1.284548e+03 0
1.284794e+03 0
1.285039e+03 0
1.285285e+03 0
1.285530e+03 0
1.285776e+03 0
1.286022e+03 0
1.286267e+03 0
1.286513e+03 0
1.286759e+03 0
1.287004e+03 0
1.287250e+03 0
1.287495e+03 0
1.287741e+03 1
1.287987e+03 0
1.288232e+03 0
1.288478e+03 0
1.288724e+03 0
1.288969e+03 0
1.289215e+03 0
1.289461e+03 0
1.289706e+03 0
1.289952e+03 0
1.290198e+03 0
1.290443e+03 0
1.290689e+03 0
1.290934e+03 0
1.291180e+03 0
1.291426e+03 0
1.291671e+03 0
1.291917e+03 0
1.292163e+03 0
1.292408e+03 0
1.292654e+03 0
1.292900e+03 0
1.293145e+03 0
1.293391e+03 0
1.293637e+03 0
1.293883e+03 0
1.294128e+03 0
1.294374e+03 0
1.294620e+03 0
1.294865e+03 0
1.295111e+03 0
1.295357e+03 0
1.295602e+03 0
1.295848e+03 0
1.296094e+03 0
1.296339e+03 0
1.296585e+03 0
1.296831e+03 0
1.297076e+03 0
1.297322e+03 0
1.297568e+03 0
1.297814e+03 0
1.298059e+03 0
1.298305e+03 0
1.298551e+03 0
1.298796e+03 0
1.299042e+03 0
1.299288e+03 0
1.299534e+03 0
1.299779e+03 0
1.300025e+03 0
1.300271e+03 0
1.300516e+03 0
1.300762e+03 0
1.301008e+03 0
1.301254e+03 0
1.301499e+03 0
1.301745e+03 0
1.301991e+03 0
1.302237e+03 0
1.302482e+03 0
1.302728e+03 0
1.302974e+03 0
1.303220e+03 1
1.303465e+03 0
1.303711e+03 0
1.303957e+03 0
1.304203e+03 1
1.304448e+03 0
1.304694e+03 0
1.304940e+03 0
1.305186e+03 0
1.305431e+03 0
1.305677e+03 0
1.305923e+03 0
1.306169e+03 0
1.306414e+03 0
1.306660e+03 0
1.306906e+03 0
1.307152e+03 0
1.307398e+03 0
1.307643e+03 0
1.307889e+03 0
1.308135e+03 0
1.308381e+03 0
1.308626e+03 0
1.308872e+03 0
1.309118e+03 0
1.309364e+03 0
1.309610e+03 0
1.309855e+03 0
1.310101e+03 0
1.310347e+03 0
1.310593e+03 0
1.310839e+03 0
1.311084e+03 0
1.311330e+03 0
1.311576e+03 0
1.311822e+03 0
1.312068e+03 0
1.312313e+03 0
1.312559e+03 0
1.312805e+03 0
1.313051e+03 0
1.313297e+03 0
1.313543e+03 0
1.313788e+03 0
1.314034e+03 0
1.314280e+03 0
1.314526e+03 0
1.314772e+03 0
1.315018e+03 0
1.315263e+03 0
1.315509e+03 0
1.315755e+03 0
1.316001e+03 0
1.316247e+03 0
1.316493e+03 0
1.316738e+03 0
1.316984e+03 0
1.317230e+03 0
1.317476e+03 0
1.317722e+03 0
1.317968e+03 0
1.318214e+03 0
1.318459e+03 0
1.318705e+03 0
1.318951e+03 0
1.319197e+03 0
1.319443e+03 0
1.319689e+03 0
1.319935e+03 0
1.320180e+03 0
1.320426e+03 0
1.320672e+03 0
1.320918e+03 0
1.321164e+03 0
1.321410e+03 0
1.321656e+03 0
1.321902e+03 1
1.322147e+03 0
1.322393e+03 0
1.322639e+03 0
1.322885e+03 0
1.323131e+03 0
1.323377e+03 0
1.323623e+03 0
1.323869e+03 0
1.324115e+03 0
1.324360e+03 0
1.324606e+03 0
1.324852e+03 0
1.325098e+03 1
1.325344e+03 0
1.325590e+03 0
1.325836e+03 0
1.326082e+03 0
1.326328e+03 0
1.326574e+03 0
1.326820e+03 0
1.327066e+03 0
1.327311e+03 0
1.327557e+03 0
1.327803e+03 0
1.328049e+03 0
1.328295e+03 0
1.328541e+03 0
1.328787e+03 0
1.329033e+03 0
1.329279e+03 0
1.329525e+03 0
1.329771e+03 0
1.330017e+03 0
1.330263e+03 0
1.330509e+03 0
1.330755e+03 0
1.331000e+03 0
1.331246e+03 0
1.331492e+03 0
1.331738e+03 0
1.331984e+03 0
1.332230e+03 0
1.332476e+03 0
1.332722e+03 0
1.332968e+03 0
1.333214e+03 0
1.333460e+03 0
1.333706e+03 0
1.333952e+03 0
1.334198e+03 0
1.334444e+03 0
1.334690e+03 0
1.334936e+03 0
1.335182e+03 0
1.335428e+03 0
1.335674e+03 0
1.335920e+03 0
1.336166e+03 0
1.336412e+03 0
1.336658e+03 0
1.336904e+03 0
1.337150e+03 0
1.337396e+03 0
1.337642e+03 0
1.337888e+03 0
1.338134e+03 0
1.338380e+03 0
1.338626e+03 0
1.338872e+03 1
1.339118e+03 0
1.339364e+03 0
1.339610e+03 0
1.339856e+03 0
1.340102e+03 0
1.340348e+03 0
1.340594e+03 0
1.340840e+03 0
1.341086e+03 1
1.341332e+03 0
1.341578e+03 0
1.341824e+03 0
1.342070e+03 0
1.342316e+03 0
1.342562e+03 0
1.342808e+03 0
1.343054e+03 0
1.343300e+03 0
1.343546e+03 0
1.343792e+03 0
1.344038e+03 0
1.344284e+03 0
1.344530e+03 0
1.344777e+03 0
1.345023e+03 0
1.345269e+03 0
1.345515e+03 0
1.345761e+03 0
1.346007e+03 0
1.346253e+03 0
1.346499e+03 0
1.346745e+03 0
1.346991e+03 0
1.347237e+03 0
1.347483e+03 0
1.347729e+03 0
1.347975e+03 0
1.348221e+03 0
1.348467e+03 0
1.348714e+03 0
1.348960e+03 0
1.349206e+03 0
1.349452e+03 0
1.349698e+03 0
1.349944e+03 0
1.350190e+03 0
1.350436e+03 0
1.350682e+03 0
1.350928e+03 0
1.351174e+03 0
1.351421e+03 0
1.351667e+03 0
1.351913e+03 0
1.352159e+03 0
1.352405e+03 0
1.352651e+03 0
1.352897e+03 0
1.353143e+03 0
1.353389e+03 0
1.353636e+03 0
1.353882e+03 0
1.354128e+03 0
1.354374e+03 0
1.354620e+03 1
1.354866e+03 0
1.355112e+03 0
1.355358e+03 0
1.355604e+03 0
1.355851e+03 0
1.356097e+03 0
1.356343e+03 0
1.356589e+03 0
1.356835e+03 0
1.357081e+03 0
1.357327e+03 0
1.357574e+03 0
1.357820e+03 0
1.358066e+03 0
1.358312e+03 1
1.358558e+03 0
1.358804e+03 0
1.359050e+03 0
1.359297e+03 0
1.359543e+03 0
1.359789e+03 0
1.360035e+03 0
1.360281e+03 0
1.360527e+03 0
1.360774e+03 0
1.361020e+03 0
1.361266e+03 0
1.361512e+03 0
1.361758e+03 1
1.362004e+03 0
1.362251e+03 0
1.362497e+03 0
1.362743e+03 0
1.362989e+03 0
1.363235e+03 0
1.363482e+03 0
1.363728e+03 0
1.363974e+03 0
1.364220e+03 0
1.364466e+03 0
1.364713e+03 0
1.364959e+03 0
1.365205e+03 0
1.365451e+03 0
1.365697e+03 0
1.365944e+03 0
1.366190e+03 0
1.366436e+03 0
1.366682e+03 0
1.366928e+03 0
1.367175e+03 0
1.367421e+03 0
1.367667e+03 0
1.367913e+03 0
1.368159e+03 0
1.368406e+03 0
1.368652e+03 0
1.368898e+03 0
1.369144e+03 0
1.369391e+03 0
1.369637e+03 0
1.369883e+03 0
1.370129e+03 0
1.370376e+03 0
1.370622e+03 0
1.370868e+03 1
1.371114e+03 0
1.371360e+03 0
1.371607e+03 0
1.371853e+03 0
1.372099e+03 0
1.372345e+03 0
1.372592e+03 0
1.372838e+03 0
1.373084e+03 0
1.373331e+03 0
1.373577e+03 0
1.373823e+03 0
1.374069e+03 0
1.374316e+03 0
1.374562e+03 0
1.374808e+03 0
1.375054e+03 0
1.375301e+03 0
1.375547e+03 0
1.375793e+03 0
1.376039e+03 0
1.376286e+03 0
1.376532e+03 0
1.376778e+03 0
1.377025e+03 0
1.377271e+03 0
1.377517e+03 0
1.377763e+03 0
1.378010e+03 0
1.378256e+03 0
1.378502e+03 0
1.378749e+03 0
1.378995e+03 0
1.379241e+03 0
1.379488e+03 0
1.379734e+03 0
1.379980e+03 0
1.380226e+03 0
1.380473e+03 0
1.380719e+03 0
1.380965e+03 0
1.381212e+03 0
1.381458e+03 0
1.381704e+03 0
1.381951e+03 0
1.382197e+03 0
1.382443e+03 0
1.382690e+03 0
1.382936e+03 0
1.383182e+03 0
1.383429e+03 0
1.383675e+03 0
1.383921e+03 0
1.384168e+03 0
1.384414e+03 0
1.384660e+03 0
1.384907e+03 0
1.385153e+03 0
1.385399e+03 0
1.385646e+03 0
1.385892e+03 0
1.386138e+03 0
1.386385e+03 0
1.386631e+03 0
1.386877e+03 0
1.387124e+03 0
1.387370e+03 0
1.387617e+03 0
1.387863e+03 0
1.388109e+03 0
1.388356e+03 0
1.388602e+03 0
1.388848e+03 0
1.389095e+03 0
1.389341e+03 0
1.389588e+03 0
1.389834e+03 0
1.390080e+03 0
1.390327e+03 0
1.390573e+03 0
1.390819e+03 0
1.391066e+03 0
1.391312e+03 0
1.391559e+03 0
1.391805e+03 0
1.392051e+03 0
1.392298e+03 0
1.392544e+03 0
1.392791e+03 0
1.393037e+03 0
1.393283e+03 0
1.393530e+03 0
1.393776e+03 0
1.394023e+03 0
1.394269e+03 0
1.394515e+03 0
1.394762e+03 0
1.395008e+03 0
1.395255e+03 0
1.395501e+03 1
1.395748e+03 0
1.395994e+03 0
1.396240e+03 0
1.396487e+03 0
1.396733e+03 0
1.396980e+03 0
1.397226e+03 0
1.397473e+03 0
1.397719e+03 0
1.397965e+03 0
1.398212e+03 0
1.398458e+03 0
1.398705e+03 0
1.398951e+03 0
1.399198e+03 0
1.399444e+03 0
1.399691e+03 0
1.399937e+03 0
1.400183e+03 0
1.400430e+03 0
1.400676e+03 0
1.400923e+03 0
1.401169e+03 0
1.401416e+03 0
1.401662e+03 0
1.401909e+03 0
1.402155e+03 0
1.402402e+03 0
1.402648e+03 1
1.402895e+03 0
1.403141e+03 0
1.403388e+03 0
1.403634e+03 0
1.403881e+03 0
1.404127e+03 0
1.404373e+03 0
1.404620e+03 0
1.404866e+03 0
1.405113e+03 0
1.405359e+03 0
1.405606e+03 0
1.405852e+03 0
1.406099e+03 0
1.406345e+03 0
1.406592e+03 0
1.406838e+03 0
1.407085e+03 0
1.407331e+03 0
1.407578e+03 0
1.407824e+03 0
1.408071e+03 0
1.408317e+03 0
1.408564e+03 0
1.408811e+03 0
1.409057e+03 0
1.409304e+03 0
1.409550e+03 0
1.409797e+03 0
1.410043e+03 0
1.410290e+03 0
1.410536e+03 0
1.410783e+03 0
1.411029e+03 0
1.411276e+03 0
1.411522e+03 0
1.411769e+03 0
1.412015e+03 0
1.412262e+03 0
1.412508e+03 0
1.412755e+03 0
1.413002e+03 0
1.413248e+03 0
1.413495e+03 0
1.413741e+03 0
1.413988e+03 0
1.414234e+03 0
1.414481e+03 0
1.414727e+03 0
1.414974e+03 0
1.415221e+03 0
1.415467e+03 0
1.415714e+03 0
1.415960e+03 0
1.416207e+03 0
1.416453e+03 0
1.416700e+03 0
1.416947e+03 0
1.417193e+03 0
1.417440e+03 0
1.417686e+03 0
1.417933e+03 0
1.418180e+03 0
1.418426e+03 1
1.418673e+03 0
1.418919e+03 0
1.419166e+03 0
1.419412e+03 0
1.419659e+03 0
1.419906e+03 0
1.420152e+03 0
1.420399e+03 0
1.420645e+03 0
1.420892e+03 0
1.421139e+03 0
1.421385e+03 0
1.421632e+03 0
1.421879e+03 0
1.422125e+03 0
1.422372e+03 0
1.422618e+03 0
1.422865e+03 0
1.423112e+03 0
1.423358e+03 0
1.423605e+03 0
1.423851e+03 0
1.424098e+03 0
1.424345e+03 0
1.424591e+03 0
1.424838e+03 0
1.425085e+03 0
1.425331e+03 0
1.425578e+03 0
1.425825e+03 0
1.426071e+03 0
1.426318e+03 0
1.426564e+03 0
1.426811e+03 0
1.427058e+03 0
1.427304e+03 0
1.427551e+03 0
1.427798e+03 0
1.428044e+03 0
1.428291e+03 0
1.428538e+03 0
1.428784e+03 0
1.429031e+03 0
1.429278e+03 0
1.429524e+03 0
1.429771e+03 0
1.430018e+03 0
1.430264e+03 0
1.430511e+03 1
1.430758e+03 0
1.431004e+03 0
1.431251e+03 0
1.431498e+03 0
1.431744e+03 0
1.431991e+03 0
1.432238e+03 0
1.432485e+03 0
1.432731e+03 0
1.432978e+03 0
1.433225e+03 0
1.433471e+03 0
1.433718e+03 0
1.433965e+03 0
1.434211e+03 0
1.434458e+03 0
1.434705e+03 0
1.434952e+03 0
1.435198e+03 0
1.435445e+03 0
1.435692e+03 0
1.435938e+03 0
1.436185e+03 0
1.436432e+03 0
1.436679e+03 0
1.436925e+03 0
1.437172e+03 0
1.437419e+03 0
1.437665e+03 0
1.437912e+03 0
1.438159e+03 0
1.438406e+03 0
1.438652e+03 0
1.438899e+03 0
1.439146e+03 0
1.439393e+03 0
1.439639e+03 0
1.439886e+03 0
1.440133e+03 0
1.440380e+03 0
1.440626e+03 0
1.440873e+03 0
1.441120e+03 1
1.441367e+03 0
1.441613e+03 0
1.441860e+03 0
1.442107e+03 0
1.442354e+03 0
1.442600e+03 0
1.442847e+03 0
1.443094e+03 0
1.443341e+03 0
1.443587e+03 0
1.443834e+03 0
1.444081e+03 0
1.444328e+03 0
1.444575e+03 0
1.444821e+03 0
1.445068e+03 0
1.445315e+03 0
1.445562e+03 0
1.445808e+03 0
1.446055e+03 0
1.446302e+03 0
1.446549e+03 0
1.446796e+03 0
1.447042e+03 0
1.447289e+03 0
1.447536e+03 0
1.447783e+03 0
1.448030e+03 0
1.448276e+03 0
1.448523e+03 0
1.448770e+03 0
1.449017e+03 0
1.449264e+03 0
1.449511e+03 0
1.449757e+03 0
1.450004e+03 0
1.450251e+03 0
1.450498e+03 0
1.450745e+03 0
1.450991e+03 0
1.451238e+03 0
1.451485e+03 0
1.451732e+03 0
1.451979e+03 0
1.452226e+03 0
1.452472e+03 0
1.452719e+03 0
1.452966e+03 0
1.453213e+03 0
1.453460e+03 0
1.453707e+03 0
1.453953e+03 0
1.454200e+03 0
1.454447e+03 1
1.454694e+03 0
1.454941e+03 0
1.455188e+03 0
1.455435e+03 0
1.455681e+03 0
1.455928e+03 0
1.456175e+03 0
1.456422e+03 0
1.456669e+03 0
1.456916e+03 0
1.457163e+03 0
1.457410e+03 0
1.457656e+03 0
1.457903e+03 0
1.458150e+03 0
1.458397e+03 0
1.458644e+03 0
1.458891e+03 0
1.459138e+03 0
1.459385e+03 0
1.459631e+03 0
1.459878e+03 0
1.460125e+03 0
1.460372e+03 0
1.460619e+03 0
1.460866e+03 0
1.461113e+03 0
1.461360e+03 0
1.461607e+03 0
1.461853e+03 0
1.462100e+03 0
1.462347e+03 0
1.462594e+03 0
1.462841e+03 0
1.463088e+03 0
1.463335e+03 0
1.463582e+03 0
1.463829e+03 0
1.464076e+03 0
1.464323e+03 0
1.464570e+03 0
1.464816e+03 0
1.465063e+03 0
1.465310e+03 0
1.465557e+03 0
1.465804e+03 0
1.466051e+03 0
1.466298e+03 0
1.466545e+03 0
1.466792e+03 0
1.467039e+03 0
1.467286e+03 0
1.467533e+03 0
1.467780e+03 0
1.468027e+03 0
1.468274e+03 0
1.468521e+03 0
1.468768e+03 0
1.469014e+03 0
1.469261e+03 0
1.469508e+03 0
1.469755e+03 0
1.470002e+03 0
1.470249e+03 0
1.470496e+03 0
1.470743e+03 0
1.470990e+03 0
1.471237e+03 0
1.471484e+03 0
1.471731e+03 0
1.471978e+03 0
1.472225e+03 0
1.472472e+03 0
1.472719e+03 0
1.472966e+03 0
1.473213e+03 0
1.473460e+03 0
1.473707e+03 0
1.473954e+03 0
1.474201e+03 0
1.474448e+03 0
1.474695e+03 0
1.474942e+03 0
1.475189e+03 0
1.475436e+03 0
1.475683e+03 0
1.475930e+03 0
1.476177e+03 0
1.476424e+03 0
1.476671e+03 0
1.476918e+03 0
1.477165e+03 0
1.477412e+03 0
1.477659e+03 0
1.477906e+03 0
1.478153e+03 0
1.478400e+03 0
1.478647e+03 0
1.478894e+03 0
1.479141e+03 0
1.479388e+03 0
1.479635e+03 0
1.479882e+03 0
1.480129e+03 0
1.480376e+03 0
1.480623e+03 0
1.480871e+03 0
1.481118e+03 0
1.481365e+03 0
1.481612e+03 0
1.481859e+03 0
1.482106e+03 0
1.482353e+03 0
1.482600e+03 0
1.482847e+03 0
1.483094e+03 0
1.483341e+03 0
1.483588e+03 0
1.483835e+03 0
1.484082e+03 0
1.484329e+03 0
1.484576e+03 0
1.484823e+03 0
1.485070e+03 0
1.485318e+03 0
1.485565e+03 1
1.485812e+03 0
1.486059e+03 0
1.486306e+03 0
1.486553e+03 0
1.486800e+03 0
1.487047e+03 0
1.487294e+03 0
1.487541e+03 0
1.487788e+03 0
1.488036e+03 0
1.488283e+03 0
1.488530e+03 0
1.488777e+03 0
1.489024e+03 0
1.489271e+03 0
1.489518e+03 0
1.489765e+03 0
1.490012e+03 0
1.490259e+03 0
1.490507e+03 0
1.490754e+03 0
1.491001e+03 0
1.491248e+03 0
1.491495e+03 0
1.491742e+03 0
1.491989e+03 0
1.492236e+03 0
1.492484e+03 0
1.492731e+03 0
1.492978e+03 0
1.493225e+03 0
1.493472e+03 0
1.493719e+03 0
1.493966e+03 0
1.494213e+03 0
1.494461e+03 0
1.494708e+03 0
1.494955e+03 0
1.495202e+03 0
1.495449e+03 0
1.495696e+03 0
1.495943e+03 0
1.496191e+03 0
1.496438e+03 0
1.496685e+03 0
1.496932e+03 0
1.497179e+03 0
1.497426e+03 0
1.497674e+03 0
1.497921e+03 0
1.498168e+03 0
1.498415e+03 0
1.498662e+03 0
1.498909e+03 0
1.499157e+03 0
1.499404e+03 0
1.499651e+03 0
1.499898e+03 0
1.500145e+03 0
1.500393e+03 0
1.500640e+03 0
1.500887e+03 0
1.501134e+03 0
1.501381e+03 0
1.501628e+03 0
1.501876e+03 0
1.502123e+03 0
1.502370e+03 0
1.502617e+03 0
1.502864e+03 0
1.503112e+03 0
1.503359e+03 0
1.503606e+03 0
1.503853e+03 0
1.504101e+03 0
1.504348e+03 0
1.504595e+03 0
1.504842e+03 0
1.505089e+03 0
1.505337e+03 0
1.505584e+03 0
1.505831e+03 0
1.506078e+03 0
1.506325e+03 0
1.506573e+03 0
1.506820e+03 0
1.507067e+03 0
1.507314e+03 1
1.507562e+03 0
1.507809e+03 0
1.508056e+03 0
1.508303e+03 0
1.508551e+03 0
1.508798e+03 0
1.509045e+03 0
1.509292e+03 0
1.509540e+03 0
1.509787e+03 0
1.510034e+03 0
1.510281e+03 0
1.510529e+03 0
1.510776e+03 0
1.511023e+03 0
1.511270e+03 0
1.511518e+03 0
1.511765e+03 0
1.512012e+03 0
1.512260e+03 0
1.512507e+03 0
1.512754e+03 0
1.513001e+03 0
1.513249e+03 0
1.513496e+03 0
1.513743e+03 0
1.513990e+03 0
1.514238e+03 0
1.514485e+03 0
1.514732e+03 0
1.514980e+03 0
1.515227e+03 0
1.515474e+03 0
1.515721e+03 0
1.515969e+03 0
1.516216e+03 0
1.516463e+03 0
1.516711e+03 0
1.516958e+03 0
1.517205e+03 0
1.517453e+03 0
1.517700e+03 0
1.517947e+03 0
1.518195e+03 0
1.518442e+03 0
1.518689e+03 0
1.518936e+03 0
1.519184e+03 0
1.519431e+03 0
1.519678e+03 0
1.519926e+03 0
1.520173e+03 0
1.520420e+03 0
1.520668e+03 0
1.520915e+03 0
1.521162e+03 0
1.521410e+03 0
1.521657e+03 0
1.521904e+03 0
1.522152e+03 0
1.522399e+03 0
1.522646e+03 0
1.522894e+03 0
1.523141e+03 0
1.523389e+03 0
1.523636e+03 0
1.523883e+03 0
1.524131e+03 0
1.524378e+03 0
1.524625e+03 0
1.524873e+03 0
1.525120e+03 0
1.525367e+03 0
1.525615e+03 0
1.525862e+03 0
1.526110e+03 0
1.526357e+03 0
1.526604e+03 0
1.526852e+03 1
1.527099e+03 0
1.527346e+03 0
1.527594e+03 0
1.527841e+03 0
1.528089e+03 0
1.528336e+03 0
1.528583e+03 0
1.528831e+03 0
1.529078e+03 0
1.529326e+03 0
1.529573e+03 0
1.529820e+03 0
1.530068e+03 0
1.530315e+03 0
1.530563e+03 0
1.530810e+03 0
1.531057e+03 0
1.531305e+03 0
1.531552e+03 0
1.531800e+03 0
1.532047e+03 0
1.532294e+03 0
1.532542e+03 0
1.532789e+03 0
1.533037e+03 0
1.533284e+03 0
1.533532e+03 0
1.533779e+03 0
1.534026e+03 0
1.534274e+03 0
1.534521e+03 0
1.534769e+03 0
1.535016e+03 0
1.535264e+03 0
1.535511e+03 0
1.535758e+03 0
1.536006e+03 0
1.536253e+03 0
1.536501e+03 0
1.536748e+03 0
1.536996e+03 0
1.537243e+03 0
1.537491e+03 0
1.537738e+03 0
1.537985e+03 0
1.538233e+03 0
1.538480e+03 0
1.538728e+03 0
1.538975e+03 0
1.539223e+03 0
1.539470e+03 0
1.539718e+03 0
1.539965e+03 0
1.540213e+03 0
1.540460e+03 0
1.540708e+03 0
1.540955e+03 0
1.541203e+03 0
1.541450e+03 0
1.541698e+03 0
1.541945e+03 0
1.542193e+03 0
1.542440e+03 0
1.542688e+03 0
1.542935e+03 0
1.543183e+03 0
1.543430e+03 0
1.543677e+03 0
1.543925e+03 0
1.544173e+03 1
1.544420e+03 0
1.544668e+03 0
1.544915e+03 0
1.545163e+03 0
1.545410e+03 0
1.545658e+03 0
1.545905e+03 0
1.546153e+03 0
1.546400e+03 0
1.546648e+03 0
1.546895e+03 0
1.547143e+03 0
1.547390e+03 0
1.547638e+03 0
1.547885e+03 0
1.548133e+03 0
1.548380e+03 0
1.548628e+03 0
1.548875e+03 0
1.549123e+03 0
1.549370e+03 0
1.549618e+03 0
1.549866e+03 0
1.550113e+03 0
1.550361e+03 0
1.550608e+03 0
1.550856e+03 0
1.551103e+03 0
1.551351e+03 0
1.551598e+03 0
1.551846e+03 0
1.552094e+03 0
1.552341e+03 0
1.552589e+03 0
1.552836e+03 0
1.553084e+03 0
1.553331e+03 0
1.553579e+03 0
1.553827e+03 0
1.554074e+03 0
1.554322e+03 0
1.554569e+03 0
1.554817e+03 0
1.555064e+03 0
1.555312e+03 0
1.555560e+03 0
1.555807e+03 0
1.556055e+03 0
1.556302e+03 0
1.556550e+03 0
1.556798e+03 0
1.557045e+03 0
1.557293e+03 0
1.557540e+03 0
1.557788e+03 0
1.558036e+03 0
1.558283e+03 0
1.558531e+03 0
1.558778e+03 0
1.559026e+03 0
1.559274e+03 0
1.559521e+03 0
1.559769e+03 0
1.560016e+03 0
1.560264e+03 0
1.560512e+03 0
1.560759e+03 0
1.561007e+03 0
1.561255e+03 0
1.561502e+03 0
1.561750e+03 0
1.561997e+03 0
1.562245e+03 0
1.562493e+03 0
1.562740e+03 0
1.562988e+03 0
1.563236e+03 0
1.563483e+03 0
1.563731e+03 0
1.563979e+03 0
1.564226e+03 0
1.564474e+03 0
1.564721e+03 0
1.564969e+03 0
1.565217e+03 0
1.565464e+03 0
1.565712e+03 0
1.565960e+03 0
1.566207e+03 0
1.566455e+03 0
1.566703e+03 0
1.566950e+03 0
1.567198e+03 0
1.567446e+03 0
1.567693e+03 0
1.567941e+03 0
1.568189e+03 0
1.568436e+03 0
1.568684e+03 0
1.568932e+03 0
1.569180e+03 0
1.569427e+03 0
1.569675e+03 0
1.569923e+03 0
1.570170e+03 0
1.570418e+03 0
1.570666e+03 0
1.570913e+03 0
1.571161e+03 0
1.571409e+03 0
1.571656e+03 0
1.571904e+03 0
1.572152e+03 0
1.572400e+03 0
1.572647e+03 0
1.572895e+03 0
1.573143e+03 0
1.573390e+03 0
1.573638e+03 0
1.573886e+03 0
1.574134e+03 0
1.574381e+03 0
1.574629e+03 0
1.574877e+03 0
1.575124e+03 0
1.575372e+03 0
1.575620e+03 0
1.575868e+03 0
1.576115e+03 0
1.576363e+03 0
1.576611e+03 0
1.576859e+03 0
1.577106e+03 0
1.577354e+03 0
1.577602e+03 0
1.577850e+03 0
1.578097e+03 0
1.578345e+03 0
1.578593e+03 0
1.578841e+03 0
1.579088e+03 0
1.579336e+03 0
1.579584e+03 0
1.579832e+03 0
1.580079e+03 0
1.580327e+03 0
1.580575e+03 0
1.580823e+03 0
1.581070e+03 0
1.581318e+03 0
1.581566e+03 0
1.581814e+03 0
1.582062e+03 0
1.582309e+03 0
1.582557e+03 0
1.582805e+03 0
1.583053e+03 0
1.583301e+03 0
1.583548e+03 0
1.583796e+03 0
1.584044e+03 0
1.584292e+03 0
1.584539e+03 0
1.584787e+03 0
1.585035e+03 0
1.585283e+03 0
1.585531e+03 0
1.585778e+03 0
1.586026e+03 0
1.586274e+03 0
1.586522e+03 0
1.586770e+03 0
1.587018e+03 0
1.587265e+03 0
1.587513e+03 0
1.587761e+03 0
1.588009e+03 0
1.588257e+03 0
1.588504e+03 0
1.588752e+03 0
1.589000e+03 0
1.589248e+03 0
1.589496e+03 0
1.589744e+03 0
1.589991e+03 0
1.590239e+03 0
1.590487e+03 0
1.590735e+03 0
1.590983e+03 0
1.591231e+03 0
1.591478e+03 0
1.591726e+03 0
1.591974e+03 0
1.592222e+03 1
1.592470e+03 0
1.592718e+03 0
1.592966e+03 0
1.593213e+03 0
1.593461e+03 0
1.593709e+03 0
1.593957e+03 0
1.594205e+03 0
1.594453e+03 0
1.594701e+03 0
1.594949e+03 0
1.595196e+03 0
1.595444e+03 0
1.595692e+03 0
1.595940e+03 0
1.596188e+03 0
1.596436e+03 0
1.596684e+03 0
1.596932e+03 0
1.597179e+03 0
1.597427e+03 0
1.597675e+03 0
1.597923e+03 0
1.598171e+03 0
1.598419e+03 0
1.598667e+03 0
1.598915e+03 0
1.599163e+03 0
1.599411e+03 0
1.599658e+03 0
1.599906e+03 0
1.600154e+03 0
1.600402e+03 0
1.600650e+03 0
1.600898e+03 0
1.601146e+03 0
1.601394e+03 0
1.601642e+03 0
1.601890e+03 0
1.602138e+03 0
1.602385e+03 0
1.602633e+03 0
1.602881e+03 0
1.603129e+03 0
1.603377e+03 0
1.603625e+03 0
1.603873e+03 0
1.604121e+03 0
1.604369e+03 0
1.604617e+03 0
1.604865e+03 0
1.605113e+03 0
1.605361e+03 0
1.605609e+03 0
1.605857e+03 0
1.606105e+03 0
1.606353e+03 0
1.606600e+03 0
1.606848e+03 0
1.607096e+03 0
1.607344e+03 0
1.607592e+03 0
1.607840e+03 0
1.608088e+03 0
1.608336e+03 0
1.608584e+03 0
1.608832e+03 0
1.609080e+03 0
1.609328e+03 0
1.609576e+03 0
1.609824e+03 0
1.610072e+03 0
1.610320e+03 0
1.610568e+03 0
1.610816e+03 0
1.611064e+03 0
1.611312e+03 0
1.611560e+03 0
1.611808e+03 0
1.612056e+03 0
1.612304e+03 0
1.612552e+03 0
1.612800e+03 0
1.613048e+03 0
1.613296e+03 0
1.613544e+03 0
1.613792e+03 0
1.614040e+03 0
1.614288e+03 0
1.614536e+03 0
1.614784e+03 0
1.615032e+03 0
1.615280e+03 0
1.615528e+03 0
1.615776e+03 0
1.616024e+03 0
1.616272e+03 0
1.616520e+03 0
1.616768e+03 0
1.617016e+03 0
1.617264e+03 0
1.617512e+03 0
1.617760e+03 0
1.618008e+03 0
1.618256e+03 0
1.618504e+03 0
1.618753e+03 0
1.619001e+03 0
1.619249e+03 0
1.619497e+03 0
1.619745e+03 0
1.619993e+03 0
1.620241e+03 0
1.620489e+03 0
1.620737e+03 0
1.620985e+03 0
1.621233e+03 0
1.621481e+03 0
1.621729e+03 0
1.621977e+03 0
1.622225e+03 0
1.622473e+03 0
1.622721e+03 0
1.622970e+03 0
1.623218e+03 0
1.623466e+03 0
1.623714e+03 0
1.623962e+03 0
1.624210e+03 0
1.624458e+03 0
1.624706e+03 0
1.624954e+03 0
1.625202e+03 0
1.625450e+03 0
1.625698e+03 0
1.625947e+03 0
1.626195e+03 0
1.626443e+03 0
1.626691e+03 0
1.626939e+03 0
1.627187e+03 0
1.627435e+03 0
1.627683e+03 0
1.627931e+03 0
1.628180e+03 0
1.628428e+03 0
1.628676e+03 0
1.628924e+03 0
1.629172e+03 0
1.629420e+03 0
1.629668e+03 0
1.629916e+03 0
1.630164e+03 0
1.630413e+03 0
1.630661e+03 0
1.630909e+03 0
1.631157e+03 0
1.631405e+03 0
1.631653e+03 0
1.631901e+03 0
1.632150e+03 0
1.632398e+03 0
1.632646e+03 0
1.632894e+03 0
1.633142e+03 0
1.633390e+03 0
1.633638e+03 0
1.633887e+03 0
1.634135e+03 0
1.634383e+03 0
1.634631e+03 0
1.634879e+03 0
1.635127e+03 0
1.635376e+03 1
1.635624e+03 0
1.635872e+03 0
1.636120e+03 0
1.636368e+03 0
1.636616e+03 0
1.636865e+03 0
1.637113e+03 0
1.637361e+03 0
1.637609e+03 0
1.637857e+03 0
1.638105e+03 0
1.638354e+03 0
1.638602e+03 0
1.638850e+03 0
1.639098e+03 0
1.639346e+03 0
1.639595e+03 0
1.639843e+03 0
1.640091e+03 0
1.640339e+03 0
1.640587e+03 0
1.640836e+03 0
1.641084e+03 0
1.641332e+03 0
1.641580e+03 0
1.641828e+03 0
1.642077e+03 0
1.642325e+03 0
1.642573e+03 0
1.642821e+03 0
1.643070e+03 0
1.643318e+03 0
1.643566e+03 0
1.643814e+03 0
1.644062e+03 0
1.644311e+03 0
1.644559e+03 0
1.644807e+03 0
1.645055e+03 0
1.645304e+03 0
1.645552e+03 0
1.645800e+03 0
1.646048e+03 0
1.646297e+03 0
1.646545e+03 0
1.646793e+03 0
1.647041e+03 0
1.647290e+03 0
1.647538e+03 0
1.647786e+03 0
1.648034e+03 0
1.648283e+03 0
1.648531e+03 0
1.648779e+03 0
1.649027e+03 0
1.649276e+03 0
1.649524e+03 0
1.649772e+03 0
1.650020e+03 0
1.650269e+03 0
1.650517e+03 0
1.650765e+03 0
1.651014e+03 0
1.651262e+03 0
1.651510e+03 0
1.651758e+03 0
1.652007e+03 0
1.652255e+03 0
1.652503e+03 0
1.652752e+03 0
1.653000e+03 0
1.653248e+03 0
1.653496e+03 0
1.653745e+03 0
1.653993e+03 0
1.654241e+03 1
1.654490e+03 0
1.654738e+03 0
1.654986e+03 0
1.655235e+03 0
1.655483e+03 1
1.655731e+03 0
1.655979e+03 1
1.656228e+03 0
1.656476e+03 1
1.656724e+03 0
1.656973e+03 0
1.657221e+03 0
1.657469e+03 0
1.657718e+03 0
1.657966e+03 0
1.658214e+03 0
1.658463e+03 0
1.658711e+03 1
1.658959e+03 2
1.659208e+03 3
1.659456e+03 3
1.659704e+03 1
1.659953e+03 2
1.660201e+03 2
1.660449e+03 1
1.660698e+03 4
1.660946e+03 0
1.661194e+03 3
1.661443e+03 2
1.661691e+03 2
1.661940e+03 0
1.662188e+03 0
1.662436e+03 1
1.662685e+03 0
1.662933e+03 0
1.663181e+03 0
1.663430e+03 0
1.663678e+03 0
1.663926e+03 1
1.664175e+03 1
1.664423e+03 0
1.664672e+03 2
1.664920e+03 1
1.665168e+03 5
1.665417e+03 1
1.665665e+03 10
1.665913e+03 11
1.666162e+03 5
1.666410e+03 0
1.666659e+03 1
1.666907e+03 0
1.667155e+03 1
1.667404e+03 0
1.667652e+03 0
1.667901e+03 0
1.668149e+03 0
1.668397e+03 0
1.668646e+03 0
1.668894e+03 0
1.669143e+03 0
1.669391e+03 0
1.669639e+03 0
1.669888e+03 0
1.670136e+03 0
1.670385e+03 0
1.670633e+03 0
1.670882e+03 0
1.671130e+03 0
1.671378e+03 0
1.671627e+03 0
1.671875e+03 0
1.672124e+03 0
1.672372e+03 0
1.672621e+03 0
1.672869e+03 0
1.673117e+03 0
1.673366e+03 0
1.673614e+03 0
1.673863e+03 0
1.674111e+03 0
1.674360e+03 0
1.674608e+03 0
1.674857e+03 0
1.675105e+03 0
1.675353e+03 0
1.675602e+03 0
1.675850e+03 0
1.676099e+03 0
1.676347e+03 0
1.676596e+03 0
1.676844e+03 0
1.677093e+03 0
1.677341e+03 0
1.677590e+03 0
1.677838e+03 0
1.678087e+03 0
1.678335e+03 0
1.678584e+03 0
1.678832e+03 0
1.679080e+03 0
1.679329e+03 0
1.679577e+03 0
1.679826e+03 0
1.680074e+03 0
1.680323e+03 0
1.680571e+03 0
1.680820e+03 0
1.681068e+03 0
1.681317e+03 0
1.681565e+03 0
1.681814e+03 0
1.682062e+03 0
1.682311e+03 0
1.682559e+03 0
1.682808e+03 0
1.683056e+03 0
1.683305e+03 0
1.683553e+03 0
1.683802e+03 0
1.684050e+03 0
1.684299e+03 0
1.684548e+03 0
1.684796e+03 0
1.685045e+03 0
1.685293e+03 0
1.685542e+03 0
1.685790e+03 1
1.686039e+03 0
1.686287e+03 0
1.686536e+03 0
1.686784e+03 0
1.687033e+03 0
1.687281e+03 0
1.687530e+03 0
1.687778e+03 0
1.688027e+03 0
1.688276e+03 0
1.688524e+03 0
1.688773e+03 0
1.689021e+03 0
1.689270e+03 0
1.689518e+03 0
1.689767e+03 0
1.690015e+03 0
1.690264e+03 1
1.690513e+03 0
1.690761e+03 0
1.691010e+03 0
1.691258e+03 0
1.691507e+03 0
1.691755e+03 1
1.692004e+03 0
1.692253e+03 0
1.692501e+03 0
1.692750e+03 0
1.692998e+03 0
1.693247e+03 0
1.693495e+03 0
1.693744e+03 0
1.693993e+03 0
1.694241e+03 0
1.694490e+03 0
1.694738e+03 0
1.694987e+03 0
1.695236e+03 0
1.695484e+03 0
1.695733e+03 0
1.695981e+03 0
1.696230e+03 0
1.696479e+03 0
1.696727e+03 0
1.696976e+03 0
1.697224e+03 0
1.697473e+03 0
1.697722e+03 0
1.697970e+03 0
1.698219e+03 0
1.698468e+03 0
1.698716e+03 0
1.698965e+03 0
1.699213e+03 0
1.699462e+03 0
1.699711e+03 0
1.699959e+03 0
1.700208e+03 0
1.700457e+03 0
1.700705e+03 0
1.700954e+03 0
1.701202e+03 0
1.701451e+03 0
1.701700e+03 0
1.701948e+03 0
1.702197e+03 0
1.702446e+03 0
1.702694e+03 0
1.702943e+03 0
1.703192e+03 0
1.703440e+03 0
1.703689e+03 0
1.703938e+03 0
1.704186e+03 0
1.704435e+03 0
1.704684e+03 0
1.704932e+03 0
1.705181e+03 0
1.705430e+03 0
1.705678e+03 0
1.705927e+03 0
1.706176e+03 0
1.706424e+03 0
1.706673e+03 0
1.706922e+03 0
1.707170e+03 0
1.707419e+03 0
1.707668e+03 0
1.707916e+03 0
1.708165e+03 0
1.708414e+03 0
1.708663e+03 0
1.708911e+03 1
1.709160e+03 0
1.709409e+03 0
1.709657e+03 0
1.709906e+03 0
1.710155e+03 0
1.710403e+03 0
1.710652e+03 0
1.710901e+03 0
1.711150e+03 0
1.711398e+03 0
1.711647e+03 0
1.711896e+03 0
1.712144e+03 0
1.712393e+03 0
1.712642e+03 0
1.712891e+03 0
1.713139e+03 0
1.713388e+03 0
1.713637e+03 0
1.713886e+03 0
1.714134e+03 0
1.714383e+03 0
1.714632e+03 0
1.714880e+03 0
1.715129e+03 0
1.715378e+03 0
1.715627e+03 0
1.715875e+03 0
1.716124e+03 0
1.716373e+03 0
1.716622e+03 1
1.716870e+03 0
1.717119e+03 0
1.717368e+03 0
1.717617e+03 0
1.717865e+03 0
1.718114e+03 0
1.718363e+03 0
1.718612e+03 0
1.718861e+03 0
1.719109e+03 0
1.719358e+03 0
1.719607e+03 0
1.719856e+03 0
1.720104e+03 0
1.720353e+03 0
1.720602e+03 0
1.720851e+03 0
1.721100e+03 0
1.721348e+03 0
1.721597e+03 0
1.721846e+03 0
1.722095e+03 0
1.722343e+03 0
1.722592e+03 0
1.722841e+03 0
1.723090e+03 0
1.723339e+03 0
1.723587e+03 0
1.723836e+03 0
1.724085e+03 0
1.724334e+03 0
1.724583e+03 0
1.724832e+03 0
1.725080e+03 0
1.725329e+03 0
1.725578e+03 0
1.725827e+03 0
1.726076e+03 0
1.726324e+03 0
1.726573e+03 0
1.726822e+03 0
1.727071e+03 0
1.727320e+03 0
1.727569e+03 0
1.727817e+03 0
1.728066e+03 0
1.728315e+03 0
1.728564e+03 0
1.728813e+03 0
1.729062e+03 0
1.729310e+03 0
1.729559e+03 0
1.729808e+03 0
1.730057e+03 0
1.730306e+03 0
1.730555e+03 0
1.730804e+03 0
1.731052e+03 0
1.731301e+03 0
1.731550e+03 0
1.731799e+03 0
1.732048e+03 0
1.732297e+03 0
1.732546e+03 0
1.732794e+03 0
1.733043e+03 0
1.733292e+03 0
1.733541e+03 0
1.733790e+03 0
1.734039e+03 0
1.734288e+03 0
1.734537e+03 0
1.734785e+03 0
1.735034e+03 0
1.735283e+03 0
1.735532e+03 0
1.735781e+03 0
1.736030e+03 0
1.736279e+03 0
1.736528e+03 0
1.736777e+03 0
1.737025e+03 0
1.737274e+03 0
1.737523e+03 0
1.737772e+03 0
1.738021e+03 0
1.738270e+03 0
1.738519e+03 0
1.738768e+03 0
1.739017e+03 0
1.739266e+03 0
1.739515e+03 0
1.739764e+03 0
1.740012e+03 0
1.740261e+03 0
1.740510e+03 0
1.740759e+03 0
1.741008e+03 0
1.741257e+03 0
1.741506e+03 0
1.741755e+03 0
1.742004e+03 0
1.742253e+03 0
1.742502e+03 0
1.742751e+03 0
1.743000e+03 0
1.743249e+03 0
1.743498e+03 0
1.743746e+03 0
1.743995e+03 0
1.744244e+03 0
1.744493e+03 0
1.744742e+03 0
1.744991e+03 0
1.745240e+03 0
1.745489e+03 0
1.745738e+03 0
1.745987e+03 0
1.746236e+03 0
1.746485e+03 0
1.746734e+03 0
1.746983e+03 0
1.747232e+03 0
1.747481e+03 0
1.747730e+03 0
1.747979e+03 0
1.748228e+03 0
1.748477e+03 0
1.748726e+03 0
1.748975e+03 0
1.749224e+03 0
1.749473e+03 0
1.749722e+03 0
1.749971e+03 0
1.750220e+03 0
1.750469e+03 0
1.750718e+03 0
1.750967e+03 0
1.751216e+03 0
1.751465e+03 0
1.751714e+03 0
1.751963e+03 0
1.752212e+03 0
1.752461e+03 0
1.752710e+03 0
1.752959e+03 0
1.753208e+03 0
1.753457e+03 0
1.753706e+03 0
1.753955e+03 0
1.754204e+03 0
1.754453e+03 0
1.754702e+03 0
1.754951e+03 0
1.755200e+03 0
1.755449e+03 0
1.755698e+03 0
1.755947e+03 0
1.756196e+03 0
1.756445e+03 0
1.756694e+03 0
1.756943e+03 0
1.757192e+03 0
1.757441e+03 0
1.757690e+03 0
1.757939e+03 0
1.758189e+03 0
1.758438e+03 0
1.758687e+03 0
1.758936e+03 0
1.759185e+03 0
1.759434e+03 0
1.759683e+03 0
1.759932e+03 0
1.760181e+03 0
1.760430e+03 0
1.760679e+03 0
1.760928e+03 0
1.761177e+03 0
1.761426e+03 0
1.761675e+03 0
1.761925e+03 0
1.762174e+03 0
1.762423e+03 0
1.762672e+03 0
1.762921e+03 0
1.763170e+03 0
1.763419e+03 0
1.763668e+03 0
1.763917e+03 0
1.764166e+03 0
1.764415e+03 0
1.764665e+03 0
1.764914e+03 0
1.765163e+03 0
1.765412e+03 0
1.765661e+03 0
1.765910e+03 0
1.766159e+03 0
1.766408e+03 0
1.766657e+03 0
1.766907e+03 0
1.767156e+03 0
1.767405e+03 0
1.767654e+03 0
1.767903e+03 0
1.768152e+03 0
1.768401e+03 0
1.768650e+03 0
1.768899e+03 0
1.769149e+03 0
1.769398e+03 0
1.769647e+03 0
1.769896e+03 0
1.770145e+03 0
1.770394e+03 0
1.770643e+03 0
1.770893e+03 0
1.771142e+03 0
1.771391e+03 0
1.771640e+03 0
1.771889e+03 0
1.772138e+03 0
1.772388e+03 0
1.772637e+03 0
1.772886e+03 0
1.773135e+03 0
1.773384e+03 0
1.773633e+03 0
1.773882e+03 0
1.774132e+03 0
1.774381e+03 0
1.774630e+03 0
1.774879e+03 0
1.775128e+03 0
1.775378e+03 0
1.775627e+03 0
1.775876e+03 0
1.776125e+03 0
1.776374e+03 0
1.776623e+03 0
1.776873e+03 0
1.777122e+03 0
1.777371e+03 0
1.777620e+03 0
1.777869e+03 0
1.778119e+03 0
1.778368e+03 0
1.778617e+03 0
1.778866e+03 0
1.779115e+03 0
1.779365e+03 0
1.779614e+03 0
1.779863e+03 0
1.780112e+03 0
1.780361e+03 0
1.780611e+03 0
1.780860e+03 0
1.781109e+03 0
1.781358e+03 0
1.781607e+03 0
1.781857e+03 0
1.782106e+03 0
1.782355e+03 0
1.782604e+03 0
1.782854e+03 0
1.783103e+03 0
1.783352e+03 0
1.783601e+03 0
1.783851e+03 0
1.784100e+03 0
1.784349e+03 0
1.784598e+03 0
1.784848e+03 0
1.785097e+03 0
1.785346e+03 0
1.785595e+03 0
1.785845e+03 0
1.786094e+03 0
1.786343e+03 0
1.786592e+03 0
1.786842e+03 0
1.787091e+03 0
1.787340e+03 0
1.787589e+03 0
1.787839e+03 0
1.788088e+03 0
1.788337e+03 0
1.788586e+03 0
1.788836e+03 0
1.789085e+03 0
1.789334e+03 0
1.789584e+03 0
1.789833e+03 0
1.790082e+03 0
1.790331e+03 0
1.790581e+03 0
1.790830e+03 0
1.791079e+03 0
1.791329e+03 0
1.791578e+03 0
1.791827e+03 0
1.792076e+03 0
1.792326e+03 0
1.792575e+03 0
1.792824e+03 0
1.793074e+03 0
1.793323e+03 0
1.793572e+03 0
1.793822e+03 0
1.794071e+03 0
1.794320e+03 0
1.794569e+03 0
1.794819e+03 0
1.795068e+03 0
1.795317e+03 0
1.795567e+03 0
1.795816e+03 0
1.796065e+03 0
1.796315e+03 0
1.796564e+03 0
1.796813e+03 0
1.797063e+03 0
1.797312e+03 0
1.797561e+03 0
1.797811e+03 0
1.798060e+03 0
1.798309e+03 0
1.798559e+03 0
1.798808e+03 0
1.799057e+03 0
1.799307e+03 0
1.799556e+03 0
1.799806e+03 0
1.800055e+03 0
1.800304e+03 0
1.800554e+03 0
1.800803e+03 0
1.801052e+03 0
1.801302e+03 0
1.801551e+03 0
1.801800e+03 0
1.802050e+03 0
1.802299e+03 0
1.802549e+03 0
1.802798e+03 0
1.803047e+03 0
1.803297e+03 0
1.803546e+03 0
1.803795e+03 0
1.804045e+03 0
1.804294e+03 0
1.804544e+03 0
1.804793e+03 0
1.805042e+03 0
1.805292e+03 0
1.805541e+03 0
1.805791e+03 0
1.806040e+03 0
1.806289e+03 0
1.806539e+03 0
1.806788e+03 0
1.807038e+03 0
1.807287e+03 0
1.807536e+03 0
1.807786e+03 0
1.808035e+03 0
1.808285e+03 0
1.808534e+03 0
1.808783e+03 0
1.809033e+03 0
1.809282e+03 0
1.809532e+03 0
1.809781e+03 0
1.810031e+03 0
1.810280e+03 0
1.810529e+03 0
1.810779e+03 0
1.811028e+03 0
1.811278e+03 0
1.811527e+03 0
1.811777e+03 0
1.812026e+03 0
1.812275e+03 0
1.812525e+03 0
1.812774e+03 0
1.813024e+03 0
1.813273e+03 0
1.813523e+03 0
1.813772e+03 0
1.814022e+03 0
1.814271e+03 0
1.814521e+03 0
1.814770e+03 0
1.815019e+03 0
1.815269e+03 0
1.815518e+03 0
1.815768e+03 0
1.816017e+03 0
1.816267e+03 0
1.816516e+03 0
1.816766e+03 0
1.817015e+03 0
1.817265e+03 0
1.817514e+03 0
1.817764e+03 0
1.818013e+03 0
1.818263e+03 0
1.818512e+03 0
1.818762e+03 0
1.819011e+03 0
1.819261e+03 0
1.819510e+03 0
1.819760e+03 0
1.820009e+03 0
1.820259e+03 0
1.820508e+03 0
1.820758e+03 0
1.821007e+03 0
1.821257e+03 0
1.821506e+03 0
1.821756e+03 0
1.822005e+03 0
1.822255e+03 0
1.822504e+03 0
1.822754e+03 0
1.823003e+03 0
1.823253e+03 0
1.823502e+03 0
1.823752e+03 0
1.824001e+03 0
1.824251e+03 0
1.824500e+03 0
1.824750e+03 0
1.824999e+03 0
1.825249e+03 0
1.825498e+03 0
1.825748e+03 0
1.825998e+03 0
1.826247e+03 0
1.826497e+03 0
1.826746e+03 0
1.826996e+03 0
1.827245e+03 0
1.827495e+03 0
1.827744e+03 0
1.827994e+03 0
1.828244e+03 0
1.828493e+03 0
1.828743e+03 0
1.828992e+03 0
1.829242e+03 0
1.829491e+03 0
1.829741e+03 0
1.829990e+03 0
1.830240e+03 0
1.830490e+03 0
1.830739e+03 0
1.830989e+03 0
1.831238e+03 0
1.831488e+03 0
1.831738e+03 0
1.831987e+03 0
1.832237e+03 0
1.832486e+03 0
1.832736e+03 0
1.832985e+03 0
1.833235e+03 0
1.833485e+03 0
1.833734e+03 0
1.833984e+03 0
1.834233e+03 0
1.834483e+03 0
1.834733e+03 0
1.834982e+03 0
1.835232e+03 0
1.835481e+03 0
1.835731e+03 0
1.835981e+03 0
1.836230e+03 0
1.836480e+03 0
1.836730e+03 0
1.836979e+03 0
1.837229e+03 0
1.837478e+03 0
1.837728e+03 0
1.837978e+03 0
1.838227e+03 0
1.838477e+03 0
1.838727e+03 0
1.838976e+03 0
1.839226e+03 0
1.839475e+03 0
1.839725e+03 0
1.839975e+03 0
1.840224e+03 0
1.840474e+03 0
1.840724e+03 0
1.840973e+03 0
1.841223e+03 0
1.841473e+03 0
1.841722e+03 0
1.841972e+03 0
1.842222e+03 0
1.842471e+03 0
1.842721e+03 0
1.842971e+03 0
1.843220e+03 0
1.843470e+03 0
1.843720e+03 0
1.843969e+03 0
1.844219e+03 0
1.844469e+03 0
1.844718e+03 0
1.844968e+03 0
1.845218e+03 0
1.845467e+03 0
1.845717e+03 0
1.845967e+03 0
1.846216e+03 0
1.846466e+03 0
1.846716e+03 0
1.846965e+03 0
1.847215e+03 0
1.847465e+03 0
1.847715e+03 0
1.847964e+03 0
1.848214e+03 0
1.848464e+03 0
1.848713e+03 0
1.848963e+03 0
1.849213e+03 0
1.849462e+03 0
1.849712e+03 0
1.849962e+03 0
1.850212e+03 0
1.850461e+03 0
1.850711e+03 0
1.850961e+03 0
1.851211e+03 0
1.851460e+03 0
1.851710e+03 0
1.851960e+03 0
1.852209e+03 0
1.852459e+03 0
1.852709e+03 0
1.852959e+03 0
1.853208e+03 0
1.853458e+03 0
1.853708e+03 0
1.853958e+03 0
1.854207e+03 0
1.854457e+03 0
1.854707e+03 0
1.854957e+03 0
1.855206e+03 0
1.855456e+03 0
1.855706e+03 0
1.855956e+03 0
1.856205e+03 0
1.856455e+03 0
1.856705e+03 0
1.856955e+03 0
1.857204e+03 0
1.857454e+03 0
1.857704e+03 0
1.857954e+03 0
1.858203e+03 0
1.858453e+03 0
1.858703e+03 0
1.858953e+03 0
1.859203e+03 0
1.859452e+03 0
1.859702e+03 0
1.859952e+03 0
1.860202e+03 0
1.860452e+03 0
1.860701e+03 0
1.860951e+03 0
1.861201e+03 0
1.861451e+03 0
1.861701e+03 0
1.861950e+03 0
1.862200e+03 0
1.862450e+03 0
1.862700e+03 0
1.862950e+03 0
1.863199e+03 0
1.863449e+03 0
1.863699e+03 0
1.863949e+03 0
1.864199e+03 0
1.864448e+03 0
1.864698e+03 0
1.864948e+03 0
1.865198e+03 0
1.865448e+03 0
1.865698e+03 0
1.865947e+03 0
1.866197e+03 0
1.866447e+03 0
1.866697e+03 0
1.866947e+03 0
1.867197e+03 0
1.867446e+03 0
1.867696e+03 0
1.867946e+03 0
1.868196e+03 0
1.868446e+03 0
1.868696e+03 0
1.868945e+03 0
1.869195e+03 0
1.869445e+03 0
1.869695e+03 0
1.869945e+03 0
1.870195e+03 0
1.870445e+03 0
1.870694e+03 0
1.870944e+03 0
1.871194e+03 0
1.871444e+03 0
1.871694e+03 0
1.871944e+03 0
1.872194e+03 0
1.872444e+03 0
1.872693e+03 0
1.872943e+03 0
1.873193e+03 0
1.873443e+03 0
1.873693e+03 0
1.873943e+03 0
1.874193e+03 0
1.874443e+03 0
1.874693e+03 0
1.874942e+03 0
1.875192e+03 0
1.875442e+03 0
1.875692e+03 0
1.875942e+03 0
1.876192e+03 0
1.876442e+03 0
1.876692e+03 0
1.876942e+03 0
1.877192e+03 0
1.877441e+03 0
1.877691e+03 0
1.877941e+03 0
1.878191e+03 0
1.878441e+03 0
1.878691e+03 0
1.878941e+03 0
1.879191e+03 0
1.879441e+03 0
1.879691e+03 0
1.879941e+03 0
1.880191e+03 0
1.880441e+03 0
1.880690e+03 0
1.880940e+03 0
1.881190e+03 0
1.881440e+03 0
1.881690e+03 0
1.881940e+03 0
1.882190e+03 0
1.882440e+03 0
1.882690e+03 0
1.882940e+03 0
1.883190e+03 0
1.883440e+03 0
1.883690e+03 0
1.883940e+03 0
1.884190e+03 0
1.884440e+03 0
1.884690e+03 0
1.884940e+03 0
1.885190e+03 0
1.885440e+03 0
1.885690e+03 0
1.885940e+03 0
1.886189e+03 0
1.886439e+03 0
1.886689e+03 0
1.886939e+03 0
1.887189e+03 0
1.887439e+03 0
1.887689e+03 0
1.887939e+03 0
1.888189e+03 0
1.888439e+03 0
1.888689e+03 0
1.888939e+03 0
1.889189e+03 0
1.889439e+03 0
1.889689e+03 0
1.889939e+03 0
1.890189e+03 0
1.890439e+03 0
1.890689e+03 0
1.890939e+03 0
1.891189e+03 0
1.891439e+03 0
1.891689e+03 0
1.891939e+03 0
1.892189e+03 0
1.892439e+03 0
1.892689e+03 0
1.892939e+03 0
1.893190e+03 0
1.893440e+03 0
1.893690e+03 0
1.893940e+03 0
1.894190e+03 0
1.894440e+03 0
1.894690e+03 0
1.894940e+03 0
1.895190e+03 0
1.895440e+03 0
1.895690e+03 0
1.895940e+03 0
1.896190e+03 0
1.896440e+03 0
1.896690e+03 0
1.896940e+03 0
1.897190e+03 0
1.897440e+03 0
1.897690e+03 0
1.897940e+03 0
1.898190e+03 0
1.898440e+03 0
1.898691e+03 0
1.898941e+03 0
1.899191e+03 0
1.899441e+03 0
1.899691e+03 0
1.899941e+03 0
1.900191e+03 0
1.900441e+03 0
1.900691e+03 0
1.900941e+03 0
1.901191e+03 0
1.901441e+03 0
1.901691e+03 0
1.901942e+03 0
1.902192e+03 0
1.902442e+03 0
1.902692e+03 0
1.902942e+03 0
1.903192e+03 0
1.903442e+03 0
1.903692e+03 0
1.903942e+03 0
1.904192e+03 0
1.904443e+03 0
1.904693e+03 0
1.904943e+03 0
1.905193e+03 0
1.905443e+03 0
1.905693e+03 0
1.905943e+03 0
1.906193e+03 0
1.906443e+03 0
1.906694e+03 0
1.906944e+03 0
1.907194e+03 0
1.907444e+03 0
1.907694e+03 0
1.907944e+03 0
1.908194e+03 0
1.908444e+03 0
1.908695e+03 0
1.908945e+03 0
1.909195e+03 0
1.909445e+03 0
1.909695e+03 0
1.909945e+03 0
1.910195e+03 0
1.910446e+03 0
1.910696e+03 0
1.910946e+03 0
1.911196e+03 0
1.911446e+03 0
1.911696e+03 0
1.911947e+03 0
1.912197e+03 0
1.912447e+03 0
1.912697e+03 0
1.912947e+03 0
1.913197e+03 0
1.913448e+03 0
1.913698e+03 0
1.913948e+03 0
1.914198e+03 0
1.914448e+03 0
1.914698e+03 0
1.914949e+03 0
1.915199e+03 0
1.915449e+03 0
1.915699e+03 0
1.915949e+03 0
1.916200e+03 0
1.916450e+03 0
1.916700e+03 0
1.916950e+03 0
1.917200e+03 0
1.917451e+03 0
1.917701e+03 0
1.917951e+03 0
1.918201e+03 0
1.918451e+03 0
1.918702e+03 0
1.918952e+03 0
1.919202e+03 0
1.919452e+03 0
1.919702e+03 0
1.919953e+03 0
1.920203e+03 0
1.920453e+03 0
1.920703e+03 0
1.920953e+03 0
1.921204e+03 0
1.921454e+03 0
1.921704e+03 0
1.921954e+03 0
1.922205e+03 0
1.922455e+03 0
1.922705e+03 0
1.922955e+03 0
1.923206e+03 0
1.923456e+03 0
1.923706e+03 0
1.923956e+03 0
1.924207e+03 0
1.924457e+03 0
1.924707e+03 0
1.924957e+03 0
1.925208e+03 0
1.925458e+03 0
1.925708e+03 0
1.925958e+03 0
1.926209e+03 0
1.926459e+03 0
1.926709e+03 0
1.926959e+03 0
1.927210e+03 0
1.927460e+03 0
1.927710e+03 0
1.927961e+03 0
1.928211e+03 0
1.928461e+03 0
1.928711e+03 0
1.928962e+03 0
1.929212e+03 0
1.929462e+03 0
1.929712e+03 0
1.929963e+03 0
1.930213e+03 0
1.930463e+03 0
1.930714e+03 0
1.930964e+03 0
1.931214e+03 0
1.931465e+03 0
1.931715e+03 0
1.931965e+03 0
1.932215e+03 0
1.932466e+03 0
1.932716e+03 0
1.932966e+03 0
1.933217e+03 0
1.933467e+03 0
1.933717e+03 0
1.933968e+03 0
1.934218e+03 0
1.934468e+03 0
1.934719e+03 0
1.934969e+03 0
1.935219e+03 0
1.935470e+03 0
1.935720e+03 0
1.935970e+03 0
1.936221e+03 0
1.936471e+03 0
1.936721e+03 0
1.936972e+03 0
1.937222e+03 0
1.937472e+03 0
1.937723e+03 0
1.937973e+03 0
1.938223e+03 0
1.938474e+03 0
1.938724e+03 0
1.938974e+03 0
1.939225e+03 0
1.939475e+03 0
1.939725e+03 0
1.939976e+03 0
1.940226e+03 0
1.940477e+03 0
1.940727e+03 0
1.940977e+03 0
1.941228e+03 0
1.941478e+03 0
1.941728e+03 0
1.941979e+03 0
1.942229e+03 0
1.942480e+03 0
1.942730e+03 0
1.942980e+03 0
1.943231e+03 0
1.943481e+03 0
1.943731e+03 0
1.943982e+03 0
1.944232e+03 0
1.944483e+03 0
1.944733e+03 0
1.944983e+03 0
1.945234e+03 0
1.945484e+03 0
1.945735e+03 0
1.945985e+03 0
1.946235e+03 0
1.946486e+03 0
1.946736e+03 0
1.946987e+03 0
1.947237e+03 0
1.947487e+03 0
1.947738e+03 0
1.947988e+03 0
1.948239e+03 0
1.948489e+03 0
1.948740e+03 0
1.948990e+03 0
1.949240e+03 0
1.949491e+03 0
1.949741e+03 0
1.949992e+03 0
1.950242e+03 0
1.950493e+03 0
1.950743e+03 0
1.950994e+03 0
1.951244e+03 0
1.951494e+03 0
1.951745e+03 0
1.951995e+03 0
1.952246e+03 0
1.952496e+03 0
1.952747e+03 0
1.952997e+03 0
1.953248e+03 0
1.953498e+03 0
1.953748e+03 0
1.953999e+03 0
1.954249e+03 0
1.954500e+03 0
1.954750e+03 0
1.955001e+03 0
1.955251e+03 0
1.955502e+03 0
1.955752e+03 0
1.956003e+03 0
1.956253e+03 0
1.956504e+03 0
1.956754e+03 0
1.957005e+03 0
1.957255e+03 0
1.957506e+03 0
1.957756e+03 0
1.958007e+03 0
1.958257e+03 0
1.958508e+03 0
1.958758e+03 0
1.959009e+03 0
1.959259e+03 0
1.959510e+03 0
1.959760e+03 0
1.960011e+03 0
1.960261e+03 0
1.960512e+03 0
1.960762e+03 0
1.961013e+03 0
1.961263e+03 0
1.961514e+03 0
1.961764e+03 0
1.962015e+03 0
1.962265e+03 0
1.962516e+03 0
1.962766e+03 0
1.963017e+03 0
1.963267e+03 0
1.963518e+03 0
1.963768e+03 0
1.964019e+03 0
1.964269e+03 0
1.964520e+03 0
1.964770e+03 0
1.965021e+03 0
1.965272e+03 0
1.965522e+03 0
1.965773e+03 0
1.966023e+03 0
1.966274e+03 0
1.966524e+03 0
1.966775e+03 0
1.967025e+03 0
1.967276e+03 0
1.967527e+03 0
1.967777e+03 0
1.968028e+03 0
1.968278e+03 0
1.968529e+03 0
1.968779e+03 0
1.969030e+03 0
1.969281e+03 0
1.969531e+03 0
1.969782e+03 0
1.970032e+03 0
1.970283e+03 0
1.970533e+03 0
1.970784e+03 0
1.971035e+03 0
1.971285e+03 0
1.971536e+03 0
1.971786e+03 0
1.972037e+03 0
1.972288e+03 0
1.972538e+03 0
1.972789e+03 0
1.973039e+03 0
1.973290e+03 0
1.973541e+03 0
1.973791e+03 0
1.974042e+03 0
1.974292e+03 0
1.974543e+03 0
1.974794e+03 0
1.975044e+03 0
1.975295e+03 0
1.975545e+03 0
1.975796e+03 0
1.976047e+03 0
1.976297e+03 0
1.976548e+03 0
1.976798e+03 0
1.977049e+03 0
1.977300e+03 0
1.977550e+03 0
1.977801e+03 0
1.978052e+03 0
1.978302e+03 0
1.978553e+03 0
1.978804e+03 0
1.979054e+03 0
1.979305e+03 0
1.979555e+03 0
1.979806e+03 0
1.980057e+03 0
1.980307e+03 0
1.980558e+03 0
1.980809e+03 0
1.981059e+03 0
1.981310e+03 0
1.981561e+03 0
1.981811e+03 0
1.982062e+03 0
1.982313e+03 0
1.982563e+03 0
1.982814e+03 0
1.983065e+03 0
1.983315e+03 0
1.983566e+03 0
1.983817e+03 0
1.984067e+03 0
1.984318e+03 0
1.984569e+03 0
1.984819e+03 0
1.985070e+03 0
1.985321e+03 0
1.985572e+03 0
1.985822e+03 0
1.986073e+03 0
1.986324e+03 0
1.986574e+03 0
1.986825e+03 0
1.987076e+03 0
1.987326e+03 0
1.987577e+03 0
1.987828e+03 0
1.988079e+03 0
1.988329e+03 0
1.988580e+03 0
1.988831e+03 0
1.989081e+03 0
1.989332e+03 0
1.989583e+03 0
1.989834e+03 0
1.990084e+03 0
1.990335e+03 0
1.990586e+03 0
1.990836e+03 0
1.991087e+03 0
1.991338e+03 0
1.991589e+03 0
1.991839e+03 0
1.992090e+03 0
1.992341e+03 0
1.992592e+03 0
1.992842e+03 0
1.993093e+03 0
1.993344e+03 0
1.993595e+03 0
1.993845e+03 0
1.994096e+03 0
1.994347e+03 0
1.994598e+03 0
1.994848e+03 0
1.995099e+03 0
1.995350e+03 0
1.995601e+03 0
