Energy  Counts
3.565736e+00 0
3.814265e+00 0
4.062796e+00 0
4.311330e+00 0
4.559865e+00 0
4.808403e+00 0
5.056943e+00 1
5.305485e+00 0
5.554029e+00 0
5.802576e+00 0
6.051124e+00 0
6.299675e+00 0
6.548228e+00 0
6.796784e+00 0
7.045341e+00 0
7.293901e+00 0
7.542463e+00 0
7.791027e+00 0
8.039593e+00 0
8.288161e+00 0
8.536732e+00 0
8.785304e+00 0
9.033879e+00 0
9.282457e+00 0
9.531036e+00 0
9.779617e+00 0
1.002820e+01 0
1.027679e+01 0
1.052538e+01 0
1.077397e+01 0
1.102256e+01 0
1.127115e+01 0
1.151975e+01 0
1.176835e+01 0
1.201695e+01 0
1.226555e+01 0
1.251416e+01 0
1.276277e+01 0
1.301138e+01 0
1.325999e+01 0
1.350860e+01 0
1.375722e+01 0
1.400584e+01 0
1.425446e+01 0
1.450308e+01 0
1.475171e+01 0
1.500033e+01 0
1.524896e+01 0
1.549760e+01 0
1.574623e+01 0
1.599487e+01 0
1.624350e+01 0
1.649215e+01 0
1.674079e+01 0
1.698943e+01 0
1.723808e+01 0
1.748673e+01 0
1.773538e+01 0
1.798403e+01 0
1.823269e+01 0
1.848135e+01 0
1.873001e+01 0
1.897867e+01 0
1.922734e+01 0
1.947600e+01 0
1.972467e+01 0
1.997334e+01 0
2.022202e+01 0
2.047069e+01 0
2.071937e+01 0
2.096805e+01 0
2.121673e+01 0
2.146542e+01 0
2.171410e+01 0
2.196279e+01 0
2.221148e+01 0
2.246018e+01 0
2.270887e+01 0
2.295757e+01 0
2.320627e+01 0
2.345497e+01 0
2.370367e+01 0
2.395238e+01 0
2.420109e+01 0
2.444980e+01 0
2.469851e+01 0
2.494723e+01 0
2.519594e+01 0
2.544466e+01 0
2.569338e+01 0
2.594211e+01 0
2.619083e+01 0
2.643956e+01 0
2.668829e+01 0
2.693702e+01 0
2.718576e+01 0
2.743450e+01 0
2.768324e+01 0
2.793198e+01 0
2.818072e+01 0
2.842947e+01 0
2.867821e+01 0
2.892696e+01 0
2.917572e+01 0
2.942447e+01 0
2.967323e+01 0
2.992198e+01 0
3.017075e+01 0
3.041951e+01 0
3.066827e+01 0
3.091704e+01 0
3.116581e+01 0
3.141458e+01 0
3.166336e+01 0
3.191213e+01 0
3.216091e+01 0
3.240969e+01 0
3.265847e+01 0
3.290726e+01 0
3.315605e+01 0
3.340484e+01 0
3.365363e+01 0
3.390242e+01 0
3.415122e+01 0
3.440002e+01 0
3.464882e+01 0
3.489762e+01 0
3.514642e+01 0
3.539523e+01 0
3.564404e+01 0
3.589285e+01 0
3.614166e+01 0
3.639048e+01 0
3.663930e+01 0
3.688812e+01 0
3.713694e+01 0
3.738576e+01 0
3.763459e+01 0
3.788342e+01 0
3.813225e+01 0
3.838108e+01 0
3.862992e+01 0
3.887876e+01 0
3.912759e+01 0
3.937644e+01 0
3.962528e+01 0
3.987413e+01 0
4.012298e+01 0
4.037183e+01 0
4.062068e+01 0
4.086953e+01 0
4.111839e+01 0
4.136725e+01 0
4.161611e+01 0
4.186498e+01 0
4.211384e+01 0
4.236271e+01 0
4.261158e+01 0
4.286045e+01 0
4.310933e+01 0
4.335820e+01 0
4.360708e+01 0
4.385596e+01 0
4.410485e+01 0
4.435373e+01 0
4.460262e+01 0
4.485151e+01 0
4.510040e+01 0
4.534930e+01 0
4.559819e+01 0
4.584709e+01 0
4.609599e+01 0
4.634490e+01 0
4.659380e+01 0
4.684271e+01 0
4.709162e+01 0
4.734053e+01 0
4.758944e+01 0
4.783836e+01 0
4.808728e+01 0
4.833620e+01 0
4.858512e+01 0
4.883405e+01 0
4.908297e+01 0
4.933190e+01 0
4.958084e+01 0
4.982977e+01 0
5.007870e+01 0
5.032764e+01 0
5.057658e+01 0
5.082553e+01 0
5.107447e+01 0
5.132342e+01 0
5.157237e+01 0
5.182132e+01 0
5.207027e+01 0
5.231923e+01 0
5.256818e+01 0
5.281714e+01 0
5.306611e+01 0
5.331507e+01 0
5.356404e+01 0
5.381301e+01 0
5.406198e+01 0
5.431095e+01 0
5.455993e+01 0
5.480890e+01 0
5.505788e+01 0
5.530686e+01 0
5.555585e+01 0
5.580483e+01 0
5.605382e+01 0
5.630281e+01 0
5.655181e+01 0
5.680080e+01 0
5.704980e+01 0
5.729880e+01 0
5.754780e+01 0
5.779680e+01 0
5.804581e+01 0
5.829482e+01 0
5.854383e+01 0
5.879284e+01 0
5.904185e+01 0
5.929087e+01 0
5.953989e+01 0
5.978891e+01 0
6.003793e+01 0
6.028696e+01 0
6.053599e+01 0
6.078502e+01 0
6.103405e+01 0
6.128308e+01 0
6.153212e+01 0
6.178116e+01 0
6.203020e+01 0
6.227924e+01 0
6.252829e+01 0
6.277734e+01 0
6.302639e+01 0
6.327544e+01 0
6.352449e+01 0
6.377355e+01 0
6.402261e+01 0
6.427167e+01 0
6.452073e+01 0
6.476980e+01 0
6.501886e+01 0
6.526793e+01 0
6.551700e+01 0
6.576608e+01 0
6.601515e+01 0
6.626423e+01 0
6.651331e+01 0
6.676239e+01 0
6.701148e+01 0
6.726057e+01 0
6.750965e+01 0
6.775875e+01 0
6.800784e+01 0
6.825693e+01 0
6.850603e+01 0
6.875513e+01 0
6.900423e+01 0
6.925334e+01 0
6.950245e+01 0
6.975155e+01 0
7.000067e+01 0
7.024978e+01 0
7.049889e+01 0
7.074801e+01 0
7.099713e+01 0
7.124625e+01 0
7.149538e+01 0
7.174450e+01 0
7.199363e+01 0
7.224276e+01 0
7.249189e+01 0
7.274103e+01 0
7.299017e+01 0
7.323931e+01 0
7.348845e+01 0
7.373759e+01 0
7.398674e+01 0
7.423589e+01 0
7.448504e+01 0
7.473419e+01 0
7.498334e+01 0
7.523250e+01 0
7.548166e+01 0
7.573082e+01 0
7.597998e+01 0
7.622915e+01 0
7.647832e+01 0
7.672749e+01 0
7.697666e+01 0
7.722583e+01 0
7.747501e+01 0
7.772419e+01 0
7.797337e+01 0
7.822255e+01 0
7.847174e+01 0
7.872093e+01 0
7.897011e+01 0
7.921931e+01 0
7.946850e+01 0
7.971770e+01 0
7.996690e+01 0
8.021610e+01 0
8.046530e+01 0
8.071450e+01 0
8.096371e+01 0
8.121292e+01 0
8.146213e+01 0
8.171135e+01 0
8.196056e+01 0
8.220978e+01 0
8.245900e+01 0
8.270822e+01 0
8.295745e+01 0
8.320667e+01 0
8.345590e+01 0
8.370513e+01 0
8.395437e+01 0
8.420360e+01 0
8.445284e+01 0
8.470208e+01 0
8.495132e+01 0
8.520057e+01 0
8.544981e+01 0
8.569906e+01 0
8.594831e+01 0
8.619757e+01 0
8.644682e+01 0
8.669608e+01 0
8.694534e+01 0
8.719460e+01 0
8.744387e+01 0
8.769313e+01 0
8.794240e+01 0
8.819167e+01 0
8.844094e+01 0
8.869022e+01 0
8.893950e+01 0
8.918877e+01 0
8.943806e+01 0
8.968734e+01 0
8.993663e+01 0
9.018591e+01 0
9.043520e+01 0
9.068450e+01 0
9.093379e+01 0
9.118309e+01 0
9.143239e+01 0
9.168169e+01 0
9.193099e+01 0
9.218030e+01 0
9.242961e+01 0
9.267892e+01 0
9.292823e+01 0
9.317754e+01 0
9.342686e+01 0
9.367618e+01 0
9.392550e+01 0
9.417482e+01 0
9.442415e+01 0
9.467347e+01 0
9.492280e+01 0
9.517214e+01 0
9.542147e+01 0
9.567081e+01 0
9.592014e+01 0
9.616949e+01 0
9.641883e+01 0
9.666817e+01 0
9.691752e+01 0
9.716687e+01 0
9.741622e+01 0
9.766557e+01 0
9.791493e+01 0
9.816429e+01 0
9.841365e+01 0
9.866301e+01 0
9.891238e+01 0
9.916174e+01 0
9.941111e+01 0
9.966048e+01 0
9.990986e+01 0
1.001592e+02 0
1.004086e+02 0
1.006580e+02 0
1.009074e+02 0
1.011568e+02 0
1.014061e+02 0
1.016555e+02 0
1.019049e+02 0
1.021543e+02 0
1.024037e+02 0
1.026531e+02 0
1.029025e+02 0
1.031519e+02 0
1.034013e+02 0
1.036507e+02 0
1.039001e+02 0
1.041495e+02 0
1.043990e+02 0
1.046484e+02 0
1.048978e+02 0
1.051472e+02 0
1.053966e+02 0
1.056460e+02 0
1.058955e+02 0
1.061449e+02 0
1.063943e+02 0
1.066438e+02 0
1.068932e+02 0
1.071426e+02 0
1.073921e+02 0
1.076415e+02 0
1.078910e+02 0
1.081404e+02 0
1.083899e+02 0
1.086393e+02 0
1.088888e+02 0
1.091382e+02 0
1.093877e+02 0
1.096371e+02 0
1.098866e+02 0
1.101361e+02 0
1.103855e+02 0
1.106350e+02 0
1.108845e+02 0
1.111339e+02 0
1.113834e+02 0
1.116329e+02 0
1.118824e+02 0
1.121318e+02 0
1.123813e+02 0
1.126308e+02 0
1.128803e+02 0
1.131298e+02 0
1.133793e+02 0
1.136288e+02 0
1.138783e+02 0
1.141278e+02 0
1.143773e+02 0
1.146268e+02 0
1.148763e+02 0
1.151258e+02 0
1.153753e+02 0
1.156248e+02 0
1.158743e+02 0
1.161238e+02 0
1.163733e+02 0
1.166229e+02 0
1.168724e+02 0
1.171219e+02 0
1.173714e+02 0
1.176210e+02 0
1.178705e+02 0
1.181200e+02 0
1.183696e+02 0
1.186191e+02 0
1.188686e+02 0
1.191182e+02 0
1.193677e+02 0
1.196173e+02 0
1.198668e+02 0
1.201164e+02 0
1.203659e+02 0
1.206155e+02 0
1.208650e+02 0
1.211146e+02 0
1.213642e+02 0
1.216137e+02 0
1.218633e+02 0
1.221129e+02 0
1.223624e+02 0
1.226120e+02 0
1.228616e+02 0
1.231111e+02 0
1.233607e+02 0
1.236103e+02 0
1.238599e+02 0
1.241095e+02 0
1.243591e+02 0
1.246087e+02 0
1.248582e+02 0
1.251078e+02 0
1.253574e+02 0
1.256070e+02 0
1.258566e+02 0
1.261062e+02 0
1.263558e+02 0
1.266055e+02 0
1.268551e+02 0
1.271047e+02 0
1.273543e+02 0
1.276039e+02 0
1.278535e+02 0
1.281031e+02 0
1.283528e+02 0
1.286024e+02 0
1.288520e+02 0
1.291016e+02 0
1.293513e+02 0
1.296009e+02 0
1.298506e+02 0
1.301002e+02 0
1.303498e+02 0
1.305995e+02 0
1.308491e+02 0
1.310988e+02 0
1.313484e+02 0
1.315981e+02 0
1.318477e+02 0
1.320974e+02 0
1.323470e+02 0
1.325967e+02 0
1.328464e+02 0
1.330960e+02 0
1.333457e+02 0
1.335954e+02 0
1.338450e+02 0
1.340947e+02 0
1.343444e+02 0
1.345940e+02 0
1.348437e+02 0
1.350934e+02 0
1.353431e+02 0
1.355928e+02 0
1.358425e+02 0
1.360922e+02 0
1.363419e+02 0
1.365915e+02 0
1.368412e+02 0
1.370909e+02 0
1.373406e+02 0
1.375903e+02 0
1.378401e+02 0
1.380898e+02 0
1.383395e+02 0
1.385892e+02 0
1.388389e+02 0
1.390886e+02 0
1.393383e+02 0
1.395881e+02 0
1.398378e+02 0
1.400875e+02 0
1.403372e+02 0
1.405870e+02 0
1.408367e+02 0
1.410864e+02 0
1.413362e+02 0
1.415859e+02 0
1.418356e+02 0
1.420854e+02 0
1.423351e+02 0
1.425849e+02 0
1.428346e+02 0
1.430844e+02 0
1.433341e+02 0
1.435839e+02 0
1.438337e+02 0
1.440834e+02 0
1.443332e+02 0
1.445829e+02 0
1.448327e+02 0
1.450825e+02 0
1.453323e+02 0
1.455820e+02 0
1.458318e+02 0
1.460816e+02 0
1.463314e+02 0
1.465811e+02 0
1.468309e+02 0
1.470807e+02 0
1.473305e+02 0
1.475803e+02 0
1.478301e+02 0
1.480799e+02 0
1.483297e+02 0
1.485795e+02 0
1.488293e+02 0
1.490791e+02 0
1.493289e+02 0
1.495787e+02 0
1.498285e+02 0
1.500783e+02 0
1.503281e+02 0
1.505780e+02 0
1.508278e+02 0
1.510776e+02 0
1.513274e+02 0
1.515773e+02 0
1.518271e+02 0
1.520769e+02 0
1.523267e+02 0
1.525766e+02 0
1.528264e+02 0
1.530763e+02 0
1.533261e+02 0
1.535759e+02 0
1.538258e+02 0
1.540756e+02 0
1.543255e+02 0
1.545753e+02 0
1.548252e+02 0
1.550750e+02 0
1.553249e+02 0
1.555748e+02 0
1.558246e+02 0
1.560745e+02 0
1.563244e+02 0
1.565742e+02 0
1.568241e+02 0
1.570740e+02 0
1.573239e+02 0
1.575737e+02 0
1.578236e+02 0
1.580735e+02 0
1.583234e+02 0
1.585733e+02 0
1.588232e+02 0
1.590731e+02 0
1.593230e+02 0
1.595728e+02 0
1.598227e+02 0
1.600726e+02 0
1.603225e+02 0
1.605725e+02 0
1.608224e+02 0
1.610723e+02 0
1.613222e+02 0
1.615721e+02 0
1.618220e+02 0
1.620719e+02 0
1.623219e+02 0
1.625718e+02 0
1.628217e+02 0
1.630716e+02 0
1.633216e+02 0
1.635715e+02 0
1.638214e+02 0
1.640714e+02 0
1.643213e+02 0
1.645712e+02 0
1.648212e+02 0
1.650711e+02 0
1.653211e+02 0
1.655710e+02 0
1.658210e+02 0
1.660709e+02 0
1.663209e+02 0
1.665708e+02 0
1.668208e+02 0
1.670708e+02 0
1.673207e+02 0
1.675707e+02 0
1.678207e+02 0
1.680706e+02 0
1.683206e+02 0
1.685706e+02 0
1.688205e+02 0
1.690705e+02 0
1.693205e+02 0
1.695705e+02 0
1.698205e+02 0
1.700705e+02 0
1.703205e+02 0
1.705704e+02 0
1.708204e+02 0
1.710704e+02 0
1.713204e+02 0
1.715704e+02 0
1.718204e+02 0
1.720704e+02 0
1.723205e+02 0
1.725705e+02 0
1.728205e+02 0
1.730705e+02 0
1.733205e+02 0
1.735705e+02 0
1.738206e+02 0
1.740706e+02 0
1.743206e+02 0
1.745706e+02 0
1.748207e+02 0
1.750707e+02 0
1.753207e+02 0
1.755708e+02 0
1.758208e+02 0
1.760708e+02 0
1.763209e+02 0
1.765709e+02 0
1.768210e+02 0
1.770710e+02 0
1.773211e+02 0
1.775711e+02 0
1.778212e+02 0
1.780712e+02 0
1.783213e+02 0
1.785714e+02 0
1.788214e+02 0
1.790715e+02 0
1.793216e+02 0
1.795716e+02 0
1.798217e+02 0
1.800718e+02 0
1.803219e+02 0
1.805719e+02 0
1.808220e+02 0
1.810721e+02 0
1.813222e+02 0
1.815723e+02 0
1.818224e+02 0
1.820725e+02 0
1.823226e+02 0
1.825727e+02 0
1.828228e+02 0
1.830729e+02 0
1.833230e+02 0
1.835731e+02 0
1.838232e+02 0
1.840733e+02 0
1.843234e+02 0
1.845735e+02 0
1.848236e+02 0
1.850738e+02 0
1.853239e+02 0
1.855740e+02 0
1.858241e+02 0
1.860743e+02 0
1.863244e+02 0
1.865745e+02 0
1.868247e+02 0
1.870748e+02 0
1.873249e+02 0
1.875751e+02 0
1.878252e+02 0
1.880754e+02 0
1.883255e+02 0
1.885757e+02 0
1.888258e+02 0
1.890760e+02 0
1.893261e+02 0
1.895763e+02 0
1.898264e+02 0
1.900766e+02 0
1.903268e+02 0
1.905769e+02 0
1.908271e+02 0
1.910773e+02 0
1.913275e+02 0
1.915776e+02 0
1.918278e+02 0
1.920780e+02 0
1.923282e+02 0
1.925784e+02 0
1.928285e+02 0
1.930787e+02 0
1.933289e+02 0
1.935791e+02 0
1.938293e+02 0
1.940795e+02 0
1.943297e+02 0
1.945799e+02 0
1.948301e+02 0
1.950803e+02 0
1.953305e+02 0
1.955807e+02 0
1.958310e+02 0
1.960812e+02 0
1.963314e+02 0
1.965816e+02 0
1.968318e+02 0
1.970821e+02 0
1.973323e+02 0
1.975825e+02 0
1.978327e+02 0
1.980830e+02 0
1.983332e+02 0
1.985835e+02 0
1.988337e+02 0
1.990839e+02 0
1.993342e+02 0
1.995844e+02 0
1.998347e+02 0
2.000849e+02 0
2.003352e+02 0
2.005854e+02 0
2.008357e+02 0
2.010859e+02 0
2.013362e+02 0
2.015865e+02 0
2.018367e+02 0
2.020870e+02 0
2.023373e+02 0
2.025876e+02 0
2.028378e+02 0
2.030881e+02 0
2.033384e+02 0
2.035887e+02 0
2.038389e+02 0
2.040892e+02 0
2.043395e+02 0
2.045898e+02 0
2.048401e+02 0
2.050904e+02 0
2.053407e+02 0
2.055910e+02 0
2.058413e+02 0
2.060916e+02 0
2.063419e+02 0
2.065922e+02 0
2.068425e+02 0
2.070928e+02 0
2.073431e+02 0
2.075935e+02 0
2.078438e+02 0
2.080941e+02 0
2.083444e+02 0
2.085947e+02 0
2.088451e+02 0
2.090954e+02 0
2.093457e+02 0
2.095961e+02 0
2.098464e+02 0
2.100967e+02 0
2.103471e+02 0
2.105974e+02 0
2.108478e+02 0
2.110981e+02 0
2.113485e+02 0
2.115988e+02 0
2.118492e+02 0
2.120995e+02 0
2.123499e+02 0
2.126002e+02 0
2.128506e+02 0
2.131010e+02 0
2.133513e+02 0
2.136017e+02 0
2.138521e+02 0
2.141025e+02 0
2.143528e+02 0
2.146032e+02 0
2.148536e+02 0
2.151040e+02 0
2.153544e+02 0
2.156047e+02 0
2.158551e+02 0
2.161055e+02 0
2.163559e+02 0
2.166063e+02 0
2.168567e+02 0
2.171071e+02 0
2.173575e+02 0
2.176079e+02 0
2.178583e+02 0
2.181087e+02 0
2.183591e+02 0
2.186095e+02 0
2.188600e+02 0
2.191104e+02 0
2.193608e+02 0
2.196112e+02 0
2.198616e+02 0
2.201121e+02 0
2.203625e+02 0
2.206129e+02 0
2.208634e+02 0
2.211138e+02 0
2.213642e+02 0
2.216147e+02 0
2.218651e+02 0
2.221156e+02 0
2.223660e+02 0
2.226164e+02 0
2.228669e+02 0
2.231173e+02 0
2.233678e+02 0
2.236183e+02 0
2.238687e+02 0
2.241192e+02 0
2.243696e+02 0
2.246201e+02 0
2.248706e+02 0
2.251210e+02 0
2.253715e+02 0
2.256220e+02 0
2.258725e+02 0
2.261229e+02 0
2.263734e+02 0
2.266239e+02 0
2.268744e+02 0
2.271249e+02 0
2.273754e+02 0
2.276259e+02 0
2.278763e+02 0
2.281268e+02 0
2.283773e+02 0
2.286278e+02 0
2.288783e+02 0
2.291288e+02 0
2.293794e+02 0
2.296299e+02 0
2.298804e+02 0
2.301309e+02 0
2.303814e+02 0
2.306319e+02 0
2.308824e+02 0
2.311330e+02 0
2.313835e+02 0
2.316340e+02 0
2.318845e+02 0
2.321351e+02 0
2.323856e+02 0
2.326361e+02 0
2.328867e+02 0
2.331372e+02 0
2.333878e+02 0
2.336383e+02 0
2.338888e+02 0
2.341394e+02 0
2.343899e+02 0
2.346405e+02 0
2.348911e+02 0
2.351416e+02 0
2.353922e+02 0
2.356427e+02 0
2.358933e+02 0
2.361439e+02 0
2.363944e+02 0
2.366450e+02 0
2.368956e+02 0
2.371461e+02 0
2.373967e+02 0
2.376473e+02 0
2.378979e+02 0
2.381485e+02 0
2.383990e+02 0
2.386496e+02 0
2.389002e+02 0
2.391508e+02 0
2.394014e+02 0
2.396520e+02 0
2.399026e+02 0
2.401532e+02 0
2.404038e+02 0
2.406544e+02 0
2.409050e+02 0
2.411556e+02 0
2.414062e+02 0
2.416569e+02 0
2.419075e+02 0
2.421581e+02 0
2.424087e+02 0
2.426593e+02 0
2.429100e+02 0
2.431606e+02 0
2.434112e+02 0
2.436618e+02 0
2.439125e+02 0
2.441631e+02 0
2.444138e+02 0
2.446644e+02 0
2.449150e+02 0
2.451657e+02 0
2.454163e+02 0
2.456670e+02 0
2.459176e+02 0
2.461683e+02 0
2.464189e+02 0
2.466696e+02 0
2.469203e+02 0
2.471709e+02 0
2.474216e+02 0
2.476722e+02 0
2.479229e+02 0
2.481736e+02 0
2.484243e+02 0
2.486749e+02 0
2.489256e+02 0
2.491763e+02 0
2.494270e+02 0
2.496777e+02 0
2.499283e+02 0
2.501790e+02 0
2.504297e+02 0
2.506804e+02 0
2.509311e+02 0
2.511818e+02 0
2.514325e+02 0
2.516832e+02 0
2.519339e+02 0
2.521846e+02 0
2.524353e+02 0
2.526860e+02 0
2.529367e+02 0
2.531875e+02 0
2.534382e+02 0
2.536889e+02 0
2.539396e+02 0
2.541903e+02 0
2.544411e+02 0
2.546918e+02 0
2.549425e+02 0
2.551933e+02 0
2.554440e+02 0
2.556947e+02 0
2.559455e+02 0
2.561962e+02 0
2.564469e+02 0
2.566977e+02 0
2.569484e+02 0
2.571992e+02 0
2.574499e+02 0
2.577007e+02 0
2.579514e+02 0
2.582022e+02 0
2.584530e+02 0
2.587037e+02 0
2.589545e+02 0
2.592053e+02 0
2.594560e+02 0
2.597068e+02 0
2.599576e+02 0
2.602084e+02 0
2.604591e+02 0
2.607099e+02 0
2.609607e+02 0
2.612115e+02 0
2.614623e+02 0
2.617131e+02 0
2.619638e+02 0
2.622146e+02 0
2.624654e+02 0
2.627162e+02 0
2.629670e+02 0
2.632178e+02 0
2.634686e+02 0
2.637194e+02 0
2.639702e+02 0
2.642211e+02 0
2.644719e+02 0
2.647227e+02 0
2.649735e+02 0
2.652243e+02 0
2.654751e+02 0
2.657260e+02 0
2.659768e+02 0
2.662276e+02 0
2.664785e+02 0
2.667293e+02 0
2.669801e+02 0
2.672310e+02 0
2.674818e+02 0
2.677326e+02 0
2.679835e+02 0
2.682343e+02 0
2.684852e+02 0
2.687360e+02 0
2.689869e+02 0
2.692377e+02 0
2.694886e+02 0
2.697394e+02 0
2.699903e+02 0
2.702412e+02 0
2.704920e+02 0
2.707429e+02 0
2.709938e+02 0
2.712446e+02 0
2.714955e+02 0
2.717464e+02 0
2.719973e+02 0
2.722482e+02 0
2.724990e+02 0
2.727499e+02 0
2.730008e+02 0
2.732517e+02 0
2.735026e+02 0
2.737535e+02 0
2.740044e+02 0
2.742553e+02 0
2.745062e+02 0
2.747571e+02 0
2.750080e+02 0
2.752589e+02 0
2.755098e+02 0
2.757607e+02 0
2.760116e+02 0
2.762625e+02 0
2.765135e+02 0
2.767644e+02 0
2.770153e+02 0
2.772662e+02 0
2.775172e+02 0
2.777681e+02 0
2.780190e+02 0
2.782699e+02 0
2.785209e+02 0
2.787718e+02 0
2.790228e+02 0
2.792737e+02 0
2.795246e+02 0
2.797756e+02 0
2.800265e+02 0
2.802775e+02 0
2.805284e+02 0
2.807794e+02 0
2.810304e+02 0
2.812813e+02 0
2.815323e+02 0
2.817832e+02 0
2.820342e+02 0
2.822852e+02 0
2.825361e+02 0
2.827871e+02 0
2.830381e+02 0
2.832891e+02 0
2.835401e+02 0
2.837910e+02 0
2.840420e+02 0
2.842930e+02 0
2.845440e+02 0
2.847950e+02 0
2.850460e+02 0
2.852970e+02 0
2.855480e+02 0
2.857990e+02 0
2.860500e+02 0
2.863010e+02 0
2.865520e+02 0
2.868030e+02 0
2.870540e+02 0
2.873050e+02 0
2.875560e+02 0
2.878070e+02 0
2.880580e+02 0
2.883091e+02 0
2.885601e+02 0
2.888111e+02 0
2.890621e+02 0
2.893132e+02 0
2.895642e+02 0
2.898152e+02 0
2.900663e+02 0
2.903173e+02 0
2.905684e+02 0
2.908194e+02 0
2.910704e+02 0
2.913215e+02 0
2.915725e+02 0
2.918236e+02 0
2.920746e+02 0
2.923257e+02 0
2.925768e+02 0
2.928278e+02 0
2.930789e+02 0
2.933299e+02 0
2.935810e+02 0
2.938321e+02 0
2.940832e+02 0
2.943342e+02 0
2.945853e+02 0
2.948364e+02 0
2.950875e+02 0
2.953385e+02 0
2.955896e+02 0
2.958407e+02 0
2.960918e+02 0
2.963429e+02 0
2.965940e+02 0
2.968451e+02 0
2.970962e+02 0
2.973473e+02 0
2.975984e+02 0
2.978495e+02 0
2.981006e+02 0
2.983517e+02 0
2.986028e+02 0
2.988539e+02 0
2.991050e+02 0
2.993561e+02 0
2.996073e+02 0
2.998584e+02 0
3.001095e+02 0
3.003606e+02 0
3.006118e+02 0
3.008629e+02 0
3.011140e+02 0
3.013652e+02 0
3.016163e+02 0
3.018674e+02 0
3.021186e+02 0
3.023697e+02 0
3.026209e+02 0
3.028720e+02 0
3.031232e+02 0
3.033743e+02 0
3.036255e+02 0
3.038766e+02 0
3.041278e+02 0
3.043789e+02 0
3.046301e+02 0
3.048813e+02 0
3.051324e+02 0
3.053836e+02 0
3.056348e+02 0
3.058860e+02 0
3.061371e+02 0
3.063883e+02 0
3.066395e+02 0
3.068907e+02 0
3.071419e+02 0
3.073930e+02 0
3.076442e+02 0
3.078954e+02 0
3.081466e+02 0
3.083978e+02 0
3.086490e+02 0
3.089002e+02 0
3.091514e+02 0
3.094026e+02 0
3.096538e+02 0
3.099050e+02 0
3.101562e+02 0
3.104075e+02 0
3.106587e+02 0
3.109099e+02 0
3.111611e+02 0
3.114123e+02 0
3.116636e+02 0
3.119148e+02 0
3.121660e+02 0
3.124172e+02 0
3.126685e+02 0
3.129197e+02 0
3.131709e+02 0
3.134222e+02 0
3.136734e+02 0
3.139247e+02 0
3.141759e+02 0
3.144272e+02 0
3.146784e+02 0
3.149297e+02 0
3.151809e+02 0
3.154322e+02 0
3.156834e+02 0
3.159347e+02 0
3.161860e+02 0
3.164372e+02 0
3.166885e+02 0
3.169398e+02 0
3.171910e+02 0
3.174423e+02 0
3.176936e+02 0
3.179449e+02 0
3.181962e+02 0
3.184474e+02 0
3.186987e+02 0
3.189500e+02 0
3.192013e+02 0
3.194526e+02 0
3.197039e+02 0
3.199552e+02 0
3.202065e+02 0
3.204578e+02 0
3.207091e+02 0
3.209604e+02 0
3.212117e+02 0
3.214630e+02 0
3.217143e+02 0
3.219656e+02 0
3.222169e+02 0
3.224683e+02 0
3.227196e+02 0
3.229709e+02 0
3.232222e+02 0
3.234736e+02 0
3.237249e+02 0
3.239762e+02 0
3.242276e+02 0
3.244789e+02 0
3.247302e+02 0
3.249816e+02 0
3.252329e+02 0
3.254843e+02 0
3.257356e+02 0
3.259870e+02 0
3.262383e+02 0
3.264897e+02 0
3.267410e+02 0
3.269924e+02 0
3.272437e+02 0
3.274951e+02 0
3.277465e+02 0
3.279978e+02 0
3.282492e+02 0
3.285006e+02 0
3.287519e+02 0
3.290033e+02 0
3.292547e+02 0
3.295061e+02 0
3.297574e+02 0
3.300088e+02 0
3.302602e+02 0
3.305116e+02 0
3.307630e+02 0
3.310144e+02 0
3.312658e+02 0
3.315172e+02 0
3.317686e+02 0
3.320200e+02 0
3.322714e+02 0
3.325228e+02 0
3.327742e+02 0
3.330256e+02 0
3.332770e+02 0
3.335284e+02 0
3.337799e+02 0
3.340313e+02 0
3.342827e+02 0
3.345341e+02 0
3.347855e+02 0
3.350370e+02 0
3.352884e+02 0
3.355398e+02 0
3.357913e+02 0
3.360427e+02 0
3.362941e+02 0
3.365456e+02 0
3.367970e+02 0
3.370485e+02 0
3.372999e+02 0
3.375514e+02 0
3.378028e+02 0
3.380543e+02 0
3.383057e+02 0
3.385572e+02 0
3.388086e+02 0
3.390601e+02 0
3.393116e+02 0
3.395630e+02 0
3.398145e+02 0
3.400660e+02 0
3.403175e+02 0
3.405689e+02 0
3.408204e+02 0
3.410719e+02 0
3.413234e+02 0
3.415749e+02 0
3.418263e+02 0
3.420778e+02 0
3.423293e+02 0
3.425808e+02 0
3.428323e+02 0
3.430838e+02 0
3.433353e+02 0
3.435868e+02 0
3.438383e+02 0
3.440898e+02 0
3.443413e+02 0
3.445928e+02 0
3.448443e+02 0
3.450959e+02 0
3.453474e+02 0
3.455989e+02 0
3.458504e+02 0
3.461019e+02 0
3.463535e+02 0
3.466050e+02 0
3.468565e+02 0
3.471081e+02 0
3.473596e+02 0
3.476111e+02 0
3.478627e+02 0
3.481142e+02 0
3.483658e+02 0
3.486173e+02 0
3.488689e+02 0
3.491204e+02 0
3.493720e+02 0
3.496235e+02 0
3.498751e+02 0
3.501266e+02 0
3.503782e+02 0
3.506297e+02 0
3.508813e+02 0
3.511329e+02 0
3.513845e+02 0
3.516360e+02 0
3.518876e+02 0
3.521392e+02 0
3.523908e+02 0
3.526423e+02 0
3.528939e+02 0
3.531455e+02 0
3.533971e+02 0
3.536487e+02 0
3.539003e+02 0
3.541519e+02 0
3.544035e+02 0
3.546551e+02 0
3.549067e+02 0
3.551583e+02 0
3.554099e+02 0
3.556615e+02 0
3.559131e+02 0
3.561647e+02 0
3.564163e+02 0
3.566679e+02 0
3.569195e+02 0
3.571712e+02 0
3.574228e+02 0
3.576744e+02 0
3.579260e+02 0
3.581777e+02 0
3.584293e+02 0
3.586809e+02 0
3.589326e+02 0
3.591842e+02 0
3.594358e+02 0
3.596875e+02 0
3.599391e+02 0
3.601908e+02 0
3.604424e+02 0
3.606941e+02 0
3.609457e+02 0
3.611974e+02 0
3.614490e+02 0
3.617007e+02 0
3.619524e+02 0
3.622040e+02 0
3.624557e+02 0
3.627074e+02 0
3.629590e+02 0
3.632107e+02 0
3.634624e+02 0
3.637141e+02 0
3.639657e+02 0
3.642174e+02 0
3.644691e+02 0
3.647208e+02 0
3.649725e+02 0
3.652242e+02 0
3.654759e+02 0
3.657275e+02 0
3.659792e+02 0
3.662309e+02 0
3.664826e+02 0
3.667343e+02 0
3.669861e+02 0
3.672378e+02 0
3.674895e+02 0
3.677412e+02 0
3.679929e+02 0
3.682446e+02 0
3.684963e+02 0
3.687481e+02 0
3.689998e+02 0
3.692515e+02 0
3.695032e+02 0
3.697550e+02 0
3.700067e+02 0
3.702584e+02 0
3.705102e+02 0
3.707619e+02 0
3.710136e+02 0
3.712654e+02 0
3.715171e+02 0
3.717689e+02 0
3.720206e+02 0
3.722724e+02 0
3.725241e+02 0
3.727759e+02 0
3.730276e+02 0
3.732794e+02 0
3.735312e+02 0
3.737829e+02 0
3.740347e+02 0
3.742865e+02 0
3.745382e+02 0
3.747900e+02 0
3.750418e+02 0
3.752936e+02 0
3.755453e+02 0
3.757971e+02 0
3.760489e+02 0
3.763007e+02 0
3.765525e+02 0
3.768043e+02 0
3.770561e+02 0
3.773079e+02 0
3.775597e+02 0
3.778115e+02 0
3.780633e+02 0
3.783151e+02 0
3.785669e+02 0
3.788187e+02 0
3.790705e+02 0
3.793223e+02 0
3.795741e+02 0
3.798259e+02 0
3.800777e+02 0
3.803296e+02 0
3.805814e+02 0
3.808332e+02 0
3.810850e+02 0
3.813369e+02 0
3.815887e+02 0
3.818405e+02 0
3.820924e+02 0
3.823442e+02 0
3.825961e+02 0
3.828479e+02 0
3.830998e+02 0
3.833516e+02 0
3.836034e+02 0
3.838553e+02 0
3.841072e+02 0
3.843590e+02 0
3.846109e+02 0
3.848627e+02 0
3.851146e+02 0
3.853665e+02 0
3.856183e+02 0
3.858702e+02 0
3.861221e+02 0
3.863739e+02 0
3.866258e+02 0
3.868777e+02 0
3.871296e+02 0
3.873815e+02 0
3.876333e+02 0
3.878852e+02 0
3.881371e+02 0
3.883890e+02 0
3.886409e+02 0
3.888928e+02 0
3.891447e+02 0
3.893966e+02 0
3.896485e+02 0
3.899004e+02 0
3.901523e+02 0
3.904042e+02 0
3.906561e+02 0
3.909080e+02 0
3.911600e+02 0
3.914119e+02 0
3.916638e+02 0
3.919157e+02 0
3.921676e+02 0
3.924196e+02 0
3.926715e+02 0
3.929234e+02 0
3.931754e+02 0
3.934273e+02 0
3.936792e+02 0
3.939312e+02 0
3.941831e+02 0
3.944351e+02 0
3.946870e+02 0
3.949390e+02 0
3.951909e+02 0
3.954429e+02 0
3.956948e+02 0
3.959468e+02 0
3.961987e+02 0
3.964507e+02 0
3.967027e+02 0
3.969546e+02 0
3.972066e+02 0
3.974586e+02 0
3.977105e+02 0
3.979625e+02 0
3.982145e+02 0
3.984665e+02 0
3.987184e+02 0
3.989704e+02 0
3.992224e+02 0
3.994744e+02 0
3.997264e+02 0
3.999784e+02 0
4.002304e+02 0
4.004824e+02 0
4.007344e+02 0
4.009864e+02 0
4.012384e+02 0
4.014904e+02 0
4.017424e+02 0
4.019944e+02 0
4.022464e+02 0
4.024984e+02 0
4.027504e+02 0
4.030025e+02 0
4.032545e+02 0
4.035065e+02 0
4.037585e+02 0
4.040105e+02 0
4.042626e+02 0
4.045146e+02 0
4.047666e+02 0
4.050187e+02 0
4.052707e+02 0
4.055228e+02 0
4.057748e+02 0
4.060268e+02 0
4.062789e+02 0
4.065309e+02 0
4.067830e+02 0
4.070350e+02 0
4.072871e+02 0
4.075392e+02 0
4.077912e+02 0
4.080433e+02 0
4.082953e+02 0
4.085474e+02 0
4.087995e+02 0
4.090515e+02 0
4.093036e+02 0
4.095557e+02 0
4.098078e+02 0
4.100599e+02 0
4.103119e+02 0
4.105640e+02 0
4.108161e+02 0
4.110682e+02 0
4.113203e+02 0
4.115724e+02 0
4.118245e+02 0
4.120766e+02 0
4.123287e+02 0
4.125808e+02 0
4.128329e+02 0
4.130850e+02 0
4.133371e+02 0
4.135892e+02 0
4.138413e+02 0
4.140934e+02 0
4.143455e+02 0
4.145977e+02 0
4.148498e+02 0
4.151019e+02 0
4.153540e+02 0
4.156062e+02 0
4.158583e+02 0
4.161104e+02 0
4.163626e+02 0
4.166147e+02 0
4.168668e+02 0
4.171190e+02 0
4.173711e+02 0
4.176233e+02 0
4.178754e+02 0
4.181276e+02 0
4.183797e+02 0
4.186319e+02 0
4.188840e+02 0
4.191362e+02 0
4.193883e+02 0
4.196405e+02 0
4.198927e+02 0
4.201448e+02 0
4.203970e+02 0
4.206492e+02 0
4.209013e+02 0
4.211535e+02 0
4.214057e+02 0
4.216579e+02 0
4.219101e+02 0
4.221622e+02 0
4.224144e+02 0
4.226666e+02 0
4.229188e+02 0
4.231710e+02 0
4.234232e+02 0
4.236754e+02 0
4.239276e+02 0
4.241798e+02 0
4.244320e+02 0
4.246842e+02 0
4.249364e+02 0
4.251886e+02 0
4.254408e+02 0
4.256931e+02 0
4.259453e+02 0
4.261975e+02 0
4.264497e+02 0
4.267019e+02 0
4.269542e+02 0
4.272064e+02 0
4.274586e+02 0
4.277109e+02 0
4.279631e+02 0
4.282153e+02 0
4.284676e+02 0
4.287198e+02 0
4.289720e+02 0
4.292243e+02 0
4.294765e+02 0
4.297288e+02 0
4.299810e+02 0
4.302333e+02 0
4.304856e+02 0
4.307378e+02 0
4.309901e+02 0
4.312423e+02 0
4.314946e+02 0
4.317469e+02 0
4.319991e+02 0
4.322514e+02 0
4.325037e+02 0
4.327560e+02 0
4.330082e+02 0
4.332605e+02 0
4.335128e+02 0
4.337651e+02 0
4.340174e+02 0
4.342697e+02 0
4.345220e+02 0
4.347743e+02 0
4.350266e+02 0
4.352789e+02 0
4.355312e+02 0
4.357835e+02 0
4.360358e+02 0
4.362881e+02 0
4.365404e+02 0
4.367927e+02 0
4.370450e+02 0
4.372973e+02 0
4.375496e+02 0
4.378020e+02 0
4.380543e+02 0
4.383066e+02 0
4.385589e+02 0
4.388113e+02 0
4.390636e+02 0
4.393159e+02 0
4.395683e+02 0
4.398206e+02 0
4.400729e+02 0
4.403253e+02 0
4.405776e+02 0
4.408300e+02 0
4.410823e+02 0
4.413347e+02 0
4.415870e+02 0
4.418394e+02 0
4.420917e+02 0
4.423441e+02 0
4.425965e+02 0
4.428488e+02 0
4.431012e+02 0
4.433536e+02 0
4.436059e+02 0
4.438583e+02 0
4.441107e+02 0
4.443630e+02 0
4.446154e+02 0
4.448678e+02 0
4.451202e+02 0
4.453726e+02 0
4.456250e+02 0
4.458774e+02 0
4.461297e+02 0
4.463821e+02 0
4.466345e+02 0
4.468869e+02 0
4.471393e+02 0
4.473917e+02 0
4.476441e+02 0
4.478966e+02 0
4.481490e+02 0
4.484014e+02 0
4.486538e+02 0
4.489062e+02 0
4.491586e+02 0
4.494110e+02 0
4.496635e+02 0
4.499159e+02 0
4.501683e+02 0
4.504208e+02 0
4.506732e+02 0
4.509256e+02 0
4.511781e+02 0
4.514305e+02 0
4.516829e+02 0
4.519354e+02 0
4.521878e+02 0
4.524403e+02 0
4.526927e+02 0
4.529452e+02 0
4.531976e+02 0
4.534501e+02 0
4.537025e+02 0
4.539550e+02 0
4.542075e+02 0
4.544599e+02 0
4.547124e+02 0
4.549649e+02 0
4.552173e+02 0
4.554698e+02 0
4.557223e+02 0
4.559748e+02 0
4.562272e+02 0
4.564797e+02 0
4.567322e+02 0
4.569847e+02 0
4.572372e+02 0
4.574897e+02 0
4.577422e+02 0
4.579947e+02 0
4.582472e+02 0
4.584997e+02 0
4.587522e+02 0
4.590047e+02 0
4.592572e+02 0
4.595097e+02 0
4.597622e+02 0
4.600147e+02 0
4.602672e+02 0
4.605197e+02 0
4.607722e+02 0
4.610248e+02 0
4.612773e+02 0
4.615298e+02 0
4.617823e+02 0
4.620349e+02 0
4.622874e+02 0
4.625399e+02 0
4.627925e+02 0
4.630450e+02 0
4.632976e+02 0
4.635501e+02 0
4.638026e+02 0
4.640552e+02 0
4.643077e+02 0
4.645603e+02 0
4.648128e+02 0
4.650654e+02 0
4.653180e+02 0
4.655705e+02 0
4.658231e+02 0
4.660757e+02 0
4.663282e+02 0
4.665808e+02 0
4.668334e+02 0
4.670859e+02 0
4.673385e+02 0
4.675911e+02 0
4.678437e+02 0
4.680963e+02 0
4.683488e+02 0
4.686014e+02 0
4.688540e+02 0
4.691066e+02 0
4.693592e+02 0
4.696118e+02 0
4.698644e+02 0
4.701170e+02 0
4.703696e+02 0
4.706222e+02 0
4.708748e+02 0
4.711274e+02 0
4.713800e+02 0
4.716326e+02 0
4.718853e+02 0
4.721379e+02 0
4.723905e+02 0
4.726431e+02 0
4.728957e+02 0
4.731484e+02 0
4.734010e+02 0
4.736536e+02 0
4.739063e+02 0
4.741589e+02 0
4.744115e+02 0
4.746642e+02 0
4.749168e+02 0
4.751695e+02 0
4.754221e+02 0
4.756748e+02 0
4.759274e+02 0
4.761801e+02 0
4.764327e+02 0
4.766854e+02 0
4.769380e+02 0
4.771907e+02 0
4.774433e+02 0
4.776960e+02 0
4.779487e+02 0
4.782014e+02 0
4.784540e+02 0
4.787067e+02 0
4.789594e+02 0
4.792121e+02 0
4.794647e+02 0
4.797174e+02 0
4.799701e+02 0
4.802228e+02 0
4.804755e+02 0
4.807282e+02 0
4.809809e+02 0
4.812336e+02 0
4.814863e+02 0
4.817390e+02 0
4.819917e+02 0
4.822444e+02 0
4.824971e+02 0
4.827498e+02 0
4.830025e+02 0
4.832552e+02 0
4.835079e+02 0
4.837607e+02 0
4.840134e+02 0
4.842661e+02 0
4.845188e+02 0
4.847715e+02 0
4.850243e+02 0
4.852770e+02 0
4.855297e+02 0
4.857825e+02 0
4.860352e+02 0
4.862880e+02 0
4.865407e+02 0
4.867934e+02 0
4.870462e+02 0
4.872989e+02 0
4.875517e+02 0
4.878044e+02 0
4.880572e+02 0
4.883100e+02 0
4.885627e+02 0
4.888155e+02 0
4.890682e+02 0
4.893210e+02 0
4.895738e+02 0
4.898265e+02 0
4.900793e+02 0
4.903321e+02 0
4.905849e+02 0
4.908377e+02 0
4.910904e+02 0
4.913432e+02 0
4.915960e+02 0
4.918488e+02 0
4.921016e+02 0
4.923544e+02 0
4.926072e+02 0
4.928600e+02 0
4.931128e+02 0
4.933656e+02 0
4.936184e+02 0
4.938712e+02 0
4.941240e+02 0
4.943768e+02 0
4.946296e+02 0
4.948824e+02 0
4.951352e+02 0
4.953881e+02 0
4.956409e+02 0
4.958937e+02 0
4.961465e+02 0
4.963994e+02 0
4.966522e+02 0
4.969050e+02 0
4.971579e+02 0
4.974107e+02 0
4.976635e+02 0
4.979164e+02 0
4.981692e+02 0
4.984221e+02 0
4.986749e+02 0
4.989278e+02 0
4.991806e+02 0
4.994335e+02 0
4.996863e+02 0
4.999392e+02 0
5.001920e+02 0
5.004449e+02 0
5.006978e+02 0
5.009506e+02 0
5.012035e+02 0
5.014564e+02 0
5.017092e+02 0
5.019621e+02 0
5.022150e+02 0
5.024679e+02 0
5.027208e+02 0
5.029736e+02 0
5.032265e+02 0
5.034794e+02 0
5.037323e+02 0
5.039852e+02 0
5.042381e+02 0
5.044910e+02 0
5.047439e+02 0
5.049968e+02 0
5.052497e+02 0
5.055026e+02 0
5.057555e+02 0
5.060084e+02 0
5.062613e+02 0
5.065143e+02 0
5.067672e+02 0
5.070201e+02 0
5.072730e+02 0
5.075259e+02 0
5.077789e+02 0
5.080318e+02 0
5.082847e+02 0
5.085377e+02 0
5.087906e+02 0
5.090435e+02 0
5.092965e+02 0
5.095494e+02 0
5.098024e+02 0
5.100553e+02 0
5.103082e+02 0
5.105612e+02 0
5.108141e+02 0
5.110671e+02 0
5.113201e+02 0
5.115730e+02 0
5.118260e+02 0
5.120789e+02 0
5.123319e+02 0
5.125849e+02 0
5.128378e+02 0
5.130908e+02 0
5.133438e+02 0
5.135968e+02 0
5.138497e+02 0
5.141027e+02 0
5.143557e+02 0
5.146087e+02 0
5.148617e+02 0
5.151147e+02 0
5.153677e+02 0
5.156207e+02 0
5.158737e+02 0
5.161267e+02 0
5.163797e+02 0
5.166327e+02 0
5.168857e+02 0
5.171387e+02 0
5.173917e+02 0
5.176447e+02 0
5.178977e+02 0
5.181507e+02 0
5.184037e+02 0
5.186568e+02 0
5.189098e+02 0
5.191628e+02 0
5.194158e+02 0
5.196689e+02 0
5.199219e+02 0
5.201749e+02 0
5.204280e+02 0
5.206810e+02 0
5.209340e+02 0
5.211871e+02 0
5.214401e+02 0
5.216932e+02 0
5.219462e+02 0
5.221993e+02 0
5.224523e+02 0
5.227054e+02 0
5.229584e+02 0
5.232115e+02 0
5.234646e+02 0
5.237176e+02 0
5.239707e+02 0
5.242238e+02 0
5.244768e+02 0
5.247299e+02 0
5.249830e+02 0
5.252360e+02 0
5.254891e+02 0
5.257422e+02 0
5.259953e+02 0
5.262484e+02 0
5.265015e+02 0
5.267546e+02 0
5.270077e+02 0
5.272607e+02 0
5.275138e+02 0
5.277669e+02 0
5.280200e+02 0
5.282731e+02 0
5.285263e+02 0
5.287794e+02 0
5.290325e+02 0
5.292856e+02 0
5.295387e+02 0
5.297918e+02 0
5.300449e+02 0
5.302981e+02 0
5.305512e+02 0
5.308043e+02 0
5.310574e+02 0
5.313106e+02 0
5.315637e+02 0
5.318168e+02 0
5.320700e+02 0
5.323231e+02 0
5.325762e+02 0
5.328294e+02 0
5.330825e+02 0
5.333357e+02 0
5.335888e+02 0
5.338420e+02 0
5.340951e+02 0
5.343483e+02 0
5.346014e+02 0
5.348546e+02 0
5.351078e+02 0
5.353609e+02 0
5.356141e+02 0
5.358673e+02 0
5.361204e+02 0
5.363736e+02 0
5.366268e+02 0
5.368800e+02 0
5.371331e+02 0
5.373863e+02 0
5.376395e+02 0
5.378927e+02 0
5.381459e+02 0
5.383991e+02 0
5.386523e+02 0
5.389055e+02 0
5.391587e+02 0
5.394119e+02 0
5.396651e+02 0
5.399183e+02 0
5.401715e+02 0
5.404247e+02 0
5.406779e+02 0
5.409311e+02 0
5.411843e+02 0
5.414375e+02 0
5.416908e+02 0
5.419440e+02 0
5.421972e+02 0
5.424504e+02 0
5.427037e+02 0
5.429569e+02 0
5.432101e+02 0
5.434633e+02 0
5.437166e+02 0
5.439698e+02 0
5.442231e+02 0
5.444763e+02 0
5.447296e+02 0
5.449828e+02 0
5.452361e+02 0
5.454893e+02 0
5.457426e+02 0
5.459958e+02 0
5.462491e+02 0
5.465023e+02 0
5.467556e+02 0
5.470089e+02 0
5.472621e+02 0
5.475154e+02 0
5.477687e+02 0
5.480219e+02 0
5.482752e+02 0
5.485285e+02 0
5.487818e+02 0
5.490351e+02 0
5.492883e+02 0
5.495416e+02 0
5.497949e+02 0
5.500482e+02 0
5.503015e+02 0
5.505548e+02 0
5.508081e+02 0
5.510614e+02 0
5.513147e+02 0
5.515680e+02 0
5.518213e+02 0
5.520746e+02 0
5.523279e+02 0
5.525812e+02 0
5.528346e+02 0
5.530879e+02 0
5.533412e+02 0
5.535945e+02 0
5.538478e+02 0
5.541012e+02 0
5.543545e+02 0
5.546078e+02 0
5.548612e+02 0
5.551145e+02 0
5.553678e+02 0
5.556212e+02 0
5.558745e+02 0
5.561279e+02 0
5.563812e+02 0
5.566346e+02 0
5.568879e+02 0
5.571413e+02 0
5.573946e+02 0
5.576480e+02 0
5.579013e+02 0
5.581547e+02 0
5.584081e+02 0
5.586614e+02 0
5.589148e+02 0
5.591682e+02 0
5.594215e+02 0
5.596749e+02 0
5.599283e+02 0
5.601817e+02 0
5.604350e+02 0
5.606884e+02 0
5.609418e+02 0
5.611952e+02 0
5.614486e+02 0
5.617020e+02 0
5.619554e+02 0
5.622088e+02 0
5.624622e+02 0
5.627156e+02 0
5.629690e+02 0
5.632224e+02 0
5.634758e+02 0
5.637292e+02 0
5.639826e+02 0
5.642360e+02 0
5.644894e+02 0
5.647429e+02 0
5.649963e+02 0
5.652497e+02 0
5.655031e+02 0
5.657566e+02 0
5.660100e+02 0
5.662634e+02 0
5.665169e+02 0
5.667703e+02 0
5.670237e+02 0
5.672772e+02 0
5.675306e+02 0
5.677841e+02 0
5.680375e+02 0
5.682909e+02 0
5.685444e+02 0
5.687979e+02 0
5.690513e+02 0
5.693048e+02 0
5.695582e+02 0
5.698117e+02 0
5.700652e+02 0
5.703186e+02 0
5.705721e+02 0
5.708256e+02 0
5.710790e+02 0
5.713325e+02 0
5.715860e+02 0
5.718395e+02 0
5.720929e+02 0
5.723464e+02 0
5.725999e+02 0
5.728534e+02 0
5.731069e+02 0
5.733604e+02 0
5.736139e+02 0
5.738674e+02 0
5.741209e+02 0
5.743744e+02 0
5.746279e+02 0
5.748814e+02 0
5.751349e+02 0
5.753884e+02 0
5.756419e+02 0
5.758954e+02 0
5.761490e+02 0
5.764025e+02 0
5.766560e+02 0
5.769095e+02 0
5.771630e+02 0
5.774166e+02 0
5.776701e+02 0
5.779236e+02 0
5.781772e+02 0
5.784307e+02 0
5.786842e+02 0
5.789378e+02 0
5.791913e+02 0
5.794449e+02 0
5.796984e+02 0
5.799520e+02 0
5.802055e+02 0
5.804591e+02 0
5.807126e+02 0
5.809662e+02 0
5.812197e+02 0
5.814733e+02 0
5.817269e+02 0
5.819804e+02 0
5.822340e+02 0
5.824876e+02 0
5.827412e+02 0
5.829947e+02 0
5.832483e+02 0
5.835019e+02 0
5.837555e+02 0
5.840091e+02 0
5.842626e+02 0
5.845162e+02 0
5.847698e+02 0
5.850234e+02 0
5.852770e+02 0
5.855306e+02 0
5.857842e+02 0
5.860378e+02 0
5.862914e+02 0
5.865450e+02 0
5.867986e+02 0
5.870522e+02 0
5.873059e+02 0
5.875595e+02 0
5.878131e+02 0
5.880667e+02 0
5.883203e+02 0
5.885740e+02 0
5.888276e+02 0
5.890812e+02 0
5.893348e+02 0
5.895885e+02 0
5.898421e+02 0
5.900957e+02 0
5.903494e+02 0
5.906030e+02 0
5.908567e+02 0
5.911103e+02 0
5.913640e+02 0
5.916176e+02 0
5.918713e+02 0
5.921249e+02 0
5.923786e+02 0
5.926322e+02 0
5.928859e+02 0
5.931396e+02 0
5.933932e+02 0
5.936469e+02 0
5.939006e+02 0
5.941542e+02 0
5.944079e+02 0
5.946616e+02 0
5.949153e+02 0
5.951689e+02 0
5.954226e+02 0
5.956763e+02 0
5.959300e+02 0
5.961837e+02 0
5.964374e+02 0
5.966911e+02 0
5.969448e+02 0
5.971985e+02 0
5.974522e+02 0
5.977059e+02 0
5.979596e+02 0
5.982133e+02 0
5.984670e+02 0
5.987207e+02 0
5.989744e+02 0
5.992281e+02 0
5.994819e+02 0
5.997356e+02 0
5.999893e+02 0
6.002430e+02 0
6.004967e+02 0
6.007505e+02 0
6.010042e+02 0
6.012579e+02 0
6.015117e+02 0
6.017654e+02 0
6.020192e+02 0
6.022729e+02 0
6.025266e+02 0
6.027804e+02 0
6.030341e+02 0
6.032879e+02 0
6.035416e+02 0
6.037954e+02 0
6.040492e+02 0
6.043029e+02 0
6.045567e+02 0
6.048104e+02 0
6.050642e+02 0
6.053180e+02 0
6.055717e+02 0
6.058255e+02 0
6.060793e+02 0
6.063331e+02 0
6.065868e+02 0
6.068406e+02 0
6.070944e+02 0
6.073482e+02 0
6.076020e+02 0
6.078558e+02 0
6.081096e+02 0
6.083634e+02 0
6.086172e+02 0
6.088710e+02 0
6.091248e+02 0
6.093786e+02 0
6.096324e+02 0
6.098862e+02 0
6.101400e+02 0
6.103938e+02 0
6.106476e+02 0
6.109014e+02 0
6.111552e+02 0
6.114091e+02 0
6.116629e+02 0
6.119167e+02 0
6.121705e+02 0
6.124244e+02 0
6.126782e+02 0
6.129320e+02 0
6.131859e+02 0
6.134397e+02 0
6.136936e+02 0
6.139474e+02 0
6.142012e+02 0
6.144551e+02 0
6.147089e+02 0
6.149628e+02 0
6.152166e+02 0
6.154705e+02 0
6.157244e+02 0
6.159782e+02 0
6.162321e+02 0
6.164859e+02 0
6.167398e+02 0
6.169937e+02 0
6.172476e+02 0
6.175014e+02 0
6.177553e+02 0
6.180092e+02 0
6.182631e+02 0
6.185169e+02 0
6.187708e+02 0
6.190247e+02 0
6.192786e+02 0
6.195325e+02 0
6.197864e+02 0
6.200403e+02 0
6.202942e+02 0
6.205481e+02 0
6.208020e+02 0
6.210559e+02 0
6.213098e+02 0
6.215637e+02 0
6.218176e+02 0
6.220715e+02 0
6.223254e+02 0
6.225794e+02 0
6.228333e+02 0
6.230872e+02 0
6.233411e+02 0
6.235950e+02 0
6.238490e+02 0
6.241029e+02 0
6.243568e+02 0
6.246108e+02 0
6.248647e+02 0
6.251186e+02 0
6.253726e+02 0
6.256265e+02 0
6.258805e+02 0
6.261344e+02 0
6.263884e+02 0
6.266423e+02 0
6.268963e+02 0
6.271502e+02 0
6.274042e+02 0
6.276582e+02 0
6.279121e+02 0
6.281661e+02 0
6.284200e+02 0
6.286740e+02 0
6.289280e+02 0
6.291820e+02 0
6.294359e+02 0
6.296899e+02 0
6.299439e+02 0
6.301979e+02 0
6.304519e+02 0
6.307059e+02 0
6.309598e+02 0
6.312138e+02 0
6.314678e+02 0
6.317218e+02 0
6.319758e+02 0
6.322298e+02 0
6.324838e+02 0
6.327378e+02 0
6.329918e+02 0
6.332458e+02 0
6.334999e+02 0
6.337539e+02 0
6.340079e+02 0
6.342619e+02 0
6.345159e+02 0
6.347699e+02 0
6.350240e+02 0
6.352780e+02 0
6.355320e+02 0
6.357861e+02 0
6.360401e+02 0
6.362941e+02 0
6.365482e+02 0
6.368022e+02 0
6.370562e+02 0
6.373103e+02 0
6.375643e+02 0
6.378184e+02 0
6.380724e+02 0
6.383265e+02 0
6.385805e+02 0
6.388346e+02 0
6.390887e+02 0
6.393427e+02 0
6.395968e+02 0
6.398508e+02 0
6.401049e+02 0
6.403590e+02 0
6.406131e+02 0
6.408671e+02 0
6.411212e+02 0
6.413753e+02 0
6.416294e+02 0
6.418835e+02 0
6.421375e+02 0
6.423916e+02 0
6.426457e+02 0
6.428998e+02 0
6.431539e+02 0
6.434080e+02 0
6.436621e+02 0
6.439162e+02 0
6.441703e+02 0
6.444244e+02 0
6.446785e+02 0
6.449326e+02 0
6.451867e+02 0
6.454408e+02 0
6.456950e+02 0
6.459491e+02 0
6.462032e+02 0
6.464573e+02 0
6.467115e+02 0
6.469656e+02 0
6.472197e+02 0
6.474738e+02 0
6.477280e+02 0
6.479821e+02 0
6.482362e+02 0
6.484904e+02 0
6.487445e+02 0
6.489987e+02 0
6.492528e+02 0
6.495070e+02 0
6.497611e+02 0
6.500153e+02 0
6.502694e+02 0
6.505236e+02 0
6.507777e+02 0
6.510319e+02 0
6.512861e+02 0
6.515402e+02 0
6.517944e+02 0
6.520486e+02 0
6.523028e+02 0
6.525569e+02 0
6.528111e+02 0
6.530653e+02 0
6.533195e+02 0
6.535737e+02 0
6.538278e+02 0
6.540820e+02 0
6.543362e+02 0
6.545904e+02 0
6.548446e+02 0
6.550988e+02 0
6.553530e+02 0
6.556072e+02 0
6.558614e+02 0
6.561156e+02 0
6.563698e+02 0
6.566240e+02 0
6.568782e+02 0
6.571325e+02 0
6.573867e+02 0
6.576409e+02 0
6.578951e+02 0
6.581493e+02 0
6.584036e+02 0
6.586578e+02 0
6.589120e+02 0
6.591663e+02 0
6.594205e+02 0
6.596747e+02 0
6.599290e+02 0
6.601832e+02 1
6.604374e+02 0
6.606917e+02 0
6.609459e+02 0
6.612002e+02 0
6.614544e+02 1
6.617087e+02 0
6.619630e+02 0
6.622172e+02 0
6.624715e+02 0
6.627257e+02 0
6.629800e+02 0
6.632343e+02 0
6.634885e+02 0
6.637428e+02 0
6.639971e+02 0
6.642514e+02 0
6.645056e+02 0
6.647599e+02 0
6.650142e+02 0
6.652685e+02 0
6.655228e+02 0
6.657771e+02 0
6.660313e+02 0
6.662856e+02 0
6.665399e+02 0
6.667942e+02 0
6.670485e+02 0
6.673028e+02 0
6.675571e+02 0
6.678114e+02 0
6.680658e+02 0
6.683201e+02 0
6.685744e+02 0
6.688287e+02 0
6.690830e+02 1
6.693373e+02 0
6.695917e+02 0
6.698460e+02 0
6.701003e+02 0
6.703546e+02 0
6.706090e+02 0
6.708633e+02 0
6.711176e+02 0
6.713720e+02 0
6.716263e+02 0
6.718806e+02 0
6.721350e+02 0
6.723893e+02 0
6.726437e+02 0
6.728980e+02 0
6.731524e+02 0
6.734067e+02 0
6.736611e+02 0
6.739155e+02 0
6.741698e+02 0
6.744242e+02 0
6.746786e+02 1
6.749329e+02 0
6.751873e+02 0
6.754417e+02 0
6.756960e+02 0
6.759504e+02 0
6.762048e+02 0
6.764592e+02 0
6.767136e+02 0
6.769679e+02 0
6.772223e+02 0
6.774767e+02 0
6.777311e+02 0
6.779855e+02 0
6.782399e+02 0
6.784943e+02 0
6.787487e+02 0
6.790031e+02 0
6.792575e+02 0
6.795119e+02 0
6.797663e+02 0
6.800207e+02 0
6.802751e+02 0
6.805296e+02 0
6.807840e+02 0
6.810384e+02 0
6.812928e+02 0
6.815472e+02 0
6.818017e+02 0
6.820561e+02 0
6.823105e+02 0
6.825650e+02 0
6.828194e+02 0
6.830738e+02 0
6.833283e+02 0
6.835827e+02 0
6.838372e+02 1
6.840916e+02 0
6.843461e+02 0
6.846005e+02 0
6.848550e+02 0
6.851094e+02 0
6.853639e+02 0
6.856183e+02 0
6.858728e+02 0
6.861273e+02 0
6.863817e+02 0
6.866362e+02 0
6.868907e+02 0
6.871451e+02 0
6.873996e+02 0
6.876541e+02 0
6.879086e+02 0
6.881631e+02 0
6.884175e+02 0
6.886720e+02 0
6.889265e+02 0
6.891810e+02 0
6.894355e+02 0
6.896900e+02 0
6.899445e+02 0
6.901990e+02 0
6.904535e+02 0
6.907080e+02 1
6.909625e+02 1
6.912170e+02 0
6.914715e+02 0
6.917260e+02 0
6.919805e+02 0
6.922351e+02 0
6.924896e+02 0
6.927441e+02 0
6.929986e+02 0
6.932531e+02 0
6.935077e+02 1
6.937622e+02 0
6.940167e+02 1
6.942713e+02 0
6.945258e+02 0
6.947803e+02 0
6.950349e+02 0
6.952894e+02 1
6.955440e+02 0
6.957985e+02 1
6.960531e+02 1
6.963076e+02 0
6.965622e+02 0
6.968167e+02 0
6.970713e+02 0
6.973258e+02 0
6.975804e+02 1
6.978350e+02 1
6.980895e+02 0
6.983441e+02 0
6.985987e+02 0
6.988533e+02 0
6.991078e+02 0
6.993624e+02 0
6.996170e+02 0
6.998716e+02 1
7.001262e+02 0
7.003807e+02 0
7.006353e+02 1
7.008899e+02 2
7.011445e+02 2
7.013991e+02 0
7.016537e+02 0
7.019083e+02 0
7.021629e+02 0
7.024175e+02 2
7.026721e+02 0
7.029267e+02 0
7.031813e+02 0
7.034360e+02 0
7.036906e+02 0
7.039452e+02 1
7.041998e+02 1
7.044544e+02 1
7.047090e+02 1
7.049637e+02 0
7.052183e+02 1
7.054729e+02 0
7.057276e+02 0
7.059822e+02 0
7.062368e+02 0
7.064915e+02 0
7.067461e+02 0
7.070008e+02 0
7.072554e+02 1
7.075101e+02 0
7.077647e+02 0
7.080194e+02 2
7.082740e+02 0
7.085287e+02 0
7.087833e+02 1
7.090380e+02 0
7.092926e+02 5
7.095473e+02 0
7.098020e+02 0
7.100567e+02 2
7.103113e+02 2
7.105660e+02 1
7.108207e+02 1
7.110754e+02 0
7.113300e+02 2
7.115847e+02 2
7.118394e+02 0
7.120941e+02 0
7.123488e+02 1
7.126035e+02 0
7.128582e+02 2
7.131129e+02 2
7.133676e+02 3
7.136223e+02 1
7.138770e+02 0
7.141317e+02 0
7.143864e+02 1
7.146411e+02 1
7.148958e+02 2
7.151505e+02 2
7.154052e+02 1
7.156599e+02 5
7.159147e+02 0
7.161694e+02 2
7.164241e+02 2
7.166788e+02 1
7.169336e+02 2
7.171883e+02 0
7.174430e+02 4
7.176978e+02 5
7.179525e+02 0
7.182072e+02 0
7.184620e+02 3
7.187167e+02 2
7.189715e+02 3
7.192262e+02 1
7.194810e+02 4
7.197357e+02 3
7.199905e+02 2
7.202452e+02 1
7.205000e+02 4
7.207548e+02 2
7.210095e+02 3
7.212643e+02 3
7.215190e+02 5
7.217738e+02 2
7.220286e+02 1
7.222834e+02 1
7.225381e+02 2
7.227929e+02 3
7.230477e+02 5
7.233025e+02 3
7.235573e+02 5
7.238121e+02 1
7.240669e+02 3
7.243216e+02 4
7.245764e+02 5
7.248312e+02 0
7.250860e+02 2
7.253408e+02 5
7.255956e+02 3
7.258504e+02 8
7.261052e+02 3
7.263601e+02 1
7.266149e+02 4
7.268697e+02 1
7.271245e+02 3
7.273793e+02 8
7.276341e+02 3
7.278890e+02 1
7.281438e+02 5
7.283986e+02 4
7.286534e+02 4
7.289083e+02 6
7.291631e+02 4
7.294179e+02 2
7.296728e+02 2
7.299276e+02 4
7.301825e+02 8
7.304373e+02 4
7.306922e+02 4
7.309470e+02 3
7.312019e+02 5
7.314567e+02 1
7.317116e+02 5
7.319664e+02 2
7.322213e+02 7
7.324761e+02 3
7.327310e+02 4
7.329859e+02 7
7.332407e+02 6
7.334956e+02 3
7.337505e+02 5
7.340054e+02 5
7.342602e+02 8
7.345151e+02 7
7.347700e+02 6
7.350249e+02 7
7.352798e+02 7
7.355347e+02 5
7.357896e+02 7
7.360444e+02 3
7.362993e+02 8
7.365542e+02 3
7.368091e+02 13
7.370640e+02 7
7.373189e+02 11
7.375738e+02 5
7.378288e+02 7
7.380837e+02 4
7.383386e+02 7
7.385935e+02 4
7.388484e+02 6
7.391033e+02 8
7.393583e+02 7
7.396132e+02 8
7.398681e+02 10
7.401230e+02 12
7.403780e+02 8
7.406329e+02 8
7.408878e+02 7
7.411428e+02 12
7.413977e+02 14
7.416526e+02 13
7.419076e+02 10
7.421625e+02 8
7.424175e+02 12
7.426724e+02 13
7.429274e+02 9
7.431823e+02 8
7.434373e+02 4
7.436922e+02 4
7.439472e+02 13
7.442022e+02 6
7.444571e+02 8
7.447121e+02 7
7.449671e+02 9
7.452220e+02 9
7.454770e+02 10
7.457320e+02 14
7.459870e+02 11
7.462420e+02 15
7.464969e+02 7
7.467519e+02 10
7.470069e+02 13
7.472619e+02 19
7.475169e+02 14
7.477719e+02 10
7.480269e+02 15
7.482819e+02 11
7.485369e+02 14
7.487919e+02 13
7.490469e+02 9
7.493019e+02 15
7.495569e+02 16
7.498119e+02 18
7.500669e+02 18
7.503219e+02 7
7.505770e+02 13
7.508320e+02 23
7.510870e+02 11
7.513420e+02 12
7.515970e+02 14
7.518521e+02 19
7.521071e+02 11
7.523621e+02 17
7.526172e+02 14
7.528722e+02 19
7.531272e+02 14
7.533823e+02 19
7.536373e+02 17
7.538924e+02 20
7.541474e+02 13
7.544025e+02 14
7.546575e+02 20
7.549126e+02 17
7.551676e+02 20
7.554227e+02 16
7.556778e+02 13
7.559328e+02 23
7.561879e+02 19
7.564430e+02 22
7.566980e+02 18
7.569531e+02 20
7.572082e+02 17
7.574633e+02 15
7.577183e+02 22
7.579734e+02 23
7.582285e+02 18
7.584836e+02 19
7.587387e+02 13
7.589938e+02 18
7.592488e+02 14
7.595039e+02 24
7.597590e+02 24
7.600141e+02 19
7.602692e+02 24
7.605243e+02 20
7.607794e+02 28
7.610346e+02 23
7.612897e+02 28
7.615448e+02 37
7.617999e+02 25
7.620550e+02 18
7.623101e+02 23
7.625652e+02 29
7.628204e+02 23
7.630755e+02 28
7.633306e+02 28
7.635857e+02 30
7.638409e+02 28
7.640960e+02 23
7.643511e+02 23
7.646063e+02 23
7.648614e+02 25
7.651166e+02 33
7.653717e+02 32
7.656269e+02 30
7.658820e+02 32
7.661372e+02 28
7.663923e+02 27
7.666475e+02 30
7.669026e+02 34
7.671578e+02 24
7.674129e+02 25
7.676681e+02 36
7.679233e+02 29
7.681784e+02 35
7.684336e+02 41
7.686888e+02 30
7.689440e+02 30
7.691991e+02 26
7.694543e+02 32
7.697095e+02 32
7.699647e+02 27
7.702199e+02 25
7.704751e+02 34
7.707302e+02 30
7.709854e+02 35
7.712406e+02 42
7.714958e+02 40
7.717510e+02 33
7.720062e+02 35
7.722614e+02 33
7.725166e+02 30
7.727718e+02 27
7.730271e+02 32
7.732823e+02 36
7.735375e+02 35
7.737927e+02 29
7.740479e+02 49
7.743031e+02 38
7.745584e+02 34
7.748136e+02 33
7.750688e+02 35
7.753240e+02 42
7.755793e+02 46
7.758345e+02 38
7.760897e+02 37
7.763450e+02 35
7.766002e+02 44
7.768555e+02 38
7.771107e+02 37
7.773660e+02 45
7.776212e+02 52
7.778765e+02 48
7.781317e+02 49
7.783870e+02 47
7.786422e+02 43
7.788975e+02 37
7.791528e+02 44
7.794080e+02 61
7.796633e+02 52
7.799186e+02 50
7.801738e+02 38
7.804291e+02 53
7.806844e+02 42
7.809397e+02 37
7.811949e+02 41
7.814502e+02 52
7.817055e+02 45
7.819608e+02 51
7.822161e+02 50
7.824714e+02 35
7.827267e+02 41
7.829820e+02 54
7.832372e+02 46
7.834925e+02 42
7.837479e+02 45
7.840032e+02 42
7.842585e+02 42
7.845138e+02 60
7.847691e+02 52
7.850244e+02 41
7.852797e+02 51
7.855350e+02 62
7.857903e+02 55
7.860457e+02 49
7.863010e+02 41
7.865563e+02 56
7.868116e+02 60
7.870670e+02 54
7.873223e+02 59
7.875776e+02 50
7.878330e+02 52
7.880883e+02 59
7.883437e+02 62
7.885990e+02 57
7.888543e+02 48
7.891097e+02 43
7.893650e+02 56
7.896204e+02 61
7.898758e+02 74
7.901311e+02 66
7.903865e+02 46
7.906418e+02 47
7.908972e+02 56
7.911526e+02 55
7.914079e+02 67
7.916633e+02 65
7.919187e+02 55
7.921740e+02 54
7.924294e+02 70
7.926848e+02 55
7.929402e+02 64
7.931956e+02 53
7.934509e+02 61
7.937063e+02 59
7.939617e+02 74
7.942171e+02 55
7.944725e+02 56
7.947279e+02 54
7.949833e+02 70
7.952387e+02 73
7.954941e+02 61
7.957495e+02 69
7.960049e+02 62
7.962603e+02 69
7.965157e+02 70
7.967711e+02 56
7.970266e+02 67
7.972820e+02 66
7.975374e+02 58
7.977928e+02 55
7.980482e+02 71
7.983037e+02 62
7.985591e+02 64
7.988145e+02 69
7.990700e+02 69
7.993254e+02 58
7.995808e+02 72
7.998363e+02 57
8.000917e+02 69
8.003472e+02 73
8.006026e+02 74
8.008581e+02 58
8.011135e+02 63
8.013690e+02 56
8.016244e+02 71
8.018799e+02 63
8.021353e+02 59
8.023908e+02 75
8.026463e+02 79
8.029017e+02 60
8.031572e+02 75
8.034127e+02 71
8.036681e+02 67
8.039236e+02 65
8.041791e+02 69
8.044346e+02 67
8.046900e+02 84
8.049455e+02 65
8.052010e+02 81
8.054565e+02 75
8.057120e+02 79
8.059675e+02 69
8.062230e+02 67
8.064785e+02 82
8.067340e+02 69
8.069895e+02 72
8.072450e+02 82
8.075005e+02 84
8.077560e+02 71
8.080115e+02 62
8.082670e+02 74
8.085225e+02 76
8.087780e+02 80
8.090336e+02 73
8.092891e+02 66
8.095446e+02 73
8.098001e+02 85
8.100557e+02 87
8.103112e+02 84
8.105667e+02 71
8.108223e+02 76
8.110778e+02 67
8.113333e+02 63
8.115889e+02 84
8.118444e+02 96
8.121000e+02 77
8.123555e+02 68
8.126111e+02 82
8.128666e+02 77
8.131222e+02 86
8.133777e+02 77
8.136333e+02 74
8.138888e+02 84
8.141444e+02 62
8.144000e+02 68
8.146555e+02 80
8.149111e+02 74
8.151667e+02 63
8.154222e+02 55
8.156778e+02 73
8.159334e+02 68
8.161890e+02 86
8.164446e+02 63
8.167001e+02 72
8.169557e+02 68
8.172113e+02 65
8.174669e+02 68
8.177225e+02 82
8.179781e+02 65
8.182337e+02 83
8.184893e+02 80
8.187449e+02 81
8.190005e+02 86
8.192561e+02 75
8.195117e+02 81
8.197673e+02 78
8.200229e+02 73
8.202785e+02 100
8.205342e+02 78
8.207898e+02 78
8.210454e+02 75
8.213010e+02 82
8.215566e+02 91
8.218123e+02 64
8.220679e+02 75
8.223235e+02 70
8.225792e+02 80
8.228348e+02 74
8.230904e+02 66
8.233461e+02 76
8.236017e+02 70
8.238574e+02 67
8.241130e+02 80
8.243687e+02 79
8.246243e+02 75
8.248800e+02 83
8.251356e+02 78
8.253913e+02 77
8.256470e+02 85
8.259026e+02 80
8.261583e+02 80
8.264140e+02 69
8.266696e+02 74
8.269253e+02 87
8.271810e+02 77
8.274366e+02 70
8.276923e+02 79
8.279480e+02 68
8.282037e+02 59
8.284594e+02 80
8.287151e+02 61
8.289707e+02 77
8.292264e+02 91
8.294821e+02 72
8.297378e+02 87
8.299935e+02 95
8.302492e+02 78
8.305049e+02 76
8.307606e+02 73
8.310163e+02 74
8.312720e+02 86
8.315278e+02 82
8.317835e+02 81
8.320392e+02 65
8.322949e+02 71
8.325506e+02 73
8.328063e+02 83
8.330621e+02 64
8.333178e+02 63
8.335735e+02 62
8.338293e+02 82
8.340850e+02 71
8.343407e+02 68
8.345965e+02 72
8.348522e+02 66
8.351079e+02 90
8.353637e+02 69
8.356194e+02 80
8.358752e+02 82
8.361309e+02 84
8.363867e+02 77
8.366424e+02 75
8.368982e+02 87
8.371540e+02 76
8.374097e+02 72
8.376655e+02 90
8.379212e+02 74
8.381770e+02 74
8.384328e+02 74
8.386886e+02 76
8.389443e+02 66
8.392001e+02 83
8.394559e+02 66
8.397117e+02 78
8.399674e+02 76
8.402232e+02 73
8.404790e+02 57
8.407348e+02 53
8.409906e+02 77
8.412464e+02 78
8.415022e+02 86
8.417580e+02 68
8.420138e+02 80
8.422696e+02 93
8.425254e+02 74
8.427812e+02 64
8.430370e+02 68
8.432928e+02 56
8.435486e+02 71
8.438045e+02 74
8.440603e+02 69
8.443161e+02 66
8.445719e+02 72
8.448277e+02 73
8.450836e+02 58
8.453394e+02 80
8.455952e+02 66
8.458511e+02 68
8.461069e+02 71
8.463627e+02 71
8.466186e+02 67
8.468744e+02 69
8.471303e+02 69
8.473861e+02 61
8.476420e+02 66
8.478978e+02 65
8.481537e+02 71
8.484095e+02 65
8.486654e+02 69
8.489212e+02 57
8.491771e+02 59
8.494330e+02 63
8.496888e+02 75
8.499447e+02 59
8.502006e+02 48
8.504564e+02 65
8.507123e+02 54
8.509682e+02 64
8.512241e+02 68
8.514800e+02 60
8.517358e+02 52
8.519917e+02 51
8.522476e+02 70
8.525035e+02 73
8.527594e+02 56
8.530153e+02 48
8.532712e+02 63
8.535271e+02 56
8.537830e+02 44
8.540389e+02 65
8.542948e+02 57
8.545507e+02 68
8.548066e+02 50
8.550625e+02 48
8.553184e+02 50
8.555744e+02 57
8.558303e+02 52
8.560862e+02 44
8.563421e+02 63
8.565980e+02 60
8.568540e+02 47
8.571099e+02 58
8.573658e+02 52
8.576218e+02 54
8.578777e+02 59
8.581336e+02 51
8.583896e+02 58
8.586455e+02 55
8.589015e+02 73
8.591574e+02 60
8.594134e+02 61
8.596693e+02 62
8.599253e+02 56
8.601812e+02 49
8.604372e+02 52
8.606931e+02 50
8.609491e+02 53
8.612051e+02 66
8.614610e+02 55
8.617170e+02 48
8.619730e+02 61
8.622290e+02 44
8.624849e+02 57
8.627409e+02 52
8.629969e+02 52
8.632529e+02 54
8.635089e+02 55
8.637648e+02 59
8.640208e+02 49
8.642768e+02 52
8.645328e+02 56
8.647888e+02 55
8.650448e+02 46
8.653008e+02 42
8.655568e+02 42
8.658128e+02 33
8.660688e+02 50
8.663248e+02 43
8.665808e+02 39
8.668368e+02 46
8.670929e+02 44
8.673489e+02 45
8.676049e+02 38
8.678609e+02 51
8.681169e+02 40
8.683730e+02 53
8.686290e+02 34
8.688850e+02 27
8.691411e+02 53
8.693971e+02 34
8.696531e+02 47
8.699092e+02 49
8.701652e+02 53
8.704213e+02 41
8.706773e+02 53
8.709334e+02 45
8.711894e+02 44
8.714455e+02 39
8.717015e+02 39
8.719576e+02 37
8.722136e+02 50
8.724697e+02 31
8.727257e+02 55
8.729818e+02 28
8.732379e+02 42
8.734940e+02 36
8.737500e+02 43
8.740061e+02 38
8.742622e+02 32
8.745183e+02 45
8.747743e+02 36
8.750304e+02 46
8.752865e+02 43
8.755426e+02 37
8.757987e+02 37
8.760548e+02 37
8.763109e+02 29
8.765670e+02 44
8.768231e+02 44
8.770792e+02 39
8.773353e+02 40
8.775914e+02 41
8.778475e+02 39
8.781036e+02 32
8.783597e+02 28
8.786158e+02 36
8.788719e+02 30
8.791280e+02 36
8.793842e+02 35
8.796403e+02 35
8.798964e+02 38
8.801525e+02 37
8.804087e+02 34
8.806648e+02 34
8.809209e+02 30
8.811771e+02 31
8.814332e+02 41
8.816893e+02 29
8.819455e+02 31
8.822016e+02 32
8.824578e+02 26
8.827139e+02 27
8.829701e+02 28
8.832262e+02 41
8.834824e+02 30
8.837385e+02 24
8.839947e+02 42
8.842509e+02 34
8.845070e+02 33
8.847632e+02 37
8.850194e+02 27
8.852755e+02 35
8.855317e+02 28
8.857879e+02 33
8.860440e+02 35
8.863002e+02 37
8.865564e+02 36
8.868126e+02 25
8.870688e+02 39
8.873250e+02 31
8.875812e+02 27
8.878373e+02 31
8.880935e+02 30
8.883497e+02 24
8.886059e+02 27
8.888621e+02 29
8.891183e+02 27
8.893745e+02 38
8.896308e+02 33
8.898870e+02 34
8.901432e+02 31
8.903994e+02 35
8.906556e+02 26
8.909118e+02 30
8.911680e+02 32
8.914243e+02 26
8.916805e+02 21
8.919367e+02 35
8.921929e+02 26
8.924492e+02 20
8.927054e+02 26
8.929617e+02 27
8.932179e+02 31
8.934741e+02 23
8.937304e+02 24
8.939866e+02 18
8.942429e+02 36
8.944991e+02 22
8.947554e+02 30
8.950116e+02 20
8.952679e+02 19
8.955241e+02 33
8.957804e+02 23
8.960367e+02 36
8.962929e+02 21
8.965492e+02 23
8.968055e+02 28
8.970617e+02 20
8.973180e+02 26
8.975743e+02 37
8.978306e+02 22
8.980868e+02 26
8.983431e+02 21
8.985994e+02 26
8.988557e+02 18
8.991120e+02 22
8.993683e+02 19
8.996246e+02 25
8.998808e+02 15
9.001371e+02 21
9.003934e+02 26
9.006497e+02 27
9.009061e+02 25
9.011624e+02 23
9.014187e+02 21
9.016750e+02 31
9.019313e+02 20
9.021876e+02 23
9.024439e+02 20
9.027002e+02 14
9.029566e+02 15
9.032129e+02 25
9.034692e+02 21
9.037255e+02 30
9.039819e+02 21
9.042382e+02 26
9.044945e+02 16
9.047509e+02 29
9.050072e+02 19
9.052636e+02 22
9.055199e+02 15
9.057762e+02 12
9.060326e+02 17
9.062889e+02 19
9.065453e+02 17
9.068016e+02 24
9.070580e+02 21
9.073144e+02 13
9.075707e+02 20
9.078271e+02 20
9.080834e+02 18
9.083398e+02 14
9.085962e+02 20
9.088526e+02 14
9.091089e+02 21
9.093653e+02 12
9.096217e+02 21
9.098781e+02 14
9.101344e+02 16
9.103908e+02 23
9.106472e+02 16
9.109036e+02 20
9.111600e+02 24
9.114164e+02 21
9.116728e+02 21
9.119292e+02 22
9.121856e+02 19
9.124420e+02 14
9.126984e+02 16
9.129548e+02 19
9.132112e+02 14
9.134676e+02 17
9.137240e+02 16
9.139804e+02 14
9.142369e+02 15
9.144933e+02 11
9.147497e+02 12
9.150061e+02 7
9.152626e+02 12
9.155190e+02 15
9.157754e+02 13
9.160318e+02 13
9.162883e+02 13
9.165447e+02 18
9.168012e+02 13
9.170576e+02 10
9.173140e+02 12
9.175705e+02 18
9.178269e+02 17
9.180834e+02 17
9.183398e+02 12
9.185963e+02 10
9.188528e+02 15
9.191092e+02 11
9.193657e+02 9
9.196221e+02 15
9.198786e+02 10
9.201351e+02 11
9.203915e+02 13
9.206480e+02 15
9.209045e+02 14
9.211610e+02 23
9.214174e+02 10
9.216739e+02 13
9.219304e+02 15
9.221869e+02 12
9.224434e+02 10
9.226999e+02 17
9.229564e+02 15
9.232129e+02 14
9.234694e+02 9
9.237259e+02 9
9.239824e+02 13
9.242389e+02 20
9.244954e+02 12
9.247519e+02 11
9.250084e+02 14
9.252649e+02 7
9.255214e+02 12
9.257779e+02 7
9.260344e+02 13
9.262910e+02 13
9.265475e+02 9
9.268040e+02 18
9.270605e+02 15
9.273171e+02 14
9.275736e+02 9
9.278301e+02 15
9.280867e+02 12
9.283432e+02 16
9.285997e+02 11
9.288563e+02 9
9.291128e+02 14
9.293694e+02 9
9.296259e+02 5
9.298825e+02 12
9.301390e+02 9
9.303956e+02 7
9.306521e+02 12
9.309087e+02 14
9.311653e+02 23
9.314218e+02 13
9.316784e+02 7
9.319350e+02 9
9.321915e+02 13
9.324481e+02 13
9.327047e+02 9
9.329613e+02 6
9.332178e+02 12
9.334744e+02 14
9.337310e+02 16
9.339876e+02 12
9.342442e+02 5
9.345008e+02 12
9.347574e+02 17
9.350140e+02 12
9.352705e+02 11
9.355271e+02 10
9.357837e+02 10
9.360404e+02 9
9.362970e+02 6
9.365536e+02 10
9.368102e+02 12
9.370668e+02 12
9.373234e+02 10
9.375800e+02 14
9.378366e+02 7
9.380933e+02 7
9.383499e+02 12
9.386065e+02 14
9.388631e+02 12
9.391198e+02 12
9.393764e+02 6
9.396330e+02 10
9.398897e+02 3
9.401463e+02 8
9.404029e+02 3
9.406596e+02 5
9.409162e+02 7
9.411729e+02 4
9.414295e+02 12
9.416862e+02 11
9.419428e+02 4
9.421995e+02 9
9.424562e+02 10
9.427128e+02 8
9.429695e+02 9
9.432261e+02 9
9.434828e+02 15
9.437395e+02 6
9.439961e+02 7
9.442528e+02 5
9.445095e+02 6
9.447662e+02 7
9.450229e+02 7
9.452795e+02 15
9.455362e+02 4
9.457929e+02 9
9.460496e+02 11
9.463063e+02 10
9.465630e+02 10
9.468197e+02 5
9.470764e+02 11
9.473331e+02 11
9.475898e+02 9
9.478465e+02 6
9.481032e+02 16
9.483599e+02 7
9.486166e+02 5
9.488733e+02 10
9.491300e+02 8
9.493867e+02 10
9.496435e+02 6
9.499002e+02 8
9.501569e+02 5
9.504136e+02 8
9.506704e+02 9
9.509271e+02 8
9.511838e+02 12
9.514406e+02 6
9.516973e+02 8
9.519540e+02 11
9.522108e+02 7
9.524675e+02 6
9.527243e+02 7
9.529810e+02 11
9.532378e+02 7
9.534945e+02 10
9.537513e+02 8
9.540080e+02 4
9.542648e+02 12
9.545216e+02 9
9.547783e+02 6
9.550351e+02 2
9.552918e+02 7
9.555486e+02 3
9.558054e+02 6
9.560622e+02 5
9.563189e+02 8
9.565757e+02 9
9.568325e+02 5
9.570893e+02 9
9.573461e+02 5
9.576029e+02 8
9.578596e+02 11
9.581164e+02 6
9.583732e+02 5
9.586300e+02 7
9.588868e+02 6
9.591436e+02 4
9.594004e+02 4
9.596572e+02 6
9.599140e+02 7
9.601708e+02 7
9.604277e+02 9
9.606845e+02 9
9.609413e+02 6
9.611981e+02 8
9.614549e+02 8
9.617117e+02 4
9.619686e+02 3
9.622254e+02 7
9.624822e+02 5
9.627391e+02 4
9.629959e+02 15
9.632527e+02 8
9.635096e+02 4
9.637664e+02 9
9.640232e+02 14
9.642801e+02 6
9.645369e+02 5
9.647938e+02 5
9.650506e+02 9
9.653075e+02 9
9.655643e+02 4
9.658212e+02 11
9.660781e+02 5
9.663349e+02 5
9.665918e+02 0
9.668487e+02 5
9.671055e+02 2
9.673624e+02 2
9.676193e+02 4
9.678761e+02 4
9.681330e+02 9
9.683899e+02 5
9.686468e+02 9
9.689037e+02 6
9.691605e+02 7
9.694174e+02 9
9.696743e+02 7
9.699312e+02 6
9.701881e+02 2
9.704450e+02 7
9.707019e+02 3
9.709588e+02 10
9.712157e+02 7
9.714726e+02 3
9.717295e+02 9
9.719864e+02 7
9.722433e+02 3
9.725003e+02 4
9.727572e+02 10
9.730141e+02 4
9.732710e+02 3
9.735279e+02 2
9.737849e+02 9
9.740418e+02 6
9.742987e+02 3
9.745557e+02 3
9.748126e+02 6
9.750695e+02 4
9.753265e+02 5
9.755834e+02 7
9.758403e+02 4
9.760973e+02 4
9.763542e+02 6
9.766112e+02 7
9.768681e+02 7
9.771251e+02 3
9.773820e+02 3
9.776390e+02 2
9.778960e+02 3
9.781529e+02 5
9.784099e+02 4
9.786669e+02 5
9.789238e+02 7
9.791808e+02 3
9.794378e+02 5
9.796947e+02 6
9.799517e+02 3
9.802087e+02 7
9.804657e+02 6
9.807227e+02 4
9.809797e+02 4
9.812366e+02 3
9.814936e+02 6
9.817506e+02 6
9.820076e+02 2
9.822646e+02 2
9.825216e+02 5
9.827786e+02 4
9.830356e+02 5
9.832926e+02 1
9.835496e+02 6
9.838066e+02 5
9.840637e+02 5
9.843207e+02 3
9.845777e+02 2
9.848347e+02 4
9.850917e+02 1
9.853488e+02 4
9.856058e+02 6
9.858628e+02 1
9.861198e+02 3
9.863769e+02 3
9.866339e+02 3
9.868909e+02 4
9.871480e+02 3
9.874050e+02 4
9.876621e+02 9
9.879191e+02 5
9.881762e+02 4
9.884332e+02 4
9.886903e+02 7
9.889473e+02 5
9.892044e+02 5
9.894614e+02 6
9.897185e+02 8
9.899756e+02 3
9.902326e+02 3
9.904897e+02 4
9.907468e+02 5
9.910038e+02 1
9.912609e+02 3
9.915180e+02 1
9.917751e+02 4
9.920321e+02 6
9.922892e+02 2
9.925463e+02 5
9.928034e+02 6
9.930605e+02 5
9.933176e+02 6
9.935747e+02 3
9.938318e+02 3
9.940889e+02 3
9.943460e+02 4
9.946031e+02 1
9.948602e+02 1
9.951173e+02 6
9.953744e+02 6
9.956315e+02 2
9.958886e+02 2
9.961457e+02 2
9.964028e+02 0
9.966600e+02 2
9.969171e+02 5
9.971742e+02 4
9.974313e+02 4
9.976885e+02 4
9.979456e+02 5
9.982027e+02 5
9.984599e+02 0
9.987170e+02 6
9.989741e+02 2
9.992313e+02 3
9.994884e+02 5
9.997456e+02 4
1.000003e+03 2
1.000260e+03 2
1.000517e+03 2
1.000774e+03 6
1.001031e+03 5
1.001288e+03 3
1.001546e+03 5
1.001803e+03 5
1.002060e+03 3
1.002317e+03 0
1.002574e+03 3
1.002831e+03 4
1.003089e+03 2
1.003346e+03 3
1.003603e+03 3
1.003860e+03 2
1.004117e+03 3
1.004375e+03 5
1.004632e+03 3
1.004889e+03 4
1.005146e+03 2
1.005403e+03 0
1.005661e+03 6
1.005918e+03 1
1.006175e+03 2
1.006432e+03 4
1.006689e+03 1
1.006947e+03 4
1.007204e+03 3
1.007461e+03 3
1.007718e+03 4
1.007975e+03 3
1.008233e+03 4
1.008490e+03 5
1.008747e+03 1
1.009004e+03 3
1.009262e+03 2
1.009519e+03 3
1.009776e+03 3
1.010033e+03 4
1.010290e+03 2
1.010548e+03 3
1.010805e+03 2
1.011062e+03 2
1.011319e+03 3
1.011577e+03 5
1.011834e+03 4
1.012091e+03 5
1.012348e+03 3
1.012606e+03 2
1.012863e+03 2
1.013120e+03 3
1.013377e+03 2
1.013635e+03 2
1.013892e+03 2
1.014149e+03 1
1.014407e+03 1
1.014664e+03 2
1.014921e+03 1
1.015178e+03 4
1.015436e+03 5
1.015693e+03 2
1.015950e+03 2
1.016207e+03 3
1.016465e+03 2
1.016722e+03 3
1.016979e+03 2
1.017237e+03 2
1.017494e+03 3
1.017751e+03 6
1.018009e+03 3
1.018266e+03 1
1.018523e+03 1
1.018780e+03 2
1.019038e+03 3
1.019295e+03 0
1.019552e+03 0
1.019810e+03 2
1.020067e+03 0
1.020324e+03 1
1.020582e+03 2
1.020839e+03 1
1.021096e+03 1
1.021354e+03 4
1.021611e+03 4
1.021868e+03 2
1.022126e+03 2
1.022383e+03 2
1.022640e+03 0
1.022898e+03 4
1.023155e+03 1
1.023412e+03 4
1.023670e+03 1
1.023927e+03 3
1.024184e+03 4
1.024442e+03 2
1.024699e+03 2
1.024956e+03 4
1.025214e+03 5
1.025471e+03 2
1.025729e+03 2
1.025986e+03 1
1.026243e+03 4
1.026501e+03 2
1.026758e+03 3
1.027015e+03 0
1.027273e+03 0
1.027530e+03 3
1.027788e+03 1
1.028045e+03 1
1.028302e+03 1
1.028560e+03 2
1.028817e+03 4
1.029075e+03 3
1.029332e+03 2
1.029589e+03 5
1.029847e+03 1
1.030104e+03 0
1.030362e+03 2
1.030619e+03 2
1.030876e+03 2
1.031134e+03 3
1.031391e+03 0
1.031649e+03 1
1.031906e+03 3
1.032163e+03 0
1.032421e+03 2
1.032678e+03 2
1.032936e+03 1
1.033193e+03 1
1.033451e+03 3
1.033708e+03 1
1.033965e+03 0
1.034223e+03 0
1.034480e+03 2
1.034738e+03 2
1.034995e+03 1
1.035253e+03 3
1.035510e+03 3
1.035768e+03 0
1.036025e+03 2
1.036283e+03 0
1.036540e+03 4
1.036797e+03 3
1.037055e+03 2
1.037312e+03 1
1.037570e+03 1
1.037827e+03 0
1.038085e+03 2
1.038342e+03 0
1.038600e+03 2
1.038857e+03 2
1.039115e+03 3
1.039372e+03 0
1.039630e+03 2
1.039887e+03 0
1.040145e+03 4
1.040402e+03 4
1.040660e+03 2
1.040917e+03 0
1.041175e+03 3
1.041432e+03 2
1.041690e+03 1
1.041947e+03 2
1.042205e+03 1
1.042462e+03 0
1.042720e+03 3
1.042977e+03 1
1.043235e+03 1
1.043492e+03 2
1.043750e+03 1
1.044007e+03 1
1.044265e+03 0
1.044522e+03 1
1.044780e+03 2
1.045037e+03 1
1.045295e+03 1
1.045552e+03 0
1.045810e+03 3
1.046067e+03 0
1.046325e+03 2
1.046583e+03 1
1.046840e+03 0
1.047098e+03 3
1.047355e+03 1
1.047613e+03 3
1.047870e+03 1
1.048128e+03 2
1.048385e+03 1
1.048643e+03 2
1.048901e+03 0
1.049158e+03 4
1.049416e+03 1
1.049673e+03 1
1.049931e+03 0
1.050188e+03 1
1.050446e+03 2
1.050704e+03 2
1.050961e+03 1
1.051219e+03 2
1.051476e+03 2
1.051734e+03 0
1.051992e+03 0
1.052249e+03 1
1.052507e+03 0
1.052764e+03 2
1.053022e+03 3
1.053279e+03 2
1.053537e+03 2
1.053795e+03 2
1.054052e+03 0
1.054310e+03 0
1.054568e+03 0
1.054825e+03 2
1.055083e+03 1
1.055340e+03 1
1.055598e+03 2
1.055856e+03 1
1.056113e+03 0
1.056371e+03 1
1.056629e+03 1
1.056886e+03 2
1.057144e+03 0
1.057401e+03 0
1.057659e+03 1
1.057917e+03 1
1.058174e+03 0
1.058432e+03 0
1.058690e+03 0
1.058947e+03 1
1.059205e+03 0
1.059463e+03 2
1.059720e+03 1
1.059978e+03 1
1.060236e+03 0
1.060493e+03 0
1.060751e+03 2
1.061009e+03 2
1.061266e+03 4
1.061524e+03 2
1.061782e+03 3
1.062039e+03 1
1.062297e+03 2
1.062555e+03 1
1.062812e+03 1
1.063070e+03 1
1.063328e+03 0
1.063585e+03 0
1.063843e+03 0
1.064101e+03 0
1.064358e+03 1
1.064616e+03 0
1.064874e+03 0
1.065132e+03 1
1.065389e+03 0
1.065647e+03 1
1.065905e+03 1
1.066162e+03 1
1.066420e+03 1
1.066678e+03 0
1.066935e+03 0
1.067193e+03 3
1.067451e+03 1
1.067709e+03 2
1.067966e+03 2
1.068224e+03 1
1.068482e+03 0
1.068740e+03 2
1.068997e+03 1
1.069255e+03 1
1.069513e+03 1
1.069771e+03 0
1.070028e+03 1
1.070286e+03 0
1.070544e+03 2
1.070801e+03 1
1.071059e+03 1
1.071317e+03 0
1.071575e+03 2
1.071833e+03 1
1.072090e+03 0
1.072348e+03 0
1.072606e+03 2
1.072864e+03 0
1.073121e+03 0
1.073379e+03 0
1.073637e+03 0
1.073895e+03 1
1.074152e+03 0
1.074410e+03 2
1.074668e+03 1
1.074926e+03 0
1.075184e+03 1
1.075441e+03 1
1.075699e+03 0
1.075957e+03 0
1.076215e+03 0
1.076473e+03 0
1.076730e+03 0
1.076988e+03 0
1.077246e+03 1
1.077504e+03 0
1.077762e+03 1
1.078019e+03 1
1.078277e+03 1
1.078535e+03 1
1.078793e+03 1
1.079051e+03 1
1.079308e+03 1
1.079566e+03 0
1.079824e+03 0
1.080082e+03 0
1.080340e+03 2
1.080598e+03 0
1.080855e+03 1
1.081113e+03 1
1.081371e+03 1
1.081629e+03 1
1.081887e+03 0
1.082145e+03 2
1.082403e+03 1
1.082660e+03 0
1.082918e+03 0
1.083176e+03 0
1.083434e+03 0
1.083692e+03 1
1.083950e+03 0
1.084208e+03 0
1.084465e+03 0
1.084723e+03 0
1.084981e+03 0
1.085239e+03 1
1.085497e+03 0
1.085755e+03 0
1.086013e+03 1
1.086270e+03 1
1.086528e+03 0
1.086786e+03 0
1.087044e+03 2
1.087302e+03 0
1.087560e+03 0
1.087818e+03 0
1.088076e+03 0
1.088334e+03 0
1.088592e+03 2
1.088849e+03 0
1.089107e+03 0
1.089365e+03 1
1.089623e+03 0
1.089881e+03 1
1.090139e+03 0
1.090397e+03 0
1.090655e+03 0
1.090913e+03 1
1.091171e+03 0
1.091429e+03 1
1.091686e+03 0
1.091944e+03 0
1.092202e+03 0
1.092460e+03 1
1.092718e+03 0
1.092976e+03 1
1.093234e+03 0
1.093492e+03 1
1.093750e+03 0
1.094008e+03 0
1.094266e+03 1
1.094524e+03 1
1.094782e+03 0
1.095040e+03 1
1.095298e+03 0
1.095556e+03 1
1.095814e+03 1
1.096072e+03 0
1.096330e+03 0
1.096588e+03 1
1.096845e+03 2
1.097103e+03 0
1.097361e+03 0
1.097619e+03 0
1.097877e+03 2
1.098135e+03 1
1.098393e+03 0
1.098651e+03 2
1.098909e+03 1
1.099167e+03 0
1.099425e+03 0
1.099683e+03 0
1.099941e+03 0
1.100199e+03 2
1.100457e+03 2
1.100715e+03 1
1.100973e+03 3
1.101231e+03 1
1.101489e+03 0
1.101747e+03 0
1.102005e+03 1
1.102263e+03 1
1.102521e+03 3
1.102779e+03 0
1.103037e+03 0
1.103295e+03 1
1.103554e+03 1
1.103812e+03 0
1.104070e+03 1
1.104328e+03 0
1.104586e+03 0
1.104844e+03 1
1.105102e+03 0
1.105360e+03 0
1.105618e+03 1
1.105876e+03 1
1.106134e+03 0
1.106392e+03 1
1.106650e+03 0
1.106908e+03 0
1.107166e+03 1
1.107424e+03 2
1.107682e+03 1
1.107940e+03 1
1.108198e+03 0
1.108456e+03 1
1.108715e+03 1
1.108973e+03 0
1.109231e+03 0
1.109489e+03 0
1.109747e+03 0
1.110005e+03 0
1.110263e+03 0
1.110521e+03 0
1.110779e+03 0
1.111037e+03 0
1.111295e+03 1
1.111553e+03 1
1.111812e+03 1
1.112070e+03 1
1.112328e+03 1
1.112586e+03 0
1.112844e+03 0
1.113102e+03 0
1.113360e+03 0
1.113618e+03 1
1.113876e+03 0
1.114135e+03 0
1.114393e+03 1
1.114651e+03 0
1.114909e+03 2
1.115167e+03 0
1.115425e+03 0
1.115683e+03 1
1.115941e+03 0
1.116200e+03 0
1.116458e+03 1
1.116716e+03 0
1.116974e+03 0
1.117232e+03 0
1.117490e+03 1
1.117748e+03 2
1.118007e+03 0
1.118265e+03 0
1.118523e+03 0
1.118781e+03 0
1.119039e+03 0
1.119297e+03 1
1.119555e+03 0
1.119814e+03 0
1.120072e+03 0
1.120330e+03 0
1.120588e+03 0
1.120846e+03 0
1.121105e+03 1
1.121363e+03 0
1.121621e+03 1
1.121879e+03 0
1.122137e+03 0
1.122395e+03 0
1.122654e+03 0
1.122912e+03 1
1.123170e+03 0
1.123428e+03 0
1.123686e+03 0
1.123945e+03 1
1.124203e+03 0
1.124461e+03 0
1.124719e+03 1
1.124977e+03 0
1.125236e+03 0
1.125494e+03 0
1.125752e+03 0
1.126010e+03 0
1.126269e+03 0
1.126527e+03 1
1.126785e+03 0
1.127043e+03 0
1.127301e+03 0
1.127560e+03 0
1.127818e+03 0
1.128076e+03 0
1.128334e+03 0
1.128593e+03 1
1.128851e+03 0
1.129109e+03 1
1.129367e+03 1
1.129626e+03 0
1.129884e+03 0
1.130142e+03 0
1.130400e+03 0
1.130659e+03 0
1.130917e+03 0
1.131175e+03 0
1.131433e+03 0
1.131692e+03 0
1.131950e+03 0
1.132208e+03 1
1.132466e+03 1
1.132725e+03 0
1.132983e+03 0
1.133241e+03 0
1.133500e+03 2
1.133758e+03 0
1.134016e+03 2
1.134274e+03 0
1.134533e+03 1
1.134791e+03 0
1.135049e+03 0
1.135308e+03 0
1.135566e+03 0
1.135824e+03 1
1.136082e+03 0
1.136341e+03 0
1.136599e+03 2
1.136857e+03 0
1.137116e+03 1
1.137374e+03 0
1.137632e+03 0
1.137891e+03 0
1.138149e+03 0
1.138407e+03 0
1.138666e+03 1
1.138924e+03 0
1.139182e+03 0
1.139441e+03 1
1.139699e+03 0
1.139957e+03 1
1.140216e+03 1
1.140474e+03 0
1.140732e+03 1
1.140991e+03 1
1.141249e+03 0
1.141507e+03 2
1.141766e+03 0
1.142024e+03 1
1.142282e+03 0
1.142541e+03 1
1.142799e+03 2
1.143058e+03 0
1.143316e+03 0
1.143574e+03 1
1.143833e+03 1
1.144091e+03 0
1.144349e+03 0
1.144608e+03 0
1.144866e+03 1
1.145124e+03 0
1.145383e+03 1
1.145641e+03 1
1.145900e+03 1
1.146158e+03 1
1.146416e+03 0
1.146675e+03 0
1.146933e+03 0
1.147192e+03 0
1.147450e+03 0
1.147708e+03 1
1.147967e+03 0
1.148225e+03 0
1.148484e+03 0
1.148742e+03 0
1.149000e+03 0
1.149259e+03 0
1.149517e+03 0
1.149776e+03 0
1.150034e+03 1
1.150293e+03 0
1.150551e+03 0
1.150809e+03 0
1.151068e+03 2
1.151326e+03 0
1.151585e+03 1
1.151843e+03 2
1.152102e+03 0
1.152360e+03 3
1.152618e+03 3
1.152877e+03 1
1.153135e+03 3
1.153394e+03 0
1.153652e+03 0
1.153911e+03 0
1.154169e+03 1
1.154428e+03 2
1.154686e+03 0
1.154945e+03 0
1.155203e+03 0
1.155461e+03 0
1.155720e+03 0
1.155978e+03 0
1.156237e+03 0
1.156495e+03 0
1.156754e+03 0
1.157012e+03 2
1.157271e+03 1
1.157529e+03 0
1.157788e+03 1
1.158046e+03 1
1.158305e+03 1
1.158563e+03 0
1.158822e+03 1
1.159080e+03 0
1.159339e+03 0
1.159597e+03 0
1.159856e+03 0
1.160114e+03 0
1.160373e+03 0
1.160631e+03 0
1.160890e+03 1
1.161148e+03 1
1.161407e+03 0
1.161665e+03 0
1.161924e+03 0
1.162182e+03 0
1.162441e+03 2
1.162699e+03 0
1.162958e+03 1
1.163217e+03 1
1.163475e+03 0
1.163734e+03 0
1.163992e+03 0
1.164251e+03 2
1.164509e+03 0
1.164768e+03 0
1.165026e+03 0
1.165285e+03 0
1.165543e+03 0
1.165802e+03 0
1.166061e+03 0
1.166319e+03 0
1.166578e+03 1
1.166836e+03 2
1.167095e+03 0
1.167353e+03 1
1.167612e+03 0
1.167870e+03 1
1.168129e+03 0
1.168388e+03 1
1.168646e+03 0
1.168905e+03 1
1.169163e+03 0
1.169422e+03 0
1.169681e+03 1
1.169939e+03 0
1.170198e+03 0
1.170456e+03 0
1.170715e+03 0
1.170974e+03 1
1.171232e+03 0
1.171491e+03 1
1.171749e+03 1
1.172008e+03 1
1.172267e+03 1
1.172525e+03 1
1.172784e+03 1
1.173042e+03 1
1.173301e+03 0
1.173560e+03 0
1.173818e+03 0
1.174077e+03 1
1.174335e+03 0
1.174594e+03 0
1.174853e+03 2
1.175111e+03 2
1.175370e+03 0
1.175629e+03 1
1.175887e+03 1
1.176146e+03 0
1.176405e+03 0
1.176663e+03 0
1.176922e+03 0
1.177181e+03 0
1.177439e+03 1
1.177698e+03 1
1.177957e+03 1
1.178215e+03 1
1.178474e+03 0
1.178732e+03 1
1.178991e+03 0
1.179250e+03 0
1.179508e+03 0
1.179767e+03 1
1.180026e+03 0
1.180285e+03 1
1.180543e+03 1
1.180802e+03 0
1.181061e+03 1
1.181319e+03 1
1.181578e+03 1
1.181837e+03 0
1.182095e+03 0
1.182354e+03 1
1.182613e+03 1
1.182871e+03 0
1.183130e+03 0
1.183389e+03 1
1.183648e+03 1
1.183906e+03 0
1.184165e+03 0
1.184424e+03 1
1.184682e+03 0
1.184941e+03 0
1.185200e+03 0
1.185459e+03 0
1.185717e+03 1
1.185976e+03 2
1.186235e+03 0
1.186493e+03 2
1.186752e+03 1
1.187011e+03 0
1.187270e+03 0
1.187528e+03 2
1.187787e+03 0
1.188046e+03 0
1.188305e+03 1
1.188563e+03 2
1.188822e+03 1
1.189081e+03 0
1.189340e+03 1
1.189598e+03 0
1.189857e+03 1
1.190116e+03 0
1.190375e+03 0
1.190633e+03 0
1.190892e+03 2
1.191151e+03 0
1.191410e+03 0
1.191668e+03 1
1.191927e+03 0
1.192186e+03 2
1.192445e+03 2
1.192704e+03 0
1.192962e+03 3
1.193221e+03 2
1.193480e+03 1
1.193739e+03 1
1.193998e+03 0
1.194256e+03 0
1.194515e+03 0
1.194774e+03 0
1.195033e+03 0
1.195292e+03 0
1.195550e+03 1
1.195809e+03 1
1.196068e+03 1
1.196327e+03 0
1.196586e+03 0
1.196844e+03 2
1.197103e+03 0
1.197362e+03 0
1.197621e+03 0
1.197880e+03 1
1.198139e+03 0
1.198397e+03 0
1.198656e+03 1
1.198915e+03 0
1.199174e+03 0
1.199433e+03 0
1.199692e+03 2
1.199950e+03 0
1.200209e+03 1
1.200468e+03 0
1.200727e+03 4
1.200986e+03 0
1.201245e+03 0
1.201504e+03 1
1.201762e+03 2
1.202021e+03 0
1.202280e+03 0
1.202539e+03 0
1.202798e+03 1
1.203057e+03 0
1.203316e+03 1
1.203574e+03 0
1.203833e+03 0
1.204092e+03 2
1.204351e+03 0
1.204610e+03 1
1.204869e+03 1
1.205128e+03 0
1.205387e+03 1
1.205646e+03 1
1.205904e+03 2
1.206163e+03 0
1.206422e+03 0
1.206681e+03 0
1.206940e+03 0
1.207199e+03 1
1.207458e+03 0
1.207717e+03 0
1.207976e+03 0
1.208235e+03 0
1.208493e+03 1
1.208752e+03 1
1.209011e+03 0
1.209270e+03 0
1.209529e+03 0
1.209788e+03 1
1.210047e+03 0
1.210306e+03 1
1.210565e+03 0
1.210824e+03 2
1.211083e+03 0
1.211342e+03 0
1.211601e+03 2
1.211860e+03 0
1.212119e+03 0
1.212377e+03 0
1.212636e+03 2
1.212895e+03 0
1.213154e+03 0
1.213413e+03 0
1.213672e+03 0
1.213931e+03 0
1.214190e+03 0
1.214449e+03 1
1.214708e+03 1
1.214967e+03 0
1.215226e+03 1
1.215485e+03 0
1.215744e+03 0
1.216003e+03 1
1.216262e+03 0
1.216521e+03 0
1.216780e+03 0
1.217039e+03 0
1.217298e+03 0
1.217557e+03 1
1.217816e+03 0
1.218075e+03 0
1.218334e+03 0
1.218593e+03 0
1.218852e+03 0
1.219111e+03 1
1.219370e+03 0
1.219629e+03 0
1.219888e+03 0
1.220147e+03 1
1.220406e+03 1
1.220665e+03 0
1.220924e+03 0
1.221183e+03 0
1.221442e+03 2
1.221701e+03 0
1.221960e+03 0
1.222219e+03 0
1.222478e+03 1
1.222737e+03 1
1.222996e+03 0
1.223255e+03 1
1.223514e+03 0
1.223773e+03 0
1.224032e+03 0
1.224291e+03 0
1.224551e+03 1
1.224810e+03 0
1.225069e+03 0
1.225328e+03 0
1.225587e+03 0
1.225846e+03 0
1.226105e+03 0
1.226364e+03 1
1.226623e+03 0
1.226882e+03 0
1.227141e+03 0
1.227400e+03 0
1.227659e+03 0
1.227918e+03 0
1.228177e+03 0
1.228437e+03 0
1.228696e+03 1
1.228955e+03 0
1.229214e+03 0
1.229473e+03 0
1.229732e+03 1
1.229991e+03 1
1.230250e+03 1
1.230509e+03 0
1.230768e+03 0
1.231028e+03 1
1.231287e+03 0
1.231546e+03 1
1.231805e+03 1
1.232064e+03 1
1.232323e+03 1
1.232582e+03 1
1.232841e+03 0
1.233100e+03 0
1.233360e+03 0
1.233619e+03 1
1.233878e+03 4
1.234137e+03 0
1.234396e+03 2
1.234655e+03 0
1.234914e+03 0
1.235174e+03 1
1.235433e+03 0
1.235692e+03 3
1.235951e+03 0
1.236210e+03 0
1.236469e+03 0
1.236728e+03 0
1.236988e+03 0
1.237247e+03 0
1.237506e+03 0
1.237765e+03 0
1.238024e+03 0
1.238283e+03 0
1.238543e+03 0
1.238802e+03 1
1.239061e+03 0
1.239320e+03 1
1.239579e+03 0
1.239838e+03 0
1.240098e+03 0
1.240357e+03 2
1.240616e+03 1
1.240875e+03 0
1.241134e+03 1
1.241394e+03 0
1.241653e+03 0
1.241912e+03 0
1.242171e+03 0
1.242430e+03 1
1.242690e+03 0
1.242949e+03 1
1.243208e+03 0
1.243467e+03 0
1.243726e+03 0
1.243986e+03 1
1.244245e+03 0
1.244504e+03 1
1.244763e+03 0
1.245023e+03 0
1.245282e+03 0
1.245541e+03 0
1.245800e+03 0
1.246059e+03 0
1.246319e+03 1
1.246578e+03 0
1.246837e+03 0
1.247096e+03 0
1.247356e+03 0
1.247615e+03 0
1.247874e+03 0
1.248133e+03 0
1.248393e+03 0
1.248652e+03 0
1.248911e+03 0
1.249170e+03 0
1.249430e+03 0
1.249689e+03 0
1.249948e+03 1
1.250207e+03 1
1.250467e+03 0
1.250726e+03 0
1.250985e+03 0
1.251245e+03 1
1.251504e+03 0
1.251763e+03 1
1.252022e+03 0
1.252282e+03 0
1.252541e+03 0
1.252800e+03 0
1.253060e+03 0
1.253319e+03 0
1.253578e+03 0
1.253837e+03 0
1.254097e+03 1
1.254356e+03 0
1.254615e+03 0
1.254875e+03 0
1.255134e+03 0
1.255393e+03 2
1.255653e+03 0
1.255912e+03 0
1.256171e+03 0
1.256431e+03 0
1.256690e+03 1
1.256949e+03 0
1.257209e+03 0
1.257468e+03 0
1.257727e+03 0
1.257987e+03 0
1.258246e+03 0
1.258505e+03 0
1.258765e+03 0
1.259024e+03 1
1.259283e+03 0
1.259543e+03 1
1.259802e+03 0
1.260061e+03 0
1.260321e+03 0
1.260580e+03 0
1.260839e+03 0
1.261099e+03 1
1.261358e+03 1
1.261617e+03 0
1.261877e+03 0
1.262136e+03 1
1.262396e+03 0
1.262655e+03 0
1.262914e+03 0
1.263174e+03 0
1.263433e+03 0
1.263692e+03 0
1.263952e+03 0
1.264211e+03 0
1.264471e+03 0
1.264730e+03 0
1.264989e+03 0
1.265249e+03 0
1.265508e+03 1
1.265768e+03 0
1.266027e+03 0
1.266286e+03 0
1.266546e+03 1
1.266805e+03 0
1.267065e+03 0
1.267324e+03 0
1.267583e+03 0
1.267843e+03 1
1.268102e+03 0
1.268362e+03 0
1.268621e+03 0
1.268880e+03 0
1.269140e+03 0
1.269399e+03 0
1.269659e+03 0
1.269918e+03 0
1.270178e+03 1
1.270437e+03 0
1.270697e+03 0
1.270956e+03 1
1.271215e+03 0
1.271475e+03 1
1.271734e+03 0
1.271994e+03 0
1.272253e+03 1
1.272513e+03 0
1.272772e+03 1
1.273032e+03 1
1.273291e+03 0
1.273551e+03 0
1.273810e+03 0
1.274069e+03 0
1.274329e+03 0
1.274588e+03 0
1.274848e+03 0
1.275107e+03 0
1.275367e+03 0
1.275626e+03 0
1.275886e+03 0
1.276145e+03 0
1.276405e+03 1
1.276664e+03 0
1.276924e+03 1
1.277183e+03 0
1.277443e+03 2
1.277702e+03 0
1.277962e+03 0
1.278221e+03 1
1.278481e+03 1
1.278740e+03 0
1.279000e+03 1
1.279259e+03 1
1.279519e+03 1
1.279778e+03 0
1.280038e+03 0
1.280297e+03 1
1.280557e+03 0
1.280816e+03 0
1.281076e+03 1
1.281335e+03 0
1.281595e+03 0
1.281855e+03 0
1.282114e+03 0
1.282374e+03 0
1.282633e+03 0
1.282893e+03 0
1.283152e+03 0
1.283412e+03 0
1.283671e+03 0
1.283931e+03 0
1.284190e+03 0
1.284450e+03 0
1.284710e+03 0
1.284969e+03 1
1.285229e+03 0
1.285488e+03 0
1.285748e+03 1
1.286007e+03 0
1.286267e+03 0
1.286527e+03 0
1.286786e+03 0
1.287046e+03 0
1.287305e+03 1
1.287565e+03 0
1.287824e+03 0
1.288084e+03 0
1.288344e+03 0
1.288603e+03 0
1.288863e+03 0
1.289122e+03 0
1.289382e+03 0
1.289642e+03 0
1.289901e+03 0
1.290161e+03 0
1.290420e+03 0
1.290680e+03 0
1.290940e+03 0
1.291199e+03 0
1.291459e+03 0
1.291719e+03 0
1.291978e+03 0
1.292238e+03 0
1.292497e+03 0
1.292757e+03 1
1.293017e+03 1
1.293276e+03 0
1.293536e+03 2
1.293796e+03 0
1.294055e+03 0
1.294315e+03 2
1.294574e+03 0
1.294834e+03 0
1.295094e+03 0
1.295353e+03 0
1.295613e+03 0
1.295873e+03 0
1.296132e+03 0
1.296392e+03 0
1.296652e+03 0
1.296911e+03 0
1.297171e+03 1
1.297431e+03 0
1.297690e+03 0
1.297950e+03 0
1.298210e+03 0
1.298469e+03 1
1.298729e+03 0
1.298989e+03 0
1.299248e+03 2
1.299508e+03 0
1.299768e+03 0
1.300027e+03 0
1.300287e+03 0
1.300547e+03 0
1.300807e+03 0
1.301066e+03 0
1.301326e+03 1
1.301586e+03 0
1.301845e+03 1
1.302105e+03 0
1.302365e+03 1
1.302624e+03 0
1.302884e+03 0
1.303144e+03 0
1.303404e+03 0
1.303663e+03 0
1.303923e+03 0
1.304183e+03 0
1.304442e+03 2
1.304702e+03 0
1.304962e+03 0
1.305222e+03 0
1.305481e+03 0
1.305741e+03 0
1.306001e+03 1
1.306261e+03 0
1.306520e+03 0
1.306780e+03 0
1.307040e+03 0
1.307300e+03 0
1.307559e+03 1
1.307819e+03 0
1.308079e+03 1
1.308339e+03 1
1.308598e+03 0
1.308858e+03 1
1.309118e+03 0
1.309378e+03 0
1.309637e+03 0
1.309897e+03 1
1.310157e+03 0
1.310417e+03 0
1.310677e+03 1
1.310936e+03 0
1.311196e+03 0
1.311456e+03 0
1.311716e+03 0
1.311975e+03 0
1.312235e+03 0
1.312495e+03 2
1.312755e+03 1
1.313015e+03 0
1.313274e+03 1
1.313534e+03 3
1.313794e+03 1
1.314054e+03 0
1.314314e+03 1
1.314573e+03 0
1.314833e+03 0
1.315093e+03 0
1.315353e+03 0
1.315613e+03 0
1.315873e+03 0
1.316132e+03 0
1.316392e+03 0
1.316652e+03 0
1.316912e+03 1
1.317172e+03 0
1.317432e+03 0
1.317691e+03 1
1.317951e+03 0
1.318211e+03 0
1.318471e+03 1
1.318731e+03 2
1.318991e+03 0
1.319250e+03 0
1.319510e+03 0
1.319770e+03 0
1.320030e+03 0
1.320290e+03 0
1.320550e+03 0
1.320810e+03 1
1.321069e+03 0
1.321329e+03 1
1.321589e+03 2
1.321849e+03 1
1.322109e+03 0
1.322369e+03 0
1.322629e+03 0
1.322889e+03 1
1.323148e+03 0
1.323408e+03 1
1.323668e+03 0
1.323928e+03 1
1.324188e+03 0
1.324448e+03 0
1.324708e+03 0
1.324968e+03 0
1.325228e+03 0
1.325487e+03 1
1.325747e+03 1
1.326007e+03 0
1.326267e+03 0
1.326527e+03 0
1.326787e+03 0
1.327047e+03 0
1.327307e+03 0
1.327567e+03 0
1.327827e+03 0
1.328087e+03 1
1.328347e+03 0
1.328606e+03 0
1.328866e+03 0
1.329126e+03 1
1.329386e+03 0
1.329646e+03 0
1.329906e+03 0
1.330166e+03 0
1.330426e+03 1
1.330686e+03 0
1.330946e+03 0
1.331206e+03 3
1.331466e+03 0
1.331726e+03 1
1.331986e+03 1
1.332246e+03 0
1.332506e+03 4
1.332766e+03 0
1.333026e+03 0
1.333286e+03 1
1.333546e+03 1
1.333806e+03 0
1.334065e+03 1
1.334325e+03 1
1.334585e+03 1
1.334845e+03 0
1.335105e+03 0
1.335365e+03 0
1.335625e+03 0
1.335885e+03 0
1.336145e+03 0
1.336405e+03 0
1.336665e+03 0
1.336925e+03 2
1.337185e+03 0
1.337445e+03 0
1.337705e+03 2
1.337965e+03 0
1.338225e+03 1
1.338485e+03 0
1.338745e+03 1
1.339005e+03 0
1.339265e+03 0
1.339525e+03 1
1.339785e+03 1
1.340046e+03 0
1.340306e+03 0
1.340566e+03 2
1.340826e+03 0
1.341086e+03 0
1.341346e+03 0
1.341606e+03 0
1.341866e+03 0
1.342126e+03 0
1.342386e+03 1
1.342646e+03 0
1.342906e+03 2
1.343166e+03 0
1.343426e+03 0
1.343686e+03 0
1.343946e+03 2
1.344206e+03 0
1.344466e+03 0
1.344726e+03 0
1.344986e+03 0
1.345246e+03 1
1.345507e+03 0
1.345767e+03 1
1.346027e+03 0
1.346287e+03 1
1.346547e+03 0
1.346807e+03 1
1.347067e+03 1
1.347327e+03 0
1.347587e+03 0
1.347847e+03 0
1.348107e+03 0
1.348367e+03 1
1.348628e+03 0
1.348888e+03 0
1.349148e+03 0
1.349408e+03 0
1.349668e+03 0
1.349928e+03 0
1.350188e+03 1
1.350448e+03 0
1.350708e+03 0
1.350969e+03 0
1.351229e+03 0
1.351489e+03 0
1.351749e+03 3
1.352009e+03 0
1.352269e+03 0
1.352529e+03 1
1.352789e+03 0
1.353050e+03 0
1.353310e+03 0
1.353570e+03 1
1.353830e+03 1
1.354090e+03 2
1.354350e+03 0
1.354610e+03 0
1.354871e+03 0
1.355131e+03 1
1.355391e+03 0
1.355651e+03 0
1.355911e+03 0
1.356171e+03 0
1.356431e+03 1
1.356692e+03 0
1.356952e+03 0
1.357212e+03 1
1.357472e+03 1
1.357732e+03 1
1.357993e+03 0
1.358253e+03 1
1.358513e+03 2
1.358773e+03 0
1.359033e+03 0
1.359293e+03 0
1.359554e+03 0
1.359814e+03 0
1.360074e+03 0
1.360334e+03 1
1.360594e+03 0
1.360855e+03 0
1.361115e+03 0
1.361375e+03 0
1.361635e+03 0
1.361895e+03 1
1.362156e+03 1
1.362416e+03 3
1.362676e+03 0
1.362936e+03 1
1.363196e+03 1
1.363457e+03 0
1.363717e+03 0
1.363977e+03 2
1.364237e+03 0
1.364498e+03 0
1.364758e+03 0
1.365018e+03 0
1.365278e+03 0
1.365539e+03 0
1.365799e+03 2
1.366059e+03 0
1.366319e+03 0
1.366580e+03 0
1.366840e+03 1
1.367100e+03 0
1.367360e+03 0
1.367621e+03 0
1.367881e+03 0
1.368141e+03 0
1.368401e+03 0
1.368662e+03 0
1.368922e+03 0
1.369182e+03 0
1.369442e+03 0
1.369703e+03 2
1.369963e+03 0
1.370223e+03 0
1.370484e+03 0
1.370744e+03 0
1.371004e+03 1
1.371264e+03 0
1.371525e+03 1
1.371785e+03 0
1.372045e+03 1
1.372306e+03 1
1.372566e+03 0
1.372826e+03 0
1.373086e+03 0
1.373347e+03 0
1.373607e+03 0
1.373867e+03 1
1.374128e+03 0
1.374388e+03 1
1.374648e+03 1
1.374909e+03 2
1.375169e+03 1
1.375429e+03 0
1.375690e+03 0
1.375950e+03 0
1.376210e+03 0
1.376471e+03 1
1.376731e+03 0
1.376991e+03 0
1.377252e+03 1
1.377512e+03 1
1.377772e+03 1
1.378033e+03 0
1.378293e+03 0
1.378553e+03 1
1.378814e+03 0
1.379074e+03 0
1.379334e+03 1
1.379595e+03 0
1.379855e+03 0
1.380115e+03 0
1.380376e+03 0
1.380636e+03 0
1.380897e+03 0
1.381157e+03 0
1.381417e+03 0
1.381678e+03 0
1.381938e+03 1
1.382198e+03 0
1.382459e+03 0
1.382719e+03 0
1.382980e+03 0
1.383240e+03 0
1.383500e+03 0
1.383761e+03 0
1.384021e+03 0
1.384282e+03 1
1.384542e+03 0
1.384802e+03 0
1.385063e+03 0
1.385323e+03 0
1.385584e+03 0
1.385844e+03 1
1.386104e+03 0
1.386365e+03 0
1.386625e+03 0
1.386886e+03 0
1.387146e+03 1
1.387406e+03 0
1.387667e+03 0
1.387927e+03 0
1.388188e+03 1
1.388448e+03 0
1.388709e+03 0
1.388969e+03 0
1.389229e+03 0
1.389490e+03 0
1.389750e+03 0
1.390011e+03 0
1.390271e+03 0
1.390532e+03 0
1.390792e+03 0
1.391053e+03 0
1.391313e+03 0
1.391574e+03 0
1.391834e+03 1
1.392094e+03 0
1.392355e+03 0
1.392615e+03 0
1.392876e+03 0
1.393136e+03 0
1.393397e+03 0
1.393657e+03 0
1.393918e+03 0
1.394178e+03 0
1.394439e+03 0
1.394699e+03 0
1.394960e+03 1
1.395220e+03 1
1.395481e+03 1
1.395741e+03 1
1.396002e+03 0
1.396262e+03 0
1.396523e+03 0
1.396783e+03 0
1.397044e+03 0
1.397304e+03 0
1.397565e+03 1
1.397825e+03 1
1.398086e+03 0
1.398346e+03 1
1.398607e+03 0
1.398867e+03 0
1.399128e+03 0
1.399388e+03 1
1.399649e+03 1
1.399909e+03 0
1.400170e+03 0
1.400430e+03 0
1.400691e+03 0
1.400951e+03 0
1.401212e+03 0
1.401473e+03 0
1.401733e+03 0
1.401994e+03 0
1.402254e+03 1
1.402515e+03 1
1.402775e+03 0
1.403036e+03 0
1.403296e+03 0
1.403557e+03 1
1.403818e+03 0
1.404078e+03 0
1.404339e+03 0
1.404599e+03 0
1.404860e+03 0
1.405120e+03 0
1.405381e+03 0
1.405642e+03 1
1.405902e+03 1
1.406163e+03 0
1.406423e+03 0
1.406684e+03 0
1.406944e+03 1
1.407205e+03 0
1.407466e+03 0
1.407726e+03 0
1.407987e+03 0
1.408247e+03 0
1.408508e+03 2
1.408769e+03 0
1.409029e+03 0
1.409290e+03 0
1.409550e+03 0
1.409811e+03 0
1.410072e+03 0
1.410332e+03 0
1.410593e+03 0
1.410854e+03 0
1.411114e+03 1
1.411375e+03 0
1.411635e+03 0
1.411896e+03 1
1.412157e+03 0
1.412417e+03 2
1.412678e+03 0
1.412939e+03 0
1.413199e+03 0
1.413460e+03 0
1.413720e+03 0
1.413981e+03 0
1.414242e+03 0
1.414502e+03 0
1.414763e+03 0
1.415024e+03 0
1.415284e+03 0
1.415545e+03 0
1.415806e+03 0
1.416066e+03 0
1.416327e+03 0
1.416588e+03 0
1.416848e+03 0
1.417109e+03 0
1.417370e+03 0
1.417630e+03 0
1.417891e+03 1
1.418152e+03 0
1.418412e+03 0
1.418673e+03 0
1.418934e+03 0
1.419195e+03 0
1.419455e+03 0
1.419716e+03 0
1.419977e+03 0
1.420237e+03 0
1.420498e+03 0
1.420759e+03 0
1.421019e+03 0
1.421280e+03 0
1.421541e+03 0
1.421802e+03 0
1.422062e+03 0
1.422323e+03 1
1.422584e+03 0
1.422844e+03 0
1.423105e+03 0
1.423366e+03 0
1.423627e+03 0
1.423887e+03 0
1.424148e+03 0
1.424409e+03 0
1.424670e+03 0
1.424930e+03 0
1.425191e+03 0
1.425452e+03 0
1.425712e+03 1
1.425973e+03 0
1.426234e+03 0
1.426495e+03 0
1.426755e+03 0
1.427016e+03 0
1.427277e+03 0
1.427538e+03 0
1.427799e+03 0
1.428059e+03 0
1.428320e+03 1
1.428581e+03 1
1.428842e+03 0
1.429102e+03 0
1.429363e+03 1
1.429624e+03 1
1.429885e+03 1
1.430145e+03 0
1.430406e+03 0
1.430667e+03 0
1.430928e+03 0
1.431189e+03 0
1.431449e+03 0
1.431710e+03 0
1.431971e+03 0
1.432232e+03 0
1.432493e+03 0
1.432753e+03 0
1.433014e+03 0
1.433275e+03 0
1.433536e+03 2
1.433797e+03 0
1.434057e+03 0
1.434318e+03 0
1.434579e+03 0
1.434840e+03 0
1.435101e+03 0
1.435362e+03 0
1.435622e+03 2
1.435883e+03 0
1.436144e+03 1
1.436405e+03 0
1.436666e+03 2
1.436927e+03 0
1.437187e+03 0
1.437448e+03 0
1.437709e+03 1
1.437970e+03 0
1.438231e+03 0
1.438492e+03 0
1.438752e+03 0
1.439013e+03 1
1.439274e+03 0
1.439535e+03 0
1.439796e+03 0
1.440057e+03 1
1.440318e+03 1
1.440579e+03 0
1.440839e+03 0
1.441100e+03 0
1.441361e+03 0
1.441622e+03 0
1.441883e+03 0
1.442144e+03 0
1.442405e+03 0
1.442666e+03 0
1.442926e+03 0
1.443187e+03 0
1.443448e+03 0
1.443709e+03 0
1.443970e+03 1
1.444231e+03 0
1.444492e+03 0
1.444753e+03 0
1.445014e+03 0
1.445275e+03 0
1.445535e+03 0
1.445796e+03 0
1.446057e+03 1
1.446318e+03 0
1.446579e+03 0
1.446840e+03 0
1.447101e+03 0
1.447362e+03 0
1.447623e+03 1
1.447884e+03 0
1.448145e+03 0
1.448406e+03 2
1.448667e+03 0
1.448928e+03 0
1.449188e+03 1
1.449449e+03 0
1.449710e+03 1
1.449971e+03 0
1.450232e+03 0
1.450493e+03 1
1.450754e+03 0
1.451015e+03 0
1.451276e+03 0
1.451537e+03 0
1.451798e+03 0
1.452059e+03 0
1.452320e+03 0
1.452581e+03 0
1.452842e+03 0
1.453103e+03 0
1.453364e+03 0
1.453625e+03 0
1.453886e+03 0
1.454147e+03 0
1.454408e+03 0
1.454669e+03 0
1.454930e+03 0
1.455191e+03 0
1.455452e+03 0
1.455713e+03 0
1.455974e+03 0
1.456235e+03 0
1.456496e+03 0
1.456757e+03 1
1.457018e+03 1
1.457279e+03 0
1.457540e+03 0
1.457801e+03 0
1.458062e+03 0
1.458323e+03 0
1.458584e+03 0
1.458845e+03 1
1.459106e+03 0
1.459367e+03 0
1.459628e+03 0
1.459889e+03 0
1.460150e+03 0
1.460411e+03 0
1.460672e+03 0
1.460933e+03 0
1.461194e+03 1
1.461455e+03 0
1.461716e+03 0
1.461977e+03 0
1.462238e+03 0
1.462499e+03 0
1.462760e+03 0
1.463021e+03 0
1.463283e+03 1
1.463544e+03 0
1.463805e+03 0
1.464066e+03 0
1.464327e+03 0
1.464588e+03 1
1.464849e+03 1
1.465110e+03 0
1.465371e+03 0
1.465632e+03 0
1.465893e+03 1
1.466154e+03 1
1.466415e+03 0
1.466677e+03 0
1.466938e+03 0
1.467199e+03 0
1.467460e+03 0
1.467721e+03 0
1.467982e+03 2
1.468243e+03 0
1.468504e+03 0
1.468765e+03 0
1.469026e+03 0
1.469288e+03 0
1.469549e+03 0
1.469810e+03 0
1.470071e+03 0
1.470332e+03 0
1.470593e+03 0
1.470854e+03 0
1.471115e+03 0
1.471376e+03 0
1.471638e+03 0
1.471899e+03 0
1.472160e+03 0
1.472421e+03 0
1.472682e+03 1
1.472943e+03 1
1.473204e+03 0
1.473466e+03 0
1.473727e+03 0
1.473988e+03 1
1.474249e+03 1
1.474510e+03 0
1.474771e+03 0
1.475032e+03 0
1.475294e+03 0
1.475555e+03 0
1.475816e+03 0
1.476077e+03 0
1.476338e+03 0
1.476599e+03 0
1.476861e+03 0
1.477122e+03 0
1.477383e+03 0
1.477644e+03 0
1.477905e+03 0
1.478167e+03 0
1.478428e+03 1
1.478689e+03 0
1.478950e+03 0
1.479211e+03 0
1.479473e+03 0
1.479734e+03 0
1.479995e+03 1
1.480256e+03 0
1.480517e+03 0
1.480779e+03 0
1.481040e+03 0
1.481301e+03 0
1.481562e+03 0
1.481823e+03 0
1.482085e+03 0
1.482346e+03 0
1.482607e+03 0
1.482868e+03 0
1.483129e+03 0
1.483391e+03 1
1.483652e+03 0
1.483913e+03 0
1.484174e+03 0
1.484436e+03 0
1.484697e+03 1
1.484958e+03 0
1.485219e+03 0
1.485481e+03 0
1.485742e+03 0
1.486003e+03 1
1.486264e+03 0
1.486526e+03 0
1.486787e+03 0
1.487048e+03 0
1.487309e+03 0
1.487571e+03 0
1.487832e+03 0
1.488093e+03 0
1.488354e+03 0
1.488616e+03 0
1.488877e+03 0
1.489138e+03 0
1.489400e+03 2
1.489661e+03 0
1.489922e+03 0
1.490183e+03 0
1.490445e+03 0
1.490706e+03 1
1.490967e+03 0
1.491229e+03 0
1.491490e+03 0
1.491751e+03 0
1.492012e+03 0
1.492274e+03 0
1.492535e+03 0
1.492796e+03 0
1.493058e+03 0
1.493319e+03 1
1.493580e+03 0
1.493842e+03 0
1.494103e+03 0
1.494364e+03 0
1.494626e+03 0
1.494887e+03 0
1.495148e+03 0
1.495410e+03 0
1.495671e+03 0
1.495932e+03 0
1.496194e+03 0
1.496455e+03 0
1.496716e+03 0
1.496978e+03 0
1.497239e+03 1
1.497500e+03 0
1.497762e+03 0
1.498023e+03 0
1.498284e+03 0
1.498546e+03 0
1.498807e+03 0
1.499068e+03 0
1.499330e+03 0
1.499591e+03 0
1.499852e+03 0
1.500114e+03 0
1.500375e+03 0
1.500637e+03 1
1.500898e+03 0
1.501159e+03 0
1.501421e+03 0
1.501682e+03 0
1.501943e+03 1
1.502205e+03 0
1.502466e+03 0
1.502728e+03 0
1.502989e+03 0
1.503250e+03 0
1.503512e+03 0
1.503773e+03 0
1.504035e+03 0
1.504296e+03 0
1.504557e+03 0
1.504819e+03 0
1.505080e+03 1
1.505342e+03 0
1.505603e+03 1
1.505865e+03 1
1.506126e+03 0
1.506387e+03 1
1.506649e+03 0
1.506910e+03 0
1.507172e+03 0
1.507433e+03 0
1.507694e+03 1
1.507956e+03 0
1.508217e+03 0
1.508479e+03 0
1.508740e+03 0
1.509002e+03 0
1.509263e+03 0
1.509525e+03 0
1.509786e+03 0
1.510047e+03 0
1.510309e+03 0
1.510570e+03 0
1.510832e+03 0
1.511093e+03 0
1.511355e+03 0
1.511616e+03 0
1.511878e+03 1
1.512139e+03 0
1.512401e+03 0
1.512662e+03 0
1.512924e+03 0
1.513185e+03 0
1.513447e+03 0
1.513708e+03 0
1.513969e+03 0
1.514231e+03 0
1.514492e+03 0
1.514754e+03 0
1.515015e+03 1
1.515277e+03 0
1.515538e+03 0
1.515800e+03 0
1.516061e+03 0
1.516323e+03 0
1.516584e+03 0
1.516846e+03 0
1.517107e+03 0
1.517369e+03 0
1.517631e+03 0
1.517892e+03 0
1.518154e+03 1
1.518415e+03 0
1.518677e+03 0
1.518938e+03 1
1.519200e+03 0
1.519461e+03 0
1.519723e+03 0
1.519984e+03 0
1.520246e+03 0
1.520507e+03 0
1.520769e+03 0
1.521030e+03 0
1.521292e+03 0
1.521553e+03 0
1.521815e+03 0
1.522077e+03 0
1.522338e+03 0
1.522600e+03 0
1.522861e+03 1
1.523123e+03 0
1.523384e+03 0
1.523646e+03 0
1.523908e+03 0
1.524169e+03 0
1.524431e+03 0
1.524692e+03 0
1.524954e+03 1
1.525215e+03 0
1.525477e+03 1
1.525739e+03 0
1.526000e+03 0
1.526262e+03 0
1.526523e+03 0
1.526785e+03 0
1.527046e+03 0
1.527308e+03 0
1.527570e+03 1
1.527831e+03 1
1.528093e+03 0
1.528354e+03 0
1.528616e+03 0
1.528878e+03 0
1.529139e+03 1
1.529401e+03 0
1.529663e+03 0
1.529924e+03 0
1.530186e+03 0
1.530447e+03 0
1.530709e+03 0
1.530971e+03 0
1.531232e+03 0
1.531494e+03 1
1.531756e+03 0
1.532017e+03 1
1.532279e+03 0
1.532540e+03 0
1.532802e+03 0
1.533064e+03 0
1.533325e+03 0
1.533587e+03 0
1.533849e+03 0
1.534110e+03 0
1.534372e+03 0
1.534634e+03 0
1.534895e+03 0
1.535157e+03 0
1.535419e+03 0
1.535680e+03 0
1.535942e+03 0
1.536204e+03 0
1.536465e+03 0
1.536727e+03 0
1.536989e+03 0
1.537250e+03 0
1.537512e+03 0
1.537774e+03 0
1.538035e+03 0
1.538297e+03 0
1.538559e+03 0
1.538820e+03 0
1.539082e+03 0
1.539344e+03 0
1.539606e+03 0
1.539867e+03 0
1.540129e+03 0
1.540391e+03 0
1.540652e+03 0
1.540914e+03 0
1.541176e+03 0
1.541437e+03 0
1.541699e+03 0
1.541961e+03 0
1.542223e+03 0
1.542484e+03 0
1.542746e+03 0
1.543008e+03 0
1.543270e+03 0
1.543531e+03 0
1.543793e+03 0
1.544055e+03 0
1.544316e+03 1
1.544578e+03 0
1.544840e+03 0
1.545102e+03 0
1.545363e+03 0
1.545625e+03 1
1.545887e+03 0
1.546149e+03 0
1.546410e+03 0
1.546672e+03 0
1.546934e+03 0
1.547196e+03 0
1.547458e+03 0
1.547719e+03 0
1.547981e+03 0
1.548243e+03 0
1.548505e+03 0
1.548766e+03 0
1.549028e+03 1
1.549290e+03 0
1.549552e+03 0
1.549813e+03 1
1.550075e+03 0
1.550337e+03 1
1.550599e+03 0
1.550861e+03 0
1.551122e+03 0
1.551384e+03 0
1.551646e+03 0
1.551908e+03 0
1.552170e+03 0
1.552431e+03 0
1.552693e+03 0
1.552955e+03 0
1.553217e+03 0
1.553479e+03 0
1.553741e+03 0
1.554002e+03 0
1.554264e+03 0
1.554526e+03 0
1.554788e+03 1
1.555050e+03 0
1.555311e+03 0
1.555573e+03 0
1.555835e+03 0
1.556097e+03 0
1.556359e+03 0
1.556621e+03 0
1.556882e+03 0
1.557144e+03 0
1.557406e+03 0
1.557668e+03 0
1.557930e+03 0
1.558192e+03 0
1.558454e+03 0
1.558715e+03 0
1.558977e+03 0
1.559239e+03 0
1.559501e+03 0
1.559763e+03 0
1.560025e+03 0
1.560287e+03 0
1.560549e+03 0
1.560810e+03 0
1.561072e+03 0
1.561334e+03 0
1.561596e+03 1
1.561858e+03 0
1.562120e+03 0
1.562382e+03 0
1.562644e+03 0
1.562905e+03 0
1.563167e+03 0
1.563429e+03 0
1.563691e+03 0
1.563953e+03 0
1.564215e+03 0
1.564477e+03 0
1.564739e+03 0
1.565001e+03 0
1.565263e+03 0
1.565525e+03 0
1.565786e+03 0
1.566048e+03 0
1.566310e+03 0
1.566572e+03 0
1.566834e+03 0
1.567096e+03 0
1.567358e+03 0
1.567620e+03 1
1.567882e+03 0
1.568144e+03 0
1.568406e+03 0
1.568668e+03 1
1.568930e+03 0
1.569192e+03 0
1.569454e+03 0
1.569715e+03 0
1.569977e+03 0
1.570239e+03 0
1.570501e+03 0
1.570763e+03 0
1.571025e+03 0
1.571287e+03 0
1.571549e+03 0
1.571811e+03 0
1.572073e+03 1
1.572335e+03 0
1.572597e+03 0
1.572859e+03 0
1.573121e+03 0
1.573383e+03 0
1.573645e+03 0
1.573907e+03 1
1.574169e+03 0
1.574431e+03 0
1.574693e+03 0
1.574955e+03 0
1.575217e+03 0
1.575479e+03 1
1.575741e+03 0
1.576003e+03 0
1.576265e+03 0
1.576527e+03 0
1.576789e+03 0
1.577051e+03 0
1.577313e+03 1
1.577575e+03 0
1.577837e+03 0
1.578099e+03 0
1.578361e+03 0
1.578623e+03 0
1.578885e+03 0
1.579147e+03 0
1.579409e+03 0
1.579671e+03 0
1.579933e+03 1
1.580195e+03 0
1.580457e+03 0
1.580719e+03 0
1.580981e+03 0
1.581243e+03 0
1.581505e+03 0
1.581768e+03 0
1.582030e+03 0
1.582292e+03 0
1.582554e+03 0
1.582816e+03 0
1.583078e+03 0
1.583340e+03 0
1.583602e+03 0
1.583864e+03 0
1.584126e+03 0
1.584388e+03 0
1.584650e+03 0
1.584912e+03 0
1.585174e+03 0
1.585436e+03 0
1.585699e+03 0
1.585961e+03 0
1.586223e+03 0
1.586485e+03 0
1.586747e+03 0
1.587009e+03 0
1.587271e+03 0
1.587533e+03 0
1.587795e+03 0
1.588057e+03 0
1.588320e+03 0
1.588582e+03 0
1.588844e+03 0
1.589106e+03 0
1.589368e+03 0
1.589630e+03 0
1.589892e+03 0
1.590154e+03 0
1.590416e+03 0
1.590679e+03 0
1.590941e+03 0
1.591203e+03 0
1.591465e+03 0
1.591727e+03 0
1.591989e+03 0
1.592251e+03 0
1.592513e+03 0
1.592776e+03 0
1.593038e+03 0
1.593300e+03 0
1.593562e+03 0
1.593824e+03 0
1.594086e+03 0
1.594349e+03 0
1.594611e+03 0
1.594873e+03 0
1.595135e+03 0
1.595397e+03 0
1.595659e+03 1
1.595922e+03 0
1.596184e+03 0
1.596446e+03 0
1.596708e+03 0
1.596970e+03 0
1.597232e+03 1
1.597495e+03 0
1.597757e+03 0
1.598019e+03 0
1.598281e+03 0
1.598543e+03 0
1.598806e+03 0
1.599068e+03 0
1.599330e+03 0
1.599592e+03 0
1.599854e+03 0
1.600117e+03 0
1.600379e+03 0
1.600641e+03 0
1.600903e+03 0
1.601165e+03 0
1.601428e+03 0
1.601690e+03 1
1.601952e+03 0
1.602214e+03 0
1.602476e+03 0
1.602739e+03 0
1.603001e+03 1
1.603263e+03 0
1.603525e+03 0
1.603788e+03 1
1.604050e+03 0
1.604312e+03 0
1.604574e+03 0
1.604837e+03 0
1.605099e+03 0
1.605361e+03 0
1.605623e+03 0
1.605886e+03 0
1.606148e+03 0
1.606410e+03 0
1.606672e+03 0
1.606935e+03 0
1.607197e+03 0
1.607459e+03 0
1.607721e+03 0
1.607984e+03 0
1.608246e+03 0
1.608508e+03 0
1.608770e+03 0
1.609033e+03 0
1.609295e+03 0
1.609557e+03 0
1.609820e+03 0
1.610082e+03 0
1.610344e+03 0
1.610606e+03 0
1.610869e+03 0
1.611131e+03 0
1.611393e+03 0
1.611656e+03 0
1.611918e+03 0
1.612180e+03 0
1.612443e+03 0
1.612705e+03 0
1.612967e+03 0
1.613229e+03 0
1.613492e+03 0
1.613754e+03 0
1.614016e+03 0
1.614279e+03 0
1.614541e+03 0
1.614803e+03 0
1.615066e+03 0
1.615328e+03 0
1.615590e+03 0
1.615853e+03 0
1.616115e+03 0
1.616377e+03 0
1.616640e+03 0
1.616902e+03 0
1.617164e+03 0
1.617427e+03 0
1.617689e+03 0
1.617952e+03 0
1.618214e+03 0
1.618476e+03 0
1.618739e+03 0
1.619001e+03 0
1.619263e+03 1
1.619526e+03 0
1.619788e+03 0
1.620050e+03 0
1.620313e+03 0
1.620575e+03 1
1.620838e+03 0
1.621100e+03 0
1.621362e+03 0
1.621625e+03 0
1.621887e+03 0
1.622149e+03 0
1.622412e+03 0
1.622674e+03 1
1.622937e+03 0
1.623199e+03 0
1.623461e+03 0
1.623724e+03 0
1.623986e+03 0
1.624249e+03 0
1.624511e+03 0
1.624773e+03 0
1.625036e+03 0
1.625298e+03 1
1.625561e+03 0
1.625823e+03 0
1.626086e+03 0
1.626348e+03 0
1.626610e+03 0
1.626873e+03 0
1.627135e+03 0
1.627398e+03 0
1.627660e+03 0
1.627923e+03 0
1.628185e+03 0
1.628447e+03 0
1.628710e+03 0
1.628972e+03 0
1.629235e+03 0
1.629497e+03 0
1.629760e+03 0
1.630022e+03 0
1.630285e+03 0
1.630547e+03 0
1.630809e+03 0
1.631072e+03 0
1.631334e+03 0
1.631597e+03 0
1.631859e+03 0
1.632122e+03 0
1.632384e+03 0
1.632647e+03 0
1.632909e+03 0
1.633172e+03 0
1.633434e+03 0
1.633697e+03 0
1.633959e+03 0
1.634222e+03 0
1.634484e+03 0
1.634747e+03 0
1.635009e+03 0
1.635272e+03 0
1.635534e+03 0
1.635797e+03 0
1.636059e+03 0
1.636322e+03 0
1.636584e+03 0
1.636847e+03 0
1.637109e+03 0
1.637372e+03 0
1.637634e+03 0
1.637897e+03 0
1.638159e+03 0
1.638422e+03 0
1.638684e+03 0
1.638947e+03 0
1.639209e+03 0
1.639472e+03 0
1.639734e+03 0
1.639997e+03 0
1.640259e+03 0
1.640522e+03 0
1.640785e+03 0
1.641047e+03 0
1.641310e+03 0
1.641572e+03 0
1.641835e+03 0
1.642097e+03 0
1.642360e+03 0
1.642622e+03 0
1.642885e+03 0
1.643148e+03 0
1.643410e+03 0
1.643673e+03 0
1.643935e+03 0
1.644198e+03 0
1.644460e+03 0
1.644723e+03 0
1.644986e+03 0
1.645248e+03 0
1.645511e+03 0
1.645773e+03 0
1.646036e+03 0
1.646298e+03 0
1.646561e+03 0
1.646824e+03 0
1.647086e+03 0
1.647349e+03 0
1.647611e+03 0
1.647874e+03 0
1.648137e+03 0
1.648399e+03 0
1.648662e+03 0
1.648924e+03 0
1.649187e+03 0
1.649450e+03 0
1.649712e+03 0
1.649975e+03 0
1.650238e+03 0
1.650500e+03 0
1.650763e+03 0
1.651025e+03 0
1.651288e+03 0
1.651551e+03 0
1.651813e+03 1
1.652076e+03 0
1.652339e+03 0
1.652601e+03 0
1.652864e+03 0
1.653127e+03 0
1.653389e+03 0
1.653652e+03 0
1.653914e+03 0
1.654177e+03 0
1.654440e+03 0
1.654702e+03 0
1.654965e+03 0
1.655228e+03 0
1.655490e+03 0
1.655753e+03 1
1.656016e+03 0
1.656278e+03 0
1.656541e+03 0
1.656804e+03 0
1.657066e+03 0
1.657329e+03 0
1.657592e+03 1
1.657855e+03 0
1.658117e+03 0
1.658380e+03 0
1.658643e+03 0
1.658905e+03 0
1.659168e+03 0
1.659431e+03 0
1.659693e+03 0
1.659956e+03 0
1.660219e+03 0
1.660482e+03 0
1.660744e+03 1
1.661007e+03 0
1.661270e+03 0
1.661532e+03 0
1.661795e+03 0
1.662058e+03 0
1.662321e+03 0
1.662583e+03 0
1.662846e+03 0
1.663109e+03 0
1.663371e+03 0
1.663634e+03 0
1.663897e+03 0
1.664160e+03 1
1.664422e+03 0
1.664685e+03 0
1.664948e+03 0
1.665211e+03 0
1.665473e+03 0
1.665736e+03 0
1.665999e+03 0
1.666262e+03 0
1.666524e+03 0
1.666787e+03 0
1.667050e+03 1
1.667313e+03 0
1.667575e+03 0
1.667838e+03 0
1.668101e+03 0
1.668364e+03 0
1.668627e+03 0
1.668889e+03 0
1.669152e+03 0
1.669415e+03 0
1.669678e+03 0
1.669940e+03 0
1.670203e+03 0
1.670466e+03 0
1.670729e+03 0
1.670992e+03 0
1.671254e+03 0
1.671517e+03 0
1.671780e+03 0
1.672043e+03 0
1.672306e+03 0
1.672568e+03 0
1.672831e+03 0
1.673094e+03 0
1.673357e+03 0
1.673620e+03 0
1.673882e+03 0
1.674145e+03 0
1.674408e+03 0
1.674671e+03 0
1.674934e+03 0
1.675197e+03 0
1.675459e+03 0
1.675722e+03 0
1.675985e+03 0
1.676248e+03 1
1.676511e+03 0
1.676774e+03 0
1.677036e+03 0
1.677299e+03 0
1.677562e+03 0
1.677825e+03 0
1.678088e+03 0
1.678351e+03 0
1.678614e+03 0
1.678876e+03 0
1.679139e+03 0
1.679402e+03 0
1.679665e+03 0
1.679928e+03 0
1.680191e+03 0
1.680454e+03 0
1.680717e+03 0
1.680979e+03 0
1.681242e+03 0
1.681505e+03 0
1.681768e+03 0
1.682031e+03 1
1.682294e+03 0
1.682557e+03 0
1.682820e+03 0
1.683082e+03 0
1.683345e+03 0
1.683608e+03 0
1.683871e+03 0
1.684134e+03 0
1.684397e+03 0
1.684660e+03 0
1.684923e+03 0
1.685186e+03 1
1.685449e+03 0
1.685712e+03 0
1.685974e+03 0
1.686237e+03 0
1.686500e+03 0
1.686763e+03 0
1.687026e+03 0
1.687289e+03 0
1.687552e+03 0
1.687815e+03 0
1.688078e+03 0
1.688341e+03 0
1.688604e+03 0
1.688867e+03 0
1.689130e+03 0
1.689393e+03 0
1.689656e+03 0
1.689919e+03 1
1.690181e+03 0
1.690444e+03 0
1.690707e+03 0
1.690970e+03 0
1.691233e+03 0
1.691496e+03 0
1.691759e+03 0
1.692022e+03 0
1.692285e+03 0
1.692548e+03 0
1.692811e+03 0
1.693074e+03 0
1.693337e+03 0
1.693600e+03 0
1.693863e+03 0
1.694126e+03 0
1.694389e+03 0
1.694652e+03 0
1.694915e+03 0
1.695178e+03 0
1.695441e+03 0
1.695704e+03 0
1.695967e+03 0
1.696230e+03 0
1.696493e+03 0
1.696756e+03 0
1.697019e+03 0
1.697282e+03 0
1.697545e+03 0
1.697808e+03 0
1.698071e+03 0
1.698334e+03 0
1.698597e+03 0
1.698860e+03 0
1.699123e+03 0
1.699386e+03 0
1.699649e+03 0
1.699912e+03 0
1.700175e+03 1
1.700438e+03 0
1.700701e+03 0
1.700964e+03 0
1.701228e+03 0
1.701491e+03 0
1.701754e+03 0
1.702017e+03 0
1.702280e+03 1
1.702543e+03 0
1.702806e+03 0
1.703069e+03 0
1.703332e+03 0
1.703595e+03 0
1.703858e+03 0
1.704121e+03 0
1.704384e+03 0
1.704647e+03 0
1.704910e+03 0
1.705173e+03 0
1.705437e+03 0
1.705700e+03 0
1.705963e+03 0
1.706226e+03 0
1.706489e+03 0
1.706752e+03 0
1.707015e+03 0
1.707278e+03 0
1.707541e+03 0
1.707804e+03 0
1.708067e+03 0
1.708331e+03 0
1.708594e+03 0
1.708857e+03 0
1.709120e+03 0
1.709383e+03 0
1.709646e+03 0
1.709909e+03 0
1.710172e+03 1
1.710436e+03 0
1.710699e+03 0
1.710962e+03 0
1.711225e+03 0
1.711488e+03 0
1.711751e+03 0
1.712014e+03 0
1.712277e+03 0
1.712541e+03 0
1.712804e+03 0
1.713067e+03 1
1.713330e+03 1
1.713593e+03 0
1.713856e+03 0
1.714119e+03 0
1.714383e+03 0
1.714646e+03 0
1.714909e+03 0
1.715172e+03 0
1.715435e+03 0
1.715698e+03 0
1.715962e+03 0
1.716225e+03 0
1.716488e+03 0
1.716751e+03 0
1.717014e+03 0
1.717277e+03 1
1.717541e+03 0
1.717804e+03 0
1.718067e+03 0
1.718330e+03 0
1.718593e+03 0
1.718857e+03 0
1.719120e+03 0
1.719383e+03 1
1.719646e+03 0
1.719909e+03 0
1.720173e+03 0
1.720436e+03 0
1.720699e+03 0
1.720962e+03 0
1.721225e+03 0
1.721489e+03 0
1.721752e+03 0
1.722015e+03 0
1.722278e+03 0
1.722542e+03 1
1.722805e+03 0
1.723068e+03 0
1.723331e+03 0
1.723594e+03 0
1.723858e+03 0
1.724121e+03 0
1.724384e+03 0
1.724647e+03 0
1.724911e+03 0
1.725174e+03 0
1.725437e+03 1
1.725700e+03 0
1.725964e+03 0
1.726227e+03 0
1.726490e+03 0
1.726753e+03 0
1.727017e+03 0
1.727280e+03 0
1.727543e+03 0
1.727806e+03 0
1.728070e+03 0
1.728333e+03 0
1.728596e+03 0
1.728860e+03 0
1.729123e+03 0
1.729386e+03 0
1.729649e+03 0
1.729913e+03 0
1.730176e+03 0
1.730439e+03 0
1.730703e+03 0
1.730966e+03 0
1.731229e+03 0
1.731492e+03 0
1.731756e+03 0
1.732019e+03 0
1.732282e+03 0
1.732546e+03 1
1.732809e+03 0
1.733072e+03 0
1.733336e+03 0
1.733599e+03 0
1.733862e+03 0
1.734126e+03 0
1.734389e+03 0
1.734652e+03 0
1.734915e+03 0
1.735179e+03 0
1.735442e+03 0
1.735705e+03 0
1.735969e+03 0
1.736232e+03 0
1.736495e+03 0
1.736759e+03 0
1.737022e+03 0
1.737286e+03 0
1.737549e+03 0
1.737812e+03 0
1.738076e+03 0
1.738339e+03 0
1.738602e+03 0
1.738866e+03 0
1.739129e+03 0
1.739392e+03 0
1.739656e+03 0
1.739919e+03 1
1.740182e+03 0
1.740446e+03 0
1.740709e+03 1
1.740973e+03 0
1.741236e+03 0
1.741499e+03 0
1.741763e+03 0
1.742026e+03 0
1.742290e+03 0
1.742553e+03 0
1.742816e+03 0
1.743080e+03 0
1.743343e+03 0
1.743606e+03 0
1.743870e+03 0
1.744133e+03 0
1.744397e+03 0
1.744660e+03 0
1.744923e+03 0
1.745187e+03 0
1.745450e+03 0
1.745714e+03 0
1.745977e+03 0
1.746241e+03 1
1.746504e+03 0
1.746767e+03 0
1.747031e+03 0
1.747294e+03 0
1.747558e+03 0
1.747821e+03 0
1.748085e+03 0
1.748348e+03 0
1.748611e+03 0
1.748875e+03 0
1.749138e+03 0
1.749402e+03 0
1.749665e+03 0
1.749929e+03 0
1.750192e+03 0
1.750456e+03 0
1.750719e+03 1
1.750983e+03 0
1.751246e+03 0
1.751509e+03 0
1.751773e+03 0
1.752036e+03 0
1.752300e+03 1
1.752563e+03 1
1.752827e+03 0
1.753090e+03 0
1.753354e+03 0
1.753617e+03 0
1.753881e+03 0
1.754144e+03 0
1.754408e+03 0
1.754671e+03 0
1.754935e+03 0
1.755198e+03 0
1.755462e+03 1
1.755725e+03 0
1.755989e+03 0
1.756252e+03 1
1.756516e+03 0
1.756779e+03 0
1.757043e+03 0
1.757306e+03 0
1.757570e+03 1
1.757833e+03 0
1.758097e+03 0
1.758360e+03 2
1.758624e+03 1
1.758887e+03 2
1.759151e+03 4
1.759414e+03 1
1.759678e+03 3
1.759941e+03 2
1.760205e+03 3
1.760469e+03 2
1.760732e+03 0
1.760996e+03 0
1.761259e+03 2
1.761523e+03 2
1.761786e+03 3
1.762050e+03 0
1.762313e+03 7
1.762577e+03 1
1.762840e+03 1
1.763104e+03 6
1.763368e+03 3
1.763631e+03 5
1.763895e+03 6
1.764158e+03 5
1.764422e+03 3
1.764685e+03 5
1.764949e+03 10
1.765213e+03 7
1.765476e+03 8
1.765740e+03 15
1.766003e+03 8
1.766267e+03 10
1.766530e+03 11
1.766794e+03 11
1.767058e+03 5
1.767321e+03 9
1.767585e+03 16
1.767848e+03 7
1.768112e+03 9
1.768376e+03 15
1.768639e+03 9
1.768903e+03 9
1.769166e+03 15
1.769430e+03 14
1.769694e+03 12
1.769957e+03 7
1.770221e+03 9
1.770485e+03 7
1.770748e+03 19
1.771012e+03 18
1.771275e+03 18
1.771539e+03 31
1.771803e+03 28
1.772066e+03 21
1.772330e+03 10
1.772594e+03 3
1.772857e+03 1
1.773121e+03 11
1.773385e+03 10
1.773648e+03 6
1.773912e+03 7
1.774176e+03 6
1.774439e+03 3
1.774703e+03 3
1.774966e+03 5
1.775230e+03 3
1.775494e+03 7
1.775757e+03 3
1.776021e+03 1
1.776285e+03 0
1.776548e+03 0
1.776812e+03 0
1.777076e+03 0
1.777340e+03 0
1.777603e+03 0
1.777867e+03 0
1.778131e+03 0
1.778394e+03 0
1.778658e+03 0
1.778922e+03 0
1.779185e+03 0
1.779449e+03 0
1.779713e+03 0
1.779976e+03 0
1.780240e+03 0
1.780504e+03 0
1.780768e+03 0
1.781031e+03 0
1.781295e+03 0
1.781559e+03 0
1.781822e+03 0
1.782086e+03 0
1.782350e+03 0
1.782614e+03 0
1.782877e+03 0
1.783141e+03 0
1.783405e+03 0
1.783668e+03 0
1.783932e+03 0
1.784196e+03 0
1.784460e+03 0
1.784723e+03 0
1.784987e+03 0
1.785251e+03 0
1.785515e+03 0
1.785778e+03 0
1.786042e+03 0
1.786306e+03 0
1.786570e+03 0
1.786833e+03 0
1.787097e+03 0
1.787361e+03 0
1.787625e+03 0
1.787888e+03 0
1.788152e+03 0
1.788416e+03 0
1.788680e+03 0
1.788944e+03 0
1.789207e+03 0
1.789471e+03 0
1.789735e+03 0
1.789999e+03 0
1.790262e+03 0
1.790526e+03 0
1.790790e+03 0
1.791054e+03 0
1.791318e+03 0
1.791581e+03 0
1.791845e+03 0
1.792109e+03 0
1.792373e+03 0
1.792637e+03 0
1.792900e+03 0
1.793164e+03 0
1.793428e+03 0
1.793692e+03 0
1.793956e+03 0
1.794219e+03 0
1.794483e+03 0
1.794747e+03 0
1.795011e+03 0
1.795275e+03 0
1.795539e+03 0
1.795802e+03 0
1.796066e+03 0
1.796330e+03 0
1.796594e+03 0
1.796858e+03 0
1.797122e+03 0
1.797385e+03 0
1.797649e+03 0
1.797913e+03 0
1.798177e+03 0
1.798441e+03 0
1.798705e+03 0
1.798969e+03 0
1.799232e+03 0
1.799496e+03 0
1.799760e+03 0
1.800024e+03 0
1.800288e+03 0
1.800552e+03 0
1.800816e+03 0
1.801080e+03 0
1.801343e+03 0
1.801607e+03 0
1.801871e+03 0
1.802135e+03 0
1.802399e+03 0
1.802663e+03 0
1.802927e+03 0
1.803191e+03 0
1.803454e+03 0
1.803718e+03 0
1.803982e+03 0
1.804246e+03 0
1.804510e+03 0
1.804774e+03 0
1.805038e+03 0
1.805302e+03 0
1.805566e+03 0
1.805830e+03 0
1.806094e+03 0
1.806357e+03 0
1.806621e+03 0
1.806885e+03 0
1.807149e+03 0
1.807413e+03 0
1.807677e+03 0
1.807941e+03 0
1.808205e+03 0
1.808469e+03 0
1.808733e+03 0
1.808997e+03 0
1.809261e+03 0
1.809525e+03 0
1.809789e+03 0
1.810053e+03 0
1.810317e+03 0
1.810580e+03 0
1.810844e+03 0
1.811108e+03 0
1.811372e+03 0
1.811636e+03 0
1.811900e+03 0
1.812164e+03 0
1.812428e+03 0
1.812692e+03 0
1.812956e+03 0
1.813220e+03 0
1.813484e+03 0
1.813748e+03 0
1.814012e+03 0
1.814276e+03 0
1.814540e+03 0
1.814804e+03 0
1.815068e+03 0
1.815332e+03 0
1.815596e+03 0
1.815860e+03 0
1.816124e+03 0
1.816388e+03 0
1.816652e+03 0
1.816916e+03 0
1.817180e+03 0
1.817444e+03 0
1.817708e+03 0
1.817972e+03 0
1.818236e+03 0
1.818500e+03 0
1.818764e+03 0
1.819028e+03 0
1.819292e+03 0
1.819556e+03 0
1.819820e+03 0
1.820084e+03 0
1.820348e+03 0
1.820612e+03 0
1.820876e+03 0
1.821140e+03 0
1.821404e+03 0
1.821669e+03 0
1.821933e+03 0
1.822197e+03 0
1.822461e+03 0
1.822725e+03 0
1.822989e+03 0
1.823253e+03 0
1.823517e+03 0
1.823781e+03 0
1.824045e+03 0
1.824309e+03 0
1.824573e+03 0
1.824837e+03 0
1.825101e+03 0
1.825365e+03 0
1.825629e+03 0
1.825894e+03 0
1.826158e+03 0
1.826422e+03 0
1.826686e+03 0
1.826950e+03 0
1.827214e+03 0
1.827478e+03 0
1.827742e+03 0
1.828006e+03 0
1.828270e+03 0
1.828534e+03 0
1.828799e+03 0
1.829063e+03 0
1.829327e+03 0
1.829591e+03 0
1.829855e+03 0
1.830119e+03 0
1.830383e+03 0
1.830647e+03 0
1.830911e+03 0
1.831176e+03 0
1.831440e+03 0
1.831704e+03 0
1.831968e+03 0
1.832232e+03 0
1.832496e+03 0
1.832760e+03 0
1.833025e+03 0
1.833289e+03 0
1.833553e+03 0
1.833817e+03 0
1.834081e+03 0
1.834345e+03 0
1.834609e+03 0
1.834874e+03 0
1.835138e+03 0
1.835402e+03 0
1.835666e+03 0
1.835930e+03 0
1.836194e+03 0
1.836459e+03 0
1.836723e+03 0
1.836987e+03 0
1.837251e+03 0
1.837515e+03 0
1.837779e+03 0
1.838044e+03 0
1.838308e+03 0
1.838572e+03 0
1.838836e+03 0
1.839100e+03 0
1.839365e+03 0
1.839629e+03 0
1.839893e+03 0
1.840157e+03 0
1.840421e+03 0
1.840686e+03 0
1.840950e+03 0
1.841214e+03 0
1.841478e+03 0
1.841742e+03 0
1.842007e+03 0
1.842271e+03 0
1.842535e+03 0
1.842799e+03 0
1.843063e+03 0
1.843328e+03 0
1.843592e+03 0
1.843856e+03 0
1.844120e+03 0
1.844385e+03 0
1.844649e+03 0
1.844913e+03 0
1.845177e+03 0
1.845442e+03 0
1.845706e+03 0
1.845970e+03 0
1.846234e+03 0
1.846499e+03 0
1.846763e+03 0
1.847027e+03 0
1.847291e+03 0
1.847556e+03 0
1.847820e+03 0
1.848084e+03 0
1.848348e+03 0
1.848613e+03 0
1.848877e+03 0
1.849141e+03 0
1.849405e+03 0
1.849670e+03 0
1.849934e+03 0
1.850198e+03 0
1.850463e+03 0
1.850727e+03 0
1.850991e+03 0
1.851255e+03 0
1.851520e+03 0
1.851784e+03 0
1.852048e+03 0
1.852313e+03 0
1.852577e+03 0
1.852841e+03 0
1.853106e+03 0
1.853370e+03 0
1.853634e+03 0
1.853899e+03 0
1.854163e+03 0
1.854427e+03 0
1.854691e+03 0
1.854956e+03 0
1.855220e+03 0
1.855484e+03 0
1.855749e+03 0
1.856013e+03 0
1.856277e+03 0
1.856542e+03 0
1.856806e+03 0
1.857070e+03 0
1.857335e+03 0
1.857599e+03 0
1.857863e+03 0
1.858128e+03 0
1.858392e+03 0
1.858657e+03 0
1.858921e+03 0
1.859185e+03 0
1.859450e+03 0
1.859714e+03 0
1.859978e+03 0
1.860243e+03 0
1.860507e+03 0
1.860771e+03 0
1.861036e+03 0
1.861300e+03 0
1.861565e+03 0
1.861829e+03 0
1.862093e+03 0
1.862358e+03 0
1.862622e+03 0
1.862886e+03 0
1.863151e+03 0
1.863415e+03 0
1.863680e+03 0
1.863944e+03 0
1.864208e+03 0
1.864473e+03 0
1.864737e+03 0
1.865002e+03 0
1.865266e+03 0
1.865530e+03 0
1.865795e+03 0
1.866059e+03 0
1.866324e+03 0
1.866588e+03 0
1.866853e+03 0
1.867117e+03 0
1.867381e+03 0
1.867646e+03 0
1.867910e+03 0
1.868175e+03 0
1.868439e+03 0
1.868704e+03 0
1.868968e+03 0
1.869232e+03 0
1.869497e+03 0
1.869761e+03 0
1.870026e+03 0
1.870290e+03 0
1.870555e+03 0
1.870819e+03 0
1.871084e+03 0
1.871348e+03 0
1.871612e+03 0
1.871877e+03 0
1.872141e+03 0
1.872406e+03 0
1.872670e+03 0
1.872935e+03 0
1.873199e+03 0
1.873464e+03 0
1.873728e+03 0
1.873993e+03 0
1.874257e+03 0
1.874522e+03 0
1.874786e+03 0
1.875051e+03 0
1.875315e+03 0
1.875580e+03 0
1.875844e+03 0
1.876109e+03 0
1.876373e+03 0
1.876638e+03 0
1.876902e+03 0
1.877167e+03 0
1.877431e+03 0
1.877696e+03 0
1.877960e+03 0
1.878225e+03 0
1.878489e+03 0
1.878754e+03 0
1.879018e+03 0
1.879283e+03 0
1.879547e+03 0
1.879812e+03 0
1.880076e+03 0
1.880341e+03 0
1.880605e+03 0
1.880870e+03 0
1.881134e+03 0
1.881399e+03 0
1.881664e+03 0
1.881928e+03 0
1.882193e+03 0
1.882457e+03 0
1.882722e+03 0
1.882986e+03 0
1.883251e+03 0
1.883515e+03 0
1.883780e+03 0
1.884044e+03 0
1.884309e+03 0
1.884574e+03 0
1.884838e+03 0
1.885103e+03 0
1.885367e+03 0
1.885632e+03 0
1.885896e+03 0
1.886161e+03 0
1.886426e+03 0
1.886690e+03 0
1.886955e+03 0
1.887219e+03 0
1.887484e+03 0
1.887749e+03 0
1.888013e+03 0
1.888278e+03 0
1.888542e+03 0
1.888807e+03 0
1.889072e+03 0
1.889336e+03 0
1.889601e+03 0
1.889865e+03 0
1.890130e+03 0
1.890395e+03 0
1.890659e+03 0
1.890924e+03 0
1.891188e+03 0
1.891453e+03 0
1.891718e+03 0
1.891982e+03 0
1.892247e+03 0
1.892512e+03 0
1.892776e+03 0
1.893041e+03 0
1.893306e+03 0
1.893570e+03 0
1.893835e+03 0
1.894099e+03 0
1.894364e+03 0
1.894629e+03 0
1.894893e+03 0
1.895158e+03 0
1.895423e+03 0
1.895687e+03 0
1.895952e+03 0
1.896217e+03 0
1.896481e+03 0
1.896746e+03 0
1.897011e+03 0
1.897275e+03 0
1.897540e+03 0
1.897805e+03 0
1.898069e+03 0
1.898334e+03 0
1.898599e+03 0
1.898863e+03 0
1.899128e+03 0
1.899393e+03 0
1.899658e+03 0
1.899922e+03 0
1.900187e+03 0
1.900452e+03 0
1.900716e+03 0
1.900981e+03 0
1.901246e+03 0
1.901510e+03 0
1.901775e+03 0
1.902040e+03 0
1.902305e+03 0
1.902569e+03 0
1.902834e+03 0
1.903099e+03 0
1.903363e+03 0
1.903628e+03 0
1.903893e+03 0
1.904158e+03 0
1.904422e+03 0
1.904687e+03 0
1.904952e+03 0
1.905217e+03 0
1.905481e+03 0
1.905746e+03 0
1.906011e+03 0
1.906276e+03 0
1.906540e+03 0
1.906805e+03 0
1.907070e+03 0
1.907335e+03 0
1.907599e+03 0
1.907864e+03 0
1.908129e+03 0
1.908394e+03 0
1.908658e+03 0
1.908923e+03 0
1.909188e+03 0
1.909453e+03 0
1.909717e+03 0
1.909982e+03 0
1.910247e+03 0
1.910512e+03 0
1.910777e+03 0
1.911041e+03 0
1.911306e+03 0
1.911571e+03 0
1.911836e+03 0
1.912100e+03 0
1.912365e+03 0
1.912630e+03 0
1.912895e+03 0
1.913160e+03 0
1.913424e+03 0
1.913689e+03 0
1.913954e+03 0
1.914219e+03 0
1.914484e+03 0
1.914749e+03 0
1.915013e+03 0
1.915278e+03 0
1.915543e+03 0
1.915808e+03 0
1.916073e+03 0
1.916337e+03 0
1.916602e+03 0
1.916867e+03 0
1.917132e+03 0
1.917397e+03 0
1.917662e+03 0
1.917926e+03 0
1.918191e+03 0
1.918456e+03 0
1.918721e+03 0
1.918986e+03 0
1.919251e+03 0
1.919516e+03 0
1.919780e+03 0
1.920045e+03 0
1.920310e+03 0
1.920575e+03 0
1.920840e+03 0
1.921105e+03 0
1.921370e+03 0
1.921635e+03 0
1.921899e+03 0
1.922164e+03 0
1.922429e+03 0
1.922694e+03 0
1.922959e+03 0
1.923224e+03 0
1.923489e+03 0
1.923754e+03 0
1.924018e+03 0
1.924283e+03 0
1.924548e+03 0
1.924813e+03 0
1.925078e+03 0
1.925343e+03 0
1.925608e+03 0
1.925873e+03 0
1.926138e+03 0
1.926403e+03 0
1.926668e+03 0
1.926932e+03 0
1.927197e+03 0
1.927462e+03 0
1.927727e+03 0
1.927992e+03 0
1.928257e+03 0
1.928522e+03 0
1.928787e+03 0
1.929052e+03 0
1.929317e+03 0
1.929582e+03 0
1.929847e+03 0
1.930112e+03 0
1.930377e+03 0
1.930641e+03 0
1.930906e+03 0
1.931171e+03 0
1.931436e+03 0
1.931701e+03 0
1.931966e+03 0
1.932231e+03 0
1.932496e+03 0
1.932761e+03 0
1.933026e+03 0
1.933291e+03 0
1.933556e+03 0
1.933821e+03 0
1.934086e+03 0
1.934351e+03 0
1.934616e+03 0
1.934881e+03 0
1.935146e+03 0
1.935411e+03 0
1.935676e+03 0
1.935941e+03 0
1.936206e+03 0
1.936471e+03 0
1.936736e+03 0
1.937001e+03 0
1.937266e+03 0
1.937531e+03 0
1.937796e+03 0
1.938061e+03 0
1.938326e+03 0
1.938591e+03 0
1.938856e+03 0
1.939121e+03 0
1.939386e+03 0
1.939651e+03 0
1.939916e+03 0
1.940181e+03 0
1.940446e+03 0
1.940711e+03 0
1.940976e+03 0
1.941241e+03 0
1.941506e+03 0
1.941771e+03 0
1.942036e+03 0
1.942301e+03 0
1.942566e+03 0
1.942831e+03 0
1.943096e+03 0
1.943362e+03 0
1.943627e+03 0
1.943892e+03 0
1.944157e+03 0
1.944422e+03 0
1.944687e+03 0
1.944952e+03 0
1.945217e+03 0
1.945482e+03 0
1.945747e+03 0
1.946012e+03 0
1.946277e+03 0
1.946542e+03 0
1.946807e+03 0
1.947072e+03 0
1.947338e+03 0
1.947603e+03 0
1.947868e+03 0
1.948133e+03 0
1.948398e+03 0
1.948663e+03 0
1.948928e+03 0
1.949193e+03 0
1.949458e+03 0
1.949723e+03 0
1.949989e+03 0
1.950254e+03 0
1.950519e+03 0
1.950784e+03 0
1.951049e+03 0
1.951314e+03 0
1.951579e+03 0
1.951844e+03 0
1.952109e+03 0
1.952375e+03 0
1.952640e+03 0
1.952905e+03 0
1.953170e+03 0
1.953435e+03 0
1.953700e+03 0
1.953965e+03 0
1.954231e+03 0
1.954496e+03 0
1.954761e+03 0
1.955026e+03 0
1.955291e+03 0
1.955556e+03 0
1.955821e+03 0
1.956087e+03 0
1.956352e+03 0
1.956617e+03 0
1.956882e+03 0
1.957147e+03 0
1.957412e+03 0
1.957678e+03 0
1.957943e+03 0
1.958208e+03 0
1.958473e+03 0
1.958738e+03 0
1.959003e+03 0
1.959269e+03 0
1.959534e+03 0
1.959799e+03 0
1.960064e+03 0
1.960329e+03 0
1.960595e+03 0
1.960860e+03 0
1.961125e+03 0
1.961390e+03 0
1.961655e+03 0
1.961921e+03 0
1.962186e+03 0
1.962451e+03 0
1.962716e+03 0
1.962981e+03 0
1.963247e+03 0
1.963512e+03 0
1.963777e+03 0
1.964042e+03 0
1.964308e+03 0
1.964573e+03 0
1.964838e+03 0
1.965103e+03 0
1.965368e+03 0
1.965634e+03 0
1.965899e+03 0
1.966164e+03 0
1.966429e+03 0
1.966695e+03 0
1.966960e+03 0
1.967225e+03 0
1.967490e+03 0
1.967756e+03 0
1.968021e+03 0
1.968286e+03 0
1.968551e+03 0
1.968817e+03 0
1.969082e+03 0
1.969347e+03 0
1.969613e+03 0
1.969878e+03 0
1.970143e+03 0
1.970408e+03 0
1.970674e+03 0
1.970939e+03 0
1.971204e+03 0
1.971469e+03 0
1.971735e+03 0
1.972000e+03 0
1.972265e+03 0
1.972531e+03 0
1.972796e+03 0
1.973061e+03 0
1.973326e+03 0
1.973592e+03 0
1.973857e+03 0
1.974122e+03 0
1.974388e+03 0
1.974653e+03 0
1.974918e+03 0
1.975184e+03 0
1.975449e+03 0
1.975714e+03 0
1.975980e+03 0
1.976245e+03 0
1.976510e+03 0
1.976776e+03 0
1.977041e+03 0
1.977306e+03 0
1.977572e+03 0
1.977837e+03 0
1.978102e+03 0
1.978368e+03 0
1.978633e+03 0
1.978898e+03 0
1.979164e+03 0
1.979429e+03 0
1.979694e+03 0
1.979960e+03 0
1.980225e+03 0
1.980490e+03 0
1.980756e+03 0
1.981021e+03 0
1.981286e+03 0
1.981552e+03 0
1.981817e+03 0
1.982083e+03 0
1.982348e+03 0
1.982613e+03 0
1.982879e+03 0
1.983144e+03 0
1.983409e+03 0
1.983675e+03 0
1.983940e+03 0
1.984206e+03 0
1.984471e+03 0
1.984736e+03 0
1.985002e+03 0
1.985267e+03 0
1.985533e+03 0
1.985798e+03 0
1.986063e+03 0
1.986329e+03 0
1.986594e+03 0
1.986860e+03 0
1.987125e+03 0
1.987390e+03 0
1.987656e+03 0
1.987921e+03 0
1.988187e+03 0
1.988452e+03 0
1.988718e+03 0
1.988983e+03 0
1.989248e+03 0
1.989514e+03 0
1.989779e+03 0
1.990045e+03 0
1.990310e+03 0
1.990576e+03 0
1.990841e+03 0
1.991107e+03 0
1.991372e+03 0
1.991637e+03 0
1.991903e+03 0
1.992168e+03 0
1.992434e+03 0
1.992699e+03 0
1.992965e+03 0
1.993230e+03 0
1.993496e+03 0
1.993761e+03 0
1.994027e+03 0
1.994292e+03 0
1.994558e+03 0
1.994823e+03 0
1.995088e+03 0
1.995354e+03 0
1.995619e+03 0
1.995885e+03 0
1.996150e+03 0
1.996416e+03 0
1.996681e+03 0
1.996947e+03 0
1.997212e+03 0
1.997478e+03 0
1.997743e+03 0
1.998009e+03 0
1.998274e+03 0
1.998540e+03 0
1.998805e+03 0
1.999071e+03 0
1.999336e+03 0
1.999602e+03 0
1.999867e+03 0
2.000133e+03 0
2.000399e+03 0
2.000664e+03 0
2.000930e+03 0
2.001195e+03 0
2.001461e+03 0
2.001726e+03 0
2.001992e+03 0
2.002257e+03 0
2.002523e+03 0
2.002788e+03 0
2.003054e+03 0
2.003319e+03 0
2.003585e+03 0
2.003851e+03 0
2.004116e+03 0
2.004382e+03 0
2.004647e+03 0
2.004913e+03 0
2.005178e+03 0
2.005444e+03 0
2.005709e+03 0
2.005975e+03 0
2.006241e+03 0
2.006506e+03 0
2.006772e+03 0
2.007037e+03 0
2.007303e+03 0
2.007568e+03 0
2.007834e+03 0
2.008100e+03 0
2.008365e+03 0
2.008631e+03 0
2.008896e+03 0
2.009162e+03 0
2.009428e+03 0
2.009693e+03 0
2.009959e+03 0
2.010224e+03 0
2.010490e+03 0
2.010756e+03 0
2.011021e+03 0
2.011287e+03 0
2.011552e+03 0
2.011818e+03 0
2.012084e+03 0
2.012349e+03 0
2.012615e+03 0
2.012881e+03 0
2.013146e+03 0
2.013412e+03 0
2.013677e+03 0
2.013943e+03 0
2.014209e+03 0
2.014474e+03 0
2.014740e+03 0
2.015006e+03 0
2.015271e+03 0
2.015537e+03 0
2.015803e+03 0
2.016068e+03 0
2.016334e+03 0
2.016600e+03 0
2.016865e+03 0
2.017131e+03 0
2.017397e+03 0
2.017662e+03 0
2.017928e+03 0
2.018194e+03 0
2.018459e+03 0
2.018725e+03 0
2.018991e+03 0
2.019256e+03 0
2.019522e+03 0
2.019788e+03 0
2.020053e+03 0
2.020319e+03 0
2.020585e+03 0
2.020850e+03 0
2.021116e+03 0
2.021382e+03 0
2.021647e+03 0
2.021913e+03 0
2.022179e+03 0
2.022445e+03 0
2.022710e+03 0
2.022976e+03 0
2.023242e+03 0
2.023507e+03 0
2.023773e+03 0
2.024039e+03 0
2.024304e+03 0
2.024570e+03 0
2.024836e+03 0
2.025102e+03 0
2.025367e+03 0
2.025633e+03 0
2.025899e+03 0
2.026165e+03 0
2.026430e+03 0
2.026696e+03 0
2.026962e+03 0
2.027228e+03 0
2.027493e+03 0
2.027759e+03 0
2.028025e+03 0
2.028291e+03 0
2.028556e+03 0
2.028822e+03 0
2.029088e+03 0
2.029354e+03 0
2.029619e+03 0
2.029885e+03 0
2.030151e+03 0
2.030417e+03 0
2.030682e+03 0
2.030948e+03 0
2.031214e+03 0
2.031480e+03 0
2.031746e+03 0
2.032011e+03 0
2.032277e+03 0
2.032543e+03 0
2.032809e+03 0
2.033074e+03 0
2.033340e+03 0
2.033606e+03 0
2.033872e+03 0
2.034138e+03 0
2.034403e+03 0
2.034669e+03 0
2.034935e+03 0
2.035201e+03 0
2.035467e+03 0
2.035732e+03 0
2.035998e+03 0
2.036264e+03 0
2.036530e+03 0
2.036796e+03 0
2.037062e+03 0
2.037327e+03 0
2.037593e+03 0
2.037859e+03 0
2.038125e+03 0
2.038391e+03 0
2.038657e+03 0
2.038922e+03 0
2.039188e+03 0
2.039454e+03 0
2.039720e+03 0
2.039986e+03 0
2.040252e+03 0
2.040518e+03 0
2.040783e+03 0
2.041049e+03 0
2.041315e+03 0
2.041581e+03 0
2.041847e+03 0
2.042113e+03 0
2.042379e+03 0
2.042644e+03 0
2.042910e+03 0
2.043176e+03 0
2.043442e+03 0
2.043708e+03 0
2.043974e+03 0
2.044240e+03 0
2.044506e+03 0
2.044771e+03 0
2.045037e+03 0
2.045303e+03 0
2.045569e+03 0
2.045835e+03 0
2.046101e+03 0
2.046367e+03 0
2.046633e+03 0
2.046899e+03 0
2.047165e+03 0
2.047430e+03 0
2.047696e+03 0
2.047962e+03 0
2.048228e+03 0
2.048494e+03 0
2.048760e+03 0
2.049026e+03 0
2.049292e+03 0
2.049558e+03 0
2.049824e+03 0
2.050090e+03 0
2.050356e+03 0
2.050622e+03 0
2.050887e+03 0
2.051153e+03 0
2.051419e+03 0
2.051685e+03 0
2.051951e+03 0
2.052217e+03 0
2.052483e+03 0
2.052749e+03 0
2.053015e+03 0
2.053281e+03 0
2.053547e+03 0
2.053813e+03 0
2.054079e+03 0
2.054345e+03 0
2.054611e+03 0
2.054877e+03 0
2.055143e+03 0
2.055409e+03 0
2.055675e+03 0
2.055941e+03 0
2.056207e+03 0
2.056473e+03 0
2.056739e+03 0
2.057005e+03 0
2.057271e+03 0
2.057537e+03 0
2.057803e+03 0
2.058069e+03 0
2.058335e+03 0
2.058601e+03 0
2.058867e+03 0
2.059133e+03 0
2.059399e+03 0
2.059665e+03 0
2.059931e+03 0
2.060197e+03 0
2.060463e+03 0
2.060729e+03 0
2.060995e+03 0
2.061261e+03 0
2.061527e+03 0
2.061793e+03 0
2.062059e+03 0
2.062325e+03 0
2.062591e+03 0
2.062857e+03 0
2.063123e+03 0
2.063389e+03 0
2.063655e+03 0
2.063921e+03 0
2.064187e+03 0
2.064453e+03 0
2.064719e+03 0
2.064985e+03 0
2.065251e+03 0
2.065517e+03 0
2.065783e+03 0
2.066050e+03 0
2.066316e+03 0
2.066582e+03 0
2.066848e+03 0
2.067114e+03 0
2.067380e+03 0
2.067646e+03 0
2.067912e+03 0
2.068178e+03 0
2.068444e+03 0
2.068710e+03 0
2.068976e+03 0
2.069242e+03 0
2.069509e+03 0
2.069775e+03 0
2.070041e+03 0
2.070307e+03 0
2.070573e+03 0
2.070839e+03 0
2.071105e+03 0
2.071371e+03 0
2.071637e+03 0
2.071903e+03 0
2.072170e+03 0
2.072436e+03 0
2.072702e+03 0
2.072968e+03 0
2.073234e+03 0
2.073500e+03 0
2.073766e+03 0
2.074032e+03 0
2.074299e+03 0
2.074565e+03 0
2.074831e+03 0
2.075097e+03 0
2.075363e+03 0
2.075629e+03 0
2.075895e+03 0
2.076162e+03 0
2.076428e+03 0
2.076694e+03 0
2.076960e+03 0
2.077226e+03 0
2.077492e+03 0
2.077758e+03 0
2.078025e+03 0
2.078291e+03 0
2.078557e+03 0
2.078823e+03 0
2.079089e+03 0
2.079355e+03 0
2.079622e+03 0
2.079888e+03 0
2.080154e+03 0
2.080420e+03 0
2.080686e+03 0
2.080953e+03 0
2.081219e+03 0
2.081485e+03 0
2.081751e+03 0
2.082017e+03 0
2.082284e+03 0
2.082550e+03 0
2.082816e+03 0
2.083082e+03 0
2.083348e+03 0
2.083615e+03 0
2.083881e+03 0
2.084147e+03 0
2.084413e+03 0
2.084679e+03 0
2.084946e+03 0
2.085212e+03 0
2.085478e+03 0
2.085744e+03 0
2.086011e+03 0
2.086277e+03 0
2.086543e+03 0
2.086809e+03 0
2.087075e+03 0
2.087342e+03 0
2.087608e+03 0
2.087874e+03 0
2.088140e+03 0
2.088407e+03 0
2.088673e+03 0
2.088939e+03 0
2.089205e+03 0
2.089472e+03 0
2.089738e+03 0
2.090004e+03 0
2.090270e+03 0
2.090537e+03 0
2.090803e+03 0
2.091069e+03 0
2.091335e+03 0
2.091602e+03 0
2.091868e+03 0
2.092134e+03 0
2.092401e+03 0
2.092667e+03 0
2.092933e+03 0
2.093199e+03 0
2.093466e+03 0
2.093732e+03 0
2.093998e+03 0
2.094265e+03 0
2.094531e+03 0
2.094797e+03 0
2.095064e+03 0
2.095330e+03 0
2.095596e+03 0
2.095862e+03 0
2.096129e+03 0
2.096395e+03 0
2.096661e+03 0
2.096928e+03 0
2.097194e+03 0
2.097460e+03 0
2.097727e+03 0
2.097993e+03 0
2.098259e+03 0
2.098526e+03 0
2.098792e+03 0
2.099058e+03 0
2.099325e+03 0
2.099591e+03 0
2.099857e+03 0
2.100124e+03 0
2.100390e+03 0
2.100656e+03 0
2.100923e+03 0
2.101189e+03 0
2.101455e+03 0
2.101722e+03 0
2.101988e+03 0
2.102254e+03 0
2.102521e+03 0
2.102787e+03 0
2.103054e+03 0
2.103320e+03 0
2.103586e+03 0
2.103853e+03 0
2.104119e+03 0
2.104385e+03 0
2.104652e+03 0
2.104918e+03 0
2.105185e+03 0
2.105451e+03 0
2.105717e+03 0
2.105984e+03 0
2.106250e+03 0
2.106517e+03 0
2.106783e+03 0
2.107049e+03 0
2.107316e+03 0
2.107582e+03 0
2.107849e+03 0
2.108115e+03 0
2.108381e+03 0
2.108648e+03 0
2.108914e+03 0
2.109181e+03 0
2.109447e+03 0
2.109713e+03 0
2.109980e+03 0
2.110246e+03 0
2.110513e+03 0
2.110779e+03 0
2.111046e+03 0
2.111312e+03 0
2.111578e+03 0
2.111845e+03 0
2.112111e+03 0
2.112378e+03 0
2.112644e+03 1
